2026-07-25 12:54:17.338 +05:30 [INF] Configured endpoint appointment.events.queue, Consumer: HealthCare.Api.Messaging.AppointmentBookedConsumer
2026-07-25 12:54:18.988 +05:30 [INF] Now listening on: https://localhost:7234
2026-07-25 12:54:18.999 +05:30 [INF] Now listening on: http://localhost:5225
2026-07-25 12:54:19.215 +05:30 [INF] Bus started: "rabbitmq://localhost/"
2026-07-25 12:54:19.261 +05:30 [INF] Application started. Press Ctrl+C to shut down.
2026-07-25 12:54:19.267 +05:30 [INF] Hosting environment: Development
2026-07-25 12:54:19.269 +05:30 [INF] Content root path: C:\Users\310508\source\repos\UST-Live-01\HealthCare\HealthCare.Api
2026-07-25 12:54:20.032 +05:30 [INF] HTTP OPTIONS /api/auth/login responded 204 in 138.4736 ms
2026-07-25 12:54:20.623 +05:30 [WRN] You do not have a valid license key for the Lucky Penny software AutoMapper. This is allowed for development and testing scenarios. If you are running in production you are required to have a licensed version. Please visit https://luckypennysoftware.com to obtain a valid license.
2026-07-25 12:54:22.071 +05:30 [INF] HTTP POST /api/auth/login responded 200 in 1994.6382 ms
2026-07-25 12:54:28.266 +05:30 [INF] HTTP OPTIONS /api/admin/doctors responded 204 in 2.4762 ms
2026-07-25 12:54:29.022 +05:30 [INF] HTTP GET /api/admin/doctors responded 200 in 744.3867 ms
2026-07-25 12:54:29.100 +05:30 [INF] HTTP OPTIONS /api/admin/doctors responded 204 in 0.5465 ms
2026-07-25 12:54:29.202 +05:30 [INF] HTTP GET /api/admin/doctors responded 200 in 91.4158 ms
2026-07-25 12:54:29.217 +05:30 [INF] HTTP OPTIONS /api/admin/patients responded 204 in 0.2948 ms
2026-07-25 12:54:29.315 +05:30 [WRN] The query uses a row limiting operator ('Skip'/'Take') without an 'OrderBy' operator. This may lead to unpredictable results. If the 'Distinct' operator is used after 'OrderBy', then make sure to use the 'OrderBy' operator after 'Distinct' as the ordering would otherwise get erased.
2026-07-25 12:54:29.320 +05:30 [WRN] The query uses a row limiting operator ('Skip'/'Take') without an 'OrderBy' operator. This may lead to unpredictable results. If the 'Distinct' operator is used after 'OrderBy', then make sure to use the 'OrderBy' operator after 'Distinct' as the ordering would otherwise get erased.
2026-07-25 12:54:29.455 +05:30 [INF] HTTP GET /api/admin/patients responded 200 in 224.5930 ms
2026-07-25 12:54:29.490 +05:30 [INF] HTTP OPTIONS /api/admin/appointments/dashboard-summary responded 204 in 0.2637 ms
2026-07-25 12:54:29.688 +05:30 [WRN] The query uses the 'First'/'FirstOrDefault' operator without 'OrderBy' and filter operators. This may lead to unpredictable results.
2026-07-25 12:54:29.773 +05:30 [INF] Dashboard appointment summary fetched successfully.
2026-07-25 12:54:29.782 +05:30 [INF] HTTP GET /api/admin/appointments/dashboard-summary responded 200 in 281.2647 ms
2026-07-25 12:54:31.156 +05:30 [INF] HTTP OPTIONS /api/admin/patients responded 204 in 0.3015 ms
2026-07-25 12:54:31.187 +05:30 [INF] HTTP GET /api/admin/patients responded 200 in 20.5723 ms
2026-07-25 12:54:32.853 +05:30 [INF] HTTP OPTIONS /api/admin/doctors responded 204 in 0.2107 ms
2026-07-25 12:54:32.892 +05:30 [INF] HTTP GET /api/admin/doctors responded 200 in 28.0550 ms
2026-07-25 12:54:34.090 +05:30 [INF] HTTP OPTIONS /api/admin/appointments/report responded 204 in 0.2216 ms
2026-07-25 12:54:34.242 +05:30 [INF] Appointment report fetched. FromDate: "2026-07-19", ToDate: "2026-07-25", Count: 4
2026-07-25 12:54:34.268 +05:30 [INF] HTTP GET /api/admin/appointments/report responded 200 in 169.2820 ms
2026-07-25 12:54:38.137 +05:30 [INF] HTTP OPTIONS /api/admin/patients responded 204 in 0.5703 ms
2026-07-25 12:54:38.172 +05:30 [INF] HTTP GET /api/admin/patients responded 200 in 24.1155 ms
2026-07-25 12:54:39.899 +05:30 [INF] HTTP OPTIONS /api/admin/doctors responded 204 in 0.7121 ms
2026-07-25 12:54:39.928 +05:30 [INF] HTTP GET /api/admin/doctors responded 200 in 16.8796 ms
2026-07-25 12:55:06.779 +05:30 [INF] HTTP OPTIONS /api/auth/login responded 204 in 0.2554 ms
2026-07-25 12:55:07.172 +05:30 [INF] HTTP POST /api/auth/login responded 200 in 374.0988 ms
2026-07-25 12:55:07.239 +05:30 [INF] HTTP OPTIONS /api/appointments/patient/upcoming responded 204 in 0.1646 ms
2026-07-25 12:55:07.239 +05:30 [INF] HTTP OPTIONS /api/records/my-records responded 204 in 0.1520 ms
2026-07-25 12:55:07.356 +05:30 [INF] HTTP GET /api/records/my-records responded 200 in 103.1250 ms
2026-07-25 12:55:07.941 +05:30 [INF] Appointments fetched by patient. PatientId: 15, Count: 5
2026-07-25 12:55:07.951 +05:30 [INF] HTTP GET /api/appointments/patient/upcoming responded 200 in 702.4329 ms
2026-07-25 12:55:11.057 +05:30 [INF] HTTP OPTIONS /api/patients/profile responded 204 in 0.2809 ms
2026-07-25 12:55:11.165 +05:30 [INF] HTTP GET /api/patients/profile responded 200 in 85.7005 ms
2026-07-25 12:55:13.882 +05:30 [INF] HTTP OPTIONS /api/appointments/patient/upcoming responded 204 in 0.1618 ms
2026-07-25 12:55:13.906 +05:30 [INF] Appointments fetched by patient. PatientId: 15, Count: 5
2026-07-25 12:55:13.911 +05:30 [INF] HTTP GET /api/appointments/patient/upcoming responded 200 in 14.4863 ms
2026-07-25 12:55:15.471 +05:30 [INF] HTTP OPTIONS /api/records/my-records responded 204 in 1.2160 ms
2026-07-25 12:55:15.494 +05:30 [INF] HTTP GET /api/records/my-records responded 200 in 7.4573 ms
2026-07-25 12:55:32.447 +05:30 [INF] HTTP OPTIONS /api/auth/login responded 204 in 0.7005 ms
2026-07-25 12:55:32.851 +05:30 [INF] HTTP POST /api/auth/login responded 200 in 389.9542 ms
2026-07-25 12:55:32.886 +05:30 [INF] HTTP OPTIONS /api/doctors/dashboard-summary responded 204 in 0.7790 ms
2026-07-25 12:55:33.044 +05:30 [INF] HTTP GET /api/doctors/dashboard-summary responded 200 in 133.1560 ms
2026-07-25 12:55:34.429 +05:30 [INF] HTTP OPTIONS /api/doctors/profile responded 204 in 0.4771 ms
2026-07-25 12:55:34.504 +05:30 [INF] HTTP GET /api/doctors/profile responded 200 in 63.9172 ms
2026-07-25 12:55:36.764 +05:30 [INF] HTTP OPTIONS /api/appointments/doctor/upcoming responded 204 in 0.1888 ms
2026-07-25 12:55:36.869 +05:30 [INF] Appointments fetched by doctor. DoctorId: 5, Count: 1
2026-07-25 12:55:36.874 +05:30 [INF] HTTP GET /api/appointments/doctor/upcoming responded 200 in 98.2324 ms
2026-07-25 12:59:19.368 +05:30 [INF] Usage Telemetry: {"id":"b07b0000-e56a-1944-207b-08deea1dbc90","created":"2026-07-25T12:54:17.1704027\u002B05:30","host":{"framework_version":"10.0.10","mass_transit_version":"8.5.10.0","operating_system_version":"Microsoft Windows NT 10.0.26200.0","time_zone_info":"(UTC\u002B05:30) Chennai, Kolkata, Mumbai, New Delhi","commit_hash":"62ab339afa3bac2e9b3fe1769d0d35d7e44778e9"},"bus":[{"created":"2026-07-25T12:54:17.1744942\u002B05:30","configured":"2026-07-25T12:54:17.9589542\u002B05:30","started":"2026-07-25T12:54:19.2037610\u002B05:30","name":"IBus","endpoints":[{"name":"appointment.events.queue","type":"RabbitMQ","prefetch_count":16,"consumer_count":1,"message_count":1},{"name":"_bus_","type":"RabbitMQ","prefetch_count":16}]}]}
2026-07-25 14:02:13.739 +05:30 [INF] Configured endpoint appointment.events.queue, Consumer: HealthCare.Api.Messaging.AppointmentBookedConsumer
2026-07-25 14:02:13.970 +05:30 [INF] Now listening on: http://localhost:5225
2026-07-25 14:02:13.973 +05:30 [INF] Application started. Press Ctrl+C to shut down.
2026-07-25 14:02:13.975 +05:30 [INF] Hosting environment: Development
2026-07-25 14:02:13.976 +05:30 [INF] Content root path: C:\Users\310508\source\repos\UST-Live-01\HealthCare\HealthCare.Api
2026-07-25 14:02:14.104 +05:30 [INF] Bus started: "rabbitmq://localhost/"
2026-07-25 14:02:27.117 +05:30 [INF] Application is shutting down...
2026-07-25 14:02:27.178 +05:30 [INF] Bus stopped: "rabbitmq://localhost/"
2026-07-25 14:02:38.297 +05:30 [INF] Configured endpoint appointment.events.queue, Consumer: HealthCare.Api.Messaging.AppointmentBookedConsumer
2026-07-25 14:02:38.478 +05:30 [INF] Now listening on: http://localhost:5225
2026-07-25 14:02:38.480 +05:30 [INF] Application started. Press Ctrl+C to shut down.
2026-07-25 14:02:38.483 +05:30 [INF] Hosting environment: Development
2026-07-25 14:02:38.485 +05:30 [INF] Content root path: C:\Users\310508\source\repos\UST-Live-01\HealthCare\HealthCare.Api
2026-07-25 14:02:38.607 +05:30 [INF] Bus started: "rabbitmq://localhost/"
2026-07-25 14:03:01.146 +05:30 [WRN] Failed to determine the https port for redirect.
2026-07-25 14:03:01.226 +05:30 [INF] HTTP GET /angular responded 200 in 137.9426 ms
2026-07-25 14:03:01.276 +05:30 [INF] HTTP GET /angular/chunk-ZCCCSRDL.js responded 200 in 35.6331 ms
2026-07-25 14:03:01.276 +05:30 [INF] HTTP GET /angular/styles-IRV2JRNT.css responded 200 in 29.9924 ms
2026-07-25 14:03:01.279 +05:30 [INF] HTTP GET /angular/main-MCJBAYH4.js responded 200 in 39.4625 ms
2026-07-25 14:03:01.281 +05:30 [INF] HTTP GET /angular/chunk-L5RKZUM4.js responded 200 in 40.7470 ms
2026-07-25 14:03:01.511 +05:30 [INF] HTTP GET /angular/media/bootstrap-icons-CVBWLLHT.woff2 responded 200 in 2.7524 ms
2026-07-25 14:03:35.204 +05:30 [INF] HTTP GET /angular/login responded 200 in 6.7666 ms
2026-07-25 14:04:30.038 +05:30 [INF] HTTP GET /.well-known/appspecific/com.chrome.devtools.json responded 404 in 2.0132 ms
2026-07-25 14:07:38.662 +05:30 [INF] Usage Telemetry: {"id":"480a0000-e56a-1944-ac87-08deea274901","created":"2026-07-25T14:02:38.2660424\u002B05:30","host":{"framework_version":"10.0.10","mass_transit_version":"8.5.10.0","operating_system_version":"Microsoft Windows NT 10.0.26200.0","time_zone_info":"(UTC\u002B05:30) Chennai, Kolkata, Mumbai, New Delhi","commit_hash":"62ab339afa3bac2e9b3fe1769d0d35d7e44778e9"},"bus":[{"created":"2026-07-25T14:02:38.2672333\u002B05:30","configured":"2026-07-25T14:02:38.4007170\u002B05:30","started":"2026-07-25T14:02:38.6056839\u002B05:30","name":"IBus","endpoints":[{"name":"appointment.events.queue","type":"RabbitMQ","prefetch_count":16,"consumer_count":1,"message_count":1},{"name":"_bus_","type":"RabbitMQ","prefetch_count":16}]}]}
2026-07-25 14:15:45.667 +05:30 [INF] HTTP GET /angular responded 200 in 3.6213 ms
2026-07-25 14:15:45.721 +05:30 [INF] HTTP GET /angular/chunk-ZCCCSRDL.js responded 200 in 3.0917 ms
2026-07-25 14:15:45.737 +05:30 [INF] HTTP GET /angular/main-MCJBAYH4.js responded 200 in 18.5333 ms
2026-07-25 14:15:45.743 +05:30 [INF] HTTP GET /angular/chunk-L5RKZUM4.js responded 200 in 23.9352 ms
2026-07-25 14:15:45.745 +05:30 [INF] HTTP GET /angular/styles-IRV2JRNT.css responded 200 in 3.2909 ms
2026-07-25 14:15:45.847 +05:30 [INF] HTTP GET /angular/media/bootstrap-icons-CVBWLLHT.woff2 responded 200 in 9.1600 ms
2026-07-25 14:15:45.882 +05:30 [INF] HTTP GET /angular/favicon.ico responded 200 in 10.6553 ms
2026-07-25 14:16:01.261 +05:30 [INF] HTTP GET /.well-known/appspecific/com.chrome.devtools.json responded 404 in 0.4876 ms
2026-07-25 14:20:54.490 +05:30 [INF] Application is shutting down...
2026-07-25 14:20:54.550 +05:30 [INF] Bus stopped: "rabbitmq://localhost/"
2026-07-25 14:21:07.579 +05:30 [INF] Configured endpoint appointment.events.queue, Consumer: HealthCare.Api.Messaging.AppointmentBookedConsumer
2026-07-25 14:21:07.744 +05:30 [INF] Now listening on: http://localhost:5225
2026-07-25 14:21:07.746 +05:30 [INF] Application started. Press Ctrl+C to shut down.
2026-07-25 14:21:07.747 +05:30 [INF] Hosting environment: Development
2026-07-25 14:21:07.749 +05:30 [INF] Content root path: C:\Users\310508\source\repos\UST-Live-01\HealthCare\HealthCare.Api
2026-07-25 14:21:07.861 +05:30 [INF] Bus started: "rabbitmq://localhost/"
2026-07-25 14:21:12.930 +05:30 [WRN] Failed to determine the https port for redirect.
2026-07-25 14:21:12.995 +05:30 [INF] HTTP GET /angular/login responded 200 in 104.2734 ms
2026-07-25 14:21:13.045 +05:30 [INF] HTTP GET /angular/main-KIR3DSZ4.js responded 200 in 40.8010 ms
2026-07-25 14:21:13.045 +05:30 [INF] HTTP GET /angular/chunk-FGZ52TTH.js responded 200 in 40.8480 ms
2026-07-25 14:21:13.045 +05:30 [INF] HTTP GET /angular/chunk-Z46JLXGG.js responded 200 in 40.8311 ms
2026-07-25 14:21:13.076 +05:30 [INF] HTTP GET /.well-known/appspecific/com.chrome.devtools.json responded 404 in 10.0252 ms
2026-07-25 14:21:35.440 +05:30 [INF] HTTP GET /angular responded 200 in 4.3461 ms
2026-07-25 14:21:35.515 +05:30 [INF] HTTP GET /angular/chunk-Z46JLXGG.js responded 304 in 4.2212 ms
2026-07-25 14:21:35.515 +05:30 [INF] HTTP GET /angular/chunk-FGZ52TTH.js responded 304 in 4.1080 ms
2026-07-25 14:21:35.515 +05:30 [INF] HTTP GET /angular/main-KIR3DSZ4.js responded 304 in 1.2543 ms
2026-07-25 14:21:57.717 +05:30 [WRN] You do not have a valid license key for the Lucky Penny software AutoMapper. This is allowed for development and testing scenarios. If you are running in production you are required to have a licensed version. Please visit https://luckypennysoftware.com to obtain a valid license.
2026-07-25 14:21:58.348 +05:30 [INF] HTTP POST /api/auth/login responded 200 in 919.7552 ms
2026-07-25 14:21:58.375 +05:30 [INF] HTTP GET /blazor/auth-callback responded 200 in 2.7123 ms
2026-07-25 14:21:58.402 +05:30 [INF] HTTP GET /blazor/css/app.css responded 200 in 11.8140 ms
2026-07-25 14:21:58.408 +05:30 [INF] HTTP GET /blazor/HealthCare.Admin.styles.css responded 200 in 18.1177 ms
2026-07-25 14:21:58.408 +05:30 [INF] HTTP GET /blazor/_framework/dotnet.n2dqok604b.js responded 200 in 22.1869 ms
2026-07-25 14:21:58.409 +05:30 [INF] HTTP GET /blazor/_framework/blazor.webassembly.958z1vx7fr.js responded 200 in 15.6483 ms
2026-07-25 14:21:58.423 +05:30 [INF] HTTP GET /blazor/lib/bootstrap/dist/css/bootstrap.min.css responded 200 in 38.6679 ms
2026-07-25 14:21:58.775 +05:30 [INF] HTTP GET /blazor/_framework/dotnet.native.puryxhmhq9.js responded 200 in 3.8802 ms
2026-07-25 14:21:58.776 +05:30 [INF] HTTP GET /blazor/_framework/dotnet.runtime.web2r9gqbh.js responded 200 in 4.8186 ms
2026-07-25 14:21:58.798 +05:30 [INF] HTTP GET /blazor/_framework/System.Runtime.InteropServices.JavaScript.xs6yu76bks.wasm responded 200 in 3.1685 ms
2026-07-25 14:21:58.812 +05:30 [INF] HTTP GET /blazor/_framework/AutoMapper.8m7mmr1hnm.wasm responded 200 in 16.8574 ms
2026-07-25 14:21:58.814 +05:30 [INF] HTTP GET /blazor/_framework/HealthCare.Admin.3par81m5vy.wasm responded 200 in 8.0553 ms
2026-07-25 14:21:58.815 +05:30 [INF] HTTP GET /blazor/_framework/Azure.Core.8xk79iv8nh.wasm responded 200 in 20.2456 ms
2026-07-25 14:21:58.817 +05:30 [INF] HTTP GET /blazor/_framework/Azure.Identity.q3kp98qd6v.wasm responded 200 in 17.6800 ms
2026-07-25 14:21:58.825 +05:30 [INF] HTTP GET /blazor/_framework/HealthCare.Shared.dmzxzfoh9y.wasm responded 200 in 3.5094 ms
2026-07-25 14:21:58.838 +05:30 [INF] HTTP GET /blazor/_framework/Microsoft.AspNetCore.Components.Forms.xbum8u3r0e.wasm responded 200 in 2.0835 ms
2026-07-25 14:21:58.839 +05:30 [INF] HTTP GET /blazor/_framework/Microsoft.AspNetCore.Components.Web.sdsf2i40gj.wasm responded 200 in 2.2205 ms
2026-07-25 14:21:58.851 +05:30 [INF] HTTP GET /blazor/_framework/Microsoft.AspNetCore.Components.WebAssembly.jym0ebmgt8.wasm responded 200 in 1.5776 ms
2026-07-25 14:21:58.852 +05:30 [INF] HTTP GET /blazor/_framework/Microsoft.AspNetCore.Components.7ewzfo4zo9.wasm responded 200 in 2.5807 ms
2026-07-25 14:21:58.865 +05:30 [INF] HTTP GET /blazor/_framework/Microsoft.CSharp.qtcsihmg1f.wasm responded 200 in 2.3208 ms
2026-07-25 14:21:58.877 +05:30 [INF] HTTP GET /blazor/_framework/Microsoft.EntityFrameworkCore.Abstractions.mz9tyb1h65.wasm responded 200 in 1.2496 ms
2026-07-25 14:21:58.900 +05:30 [INF] HTTP GET /blazor/_framework/Microsoft.Data.SqlClient.3806qc8pna.wasm responded 200 in 36.8076 ms
2026-07-25 14:21:58.903 +05:30 [INF] HTTP GET /blazor/_framework/dotnet.native.u31nt9bth6.wasm responded 200 in 131.8606 ms
2026-07-25 14:21:58.907 +05:30 [INF] HTTP GET /blazor/_framework/Microsoft.EntityFrameworkCore.SqlServer.g5qtfapcam.wasm responded 200 in 15.2340 ms
2026-07-25 14:21:58.910 +05:30 [INF] HTTP GET /blazor/_framework/System.Private.CoreLib.ghdgmcv5hw.wasm responded 200 in 117.2955 ms
2026-07-25 14:21:58.913 +05:30 [INF] HTTP GET /blazor/_framework/Microsoft.Extensions.Caching.Abstractions.01ss24ub42.wasm responded 200 in 2.4786 ms
2026-07-25 14:21:58.921 +05:30 [INF] HTTP GET /blazor/_framework/Microsoft.Extensions.Caching.Memory.3zjcwwobid.wasm responded 200 in 2.6581 ms
2026-07-25 14:21:58.926 +05:30 [INF] HTTP GET /blazor/_framework/Microsoft.Extensions.Configuration.Abstractions.e3j0aurk2r.wasm responded 200 in 1.6732 ms
2026-07-25 14:21:58.936 +05:30 [INF] HTTP GET /blazor/_framework/Microsoft.Extensions.Configuration.Json.qiwbq8ugx5.wasm responded 200 in 3.9127 ms
2026-07-25 14:21:58.938 +05:30 [INF] HTTP GET /blazor/_framework/Microsoft.Extensions.DependencyInjection.857rzh5ynj.wasm responded 200 in 1.5914 ms
2026-07-25 14:21:58.938 +05:30 [INF] HTTP GET /blazor/_framework/Microsoft.Extensions.Configuration.lr61ofcgfm.wasm responded 200 in 1.9022 ms
2026-07-25 14:21:58.949 +05:30 [INF] HTTP GET /blazor/_framework/Microsoft.Extensions.DependencyInjection.Abstractions.th1ld61zai.wasm responded 200 in 1.9559 ms
2026-07-25 14:21:58.956 +05:30 [INF] HTTP GET /blazor/_framework/Microsoft.Extensions.Logging.Abstractions.1oweuxr4az.wasm responded 200 in 2.0436 ms
2026-07-25 14:21:58.956 +05:30 [INF] HTTP GET /blazor/_framework/Microsoft.Extensions.Logging.igobmllaak.wasm responded 200 in 1.7826 ms
2026-07-25 14:21:58.956 +05:30 [INF] HTTP GET /blazor/_framework/Microsoft.Extensions.Options.1l6cdb1ucc.wasm responded 200 in 1.3881 ms
2026-07-25 14:21:58.972 +05:30 [INF] HTTP GET /blazor/_framework/Microsoft.Extensions.Primitives.yxjt7vtatl.wasm responded 200 in 1.6291 ms
2026-07-25 14:21:58.980 +05:30 [INF] HTTP GET /blazor/_framework/Microsoft.Extensions.Validation.9q24f4ufiz.wasm responded 200 in 1.5153 ms
2026-07-25 14:21:58.982 +05:30 [INF] HTTP GET /blazor/_framework/Microsoft.Identity.Client.Extensions.Msal.ks83314uaf.wasm responded 200 in 1.2415 ms
2026-07-25 14:21:58.997 +05:30 [INF] HTTP GET /blazor/_framework/Microsoft.EntityFrameworkCore.Relational.pq79ulc3xl.wasm responded 200 in 114.3147 ms
2026-07-25 14:21:59.000 +05:30 [INF] HTTP GET /blazor/_framework/Microsoft.IdentityModel.Abstractions.57ajzgxepp.wasm responded 200 in 2.1236 ms
2026-07-25 14:21:59.034 +05:30 [INF] HTTP GET /blazor/_framework/Microsoft.IdentityModel.JsonWebTokens.finj600102.wasm responded 200 in 23.2141 ms
2026-07-25 14:21:59.034 +05:30 [INF] HTTP GET /blazor/_framework/Microsoft.IdentityModel.Logging.zcqml6bdh7.wasm responded 200 in 20.4915 ms
2026-07-25 14:21:59.040 +05:30 [INF] HTTP GET /blazor/_framework/Microsoft.Identity.Client.ykww7211k6.wasm responded 200 in 59.5225 ms
2026-07-25 14:21:59.043 +05:30 [INF] HTTP GET /blazor/_framework/Microsoft.IdentityModel.Protocols.homtf5mctj.wasm responded 200 in 12.4174 ms
2026-07-25 14:21:59.059 +05:30 [INF] HTTP GET /blazor/_framework/Microsoft.EntityFrameworkCore.wer0str0la.wasm responded 200 in 166.9950 ms
2026-07-25 14:21:59.066 +05:30 [INF] HTTP GET /blazor/_framework/Microsoft.JSInterop.WebAssembly.r99mmn9mmt.wasm responded 200 in 2.1082 ms
2026-07-25 14:21:59.068 +05:30 [INF] HTTP GET /blazor/_framework/Microsoft.IdentityModel.Protocols.OpenIdConnect.45hz3ik893.wasm responded 200 in 5.8552 ms
2026-07-25 14:21:59.099 +05:30 [INF] HTTP GET /blazor/_framework/Microsoft.IdentityModel.Tokens.d9dddnbjyj.wasm responded 200 in 4.0797 ms
2026-07-25 14:21:59.104 +05:30 [INF] HTTP GET /blazor/_framework/Microsoft.SqlServer.Server.yamodpu5qp.wasm responded 200 in 3.9710 ms
2026-07-25 14:21:59.109 +05:30 [INF] HTTP GET /blazor/_framework/Microsoft.JSInterop.02ltnto31o.wasm responded 200 in 2.5499 ms
2026-07-25 14:21:59.112 +05:30 [INF] HTTP GET /blazor/_framework/System.cvgusyd4es.wasm responded 200 in 3.1402 ms
2026-07-25 14:21:59.114 +05:30 [INF] HTTP GET /blazor/_framework/Microsoft.Win32.Primitives.q7qe8y8zau.wasm responded 200 in 1.7317 ms
2026-07-25 14:21:59.121 +05:30 [INF] HTTP GET /blazor/_framework/System.ClientModel.dhw1jmor6y.wasm responded 200 in 6.0459 ms
2026-07-25 14:21:59.121 +05:30 [INF] HTTP GET /blazor/_framework/System.Collections.Concurrent.bd3ro02coq.wasm responded 200 in 3.6100 ms
2026-07-25 14:21:59.128 +05:30 [INF] HTTP GET /blazor/_framework/System.Collections.Immutable.v7vrfiqe17.wasm responded 200 in 3.5721 ms
2026-07-25 14:21:59.128 +05:30 [INF] HTTP GET /blazor/_framework/System.Collections.NonGeneric.fm0w0zllx1.wasm responded 200 in 1.4714 ms
2026-07-25 14:21:59.131 +05:30 [INF] HTTP GET /blazor/_framework/System.Collections.Specialized.9px7ijgkhy.wasm responded 200 in 2.1789 ms
2026-07-25 14:21:59.134 +05:30 [INF] HTTP GET /blazor/_framework/System.Collections.ex359mqi1e.wasm responded 200 in 2.2184 ms
2026-07-25 14:21:59.140 +05:30 [INF] HTTP GET /blazor/_framework/System.ComponentModel.Annotations.xm5wxlgir5.wasm responded 200 in 5.3255 ms
2026-07-25 14:21:59.142 +05:30 [INF] HTTP GET /blazor/_framework/System.ComponentModel.Primitives.zxay4cdv6a.wasm responded 200 in 1.9512 ms
2026-07-25 14:21:59.147 +05:30 [INF] HTTP GET /blazor/_framework/System.ComponentModel.8ovt7nqh7c.wasm responded 200 in 2.3512 ms
2026-07-25 14:21:59.151 +05:30 [INF] HTTP GET /blazor/_framework/System.ComponentModel.TypeConverter.64je8880a4.wasm responded 200 in 2.9708 ms
2026-07-25 14:21:59.159 +05:30 [INF] HTTP GET /blazor/_framework/System.Console.f1o81sryll.wasm responded 200 in 2.0100 ms
2026-07-25 14:21:59.166 +05:30 [INF] HTTP GET /blazor/_framework/System.Configuration.ConfigurationManager.h4r5q8xowu.wasm responded 200 in 15.5474 ms
2026-07-25 14:21:59.168 +05:30 [INF] HTTP GET /blazor/_framework/System.Data.Common.hi1b3smxr7.wasm responded 200 in 2.7969 ms
2026-07-25 14:21:59.168 +05:30 [INF] HTTP GET /blazor/_framework/System.Diagnostics.EventLog.yy9ehxokrt.wasm responded 200 in 1.2370 ms
2026-07-25 14:21:59.170 +05:30 [INF] HTTP GET /blazor/_framework/System.Diagnostics.DiagnosticSource.ih7ailyccd.wasm responded 200 in 3.1435 ms
2026-07-25 14:21:59.180 +05:30 [INF] HTTP GET /blazor/_framework/System.Diagnostics.FileVersionInfo.5xa0awlo19.wasm responded 200 in 1.8179 ms
2026-07-25 14:21:59.180 +05:30 [INF] HTTP GET /blazor/_framework/System.Diagnostics.Process.x23h1li4c7.wasm responded 200 in 2.3573 ms
2026-07-25 14:21:59.193 +05:30 [INF] HTTP GET /blazor/_framework/System.Diagnostics.TextWriterTraceListener.yixvmxezel.wasm responded 200 in 2.0442 ms
2026-07-25 14:21:59.194 +05:30 [INF] HTTP GET /blazor/_framework/System.Diagnostics.TraceSource.ed6eis8hw0.wasm responded 200 in 1.6729 ms
2026-07-25 14:21:59.198 +05:30 [INF] HTTP GET /blazor/_framework/System.Formats.Asn1.lybbsxjb6j.wasm responded 200 in 1.5761 ms
2026-07-25 14:21:59.198 +05:30 [INF] HTTP GET /blazor/_framework/System.Diagnostics.Tracing.cwmne1u7ug.wasm responded 200 in 1.6920 ms
2026-07-25 14:21:59.198 +05:30 [INF] HTTP GET /blazor/_framework/System.IO.FileSystem.AccessControl.27owishtho.wasm responded 200 in 1.8957 ms
2026-07-25 14:21:59.201 +05:30 [INF] HTTP GET /blazor/_framework/System.IO.Compression.g6wl15cvem.wasm responded 200 in 1.8455 ms
2026-07-25 14:21:59.223 +05:30 [INF] HTTP GET /blazor/_framework/System.IO.Pipelines.uznrqn6wwr.wasm responded 200 in 1.2163 ms
2026-07-25 14:21:59.223 +05:30 [INF] HTTP GET /blazor/_framework/System.IO.FileSystem.Watcher.zlj1lv718m.wasm responded 200 in 6.3711 ms
2026-07-25 14:21:59.223 +05:30 [INF] HTTP GET /blazor/_framework/System.IdentityModel.Tokens.Jwt.28de5g3cun.wasm responded 200 in 5.5660 ms
2026-07-25 14:21:59.224 +05:30 [INF] HTTP GET /blazor/_framework/System.Linq.8elmz39ua0.wasm responded 200 in 1.6031 ms
2026-07-25 14:21:59.225 +05:30 [INF] HTTP GET /blazor/_framework/System.Linq.Queryable.hmjutrykee.wasm responded 200 in 1.3401 ms
2026-07-25 14:21:59.276 +05:30 [INF] HTTP GET /blazor/_framework/System.Linq.Expressions.hfmzseaqsu.wasm responded 200 in 54.3744 ms
2026-07-25 14:21:59.279 +05:30 [INF] HTTP GET /blazor/_framework/System.Memory.Data.0l4fa57vc1.wasm responded 200 in 2.4105 ms
2026-07-25 14:21:59.279 +05:30 [INF] HTTP GET /blazor/_framework/System.Memory.lniktlgqb2.wasm responded 200 in 1.8673 ms
2026-07-25 14:21:59.280 +05:30 [INF] HTTP GET /blazor/_framework/System.Net.Http.Json.6ydj3em1ch.wasm responded 200 in 2.0338 ms
2026-07-25 14:21:59.285 +05:30 [INF] HTTP GET /blazor/_framework/System.Net.Http.zzxzy83kc9.wasm responded 200 in 6.1180 ms
2026-07-25 14:21:59.297 +05:30 [INF] HTTP GET /blazor/_framework/System.Net.HttpListener.mx4zefjhy0.wasm responded 200 in 2.3838 ms
2026-07-25 14:21:59.307 +05:30 [INF] HTTP GET /blazor/_framework/System.Net.Security.m7uhlqi74j.wasm responded 200 in 1.5172 ms
2026-07-25 14:21:59.307 +05:30 [INF] HTTP GET /blazor/_framework/System.Net.Primitives.nlweko6rf5.wasm responded 200 in 1.7201 ms
2026-07-25 14:21:59.307 +05:30 [INF] HTTP GET /blazor/_framework/System.Net.NetworkInformation.t83fhyuzw2.wasm responded 200 in 1.4424 ms
2026-07-25 14:21:59.314 +05:30 [INF] HTTP GET /blazor/_framework/System.Net.WebClient.880pjkvlf2.wasm responded 200 in 1.9915 ms
2026-07-25 14:21:59.314 +05:30 [INF] HTTP GET /blazor/_framework/System.Net.Sockets.nxg75tgjaj.wasm responded 200 in 1.9913 ms
2026-07-25 14:21:59.315 +05:30 [INF] HTTP GET /blazor/_framework/System.ObjectModel.9470taurld.wasm responded 200 in 1.6520 ms
2026-07-25 14:21:59.330 +05:30 [INF] HTTP GET /blazor/_framework/System.Private.Xml.Linq.4reo8zspes.wasm responded 200 in 1.6129 ms
2026-07-25 14:21:59.330 +05:30 [INF] HTTP GET /blazor/_framework/System.Private.Uri.01vgu5vg0b.wasm responded 200 in 1.7717 ms
2026-07-25 14:21:59.333 +05:30 [INF] HTTP GET /blazor/_framework/System.Reflection.Emit.z6zva198o1.wasm responded 200 in 1.4136 ms
2026-07-25 14:21:59.341 +05:30 [INF] HTTP GET /blazor/_framework/System.Reflection.Emit.ILGeneration.mrej57e4s7.wasm responded 200 in 2.5271 ms
2026-07-25 14:21:59.341 +05:30 [INF] HTTP GET /blazor/_framework/System.Reflection.Primitives.6n0zme69c4.wasm responded 200 in 1.7105 ms
2026-07-25 14:21:59.350 +05:30 [INF] HTTP GET /blazor/_framework/System.Runtime.InteropServices.n6jlhu9kvy.wasm responded 200 in 1.4293 ms
2026-07-25 14:21:59.351 +05:30 [INF] HTTP GET /blazor/_framework/System.Runtime.Numerics.uqwuuab53g.wasm responded 200 in 1.6466 ms
2026-07-25 14:21:59.358 +05:30 [INF] HTTP GET /blazor/_framework/System.Runtime.Serialization.Primitives.nsxx2crer4.wasm responded 200 in 1.3254 ms
2026-07-25 14:21:59.358 +05:30 [INF] HTTP GET /blazor/_framework/System.Runtime.Serialization.Formatters.iot9fdphl2.wasm responded 200 in 1.7126 ms
2026-07-25 14:21:59.358 +05:30 [INF] HTTP GET /blazor/_framework/System.Runtime.kbmtjmuxg3.wasm responded 200 in 1.3033 ms
2026-07-25 14:21:59.372 +05:30 [INF] HTTP GET /blazor/_framework/System.Security.AccessControl.z87awzn1eh.wasm responded 200 in 1.9713 ms
2026-07-25 14:21:59.373 +05:30 [INF] HTTP GET /blazor/_framework/System.Security.Claims.jtafqugv1m.wasm responded 200 in 1.4702 ms
2026-07-25 14:21:59.373 +05:30 [INF] HTTP GET /blazor/_framework/System.Security.Cryptography.ProtectedData.mhm09hjv4f.wasm responded 200 in 1.6233 ms
2026-07-25 14:21:59.373 +05:30 [INF] HTTP GET /blazor/_framework/System.Security.Cryptography.vevydc83m5.wasm responded 200 in 1.6821 ms
2026-07-25 14:21:59.376 +05:30 [INF] HTTP GET /blazor/_framework/System.Security.Principal.Windows.wb3b15pbqb.wasm responded 200 in 1.6633 ms
2026-07-25 14:21:59.395 +05:30 [INF] HTTP GET /blazor/_framework/System.Text.Encoding.Extensions.iuq4o6rl0u.wasm responded 200 in 1.0761 ms
2026-07-25 14:21:59.395 +05:30 [INF] HTTP GET /blazor/_framework/System.Private.Xml.wfeh64vj35.wasm responded 200 in 66.3745 ms
2026-07-25 14:21:59.396 +05:30 [INF] HTTP GET /blazor/_framework/System.Text.Encodings.Web.kn440n14c6.wasm responded 200 in 1.4461 ms
2026-07-25 14:21:59.396 +05:30 [INF] HTTP GET /blazor/_framework/System.Threading.i0t4fnuy8g.wasm responded 200 in 1.0370 ms
2026-07-25 14:21:59.397 +05:30 [INF] HTTP GET /blazor/_framework/System.Text.RegularExpressions.mc29ftzl2y.wasm responded 200 in 1.7964 ms
2026-07-25 14:21:59.409 +05:30 [INF] HTTP GET /blazor/_framework/System.Text.Json.obswcq6e7r.wasm responded 200 in 14.2251 ms
2026-07-25 14:21:59.412 +05:30 [INF] HTTP GET /blazor/_framework/System.Threading.Thread.er1z5plew4.wasm responded 200 in 2.7172 ms
2026-07-25 14:21:59.412 +05:30 [INF] HTTP GET /blazor/_framework/System.Transactions.Local.d21c6vm40d.wasm responded 200 in 2.2030 ms
2026-07-25 14:21:59.412 +05:30 [INF] HTTP GET /blazor/_framework/System.Xml.Linq.xorxxf2zgs.wasm responded 200 in 1.6943 ms
2026-07-25 14:21:59.422 +05:30 [INF] HTTP GET /blazor/_framework/System.Xml.ReaderWriter.781vjcu40c.wasm responded 200 in 4.4877 ms
2026-07-25 14:21:59.433 +05:30 [INF] HTTP GET /blazor/_framework/System.Xml.XDocument.ql1k5sb7hx.wasm responded 200 in 2.5198 ms
2026-07-25 14:21:59.441 +05:30 [INF] HTTP GET /blazor/_framework/icudt_EFIGS.tptq2av103.dat responded 404 in 0.6719 ms
2026-07-25 14:21:59.442 +05:30 [INF] HTTP GET /blazor/_framework/System.Xml.XmlSerializer.dvt0rs1uvp.wasm responded 200 in 2.8597 ms
2026-07-25 14:21:59.442 +05:30 [INF] HTTP GET /blazor/_framework/netstandard.1r4f085e1g.wasm responded 200 in 1.7427 ms
2026-07-25 14:21:59.443 +05:30 [INF] HTTP GET /blazor/favicon.png responded 200 in 1.2752 ms
2026-07-25 14:22:03.850 +05:30 [INF] HTTP GET /.well-known/appspecific/com.chrome.devtools.json responded 404 in 0.5294 ms
2026-07-25 14:22:03.915 +05:30 [INF] HTTP GET /blazor/lib/bootstrap/dist/css/bootstrap.min.css.map responded 200 in 4.8666 ms
2026-07-25 14:22:03.944 +05:30 [INF] HTTP GET /blazor/_framework/dotnet.runtime.js.map responded 404 in 0.6664 ms
2026-07-25 14:22:08.871 +05:30 [INF] HTTP GET /blazor/auth-callback responded 200 in 2.0117 ms
2026-07-25 14:22:08.918 +05:30 [INF] HTTP GET /.well-known/appspecific/com.chrome.devtools.json responded 404 in 0.4126 ms
2026-07-25 14:22:08.970 +05:30 [INF] HTTP GET /blazor/_framework/dotnet.runtime.js.map responded 404 in 0.8948 ms
2026-07-25 14:22:20.573 +05:30 [INF] HTTP GET /angular responded 200 in 1.4787 ms
2026-07-25 14:22:20.606 +05:30 [INF] HTTP GET /angular/chunk-FGZ52TTH.js responded 304 in 0.7903 ms
2026-07-25 14:22:20.608 +05:30 [INF] HTTP GET /angular/chunk-Z46JLXGG.js responded 304 in 0.7154 ms
2026-07-25 14:22:20.609 +05:30 [INF] HTTP GET /angular/main-KIR3DSZ4.js responded 304 in 0.4213 ms
2026-07-25 14:22:20.650 +05:30 [INF] HTTP GET /angular/styles-IRV2JRNT.css responded 200 in 38.0326 ms
2026-07-25 14:22:20.798 +05:30 [INF] HTTP GET /angular/media/bootstrap-icons-CVBWLLHT.woff2 responded 200 in 18.4956 ms
2026-07-25 14:22:32.054 +05:30 [ERR] Exception occurred while processing POST /api/auth/login
System.UnauthorizedAccessException: Invalid email or password
   at HealthCare.Api.Services.Implementations.AuthService.LoginAsync(LoginDto dto) in C:\Users\310508\source\repos\UST-Live-01\HealthCare\HealthCare.Api\Services\Implementations\AuthService.cs:line 106
   at HealthCare.Api.Controllers.AuthController.Login(LoginDto dto) in C:\Users\310508\source\repos\UST-Live-01\HealthCare\HealthCare.Api\Controllers\AuthController.cs:line 43
   at Microsoft.AspNetCore.Mvc.Infrastructure.ActionMethodExecutor.TaskOfIActionResultExecutor.Execute(ActionContext actionContext, IActionResultTypeMapper mapper, ObjectMethodExecutor executor, Object controller, Object[] arguments)
   at Microsoft.AspNetCore.Mvc.Infrastructure.ControllerActionInvoker.<InvokeActionMethodAsync>g__Awaited|12_0(ControllerActionInvoker invoker, ValueTask`1 actionResultValueTask)
   at Microsoft.AspNetCore.Mvc.Infrastructure.ControllerActionInvoker.<InvokeNextActionFilterAsync>g__Awaited|10_0(ControllerActionInvoker invoker, Task lastTask, State next, Scope scope, Object state, Boolean isCompleted)
   at Microsoft.AspNetCore.Mvc.Infrastructure.ControllerActionInvoker.Rethrow(ActionExecutedContextSealed context)
   at Microsoft.AspNetCore.Mvc.Infrastructure.ControllerActionInvoker.Next(State& next, Scope& scope, Object& state, Boolean& isCompleted)
   at Microsoft.AspNetCore.Mvc.Infrastructure.ControllerActionInvoker.<InvokeInnerFilterAsync>g__Awaited|13_0(ControllerActionInvoker invoker, Task lastTask, State next, Scope scope, Object state, Boolean isCompleted)
   at Microsoft.AspNetCore.Mvc.Infrastructure.ResourceInvoker.<InvokeFilterPipelineAsync>g__Awaited|20_0(ResourceInvoker invoker, Task lastTask, State next, Scope scope, Object state, Boolean isCompleted)
   at Microsoft.AspNetCore.Mvc.Infrastructure.ResourceInvoker.<InvokeAsync>g__Awaited|17_0(ResourceInvoker invoker, Task task, IDisposable scope)
   at Microsoft.AspNetCore.Mvc.Infrastructure.ResourceInvoker.<InvokeAsync>g__Awaited|17_0(ResourceInvoker invoker, Task task, IDisposable scope)
   at Microsoft.AspNetCore.Authorization.AuthorizationMiddleware.Invoke(HttpContext context)
   at Microsoft.AspNetCore.Authentication.AuthenticationMiddleware.Invoke(HttpContext context)
   at Swashbuckle.AspNetCore.SwaggerUI.SwaggerUIMiddleware.Invoke(HttpContext httpContext)
   at Swashbuckle.AspNetCore.Swagger.SwaggerMiddleware.Invoke(HttpContext httpContext, ISwaggerProvider swaggerProvider)
   at Microsoft.AspNetCore.Diagnostics.ExceptionHandlerMiddlewareImpl.<Invoke>g__Awaited|10_0(ExceptionHandlerMiddlewareImpl middleware, HttpContext context, Task task)
2026-07-25 14:22:32.109 +05:30 [INF] HTTP POST /api/auth/login responded 401 in 267.4838 ms
2026-07-25 14:22:34.929 +05:30 [INF] HTTP GET /angular/styles-IRV2JRNT.css responded 304 in 0.5765 ms
2026-07-25 14:22:34.961 +05:30 [INF] HTTP GET /.well-known/appspecific/com.chrome.devtools.json responded 404 in 0.4191 ms
2026-07-25 14:22:53.434 +05:30 [INF] HTTP GET /angular/login responded 200 in 2.4925 ms
2026-07-25 14:22:53.450 +05:30 [INF] HTTP GET /angular/chunk-Z46JLXGG.js responded 304 in 0.4485 ms
2026-07-25 14:22:53.450 +05:30 [INF] HTTP GET /angular/main-KIR3DSZ4.js responded 304 in 0.9883 ms
2026-07-25 14:22:53.450 +05:30 [INF] HTTP GET /angular/chunk-FGZ52TTH.js responded 304 in 0.5113 ms
2026-07-25 14:22:53.462 +05:30 [INF] HTTP GET /angular/styles-IRV2JRNT.css responded 304 in 2.0098 ms
2026-07-25 14:22:53.548 +05:30 [INF] HTTP GET /.well-known/appspecific/com.chrome.devtools.json responded 404 in 0.6378 ms
2026-07-25 14:23:07.014 +05:30 [ERR] Exception occurred while processing POST /api/auth/login
System.UnauthorizedAccessException: Invalid email or password
   at HealthCare.Api.Services.Implementations.AuthService.LoginAsync(LoginDto dto) in C:\Users\310508\source\repos\UST-Live-01\HealthCare\HealthCare.Api\Services\Implementations\AuthService.cs:line 106
   at HealthCare.Api.Controllers.AuthController.Login(LoginDto dto) in C:\Users\310508\source\repos\UST-Live-01\HealthCare\HealthCare.Api\Controllers\AuthController.cs:line 43
   at Microsoft.AspNetCore.Mvc.Infrastructure.ActionMethodExecutor.TaskOfIActionResultExecutor.Execute(ActionContext actionContext, IActionResultTypeMapper mapper, ObjectMethodExecutor executor, Object controller, Object[] arguments)
   at Microsoft.AspNetCore.Mvc.Infrastructure.ControllerActionInvoker.<InvokeActionMethodAsync>g__Awaited|12_0(ControllerActionInvoker invoker, ValueTask`1 actionResultValueTask)
   at Microsoft.AspNetCore.Mvc.Infrastructure.ControllerActionInvoker.<InvokeNextActionFilterAsync>g__Awaited|10_0(ControllerActionInvoker invoker, Task lastTask, State next, Scope scope, Object state, Boolean isCompleted)
   at Microsoft.AspNetCore.Mvc.Infrastructure.ControllerActionInvoker.Rethrow(ActionExecutedContextSealed context)
   at Microsoft.AspNetCore.Mvc.Infrastructure.ControllerActionInvoker.Next(State& next, Scope& scope, Object& state, Boolean& isCompleted)
   at Microsoft.AspNetCore.Mvc.Infrastructure.ControllerActionInvoker.<InvokeInnerFilterAsync>g__Awaited|13_0(ControllerActionInvoker invoker, Task lastTask, State next, Scope scope, Object state, Boolean isCompleted)
   at Microsoft.AspNetCore.Mvc.Infrastructure.ResourceInvoker.<InvokeFilterPipelineAsync>g__Awaited|20_0(ResourceInvoker invoker, Task lastTask, State next, Scope scope, Object state, Boolean isCompleted)
   at Microsoft.AspNetCore.Mvc.Infrastructure.ResourceInvoker.<InvokeAsync>g__Awaited|17_0(ResourceInvoker invoker, Task task, IDisposable scope)
   at Microsoft.AspNetCore.Mvc.Infrastructure.ResourceInvoker.<InvokeAsync>g__Awaited|17_0(ResourceInvoker invoker, Task task, IDisposable scope)
   at Microsoft.AspNetCore.Authorization.AuthorizationMiddleware.Invoke(HttpContext context)
   at Microsoft.AspNetCore.Authentication.AuthenticationMiddleware.Invoke(HttpContext context)
   at Swashbuckle.AspNetCore.SwaggerUI.SwaggerUIMiddleware.Invoke(HttpContext httpContext)
   at Swashbuckle.AspNetCore.Swagger.SwaggerMiddleware.Invoke(HttpContext httpContext, ISwaggerProvider swaggerProvider)
   at Microsoft.AspNetCore.Diagnostics.ExceptionHandlerMiddlewareImpl.<Invoke>g__Awaited|10_0(ExceptionHandlerMiddlewareImpl middleware, HttpContext context, Task task)
2026-07-25 14:23:07.026 +05:30 [INF] HTTP POST /api/auth/login responded 401 in 149.1989 ms
2026-07-25 14:24:17.908 +05:30 [INF] HTTP GET /angular/login responded 200 in 1.7130 ms
2026-07-25 14:24:17.926 +05:30 [INF] HTTP GET /angular/main-KIR3DSZ4.js responded 304 in 0.9002 ms
2026-07-25 14:24:17.926 +05:30 [INF] HTTP GET /angular/chunk-FGZ52TTH.js responded 304 in 0.9002 ms
2026-07-25 14:24:17.926 +05:30 [INF] HTTP GET /angular/chunk-Z46JLXGG.js responded 304 in 0.8754 ms
2026-07-25 14:24:17.938 +05:30 [INF] HTTP GET /angular/styles-IRV2JRNT.css responded 304 in 4.5719 ms
2026-07-25 14:24:18.032 +05:30 [INF] HTTP GET /.well-known/appspecific/com.chrome.devtools.json responded 404 in 0.4328 ms
2026-07-25 14:26:07.903 +05:30 [INF] Usage Telemetry: {"id":"044c0000-e56a-1944-f871-08deea29de30","created":"2026-07-25T14:21:07.5499826\u002B05:30","host":{"framework_version":"10.0.10","mass_transit_version":"8.5.10.0","operating_system_version":"Microsoft Windows NT 10.0.26200.0","time_zone_info":"(UTC\u002B05:30) Chennai, Kolkata, Mumbai, New Delhi","commit_hash":"62ab339afa3bac2e9b3fe1769d0d35d7e44778e9"},"bus":[{"created":"2026-07-25T14:21:07.5511688\u002B05:30","configured":"2026-07-25T14:21:07.6652212\u002B05:30","started":"2026-07-25T14:21:07.8606961\u002B05:30","name":"IBus","endpoints":[{"name":"appointment.events.queue","type":"RabbitMQ","prefetch_count":16,"consumer_count":1,"message_count":1},{"name":"_bus_","type":"RabbitMQ","prefetch_count":16}]}]}
2026-07-25 14:35:24.231 +05:30 [INF] HTTP POST /api/auth/login responded 200 in 527.1668 ms
2026-07-25 14:35:24.247 +05:30 [INF] HTTP GET /angular/chunk-GUNBVS2N.js responded 200 in 5.5341 ms
2026-07-25 14:35:24.253 +05:30 [INF] HTTP GET /angular/chunk-4U7NVZA5.js responded 200 in 2.1038 ms
2026-07-25 14:35:24.254 +05:30 [INF] HTTP GET /angular/chunk-UD45J2JE.js responded 200 in 2.8141 ms
2026-07-25 14:35:24.500 +05:30 [INF] HTTP GET /api/records/my-records responded 200 in 226.8862 ms
2026-07-25 14:35:24.740 +05:30 [INF] Appointments fetched by patient. PatientId: 15, Count: 5
2026-07-25 14:35:24.756 +05:30 [INF] HTTP GET /api/appointments/patient/upcoming responded 200 in 480.1728 ms
2026-07-25 14:35:31.276 +05:30 [INF] HTTP GET /angular/chunk-ZJCWQ27L.js responded 200 in 2.9265 ms
2026-07-25 14:35:31.340 +05:30 [INF] HTTP GET /api/patients/profile responded 200 in 52.9663 ms
2026-07-25 14:35:32.704 +05:30 [INF] HTTP GET /angular/chunk-M2Q3GF4C.js responded 200 in 2.0287 ms
2026-07-25 14:35:32.711 +05:30 [INF] HTTP GET /angular/chunk-CVQPM2R7.js responded 200 in 1.6706 ms
2026-07-25 14:35:34.239 +05:30 [INF] HTTP GET /angular/chunk-7BY2KJ25.js responded 200 in 2.1381 ms
2026-07-25 14:35:34.270 +05:30 [INF] Appointments fetched by patient. PatientId: 15, Count: 5
2026-07-25 14:35:34.274 +05:30 [INF] HTTP GET /api/appointments/patient/upcoming responded 200 in 17.1396 ms
2026-07-25 14:35:35.391 +05:30 [INF] HTTP GET /angular/chunk-HVUTMVFT.js responded 200 in 2.5388 ms
2026-07-25 14:35:35.400 +05:30 [INF] HTTP GET /angular/chunk-6HEYECZY.js responded 200 in 2.6060 ms
2026-07-25 14:35:35.435 +05:30 [INF] HTTP GET /api/records/my-records responded 200 in 9.0094 ms
2026-07-25 14:35:59.431 +05:30 [INF] HTTP POST /api/auth/login responded 200 in 115.3597 ms
2026-07-25 14:35:59.461 +05:30 [INF] HTTP GET /blazor/auth-callback responded 200 in 2.2514 ms
2026-07-25 14:35:59.510 +05:30 [INF] HTTP GET /blazor/HealthCare.Admin.styles.css responded 304 in 1.5178 ms
2026-07-25 14:35:59.510 +05:30 [INF] HTTP GET /blazor/_framework/dotnet.n2dqok604b.js responded 304 in 1.9117 ms
2026-07-25 14:35:59.700 +05:30 [INF] HTTP GET /.well-known/appspecific/com.chrome.devtools.json responded 404 in 1.4288 ms
2026-07-25 14:35:59.786 +05:30 [INF] HTTP GET /blazor/_framework/dotnet.runtime.js.map responded 404 in 0.7003 ms
2026-07-25 15:01:20.404 +05:30 [INF] Application is shutting down...
2026-07-25 15:01:20.474 +05:30 [INF] Bus stopped: "rabbitmq://localhost/"
2026-07-25 15:14:32.607 +05:30 [INF] Configured endpoint appointment.events.queue, Consumer: HealthCare.Api.Messaging.AppointmentBookedConsumer
2026-07-25 15:14:32.801 +05:30 [INF] Now listening on: http://localhost:5225
2026-07-25 15:14:32.805 +05:30 [INF] Application started. Press Ctrl+C to shut down.
2026-07-25 15:14:32.806 +05:30 [INF] Hosting environment: Development
2026-07-25 15:14:32.808 +05:30 [INF] Content root path: C:\Users\310508\source\repos\UST-Live-01\HealthCare\HealthCare.Api
2026-07-25 15:14:32.923 +05:30 [INF] Bus started: "rabbitmq://localhost/"
2026-07-25 15:14:58.541 +05:30 [WRN] Failed to determine the https port for redirect.
2026-07-25 15:14:58.615 +05:30 [INF] HTTP GET /angular responded 200 in 121.1408 ms
2026-07-25 15:14:58.665 +05:30 [INF] HTTP GET /angular/chunk-Z46JLXGG.js responded 304 in 33.0342 ms
2026-07-25 15:14:58.665 +05:30 [INF] HTTP GET /angular/chunk-FGZ52TTH.js responded 304 in 32.0825 ms
2026-07-25 15:14:58.666 +05:30 [INF] HTTP GET /angular/styles-IRV2JRNT.css responded 304 in 31.3498 ms
2026-07-25 15:14:58.666 +05:30 [INF] HTTP GET /angular/main-KIR3DSZ4.js responded 304 in 32.5009 ms
2026-07-25 15:14:58.846 +05:30 [INF] HTTP GET /angular/media/bootstrap-icons-CVBWLLHT.woff2 responded 304 in 12.6621 ms
2026-07-25 15:15:34.496 +05:30 [WRN] You do not have a valid license key for the Lucky Penny software AutoMapper. This is allowed for development and testing scenarios. If you are running in production you are required to have a licensed version. Please visit https://luckypennysoftware.com to obtain a valid license.
2026-07-25 15:15:35.193 +05:30 [INF] HTTP POST /api/auth/login responded 200 in 961.2307 ms
2026-07-25 15:15:35.230 +05:30 [INF] HTTP GET /blazor/auth-callback responded 200 in 6.9601 ms
2026-07-25 15:15:35.278 +05:30 [INF] HTTP GET /blazor/HealthCare.Admin.styles.css responded 200 in 19.4634 ms
2026-07-25 15:15:35.288 +05:30 [INF] HTTP GET /blazor/_framework/dotnet.ebrn25ggnq.js responded 200 in 27.0896 ms
2026-07-25 15:15:35.330 +05:30 [INF] HTTP GET /blazor/_framework/HealthCare.Shared.uxiadx2nwn.wasm responded 200 in 4.5872 ms
2026-07-25 15:15:35.338 +05:30 [INF] HTTP GET /blazor/_framework/Microsoft.AspNetCore.Components.Web.vxt1heu6ww.wasm responded 200 in 12.8566 ms
2026-07-25 15:15:35.339 +05:30 [INF] HTTP GET /blazor/_framework/Microsoft.AspNetCore.Components.WebAssembly.l6ypij2f82.wasm responded 200 in 12.5784 ms
2026-07-25 15:15:35.340 +05:30 [INF] HTTP GET /blazor/_framework/HealthCare.Admin.4zvjzh48w5.wasm responded 200 in 14.6389 ms
2026-07-25 15:15:35.397 +05:30 [INF] HTTP GET /blazor/_framework/Microsoft.AspNetCore.Components.kj7ckc9aem.wasm responded 200 in 62.9187 ms
2026-07-25 15:15:35.477 +05:30 [INF] HTTP GET /blazor/_framework/System.Private.CoreLib.mv3gar5dv5.wasm responded 200 in 152.1229 ms
2026-07-25 15:15:46.510 +05:30 [INF] HTTP GET /.well-known/appspecific/com.chrome.devtools.json responded 404 in 0.6426 ms
2026-07-25 15:15:46.718 +05:30 [INF] HTTP GET /blazor/_framework/dotnet.runtime.js.map responded 404 in 0.6435 ms
2026-07-25 15:19:32.969 +05:30 [INF] Usage Telemetry: {"id":"205d0000-e56a-1944-bc85-08deea315488","created":"2026-07-25T15:14:32.5734292\u002B05:30","host":{"framework_version":"10.0.10","mass_transit_version":"8.5.10.0","operating_system_version":"Microsoft Windows NT 10.0.26200.0","time_zone_info":"(UTC\u002B05:30) Chennai, Kolkata, Mumbai, New Delhi","commit_hash":"62ab339afa3bac2e9b3fe1769d0d35d7e44778e9"},"bus":[{"created":"2026-07-25T15:14:32.5746174\u002B05:30","configured":"2026-07-25T15:14:32.6994415\u002B05:30","started":"2026-07-25T15:14:32.9216926\u002B05:30","name":"IBus","endpoints":[{"name":"appointment.events.queue","type":"RabbitMQ","prefetch_count":16,"consumer_count":1,"message_count":1},{"name":"_bus_","type":"RabbitMQ","prefetch_count":16}]}]}
2026-07-25 15:38:58.365 +05:30 [INF] Application is shutting down...
2026-07-25 15:38:58.426 +05:30 [INF] Bus stopped: "rabbitmq://localhost/"
2026-07-25 15:43:34.576 +05:30 [INF] Configured endpoint appointment.events.queue, Consumer: HealthCare.Api.Messaging.AppointmentBookedConsumer
2026-07-25 15:43:34.744 +05:30 [INF] Now listening on: http://localhost:5225
2026-07-25 15:43:34.747 +05:30 [INF] Application started. Press Ctrl+C to shut down.
2026-07-25 15:43:34.748 +05:30 [INF] Hosting environment: Development
2026-07-25 15:43:34.751 +05:30 [INF] Content root path: C:\Users\310508\source\repos\UST-Live-01\HealthCare\HealthCare.Api
2026-07-25 15:43:34.871 +05:30 [INF] Bus started: "rabbitmq://localhost/"
2026-07-25 15:43:47.180 +05:30 [WRN] Failed to determine the https port for redirect.
2026-07-25 15:43:47.251 +05:30 [INF] HTTP GET /angular responded 200 in 108.2959 ms
2026-07-25 15:43:47.282 +05:30 [INF] HTTP GET /angular/chunk-FGZ52TTH.js responded 304 in 16.1132 ms
2026-07-25 15:43:47.282 +05:30 [INF] HTTP GET /angular/main-KIR3DSZ4.js responded 304 in 16.1130 ms
2026-07-25 15:43:47.282 +05:30 [INF] HTTP GET /angular/styles-IRV2JRNT.css responded 304 in 13.5393 ms
2026-07-25 15:43:47.283 +05:30 [INF] HTTP GET /angular/chunk-Z46JLXGG.js responded 304 in 16.5577 ms
2026-07-25 15:43:47.392 +05:30 [INF] HTTP GET /angular/media/bootstrap-icons-CVBWLLHT.woff2 responded 304 in 1.4925 ms
2026-07-25 15:43:53.493 +05:30 [WRN] You do not have a valid license key for the Lucky Penny software AutoMapper. This is allowed for development and testing scenarios. If you are running in production you are required to have a licensed version. Please visit https://luckypennysoftware.com to obtain a valid license.
2026-07-25 15:43:54.264 +05:30 [INF] HTTP POST /api/auth/login responded 200 in 1051.9134 ms
2026-07-25 15:43:54.303 +05:30 [INF] HTTP GET /blazor/auth-callback responded 200 in 11.6897 ms
2026-07-25 15:43:54.322 +05:30 [INF] HTTP GET /blazor/HealthCare.Admin.styles.css responded 304 in 1.1742 ms
2026-07-25 15:43:54.322 +05:30 [INF] HTTP GET /blazor/_framework/dotnet.ebrn25ggnq.js responded 304 in 1.2678 ms
2026-07-25 15:45:18.538 +05:30 [INF] Application is shutting down...
2026-07-25 15:45:18.605 +05:30 [INF] Bus stopped: "rabbitmq://localhost/"
2026-07-25 15:54:45.727 +05:30 [INF] Configured endpoint appointment.events.queue, Consumer: HealthCare.Api.Messaging.AppointmentBookedConsumer
2026-07-25 15:54:45.891 +05:30 [INF] Now listening on: http://localhost:5225
2026-07-25 15:54:45.894 +05:30 [INF] Application started. Press Ctrl+C to shut down.
2026-07-25 15:54:45.895 +05:30 [INF] Hosting environment: Development
2026-07-25 15:54:45.897 +05:30 [INF] Content root path: C:\Users\310508\source\repos\UST-Live-01\HealthCare\HealthCare.Api
2026-07-25 15:54:46.009 +05:30 [INF] Bus started: "rabbitmq://localhost/"
2026-07-25 15:55:03.629 +05:30 [WRN] Failed to determine the https port for redirect.
2026-07-25 15:55:03.690 +05:30 [ERR] Exception occurred while processing GET /blazor/
Microsoft.AspNetCore.Routing.Matching.AmbiguousMatchException: The request matched multiple endpoints. Matches: 

HTTP: GET /blazor
HTTP: GET /blazor/
HTTP: GET /blazor/{*path:nonfile}
   at Microsoft.AspNetCore.Routing.Matching.DefaultEndpointSelector.ReportAmbiguity(Span`1 candidateState)
   at Microsoft.AspNetCore.Routing.Matching.DefaultEndpointSelector.ProcessFinalCandidates(HttpContext httpContext, Span`1 candidateState)
   at Microsoft.AspNetCore.Routing.Matching.DefaultEndpointSelector.Select(HttpContext httpContext, Span`1 candidateState)
   at Microsoft.AspNetCore.Routing.Matching.DfaMatcher.MatchAsync(HttpContext httpContext)
   at Microsoft.AspNetCore.Routing.EndpointRoutingMiddleware.Invoke(HttpContext httpContext)
   at Microsoft.AspNetCore.StaticFiles.StaticFileMiddleware.Invoke(HttpContext context)
   at Microsoft.AspNetCore.HttpsPolicy.HttpsRedirectionMiddleware.Invoke(HttpContext context)
   at Swashbuckle.AspNetCore.SwaggerUI.SwaggerUIMiddleware.Invoke(HttpContext httpContext)
   at Swashbuckle.AspNetCore.Swagger.SwaggerMiddleware.Invoke(HttpContext httpContext, ISwaggerProvider swaggerProvider)
   at Microsoft.AspNetCore.Diagnostics.ExceptionHandlerMiddlewareImpl.<Invoke>g__Awaited|10_0(ExceptionHandlerMiddlewareImpl middleware, HttpContext context, Task task)
2026-07-25 15:55:03.883 +05:30 [ERR] HTTP GET /blazor/ responded 500 in 290.1987 ms
2026-07-25 15:55:03.995 +05:30 [INF] HTTP GET /favicon.ico responded 404 in 47.4936 ms
2026-07-25 15:59:46.053 +05:30 [INF] Usage Telemetry: {"id":"181c0000-e56a-1944-7373-08deea36f2de","created":"2026-07-25T15:54:45.6988211\u002B05:30","host":{"framework_version":"10.0.10","mass_transit_version":"8.5.10.0","operating_system_version":"Microsoft Windows NT 10.0.26200.0","time_zone_info":"(UTC\u002B05:30) Chennai, Kolkata, Mumbai, New Delhi","commit_hash":"62ab339afa3bac2e9b3fe1769d0d35d7e44778e9"},"bus":[{"created":"2026-07-25T15:54:45.7000058\u002B05:30","configured":"2026-07-25T15:54:45.8126770\u002B05:30","started":"2026-07-25T15:54:46.0075141\u002B05:30","name":"IBus","endpoints":[{"name":"appointment.events.queue","type":"RabbitMQ","prefetch_count":16,"consumer_count":1,"message_count":1},{"name":"_bus_","type":"RabbitMQ","prefetch_count":16}]}]}
2026-07-25 15:59:56.599 +05:30 [INF] Application is shutting down...
2026-07-25 15:59:56.659 +05:30 [INF] Bus stopped: "rabbitmq://localhost/"
2026-07-25 16:08:15.189 +05:30 [INF] Configured endpoint appointment.events.queue, Consumer: HealthCare.Api.Messaging.AppointmentBookedConsumer
2026-07-25 16:08:15.407 +05:30 [INF] Now listening on: http://localhost:5225
2026-07-25 16:08:15.410 +05:30 [INF] Application started. Press Ctrl+C to shut down.
2026-07-25 16:08:15.412 +05:30 [INF] Hosting environment: Development
2026-07-25 16:08:15.414 +05:30 [INF] Content root path: C:\Users\310508\source\repos\UST-Live-01\HealthCare\HealthCare.Api
2026-07-25 16:08:15.520 +05:30 [INF] Bus started: "rabbitmq://localhost/"
2026-07-25 16:08:25.234 +05:30 [WRN] Failed to determine the https port for redirect.
2026-07-25 16:08:25.268 +05:30 [ERR] Exception occurred while processing GET /blazor/
Microsoft.AspNetCore.Routing.Matching.AmbiguousMatchException: The request matched multiple endpoints. Matches: 

HTTP: GET /blazor
HTTP: GET /blazor/
HTTP: GET /blazor/{*path:nonfile}
   at Microsoft.AspNetCore.Routing.Matching.DefaultEndpointSelector.ReportAmbiguity(Span`1 candidateState)
   at Microsoft.AspNetCore.Routing.Matching.DefaultEndpointSelector.ProcessFinalCandidates(HttpContext httpContext, Span`1 candidateState)
   at Microsoft.AspNetCore.Routing.Matching.DefaultEndpointSelector.Select(HttpContext httpContext, Span`1 candidateState)
   at Microsoft.AspNetCore.Routing.Matching.DfaMatcher.MatchAsync(HttpContext httpContext)
   at Microsoft.AspNetCore.Routing.EndpointRoutingMiddleware.Invoke(HttpContext httpContext)
   at Microsoft.AspNetCore.StaticFiles.StaticFileMiddleware.Invoke(HttpContext context)
   at Microsoft.AspNetCore.HttpsPolicy.HttpsRedirectionMiddleware.Invoke(HttpContext context)
   at Swashbuckle.AspNetCore.SwaggerUI.SwaggerUIMiddleware.Invoke(HttpContext httpContext)
   at Swashbuckle.AspNetCore.Swagger.SwaggerMiddleware.Invoke(HttpContext httpContext, ISwaggerProvider swaggerProvider)
   at Microsoft.AspNetCore.Diagnostics.ExceptionHandlerMiddlewareImpl.<Invoke>g__Awaited|10_0(ExceptionHandlerMiddlewareImpl middleware, HttpContext context, Task task)
2026-07-25 16:08:25.320 +05:30 [ERR] HTTP GET /blazor/ responded 500 in 125.4290 ms
2026-07-25 16:08:32.967 +05:30 [ERR] Exception occurred while processing GET /angular
Microsoft.AspNetCore.Routing.Matching.AmbiguousMatchException: The request matched multiple endpoints. Matches: 

HTTP: GET /angular
HTTP: GET /angular/
HTTP: GET /angular/{*path:nonfile}
   at Microsoft.AspNetCore.Routing.Matching.DefaultEndpointSelector.ReportAmbiguity(Span`1 candidateState)
   at Microsoft.AspNetCore.Routing.Matching.DefaultEndpointSelector.ProcessFinalCandidates(HttpContext httpContext, Span`1 candidateState)
   at Microsoft.AspNetCore.Routing.Matching.DefaultEndpointSelector.Select(HttpContext httpContext, Span`1 candidateState)
   at Microsoft.AspNetCore.Routing.Matching.DfaMatcher.MatchAsync(HttpContext httpContext)
   at Microsoft.AspNetCore.Routing.EndpointRoutingMiddleware.Invoke(HttpContext httpContext)
   at Microsoft.AspNetCore.StaticFiles.StaticFileMiddleware.Invoke(HttpContext context)
   at Microsoft.AspNetCore.HttpsPolicy.HttpsRedirectionMiddleware.Invoke(HttpContext context)
   at Swashbuckle.AspNetCore.SwaggerUI.SwaggerUIMiddleware.Invoke(HttpContext httpContext)
   at Swashbuckle.AspNetCore.Swagger.SwaggerMiddleware.Invoke(HttpContext httpContext, ISwaggerProvider swaggerProvider)
   at Microsoft.AspNetCore.Diagnostics.ExceptionHandlerMiddlewareImpl.<Invoke>g__Awaited|10_0(ExceptionHandlerMiddlewareImpl middleware, HttpContext context, Task task)
2026-07-25 16:08:32.978 +05:30 [ERR] HTTP GET /angular responded 500 in 15.2298 ms
2026-07-25 16:08:35.604 +05:30 [ERR] Exception occurred while processing GET /angular
Microsoft.AspNetCore.Routing.Matching.AmbiguousMatchException: The request matched multiple endpoints. Matches: 

HTTP: GET /angular
HTTP: GET /angular/
HTTP: GET /angular/{*path:nonfile}
   at Microsoft.AspNetCore.Routing.Matching.DefaultEndpointSelector.ReportAmbiguity(Span`1 candidateState)
   at Microsoft.AspNetCore.Routing.Matching.DefaultEndpointSelector.ProcessFinalCandidates(HttpContext httpContext, Span`1 candidateState)
   at Microsoft.AspNetCore.Routing.Matching.DefaultEndpointSelector.Select(HttpContext httpContext, Span`1 candidateState)
   at Microsoft.AspNetCore.Routing.Matching.DfaMatcher.MatchAsync(HttpContext httpContext)
   at Microsoft.AspNetCore.Routing.EndpointRoutingMiddleware.Invoke(HttpContext httpContext)
   at Microsoft.AspNetCore.StaticFiles.StaticFileMiddleware.Invoke(HttpContext context)
   at Microsoft.AspNetCore.HttpsPolicy.HttpsRedirectionMiddleware.Invoke(HttpContext context)
   at Swashbuckle.AspNetCore.SwaggerUI.SwaggerUIMiddleware.Invoke(HttpContext httpContext)
   at Swashbuckle.AspNetCore.Swagger.SwaggerMiddleware.Invoke(HttpContext httpContext, ISwaggerProvider swaggerProvider)
   at Microsoft.AspNetCore.Diagnostics.ExceptionHandlerMiddlewareImpl.<Invoke>g__Awaited|10_0(ExceptionHandlerMiddlewareImpl middleware, HttpContext context, Task task)
2026-07-25 16:08:35.616 +05:30 [ERR] HTTP GET /angular responded 500 in 13.4823 ms
2026-07-25 16:08:36.491 +05:30 [ERR] Exception occurred while processing GET /angular
Microsoft.AspNetCore.Routing.Matching.AmbiguousMatchException: The request matched multiple endpoints. Matches: 

HTTP: GET /angular
HTTP: GET /angular/
HTTP: GET /angular/{*path:nonfile}
   at Microsoft.AspNetCore.Routing.Matching.DefaultEndpointSelector.ReportAmbiguity(Span`1 candidateState)
   at Microsoft.AspNetCore.Routing.Matching.DefaultEndpointSelector.ProcessFinalCandidates(HttpContext httpContext, Span`1 candidateState)
   at Microsoft.AspNetCore.Routing.Matching.DefaultEndpointSelector.Select(HttpContext httpContext, Span`1 candidateState)
   at Microsoft.AspNetCore.Routing.Matching.DfaMatcher.MatchAsync(HttpContext httpContext)
   at Microsoft.AspNetCore.Routing.EndpointRoutingMiddleware.Invoke(HttpContext httpContext)
   at Microsoft.AspNetCore.StaticFiles.StaticFileMiddleware.Invoke(HttpContext context)
   at Microsoft.AspNetCore.HttpsPolicy.HttpsRedirectionMiddleware.Invoke(HttpContext context)
   at Swashbuckle.AspNetCore.SwaggerUI.SwaggerUIMiddleware.Invoke(HttpContext httpContext)
   at Swashbuckle.AspNetCore.Swagger.SwaggerMiddleware.Invoke(HttpContext httpContext, ISwaggerProvider swaggerProvider)
   at Microsoft.AspNetCore.Diagnostics.ExceptionHandlerMiddlewareImpl.<Invoke>g__Awaited|10_0(ExceptionHandlerMiddlewareImpl middleware, HttpContext context, Task task)
2026-07-25 16:08:36.501 +05:30 [ERR] HTTP GET /angular responded 500 in 10.4999 ms
2026-07-25 16:08:51.098 +05:30 [ERR] Exception occurred while processing GET /angular
Microsoft.AspNetCore.Routing.Matching.AmbiguousMatchException: The request matched multiple endpoints. Matches: 

HTTP: GET /angular
HTTP: GET /angular/
HTTP: GET /angular/{*path:nonfile}
   at Microsoft.AspNetCore.Routing.Matching.DefaultEndpointSelector.ReportAmbiguity(Span`1 candidateState)
   at Microsoft.AspNetCore.Routing.Matching.DefaultEndpointSelector.ProcessFinalCandidates(HttpContext httpContext, Span`1 candidateState)
   at Microsoft.AspNetCore.Routing.Matching.DefaultEndpointSelector.Select(HttpContext httpContext, Span`1 candidateState)
   at Microsoft.AspNetCore.Routing.Matching.DfaMatcher.MatchAsync(HttpContext httpContext)
   at Microsoft.AspNetCore.Routing.EndpointRoutingMiddleware.Invoke(HttpContext httpContext)
   at Microsoft.AspNetCore.StaticFiles.StaticFileMiddleware.Invoke(HttpContext context)
   at Microsoft.AspNetCore.HttpsPolicy.HttpsRedirectionMiddleware.Invoke(HttpContext context)
   at Swashbuckle.AspNetCore.SwaggerUI.SwaggerUIMiddleware.Invoke(HttpContext httpContext)
   at Swashbuckle.AspNetCore.Swagger.SwaggerMiddleware.Invoke(HttpContext httpContext, ISwaggerProvider swaggerProvider)
   at Microsoft.AspNetCore.Diagnostics.ExceptionHandlerMiddlewareImpl.<Invoke>g__Awaited|10_0(ExceptionHandlerMiddlewareImpl middleware, HttpContext context, Task task)
2026-07-25 16:08:51.195 +05:30 [ERR] HTTP GET /angular responded 500 in 97.5540 ms
2026-07-25 16:10:34.709 +05:30 [INF] Application is shutting down...
2026-07-25 16:10:34.773 +05:30 [INF] Bus stopped: "rabbitmq://localhost/"
2026-07-25 16:10:44.662 +05:30 [INF] Configured endpoint appointment.events.queue, Consumer: HealthCare.Api.Messaging.AppointmentBookedConsumer
2026-07-25 16:10:44.857 +05:30 [INF] Now listening on: http://localhost:5225
2026-07-25 16:10:44.860 +05:30 [INF] Application started. Press Ctrl+C to shut down.
2026-07-25 16:10:44.861 +05:30 [INF] Hosting environment: Development
2026-07-25 16:10:44.863 +05:30 [INF] Content root path: C:\Users\310508\source\repos\UST-Live-01\HealthCare\HealthCare.Api
2026-07-25 16:10:44.967 +05:30 [INF] Bus started: "rabbitmq://localhost/"
2026-07-25 16:10:48.263 +05:30 [WRN] Failed to determine the https port for redirect.
2026-07-25 16:10:48.306 +05:30 [ERR] Exception occurred while processing GET /angular
Microsoft.AspNetCore.Routing.Matching.AmbiguousMatchException: The request matched multiple endpoints. Matches: 

HTTP: GET /angular
HTTP: GET /angular/
HTTP: GET /angular/{*path:nonfile}
   at Microsoft.AspNetCore.Routing.Matching.DefaultEndpointSelector.ReportAmbiguity(Span`1 candidateState)
   at Microsoft.AspNetCore.Routing.Matching.DefaultEndpointSelector.ProcessFinalCandidates(HttpContext httpContext, Span`1 candidateState)
   at Microsoft.AspNetCore.Routing.Matching.DefaultEndpointSelector.Select(HttpContext httpContext, Span`1 candidateState)
   at Microsoft.AspNetCore.Routing.Matching.DfaMatcher.MatchAsync(HttpContext httpContext)
   at Microsoft.AspNetCore.Routing.EndpointRoutingMiddleware.Invoke(HttpContext httpContext)
   at Microsoft.AspNetCore.StaticFiles.StaticFileMiddleware.Invoke(HttpContext context)
   at Microsoft.AspNetCore.HttpsPolicy.HttpsRedirectionMiddleware.Invoke(HttpContext context)
   at Swashbuckle.AspNetCore.SwaggerUI.SwaggerUIMiddleware.Invoke(HttpContext httpContext)
   at Swashbuckle.AspNetCore.Swagger.SwaggerMiddleware.Invoke(HttpContext httpContext, ISwaggerProvider swaggerProvider)
   at Microsoft.AspNetCore.Diagnostics.ExceptionHandlerMiddlewareImpl.<Invoke>g__Awaited|10_0(ExceptionHandlerMiddlewareImpl middleware, HttpContext context, Task task)
2026-07-25 16:10:48.356 +05:30 [ERR] HTTP GET /angular responded 500 in 118.3245 ms
2026-07-25 16:10:49.171 +05:30 [ERR] Exception occurred while processing GET /angular
Microsoft.AspNetCore.Routing.Matching.AmbiguousMatchException: The request matched multiple endpoints. Matches: 

HTTP: GET /angular
HTTP: GET /angular/
HTTP: GET /angular/{*path:nonfile}
   at Microsoft.AspNetCore.Routing.Matching.DefaultEndpointSelector.ReportAmbiguity(Span`1 candidateState)
   at Microsoft.AspNetCore.Routing.Matching.DefaultEndpointSelector.ProcessFinalCandidates(HttpContext httpContext, Span`1 candidateState)
   at Microsoft.AspNetCore.Routing.Matching.DefaultEndpointSelector.Select(HttpContext httpContext, Span`1 candidateState)
   at Microsoft.AspNetCore.Routing.Matching.DfaMatcher.MatchAsync(HttpContext httpContext)
   at Microsoft.AspNetCore.Routing.EndpointRoutingMiddleware.Invoke(HttpContext httpContext)
   at Microsoft.AspNetCore.StaticFiles.StaticFileMiddleware.Invoke(HttpContext context)
   at Microsoft.AspNetCore.HttpsPolicy.HttpsRedirectionMiddleware.Invoke(HttpContext context)
   at Swashbuckle.AspNetCore.SwaggerUI.SwaggerUIMiddleware.Invoke(HttpContext httpContext)
   at Swashbuckle.AspNetCore.Swagger.SwaggerMiddleware.Invoke(HttpContext httpContext, ISwaggerProvider swaggerProvider)
   at Microsoft.AspNetCore.Diagnostics.ExceptionHandlerMiddlewareImpl.<Invoke>g__Awaited|10_0(ExceptionHandlerMiddlewareImpl middleware, HttpContext context, Task task)
2026-07-25 16:10:49.182 +05:30 [ERR] HTTP GET /angular responded 500 in 14.6066 ms
2026-07-25 16:10:49.686 +05:30 [ERR] Exception occurred while processing GET /angular
Microsoft.AspNetCore.Routing.Matching.AmbiguousMatchException: The request matched multiple endpoints. Matches: 

HTTP: GET /angular
HTTP: GET /angular/
HTTP: GET /angular/{*path:nonfile}
   at Microsoft.AspNetCore.Routing.Matching.DefaultEndpointSelector.ReportAmbiguity(Span`1 candidateState)
   at Microsoft.AspNetCore.Routing.Matching.DefaultEndpointSelector.ProcessFinalCandidates(HttpContext httpContext, Span`1 candidateState)
   at Microsoft.AspNetCore.Routing.Matching.DefaultEndpointSelector.Select(HttpContext httpContext, Span`1 candidateState)
   at Microsoft.AspNetCore.Routing.Matching.DfaMatcher.MatchAsync(HttpContext httpContext)
   at Microsoft.AspNetCore.Routing.EndpointRoutingMiddleware.Invoke(HttpContext httpContext)
   at Microsoft.AspNetCore.StaticFiles.StaticFileMiddleware.Invoke(HttpContext context)
   at Microsoft.AspNetCore.HttpsPolicy.HttpsRedirectionMiddleware.Invoke(HttpContext context)
   at Swashbuckle.AspNetCore.SwaggerUI.SwaggerUIMiddleware.Invoke(HttpContext httpContext)
   at Swashbuckle.AspNetCore.Swagger.SwaggerMiddleware.Invoke(HttpContext httpContext, ISwaggerProvider swaggerProvider)
   at Microsoft.AspNetCore.Diagnostics.ExceptionHandlerMiddlewareImpl.<Invoke>g__Awaited|10_0(ExceptionHandlerMiddlewareImpl middleware, HttpContext context, Task task)
2026-07-25 16:10:49.698 +05:30 [ERR] HTTP GET /angular responded 500 in 13.3366 ms
2026-07-25 16:10:49.831 +05:30 [ERR] Exception occurred while processing GET /angular
Microsoft.AspNetCore.Routing.Matching.AmbiguousMatchException: The request matched multiple endpoints. Matches: 

HTTP: GET /angular
HTTP: GET /angular/
HTTP: GET /angular/{*path:nonfile}
   at Microsoft.AspNetCore.Routing.Matching.DefaultEndpointSelector.ReportAmbiguity(Span`1 candidateState)
   at Microsoft.AspNetCore.Routing.Matching.DefaultEndpointSelector.ProcessFinalCandidates(HttpContext httpContext, Span`1 candidateState)
   at Microsoft.AspNetCore.Routing.Matching.DefaultEndpointSelector.Select(HttpContext httpContext, Span`1 candidateState)
   at Microsoft.AspNetCore.Routing.Matching.DfaMatcher.MatchAsync(HttpContext httpContext)
   at Microsoft.AspNetCore.Routing.EndpointRoutingMiddleware.Invoke(HttpContext httpContext)
   at Microsoft.AspNetCore.StaticFiles.StaticFileMiddleware.Invoke(HttpContext context)
   at Microsoft.AspNetCore.HttpsPolicy.HttpsRedirectionMiddleware.Invoke(HttpContext context)
   at Swashbuckle.AspNetCore.SwaggerUI.SwaggerUIMiddleware.Invoke(HttpContext httpContext)
   at Swashbuckle.AspNetCore.Swagger.SwaggerMiddleware.Invoke(HttpContext httpContext, ISwaggerProvider swaggerProvider)
   at Microsoft.AspNetCore.Diagnostics.ExceptionHandlerMiddlewareImpl.<Invoke>g__Awaited|10_0(ExceptionHandlerMiddlewareImpl middleware, HttpContext context, Task task)
2026-07-25 16:10:49.840 +05:30 [ERR] HTTP GET /angular responded 500 in 9.6026 ms
2026-07-25 16:10:49.979 +05:30 [ERR] Exception occurred while processing GET /angular
Microsoft.AspNetCore.Routing.Matching.AmbiguousMatchException: The request matched multiple endpoints. Matches: 

HTTP: GET /angular
HTTP: GET /angular/
HTTP: GET /angular/{*path:nonfile}
   at Microsoft.AspNetCore.Routing.Matching.DefaultEndpointSelector.ReportAmbiguity(Span`1 candidateState)
   at Microsoft.AspNetCore.Routing.Matching.DefaultEndpointSelector.ProcessFinalCandidates(HttpContext httpContext, Span`1 candidateState)
   at Microsoft.AspNetCore.Routing.Matching.DefaultEndpointSelector.Select(HttpContext httpContext, Span`1 candidateState)
   at Microsoft.AspNetCore.Routing.Matching.DfaMatcher.MatchAsync(HttpContext httpContext)
   at Microsoft.AspNetCore.Routing.EndpointRoutingMiddleware.Invoke(HttpContext httpContext)
   at Microsoft.AspNetCore.StaticFiles.StaticFileMiddleware.Invoke(HttpContext context)
   at Microsoft.AspNetCore.HttpsPolicy.HttpsRedirectionMiddleware.Invoke(HttpContext context)
   at Swashbuckle.AspNetCore.SwaggerUI.SwaggerUIMiddleware.Invoke(HttpContext httpContext)
   at Swashbuckle.AspNetCore.Swagger.SwaggerMiddleware.Invoke(HttpContext httpContext, ISwaggerProvider swaggerProvider)
   at Microsoft.AspNetCore.Diagnostics.ExceptionHandlerMiddlewareImpl.<Invoke>g__Awaited|10_0(ExceptionHandlerMiddlewareImpl middleware, HttpContext context, Task task)
2026-07-25 16:10:49.987 +05:30 [ERR] HTTP GET /angular responded 500 in 8.6989 ms
2026-07-25 16:10:50.128 +05:30 [ERR] Exception occurred while processing GET /angular
Microsoft.AspNetCore.Routing.Matching.AmbiguousMatchException: The request matched multiple endpoints. Matches: 

HTTP: GET /angular
HTTP: GET /angular/
HTTP: GET /angular/{*path:nonfile}
   at Microsoft.AspNetCore.Routing.Matching.DefaultEndpointSelector.ReportAmbiguity(Span`1 candidateState)
   at Microsoft.AspNetCore.Routing.Matching.DefaultEndpointSelector.ProcessFinalCandidates(HttpContext httpContext, Span`1 candidateState)
   at Microsoft.AspNetCore.Routing.Matching.DefaultEndpointSelector.Select(HttpContext httpContext, Span`1 candidateState)
   at Microsoft.AspNetCore.Routing.Matching.DfaMatcher.MatchAsync(HttpContext httpContext)
   at Microsoft.AspNetCore.Routing.EndpointRoutingMiddleware.Invoke(HttpContext httpContext)
   at Microsoft.AspNetCore.StaticFiles.StaticFileMiddleware.Invoke(HttpContext context)
   at Microsoft.AspNetCore.HttpsPolicy.HttpsRedirectionMiddleware.Invoke(HttpContext context)
   at Swashbuckle.AspNetCore.SwaggerUI.SwaggerUIMiddleware.Invoke(HttpContext httpContext)
   at Swashbuckle.AspNetCore.Swagger.SwaggerMiddleware.Invoke(HttpContext httpContext, ISwaggerProvider swaggerProvider)
   at Microsoft.AspNetCore.Diagnostics.ExceptionHandlerMiddlewareImpl.<Invoke>g__Awaited|10_0(ExceptionHandlerMiddlewareImpl middleware, HttpContext context, Task task)
2026-07-25 16:10:50.139 +05:30 [ERR] HTTP GET /angular responded 500 in 11.1714 ms
2026-07-25 16:10:50.268 +05:30 [ERR] Exception occurred while processing GET /angular
Microsoft.AspNetCore.Routing.Matching.AmbiguousMatchException: The request matched multiple endpoints. Matches: 

HTTP: GET /angular
HTTP: GET /angular/
HTTP: GET /angular/{*path:nonfile}
   at Microsoft.AspNetCore.Routing.Matching.DefaultEndpointSelector.ReportAmbiguity(Span`1 candidateState)
   at Microsoft.AspNetCore.Routing.Matching.DefaultEndpointSelector.ProcessFinalCandidates(HttpContext httpContext, Span`1 candidateState)
   at Microsoft.AspNetCore.Routing.Matching.DefaultEndpointSelector.Select(HttpContext httpContext, Span`1 candidateState)
   at Microsoft.AspNetCore.Routing.Matching.DfaMatcher.MatchAsync(HttpContext httpContext)
   at Microsoft.AspNetCore.Routing.EndpointRoutingMiddleware.Invoke(HttpContext httpContext)
   at Microsoft.AspNetCore.StaticFiles.StaticFileMiddleware.Invoke(HttpContext context)
   at Microsoft.AspNetCore.HttpsPolicy.HttpsRedirectionMiddleware.Invoke(HttpContext context)
   at Swashbuckle.AspNetCore.SwaggerUI.SwaggerUIMiddleware.Invoke(HttpContext httpContext)
   at Swashbuckle.AspNetCore.Swagger.SwaggerMiddleware.Invoke(HttpContext httpContext, ISwaggerProvider swaggerProvider)
   at Microsoft.AspNetCore.Diagnostics.ExceptionHandlerMiddlewareImpl.<Invoke>g__Awaited|10_0(ExceptionHandlerMiddlewareImpl middleware, HttpContext context, Task task)
2026-07-25 16:10:50.279 +05:30 [ERR] HTTP GET /angular responded 500 in 11.2623 ms
2026-07-25 16:10:50.409 +05:30 [ERR] Exception occurred while processing GET /angular
Microsoft.AspNetCore.Routing.Matching.AmbiguousMatchException: The request matched multiple endpoints. Matches: 

HTTP: GET /angular
HTTP: GET /angular/
HTTP: GET /angular/{*path:nonfile}
   at Microsoft.AspNetCore.Routing.Matching.DefaultEndpointSelector.ReportAmbiguity(Span`1 candidateState)
   at Microsoft.AspNetCore.Routing.Matching.DefaultEndpointSelector.ProcessFinalCandidates(HttpContext httpContext, Span`1 candidateState)
   at Microsoft.AspNetCore.Routing.Matching.DefaultEndpointSelector.Select(HttpContext httpContext, Span`1 candidateState)
   at Microsoft.AspNetCore.Routing.Matching.DfaMatcher.MatchAsync(HttpContext httpContext)
   at Microsoft.AspNetCore.Routing.EndpointRoutingMiddleware.Invoke(HttpContext httpContext)
   at Microsoft.AspNetCore.StaticFiles.StaticFileMiddleware.Invoke(HttpContext context)
   at Microsoft.AspNetCore.HttpsPolicy.HttpsRedirectionMiddleware.Invoke(HttpContext context)
   at Swashbuckle.AspNetCore.SwaggerUI.SwaggerUIMiddleware.Invoke(HttpContext httpContext)
   at Swashbuckle.AspNetCore.Swagger.SwaggerMiddleware.Invoke(HttpContext httpContext, ISwaggerProvider swaggerProvider)
   at Microsoft.AspNetCore.Diagnostics.ExceptionHandlerMiddlewareImpl.<Invoke>g__Awaited|10_0(ExceptionHandlerMiddlewareImpl middleware, HttpContext context, Task task)
2026-07-25 16:10:50.423 +05:30 [ERR] HTTP GET /angular responded 500 in 13.6400 ms
2026-07-25 16:10:50.561 +05:30 [ERR] Exception occurred while processing GET /angular
Microsoft.AspNetCore.Routing.Matching.AmbiguousMatchException: The request matched multiple endpoints. Matches: 

HTTP: GET /angular
HTTP: GET /angular/
HTTP: GET /angular/{*path:nonfile}
   at Microsoft.AspNetCore.Routing.Matching.DefaultEndpointSelector.ReportAmbiguity(Span`1 candidateState)
   at Microsoft.AspNetCore.Routing.Matching.DefaultEndpointSelector.ProcessFinalCandidates(HttpContext httpContext, Span`1 candidateState)
   at Microsoft.AspNetCore.Routing.Matching.DefaultEndpointSelector.Select(HttpContext httpContext, Span`1 candidateState)
   at Microsoft.AspNetCore.Routing.Matching.DfaMatcher.MatchAsync(HttpContext httpContext)
   at Microsoft.AspNetCore.Routing.EndpointRoutingMiddleware.Invoke(HttpContext httpContext)
   at Microsoft.AspNetCore.StaticFiles.StaticFileMiddleware.Invoke(HttpContext context)
   at Microsoft.AspNetCore.HttpsPolicy.HttpsRedirectionMiddleware.Invoke(HttpContext context)
   at Swashbuckle.AspNetCore.SwaggerUI.SwaggerUIMiddleware.Invoke(HttpContext httpContext)
   at Swashbuckle.AspNetCore.Swagger.SwaggerMiddleware.Invoke(HttpContext httpContext, ISwaggerProvider swaggerProvider)
   at Microsoft.AspNetCore.Diagnostics.ExceptionHandlerMiddlewareImpl.<Invoke>g__Awaited|10_0(ExceptionHandlerMiddlewareImpl middleware, HttpContext context, Task task)
2026-07-25 16:10:50.578 +05:30 [ERR] HTTP GET /angular responded 500 in 17.5695 ms
2026-07-25 16:10:50.695 +05:30 [ERR] Exception occurred while processing GET /angular
Microsoft.AspNetCore.Routing.Matching.AmbiguousMatchException: The request matched multiple endpoints. Matches: 

HTTP: GET /angular
HTTP: GET /angular/
HTTP: GET /angular/{*path:nonfile}
   at Microsoft.AspNetCore.Routing.Matching.DefaultEndpointSelector.ReportAmbiguity(Span`1 candidateState)
   at Microsoft.AspNetCore.Routing.Matching.DefaultEndpointSelector.ProcessFinalCandidates(HttpContext httpContext, Span`1 candidateState)
   at Microsoft.AspNetCore.Routing.Matching.DefaultEndpointSelector.Select(HttpContext httpContext, Span`1 candidateState)
   at Microsoft.AspNetCore.Routing.Matching.DfaMatcher.MatchAsync(HttpContext httpContext)
   at Microsoft.AspNetCore.Routing.EndpointRoutingMiddleware.Invoke(HttpContext httpContext)
   at Microsoft.AspNetCore.StaticFiles.StaticFileMiddleware.Invoke(HttpContext context)
   at Microsoft.AspNetCore.HttpsPolicy.HttpsRedirectionMiddleware.Invoke(HttpContext context)
   at Swashbuckle.AspNetCore.SwaggerUI.SwaggerUIMiddleware.Invoke(HttpContext httpContext)
   at Swashbuckle.AspNetCore.Swagger.SwaggerMiddleware.Invoke(HttpContext httpContext, ISwaggerProvider swaggerProvider)
   at Microsoft.AspNetCore.Diagnostics.ExceptionHandlerMiddlewareImpl.<Invoke>g__Awaited|10_0(ExceptionHandlerMiddlewareImpl middleware, HttpContext context, Task task)
2026-07-25 16:10:50.705 +05:30 [ERR] HTTP GET /angular responded 500 in 10.7599 ms
2026-07-25 16:10:50.843 +05:30 [ERR] Exception occurred while processing GET /angular
Microsoft.AspNetCore.Routing.Matching.AmbiguousMatchException: The request matched multiple endpoints. Matches: 

HTTP: GET /angular
HTTP: GET /angular/
HTTP: GET /angular/{*path:nonfile}
   at Microsoft.AspNetCore.Routing.Matching.DefaultEndpointSelector.ReportAmbiguity(Span`1 candidateState)
   at Microsoft.AspNetCore.Routing.Matching.DefaultEndpointSelector.ProcessFinalCandidates(HttpContext httpContext, Span`1 candidateState)
   at Microsoft.AspNetCore.Routing.Matching.DefaultEndpointSelector.Select(HttpContext httpContext, Span`1 candidateState)
   at Microsoft.AspNetCore.Routing.Matching.DfaMatcher.MatchAsync(HttpContext httpContext)
   at Microsoft.AspNetCore.Routing.EndpointRoutingMiddleware.Invoke(HttpContext httpContext)
   at Microsoft.AspNetCore.StaticFiles.StaticFileMiddleware.Invoke(HttpContext context)
   at Microsoft.AspNetCore.HttpsPolicy.HttpsRedirectionMiddleware.Invoke(HttpContext context)
   at Swashbuckle.AspNetCore.SwaggerUI.SwaggerUIMiddleware.Invoke(HttpContext httpContext)
   at Swashbuckle.AspNetCore.Swagger.SwaggerMiddleware.Invoke(HttpContext httpContext, ISwaggerProvider swaggerProvider)
   at Microsoft.AspNetCore.Diagnostics.ExceptionHandlerMiddlewareImpl.<Invoke>g__Awaited|10_0(ExceptionHandlerMiddlewareImpl middleware, HttpContext context, Task task)
2026-07-25 16:10:50.855 +05:30 [ERR] HTTP GET /angular responded 500 in 12.3398 ms
2026-07-25 16:10:50.991 +05:30 [ERR] Exception occurred while processing GET /angular
Microsoft.AspNetCore.Routing.Matching.AmbiguousMatchException: The request matched multiple endpoints. Matches: 

HTTP: GET /angular
HTTP: GET /angular/
HTTP: GET /angular/{*path:nonfile}
   at Microsoft.AspNetCore.Routing.Matching.DefaultEndpointSelector.ReportAmbiguity(Span`1 candidateState)
   at Microsoft.AspNetCore.Routing.Matching.DefaultEndpointSelector.ProcessFinalCandidates(HttpContext httpContext, Span`1 candidateState)
   at Microsoft.AspNetCore.Routing.Matching.DefaultEndpointSelector.Select(HttpContext httpContext, Span`1 candidateState)
   at Microsoft.AspNetCore.Routing.Matching.DfaMatcher.MatchAsync(HttpContext httpContext)
   at Microsoft.AspNetCore.Routing.EndpointRoutingMiddleware.Invoke(HttpContext httpContext)
   at Microsoft.AspNetCore.StaticFiles.StaticFileMiddleware.Invoke(HttpContext context)
   at Microsoft.AspNetCore.HttpsPolicy.HttpsRedirectionMiddleware.Invoke(HttpContext context)
   at Swashbuckle.AspNetCore.SwaggerUI.SwaggerUIMiddleware.Invoke(HttpContext httpContext)
   at Swashbuckle.AspNetCore.Swagger.SwaggerMiddleware.Invoke(HttpContext httpContext, ISwaggerProvider swaggerProvider)
   at Microsoft.AspNetCore.Diagnostics.ExceptionHandlerMiddlewareImpl.<Invoke>g__Awaited|10_0(ExceptionHandlerMiddlewareImpl middleware, HttpContext context, Task task)
2026-07-25 16:10:51.000 +05:30 [ERR] HTTP GET /angular responded 500 in 9.6481 ms
2026-07-25 16:10:51.146 +05:30 [ERR] Exception occurred while processing GET /angular
Microsoft.AspNetCore.Routing.Matching.AmbiguousMatchException: The request matched multiple endpoints. Matches: 

HTTP: GET /angular
HTTP: GET /angular/
HTTP: GET /angular/{*path:nonfile}
   at Microsoft.AspNetCore.Routing.Matching.DefaultEndpointSelector.ReportAmbiguity(Span`1 candidateState)
   at Microsoft.AspNetCore.Routing.Matching.DefaultEndpointSelector.ProcessFinalCandidates(HttpContext httpContext, Span`1 candidateState)
   at Microsoft.AspNetCore.Routing.Matching.DefaultEndpointSelector.Select(HttpContext httpContext, Span`1 candidateState)
   at Microsoft.AspNetCore.Routing.Matching.DfaMatcher.MatchAsync(HttpContext httpContext)
   at Microsoft.AspNetCore.Routing.EndpointRoutingMiddleware.Invoke(HttpContext httpContext)
   at Microsoft.AspNetCore.StaticFiles.StaticFileMiddleware.Invoke(HttpContext context)
   at Microsoft.AspNetCore.HttpsPolicy.HttpsRedirectionMiddleware.Invoke(HttpContext context)
   at Swashbuckle.AspNetCore.SwaggerUI.SwaggerUIMiddleware.Invoke(HttpContext httpContext)
   at Swashbuckle.AspNetCore.Swagger.SwaggerMiddleware.Invoke(HttpContext httpContext, ISwaggerProvider swaggerProvider)
   at Microsoft.AspNetCore.Diagnostics.ExceptionHandlerMiddlewareImpl.<Invoke>g__Awaited|10_0(ExceptionHandlerMiddlewareImpl middleware, HttpContext context, Task task)
2026-07-25 16:10:51.166 +05:30 [ERR] HTTP GET /angular responded 500 in 20.4233 ms
2026-07-25 16:10:51.299 +05:30 [ERR] Exception occurred while processing GET /angular
Microsoft.AspNetCore.Routing.Matching.AmbiguousMatchException: The request matched multiple endpoints. Matches: 

HTTP: GET /angular
HTTP: GET /angular/
HTTP: GET /angular/{*path:nonfile}
   at Microsoft.AspNetCore.Routing.Matching.DefaultEndpointSelector.ReportAmbiguity(Span`1 candidateState)
   at Microsoft.AspNetCore.Routing.Matching.DefaultEndpointSelector.ProcessFinalCandidates(HttpContext httpContext, Span`1 candidateState)
   at Microsoft.AspNetCore.Routing.Matching.DefaultEndpointSelector.Select(HttpContext httpContext, Span`1 candidateState)
   at Microsoft.AspNetCore.Routing.Matching.DfaMatcher.MatchAsync(HttpContext httpContext)
   at Microsoft.AspNetCore.Routing.EndpointRoutingMiddleware.Invoke(HttpContext httpContext)
   at Microsoft.AspNetCore.StaticFiles.StaticFileMiddleware.Invoke(HttpContext context)
   at Microsoft.AspNetCore.HttpsPolicy.HttpsRedirectionMiddleware.Invoke(HttpContext context)
   at Swashbuckle.AspNetCore.SwaggerUI.SwaggerUIMiddleware.Invoke(HttpContext httpContext)
   at Swashbuckle.AspNetCore.Swagger.SwaggerMiddleware.Invoke(HttpContext httpContext, ISwaggerProvider swaggerProvider)
   at Microsoft.AspNetCore.Diagnostics.ExceptionHandlerMiddlewareImpl.<Invoke>g__Awaited|10_0(ExceptionHandlerMiddlewareImpl middleware, HttpContext context, Task task)
2026-07-25 16:10:51.316 +05:30 [ERR] HTTP GET /angular responded 500 in 17.7989 ms
2026-07-25 16:10:51.447 +05:30 [ERR] Exception occurred while processing GET /angular
Microsoft.AspNetCore.Routing.Matching.AmbiguousMatchException: The request matched multiple endpoints. Matches: 

HTTP: GET /angular
HTTP: GET /angular/
HTTP: GET /angular/{*path:nonfile}
   at Microsoft.AspNetCore.Routing.Matching.DefaultEndpointSelector.ReportAmbiguity(Span`1 candidateState)
   at Microsoft.AspNetCore.Routing.Matching.DefaultEndpointSelector.ProcessFinalCandidates(HttpContext httpContext, Span`1 candidateState)
   at Microsoft.AspNetCore.Routing.Matching.DefaultEndpointSelector.Select(HttpContext httpContext, Span`1 candidateState)
   at Microsoft.AspNetCore.Routing.Matching.DfaMatcher.MatchAsync(HttpContext httpContext)
   at Microsoft.AspNetCore.Routing.EndpointRoutingMiddleware.Invoke(HttpContext httpContext)
   at Microsoft.AspNetCore.StaticFiles.StaticFileMiddleware.Invoke(HttpContext context)
   at Microsoft.AspNetCore.HttpsPolicy.HttpsRedirectionMiddleware.Invoke(HttpContext context)
   at Swashbuckle.AspNetCore.SwaggerUI.SwaggerUIMiddleware.Invoke(HttpContext httpContext)
   at Swashbuckle.AspNetCore.Swagger.SwaggerMiddleware.Invoke(HttpContext httpContext, ISwaggerProvider swaggerProvider)
   at Microsoft.AspNetCore.Diagnostics.ExceptionHandlerMiddlewareImpl.<Invoke>g__Awaited|10_0(ExceptionHandlerMiddlewareImpl middleware, HttpContext context, Task task)
2026-07-25 16:10:51.465 +05:30 [ERR] HTTP GET /angular responded 500 in 18.1182 ms
2026-07-25 16:10:51.598 +05:30 [ERR] Exception occurred while processing GET /angular
Microsoft.AspNetCore.Routing.Matching.AmbiguousMatchException: The request matched multiple endpoints. Matches: 

HTTP: GET /angular
HTTP: GET /angular/
HTTP: GET /angular/{*path:nonfile}
   at Microsoft.AspNetCore.Routing.Matching.DefaultEndpointSelector.ReportAmbiguity(Span`1 candidateState)
   at Microsoft.AspNetCore.Routing.Matching.DefaultEndpointSelector.ProcessFinalCandidates(HttpContext httpContext, Span`1 candidateState)
   at Microsoft.AspNetCore.Routing.Matching.DefaultEndpointSelector.Select(HttpContext httpContext, Span`1 candidateState)
   at Microsoft.AspNetCore.Routing.Matching.DfaMatcher.MatchAsync(HttpContext httpContext)
   at Microsoft.AspNetCore.Routing.EndpointRoutingMiddleware.Invoke(HttpContext httpContext)
   at Microsoft.AspNetCore.StaticFiles.StaticFileMiddleware.Invoke(HttpContext context)
   at Microsoft.AspNetCore.HttpsPolicy.HttpsRedirectionMiddleware.Invoke(HttpContext context)
   at Swashbuckle.AspNetCore.SwaggerUI.SwaggerUIMiddleware.Invoke(HttpContext httpContext)
   at Swashbuckle.AspNetCore.Swagger.SwaggerMiddleware.Invoke(HttpContext httpContext, ISwaggerProvider swaggerProvider)
   at Microsoft.AspNetCore.Diagnostics.ExceptionHandlerMiddlewareImpl.<Invoke>g__Awaited|10_0(ExceptionHandlerMiddlewareImpl middleware, HttpContext context, Task task)
2026-07-25 16:10:51.616 +05:30 [ERR] HTTP GET /angular responded 500 in 18.5421 ms
2026-07-25 16:10:51.804 +05:30 [ERR] Exception occurred while processing GET /angular
Microsoft.AspNetCore.Routing.Matching.AmbiguousMatchException: The request matched multiple endpoints. Matches: 

HTTP: GET /angular
HTTP: GET /angular/
HTTP: GET /angular/{*path:nonfile}
   at Microsoft.AspNetCore.Routing.Matching.DefaultEndpointSelector.ReportAmbiguity(Span`1 candidateState)
   at Microsoft.AspNetCore.Routing.Matching.DefaultEndpointSelector.ProcessFinalCandidates(HttpContext httpContext, Span`1 candidateState)
   at Microsoft.AspNetCore.Routing.Matching.DefaultEndpointSelector.Select(HttpContext httpContext, Span`1 candidateState)
   at Microsoft.AspNetCore.Routing.Matching.DfaMatcher.MatchAsync(HttpContext httpContext)
   at Microsoft.AspNetCore.Routing.EndpointRoutingMiddleware.Invoke(HttpContext httpContext)
   at Microsoft.AspNetCore.StaticFiles.StaticFileMiddleware.Invoke(HttpContext context)
   at Microsoft.AspNetCore.HttpsPolicy.HttpsRedirectionMiddleware.Invoke(HttpContext context)
   at Swashbuckle.AspNetCore.SwaggerUI.SwaggerUIMiddleware.Invoke(HttpContext httpContext)
   at Swashbuckle.AspNetCore.Swagger.SwaggerMiddleware.Invoke(HttpContext httpContext, ISwaggerProvider swaggerProvider)
   at Microsoft.AspNetCore.Diagnostics.ExceptionHandlerMiddlewareImpl.<Invoke>g__Awaited|10_0(ExceptionHandlerMiddlewareImpl middleware, HttpContext context, Task task)
2026-07-25 16:10:51.819 +05:30 [ERR] HTTP GET /angular responded 500 in 14.6343 ms
2026-07-25 16:11:07.388 +05:30 [INF] Application is shutting down...
2026-07-25 16:11:07.461 +05:30 [INF] Bus stopped: "rabbitmq://localhost/"
2026-07-25 16:11:20.581 +05:30 [INF] Configured endpoint appointment.events.queue, Consumer: HealthCare.Api.Messaging.AppointmentBookedConsumer
2026-07-25 16:11:20.761 +05:30 [INF] Now listening on: http://localhost:5225
2026-07-25 16:11:20.764 +05:30 [INF] Application started. Press Ctrl+C to shut down.
2026-07-25 16:11:20.765 +05:30 [INF] Hosting environment: Development
2026-07-25 16:11:20.767 +05:30 [INF] Content root path: C:\Users\310508\source\repos\UST-Live-01\HealthCare\HealthCare.Api
2026-07-25 16:11:20.886 +05:30 [INF] Bus started: "rabbitmq://localhost/"
2026-07-25 16:11:27.558 +05:30 [WRN] Failed to determine the https port for redirect.
2026-07-25 16:11:27.623 +05:30 [INF] HTTP GET /angular responded 200 in 90.2115 ms
2026-07-25 16:11:27.637 +05:30 [INF] HTTP GET /angular/chunk-Z46JLXGG.js responded 304 in 16.7962 ms
2026-07-25 16:11:27.637 +05:30 [INF] HTTP GET /angular/styles-IRV2JRNT.css responded 304 in 16.3659 ms
2026-07-25 16:11:27.637 +05:30 [INF] HTTP GET /angular/chunk-FGZ52TTH.js responded 304 in 16.7017 ms
2026-07-25 16:11:27.637 +05:30 [INF] HTTP GET /angular/main-KIR3DSZ4.js responded 304 in 16.8014 ms
2026-07-25 16:11:27.726 +05:30 [INF] HTTP GET /angular/media/bootstrap-icons-CVBWLLHT.woff2 responded 304 in 2.6959 ms
2026-07-25 16:11:34.137 +05:30 [WRN] You do not have a valid license key for the Lucky Penny software AutoMapper. This is allowed for development and testing scenarios. If you are running in production you are required to have a licensed version. Please visit https://luckypennysoftware.com to obtain a valid license.
2026-07-25 16:11:34.770 +05:30 [INF] HTTP POST /api/auth/login responded 200 in 955.3305 ms
2026-07-25 16:11:34.799 +05:30 [INF] HTTP GET /blazor/auth-callback responded 200 in 2.2092 ms
2026-07-25 16:11:34.850 +05:30 [INF] HTTP GET /blazor/_framework/dotnet.ebrn25ggnq.js responded 200 in 24.9506 ms
2026-07-25 16:11:34.850 +05:30 [INF] HTTP GET /blazor/HealthCare.Admin.styles.css responded 200 in 26.6586 ms
2026-07-25 16:11:39.731 +05:30 [INF] HTTP GET /.well-known/appspecific/com.chrome.devtools.json responded 404 in 1.1873 ms
2026-07-25 16:11:39.937 +05:30 [INF] HTTP GET /blazor/_framework/dotnet.runtime.js.map responded 404 in 0.5981 ms
2026-07-25 16:12:44.036 +05:30 [INF] HTTP GET /blazor responded 200 in 3.2508 ms
2026-07-25 16:12:59.759 +05:30 [INF] HTTP GET /angular responded 200 in 0.9987 ms
2026-07-25 16:13:07.331 +05:30 [INF] HTTP POST /api/auth/login responded 200 in 170.9724 ms
2026-07-25 16:13:07.359 +05:30 [INF] HTTP GET /blazor/auth-callback responded 200 in 1.6926 ms
2026-07-25 16:13:10.647 +05:30 [INF] HTTP GET /.well-known/appspecific/com.chrome.devtools.json responded 404 in 0.6385 ms
2026-07-25 16:13:10.824 +05:30 [INF] HTTP GET /blazor/_framework/dotnet.runtime.js.map responded 404 in 0.6583 ms
2026-07-25 16:14:44.334 +05:30 [INF] Application is shutting down...
2026-07-25 16:14:44.410 +05:30 [INF] Bus stopped: "rabbitmq://localhost/"
2026-07-25 16:15:44.473 +05:30 [INF] Configured endpoint appointment.events.queue, Consumer: HealthCare.Api.Messaging.AppointmentBookedConsumer
2026-07-25 16:15:44.699 +05:30 [INF] Now listening on: http://localhost:5225
2026-07-25 16:15:44.701 +05:30 [INF] Application started. Press Ctrl+C to shut down.
2026-07-25 16:15:44.703 +05:30 [INF] Hosting environment: Development
2026-07-25 16:15:44.705 +05:30 [INF] Content root path: C:\Users\310508\source\repos\UST-Live-01\HealthCare\HealthCare.Api
2026-07-25 16:15:44.830 +05:30 [INF] Bus started: "rabbitmq://localhost/"
2026-07-25 16:16:01.457 +05:30 [WRN] Failed to determine the https port for redirect.
2026-07-25 16:16:01.535 +05:30 [INF] HTTP GET /blazor/HealthCare.Admin.styles.css responded 304 in 2.2995 ms
2026-07-25 16:16:01.535 +05:30 [INF] HTTP GET /blazor/_framework/dotnet.ebrn25ggnq.js responded 304 in 14.6028 ms
2026-07-25 16:16:01.535 +05:30 [INF] HTTP GET /blazor responded 200 in 93.1518 ms
2026-07-25 16:17:10.988 +05:30 [INF] HTTP GET /angular responded 200 in 7.0529 ms
2026-07-25 16:17:20.493 +05:30 [WRN] You do not have a valid license key for the Lucky Penny software AutoMapper. This is allowed for development and testing scenarios. If you are running in production you are required to have a licensed version. Please visit https://luckypennysoftware.com to obtain a valid license.
2026-07-25 16:17:21.247 +05:30 [INF] HTTP POST /api/auth/login responded 200 in 1015.9628 ms
2026-07-25 16:17:21.263 +05:30 [INF] HTTP GET /angular/chunk-GUNBVS2N.js responded 304 in 2.3221 ms
2026-07-25 16:17:21.272 +05:30 [INF] HTTP GET /angular/chunk-4U7NVZA5.js responded 304 in 0.5908 ms
2026-07-25 16:17:21.272 +05:30 [INF] HTTP GET /angular/chunk-UD45J2JE.js responded 304 in 0.5909 ms
2026-07-25 16:17:21.504 +05:30 [INF] HTTP GET /api/records/my-records responded 200 in 209.9592 ms
2026-07-25 16:17:21.680 +05:30 [INF] Appointments fetched by patient. PatientId: 15, Count: 5
2026-07-25 16:17:21.692 +05:30 [INF] HTTP GET /api/appointments/patient/upcoming responded 200 in 397.7577 ms
2026-07-25 16:17:25.681 +05:30 [INF] HTTP GET /angular/chunk-M2Q3GF4C.js responded 304 in 0.4352 ms
2026-07-25 16:17:25.691 +05:30 [INF] HTTP GET /angular/chunk-CVQPM2R7.js responded 304 in 0.4431 ms
2026-07-25 16:17:43.153 +05:30 [INF] HTTP POST /api/auth/login responded 200 in 236.5627 ms
2026-07-25 16:17:43.181 +05:30 [INF] HTTP GET /angular/chunk-HC4MXPTS.js responded 200 in 13.1643 ms
2026-07-25 16:17:43.337 +05:30 [INF] HTTP GET /api/doctors/dashboard-summary responded 200 in 150.8347 ms
2026-07-25 16:17:44.570 +05:30 [INF] HTTP GET /angular/chunk-72Q7X5KV.js responded 200 in 2.9995 ms
2026-07-25 16:19:06.885 +05:30 [INF] HTTP POST /api/auth/login responded 200 in 165.8395 ms
2026-07-25 16:19:06.915 +05:30 [INF] HTTP GET /blazor/auth-callback responded 200 in 3.5666 ms
2026-07-25 16:19:06.939 +05:30 [INF] HTTP GET /blazor/HealthCare.Admin.styles.css responded 304 in 2.4398 ms
2026-07-25 16:19:06.939 +05:30 [INF] HTTP GET /blazor/_framework/dotnet.ebrn25ggnq.js responded 304 in 2.8965 ms
2026-07-25 16:19:11.618 +05:30 [INF] HTTP GET /.well-known/appspecific/com.chrome.devtools.json responded 404 in 1.7204 ms
2026-07-25 16:19:11.803 +05:30 [INF] HTTP GET /blazor/_framework/dotnet.runtime.js.map responded 404 in 1.8895 ms
2026-07-25 16:20:44.858 +05:30 [INF] Usage Telemetry: {"id":"78750000-e56a-1944-d9e8-08deea39e121","created":"2026-07-25T16:15:44.4318115\u002B05:30","host":{"framework_version":"10.0.10","mass_transit_version":"8.5.10.0","operating_system_version":"Microsoft Windows NT 10.0.26200.0","time_zone_info":"(UTC\u002B05:30) Chennai, Kolkata, Mumbai, New Delhi","commit_hash":"62ab339afa3bac2e9b3fe1769d0d35d7e44778e9"},"bus":[{"created":"2026-07-25T16:15:44.4332351\u002B05:30","configured":"2026-07-25T16:15:44.6018503\u002B05:30","started":"2026-07-25T16:15:44.8282550\u002B05:30","name":"IBus","endpoints":[{"name":"appointment.events.queue","type":"RabbitMQ","prefetch_count":16,"consumer_count":1,"message_count":1},{"name":"_bus_","type":"RabbitMQ","prefetch_count":16}]}]}
2026-07-25 16:21:27.672 +05:30 [INF] Application is shutting down...
2026-07-25 16:21:27.731 +05:30 [INF] Bus stopped: "rabbitmq://localhost/"
2026-07-25 17:11:38.023 +05:30 [INF] Configured endpoint appointment.events.queue, Consumer: HealthCare.Api.Messaging.AppointmentBookedConsumer
2026-07-25 17:11:38.341 +05:30 [INF] Now listening on: http://localhost:5225
2026-07-25 17:11:38.345 +05:30 [INF] Application started. Press Ctrl+C to shut down.
2026-07-25 17:11:38.347 +05:30 [INF] Hosting environment: Development
2026-07-25 17:11:38.352 +05:30 [INF] Content root path: C:\Users\310508\source\repos\UST-Live-01\HealthCare\HealthCare.Api
2026-07-25 17:11:38.641 +05:30 [INF] Bus started: "rabbitmq://localhost/"
2026-07-25 17:11:43.325 +05:30 [WRN] Failed to determine the https port for redirect.
2026-07-25 17:11:43.432 +05:30 [INF] HTTP GET /blazor/_framework/icudt_EFIGS.tptq2av103.dat responded 200 in 193.8515 ms
2026-07-25 17:13:24.438 +05:30 [INF] HTTP GET /angular responded 200 in 113.6164 ms
2026-07-25 17:13:24.465 +05:30 [INF] HTTP GET /angular/chunk-FGZ52TTH.js responded 200 in 11.9055 ms
2026-07-25 17:13:24.466 +05:30 [INF] HTTP GET /angular/chunk-Z46JLXGG.js responded 200 in 7.6049 ms
2026-07-25 17:13:24.467 +05:30 [INF] HTTP GET /angular/styles-IRV2JRNT.css responded 200 in 7.5350 ms
2026-07-25 17:13:24.468 +05:30 [INF] HTTP GET /angular/main-KIR3DSZ4.js responded 200 in 10.3275 ms
2026-07-25 17:13:24.577 +05:30 [INF] HTTP GET /angular/media/bootstrap-icons-CVBWLLHT.woff2 responded 200 in 3.4001 ms
2026-07-25 17:13:24.610 +05:30 [INF] HTTP GET /angular/favicon.ico responded 200 in 3.1162 ms
2026-07-25 17:13:34.342 +05:30 [WRN] You do not have a valid license key for the Lucky Penny software AutoMapper. This is allowed for development and testing scenarios. If you are running in production you are required to have a licensed version. Please visit https://luckypennysoftware.com to obtain a valid license.
2026-07-25 17:13:35.715 +05:30 [INF] HTTP POST /api/auth/login responded 200 in 1878.2113 ms
2026-07-25 17:13:35.782 +05:30 [INF] HTTP GET /blazor/auth-callback responded 200 in 20.2074 ms
2026-07-25 17:13:35.820 +05:30 [INF] HTTP GET /blazor/_framework/dotnet.ebrn25ggnq.js responded 200 in 7.1377 ms
2026-07-25 17:13:35.822 +05:30 [INF] HTTP GET /blazor/css/app.css responded 200 in 2.9198 ms
2026-07-25 17:13:35.828 +05:30 [INF] HTTP GET /blazor/HealthCare.Admin.styles.css responded 200 in 9.7224 ms
2026-07-25 17:13:35.833 +05:30 [INF] HTTP GET /blazor/_framework/blazor.webassembly.958z1vx7fr.js responded 200 in 13.6683 ms
2026-07-25 17:13:35.836 +05:30 [INF] HTTP GET /blazor/lib/bootstrap/dist/css/bootstrap.min.css responded 200 in 18.8212 ms
2026-07-25 17:13:36.136 +05:30 [INF] HTTP GET /blazor/_framework/dotnet.native.puryxhmhq9.js responded 200 in 4.5140 ms
2026-07-25 17:13:36.140 +05:30 [INF] HTTP GET /blazor/_framework/dotnet.runtime.web2r9gqbh.js responded 200 in 9.2895 ms
2026-07-25 17:13:36.165 +05:30 [INF] HTTP GET /blazor/_framework/AutoMapper.8m7mmr1hnm.wasm responded 200 in 12.5970 ms
2026-07-25 17:13:36.174 +05:30 [INF] HTTP GET /blazor/_framework/Azure.Core.8xk79iv8nh.wasm responded 200 in 16.1313 ms
2026-07-25 17:13:36.174 +05:30 [INF] HTTP GET /blazor/_framework/Azure.Identity.q3kp98qd6v.wasm responded 200 in 13.6662 ms
2026-07-25 17:13:36.176 +05:30 [INF] HTTP GET /blazor/_framework/System.Runtime.InteropServices.JavaScript.xs6yu76bks.wasm responded 200 in 5.6446 ms
2026-07-25 17:13:36.197 +05:30 [INF] HTTP GET /blazor/_framework/HealthCare.Admin.4zvjzh48w5.wasm responded 200 in 4.4185 ms
2026-07-25 17:13:36.202 +05:30 [INF] HTTP GET /blazor/_framework/Microsoft.AspNetCore.Components.Forms.xbum8u3r0e.wasm responded 200 in 2.2766 ms
2026-07-25 17:13:36.212 +05:30 [INF] HTTP GET /blazor/_framework/HealthCare.Shared.uxiadx2nwn.wasm responded 200 in 4.8303 ms
2026-07-25 17:13:36.220 +05:30 [INF] HTTP GET /blazor/_framework/Microsoft.AspNetCore.Components.Web.vxt1heu6ww.wasm responded 200 in 3.4703 ms
2026-07-25 17:13:36.228 +05:30 [INF] HTTP GET /blazor/_framework/System.Private.CoreLib.mv3gar5dv5.wasm responded 200 in 43.0236 ms
2026-07-25 17:13:36.229 +05:30 [INF] HTTP GET /blazor/_framework/Microsoft.AspNetCore.Components.WebAssembly.l6ypij2f82.wasm responded 200 in 7.7856 ms
2026-07-25 17:13:36.231 +05:30 [INF] HTTP GET /blazor/_framework/dotnet.native.u31nt9bth6.wasm responded 200 in 99.2526 ms
2026-07-25 17:13:36.237 +05:30 [INF] HTTP GET /blazor/_framework/Microsoft.AspNetCore.Components.kj7ckc9aem.wasm responded 200 in 6.6161 ms
2026-07-25 17:13:36.245 +05:30 [INF] HTTP GET /blazor/_framework/Microsoft.CSharp.qtcsihmg1f.wasm responded 200 in 7.2051 ms
2026-07-25 17:13:36.254 +05:30 [INF] HTTP GET /blazor/_framework/Microsoft.EntityFrameworkCore.Abstractions.mz9tyb1h65.wasm responded 200 in 3.1603 ms
2026-07-25 17:13:36.266 +05:30 [INF] HTTP GET /blazor/_framework/Microsoft.Data.SqlClient.3806qc8pna.wasm responded 200 in 19.0767 ms
2026-07-25 17:13:36.285 +05:30 [INF] HTTP GET /blazor/_framework/Microsoft.Extensions.Caching.Abstractions.01ss24ub42.wasm responded 200 in 1.6409 ms
2026-07-25 17:13:36.294 +05:30 [INF] HTTP GET /blazor/_framework/Microsoft.EntityFrameworkCore.SqlServer.g5qtfapcam.wasm responded 200 in 24.9691 ms
2026-07-25 17:13:36.295 +05:30 [INF] HTTP GET /blazor/_framework/Microsoft.Extensions.Caching.Memory.3zjcwwobid.wasm responded 200 in 2.2740 ms
2026-07-25 17:13:36.303 +05:30 [INF] HTTP GET /blazor/_framework/Microsoft.EntityFrameworkCore.Relational.pq79ulc3xl.wasm responded 200 in 42.3204 ms
2026-07-25 17:13:36.313 +05:30 [INF] HTTP GET /blazor/_framework/Microsoft.Extensions.Configuration.Json.qiwbq8ugx5.wasm responded 200 in 1.2929 ms
2026-07-25 17:13:36.313 +05:30 [INF] HTTP GET /blazor/_framework/Microsoft.Extensions.Configuration.Abstractions.e3j0aurk2r.wasm responded 200 in 3.6640 ms
2026-07-25 17:13:36.320 +05:30 [INF] HTTP GET /blazor/_framework/Microsoft.Extensions.Configuration.lr61ofcgfm.wasm responded 200 in 2.7746 ms
2026-07-25 17:13:36.327 +05:30 [INF] HTTP GET /blazor/_framework/Microsoft.Extensions.DependencyInjection.857rzh5ynj.wasm responded 200 in 2.3483 ms
2026-07-25 17:13:36.344 +05:30 [INF] HTTP GET /blazor/_framework/Microsoft.Extensions.DependencyInjection.Abstractions.th1ld61zai.wasm responded 200 in 3.4684 ms
2026-07-25 17:13:36.351 +05:30 [INF] HTTP GET /blazor/_framework/Microsoft.Extensions.Logging.Abstractions.1oweuxr4az.wasm responded 200 in 3.9087 ms
2026-07-25 17:13:36.359 +05:30 [INF] HTTP GET /blazor/_framework/Microsoft.Extensions.Logging.igobmllaak.wasm responded 200 in 3.4900 ms
2026-07-25 17:13:36.372 +05:30 [INF] HTTP GET /blazor/_framework/Microsoft.Extensions.Options.1l6cdb1ucc.wasm responded 200 in 9.2213 ms
2026-07-25 17:13:36.395 +05:30 [INF] HTTP GET /blazor/_framework/Microsoft.Extensions.Primitives.yxjt7vtatl.wasm responded 200 in 4.1580 ms
2026-07-25 17:13:36.402 +05:30 [INF] HTTP GET /blazor/_framework/Microsoft.Extensions.Validation.9q24f4ufiz.wasm responded 200 in 4.6266 ms
2026-07-25 17:13:36.415 +05:30 [INF] HTTP GET /blazor/_framework/Microsoft.Identity.Client.Extensions.Msal.ks83314uaf.wasm responded 200 in 7.1012 ms
2026-07-25 17:13:36.428 +05:30 [INF] HTTP GET /blazor/_framework/Microsoft.IdentityModel.Logging.zcqml6bdh7.wasm responded 200 in 3.5467 ms
2026-07-25 17:13:36.435 +05:30 [INF] HTTP GET /blazor/_framework/Microsoft.EntityFrameworkCore.wer0str0la.wasm responded 200 in 155.5605 ms
2026-07-25 17:13:36.440 +05:30 [INF] HTTP GET /blazor/_framework/Microsoft.Identity.Client.ykww7211k6.wasm responded 200 in 15.6816 ms
2026-07-25 17:13:36.461 +05:30 [INF] HTTP GET /blazor/_framework/Microsoft.IdentityModel.Abstractions.57ajzgxepp.wasm responded 200 in 7.0728 ms
2026-07-25 17:13:36.463 +05:30 [INF] HTTP GET /blazor/_framework/Microsoft.IdentityModel.JsonWebTokens.finj600102.wasm responded 200 in 4.0098 ms
2026-07-25 17:13:36.480 +05:30 [INF] HTTP GET /blazor/_framework/Microsoft.IdentityModel.Protocols.OpenIdConnect.45hz3ik893.wasm responded 200 in 9.3518 ms
2026-07-25 17:13:36.486 +05:30 [INF] HTTP GET /blazor/_framework/Microsoft.IdentityModel.Protocols.homtf5mctj.wasm responded 200 in 3.7224 ms
2026-07-25 17:13:36.497 +05:30 [INF] HTTP GET /blazor/_framework/Microsoft.IdentityModel.Tokens.d9dddnbjyj.wasm responded 200 in 4.7652 ms
2026-07-25 17:13:36.499 +05:30 [INF] HTTP GET /blazor/_framework/Microsoft.JSInterop.WebAssembly.r99mmn9mmt.wasm responded 200 in 2.1027 ms
2026-07-25 17:13:36.504 +05:30 [INF] HTTP GET /blazor/_framework/Microsoft.JSInterop.02ltnto31o.wasm responded 200 in 2.7480 ms
2026-07-25 17:13:36.515 +05:30 [INF] HTTP GET /blazor/_framework/Microsoft.SqlServer.Server.yamodpu5qp.wasm responded 200 in 5.5767 ms
2026-07-25 17:13:36.524 +05:30 [INF] HTTP GET /blazor/_framework/Microsoft.Win32.Primitives.q7qe8y8zau.wasm responded 200 in 5.4386 ms
2026-07-25 17:13:36.531 +05:30 [INF] HTTP GET /blazor/_framework/System.cvgusyd4es.wasm responded 200 in 3.6467 ms
2026-07-25 17:13:36.542 +05:30 [INF] HTTP GET /blazor/_framework/System.ClientModel.dhw1jmor6y.wasm responded 200 in 8.0105 ms
2026-07-25 17:13:36.548 +05:30 [INF] HTTP GET /blazor/_framework/System.Collections.Concurrent.bd3ro02coq.wasm responded 200 in 4.5334 ms
2026-07-25 17:13:36.558 +05:30 [INF] HTTP GET /blazor/_framework/System.Collections.Immutable.v7vrfiqe17.wasm responded 200 in 7.6711 ms
2026-07-25 17:13:36.564 +05:30 [INF] HTTP GET /blazor/_framework/System.Collections.NonGeneric.fm0w0zllx1.wasm responded 200 in 4.1778 ms
2026-07-25 17:13:36.574 +05:30 [INF] HTTP GET /blazor/_framework/System.Collections.Specialized.9px7ijgkhy.wasm responded 200 in 6.4031 ms
2026-07-25 17:13:36.582 +05:30 [INF] HTTP GET /blazor/_framework/System.Collections.ex359mqi1e.wasm responded 200 in 4.4205 ms
2026-07-25 17:13:36.592 +05:30 [INF] HTTP GET /blazor/_framework/System.ComponentModel.Annotations.xm5wxlgir5.wasm responded 200 in 5.5881 ms
2026-07-25 17:13:36.597 +05:30 [INF] HTTP GET /blazor/_framework/System.ComponentModel.Primitives.zxay4cdv6a.wasm responded 200 in 3.3931 ms
2026-07-25 17:13:36.610 +05:30 [INF] HTTP GET /blazor/_framework/System.ComponentModel.TypeConverter.64je8880a4.wasm responded 200 in 6.4463 ms
2026-07-25 17:13:36.614 +05:30 [INF] HTTP GET /blazor/_framework/System.ComponentModel.8ovt7nqh7c.wasm responded 200 in 2.9909 ms
2026-07-25 17:13:36.627 +05:30 [INF] HTTP GET /blazor/_framework/System.Configuration.ConfigurationManager.h4r5q8xowu.wasm responded 200 in 9.8459 ms
2026-07-25 17:13:36.630 +05:30 [INF] HTTP GET /blazor/_framework/System.Console.f1o81sryll.wasm responded 200 in 2.4925 ms
2026-07-25 17:13:36.642 +05:30 [INF] HTTP GET /blazor/_framework/System.Data.Common.hi1b3smxr7.wasm responded 200 in 8.0733 ms
2026-07-25 17:13:36.650 +05:30 [INF] HTTP GET /blazor/_framework/System.Diagnostics.DiagnosticSource.ih7ailyccd.wasm responded 200 in 5.8284 ms
2026-07-25 17:13:36.655 +05:30 [INF] HTTP GET /blazor/_framework/System.Diagnostics.EventLog.yy9ehxokrt.wasm responded 200 in 3.7648 ms
2026-07-25 17:13:36.663 +05:30 [INF] HTTP GET /blazor/_framework/System.Diagnostics.FileVersionInfo.5xa0awlo19.wasm responded 200 in 4.0047 ms
2026-07-25 17:13:36.669 +05:30 [INF] HTTP GET /blazor/_framework/System.Diagnostics.Process.x23h1li4c7.wasm responded 200 in 3.3755 ms
2026-07-25 17:13:36.678 +05:30 [INF] HTTP GET /blazor/_framework/System.Diagnostics.TextWriterTraceListener.yixvmxezel.wasm responded 200 in 3.9991 ms
2026-07-25 17:13:36.686 +05:30 [INF] HTTP GET /blazor/_framework/System.Diagnostics.TraceSource.ed6eis8hw0.wasm responded 200 in 4.1688 ms
2026-07-25 17:13:36.695 +05:30 [INF] HTTP GET /blazor/_framework/System.Diagnostics.Tracing.cwmne1u7ug.wasm responded 200 in 4.3763 ms
2026-07-25 17:13:36.701 +05:30 [INF] HTTP GET /blazor/_framework/System.Formats.Asn1.lybbsxjb6j.wasm responded 200 in 4.1522 ms
2026-07-25 17:13:36.710 +05:30 [INF] HTTP GET /blazor/_framework/System.IO.Compression.g6wl15cvem.wasm responded 200 in 6.6818 ms
2026-07-25 17:13:36.713 +05:30 [INF] HTTP GET /blazor/_framework/System.IO.FileSystem.AccessControl.27owishtho.wasm responded 200 in 2.6494 ms
2026-07-25 17:13:36.719 +05:30 [INF] HTTP GET /blazor/_framework/System.IO.FileSystem.Watcher.zlj1lv718m.wasm responded 200 in 3.5111 ms
2026-07-25 17:13:36.729 +05:30 [INF] HTTP GET /blazor/_framework/System.IO.Pipelines.uznrqn6wwr.wasm responded 200 in 4.3650 ms
2026-07-25 17:13:36.736 +05:30 [INF] HTTP GET /blazor/_framework/System.IdentityModel.Tokens.Jwt.28de5g3cun.wasm responded 200 in 4.5599 ms
2026-07-25 17:13:36.748 +05:30 [INF] HTTP GET /blazor/_framework/System.Linq.8elmz39ua0.wasm responded 200 in 6.9697 ms
2026-07-25 17:13:36.758 +05:30 [INF] HTTP GET /blazor/_framework/System.Linq.Expressions.hfmzseaqsu.wasm responded 200 in 9.9743 ms
2026-07-25 17:13:36.762 +05:30 [INF] HTTP GET /blazor/_framework/System.Linq.Queryable.hmjutrykee.wasm responded 200 in 4.1532 ms
2026-07-25 17:13:36.769 +05:30 [INF] HTTP GET /blazor/_framework/System.Memory.Data.0l4fa57vc1.wasm responded 200 in 4.0544 ms
2026-07-25 17:13:36.775 +05:30 [INF] HTTP GET /blazor/_framework/System.Memory.lniktlgqb2.wasm responded 200 in 3.3397 ms
2026-07-25 17:13:36.780 +05:30 [INF] HTTP GET /blazor/_framework/System.Net.Http.Json.6ydj3em1ch.wasm responded 200 in 2.5322 ms
2026-07-25 17:13:36.792 +05:30 [INF] HTTP GET /blazor/_framework/System.Net.Http.zzxzy83kc9.wasm responded 200 in 8.1851 ms
2026-07-25 17:13:36.796 +05:30 [INF] HTTP GET /blazor/_framework/System.Net.HttpListener.mx4zefjhy0.wasm responded 200 in 3.3542 ms
2026-07-25 17:13:36.802 +05:30 [INF] HTTP GET /blazor/_framework/System.Net.NetworkInformation.t83fhyuzw2.wasm responded 200 in 3.5918 ms
2026-07-25 17:13:36.810 +05:30 [INF] HTTP GET /blazor/_framework/System.Net.Primitives.nlweko6rf5.wasm responded 200 in 4.0945 ms
2026-07-25 17:13:36.818 +05:30 [INF] HTTP GET /blazor/_framework/System.Net.Security.m7uhlqi74j.wasm responded 200 in 4.1428 ms
2026-07-25 17:13:36.827 +05:30 [INF] HTTP GET /blazor/_framework/System.Net.Sockets.nxg75tgjaj.wasm responded 200 in 4.4109 ms
2026-07-25 17:13:36.832 +05:30 [INF] HTTP GET /blazor/_framework/System.Net.WebClient.880pjkvlf2.wasm responded 200 in 3.0690 ms
2026-07-25 17:13:36.841 +05:30 [INF] HTTP GET /blazor/_framework/System.ObjectModel.9470taurld.wasm responded 200 in 5.2778 ms
2026-07-25 17:13:36.849 +05:30 [INF] HTTP GET /blazor/_framework/System.Private.Uri.01vgu5vg0b.wasm responded 200 in 5.1288 ms
2026-07-25 17:13:36.855 +05:30 [INF] HTTP GET /blazor/_framework/System.Private.Xml.Linq.4reo8zspes.wasm responded 200 in 4.5913 ms
2026-07-25 17:13:36.869 +05:30 [INF] HTTP GET /blazor/_framework/System.Reflection.Emit.z6zva198o1.wasm responded 200 in 2.4024 ms
2026-07-25 17:13:36.881 +05:30 [INF] HTTP GET /blazor/_framework/System.Reflection.Emit.ILGeneration.mrej57e4s7.wasm responded 200 in 5.1876 ms
2026-07-25 17:13:36.881 +05:30 [INF] HTTP GET /blazor/_framework/System.Private.Xml.wfeh64vj35.wasm responded 200 in 21.1556 ms
2026-07-25 17:13:36.888 +05:30 [INF] HTTP GET /blazor/_framework/System.Reflection.Primitives.6n0zme69c4.wasm responded 200 in 3.8351 ms
2026-07-25 17:13:36.902 +05:30 [INF] HTTP GET /blazor/_framework/System.Runtime.InteropServices.n6jlhu9kvy.wasm responded 200 in 3.5328 ms
2026-07-25 17:13:36.916 +05:30 [INF] HTTP GET /blazor/_framework/System.Runtime.Numerics.uqwuuab53g.wasm responded 200 in 6.6383 ms
2026-07-25 17:13:36.928 +05:30 [INF] HTTP GET /blazor/_framework/System.Runtime.Serialization.Formatters.iot9fdphl2.wasm responded 200 in 8.2291 ms
2026-07-25 17:13:36.936 +05:30 [INF] HTTP GET /blazor/_framework/System.Runtime.Serialization.Primitives.nsxx2crer4.wasm responded 200 in 4.5481 ms
2026-07-25 17:13:36.947 +05:30 [INF] HTTP GET /blazor/_framework/System.Runtime.kbmtjmuxg3.wasm responded 200 in 4.6162 ms
2026-07-25 17:13:36.954 +05:30 [INF] HTTP GET /blazor/_framework/System.Security.AccessControl.z87awzn1eh.wasm responded 200 in 4.5579 ms
2026-07-25 17:13:36.963 +05:30 [INF] HTTP GET /blazor/_framework/System.Security.Claims.jtafqugv1m.wasm responded 200 in 1.4101 ms
2026-07-25 17:13:36.976 +05:30 [INF] HTTP GET /blazor/_framework/System.Security.Cryptography.ProtectedData.mhm09hjv4f.wasm responded 200 in 5.5824 ms
2026-07-25 17:13:36.986 +05:30 [INF] HTTP GET /blazor/_framework/System.Security.Cryptography.vevydc83m5.wasm responded 200 in 5.2108 ms
2026-07-25 17:13:36.997 +05:30 [INF] HTTP GET /blazor/_framework/System.Security.Principal.Windows.wb3b15pbqb.wasm responded 200 in 4.5199 ms
2026-07-25 17:13:37.010 +05:30 [INF] HTTP GET /blazor/_framework/System.Text.Encoding.Extensions.iuq4o6rl0u.wasm responded 200 in 7.2928 ms
2026-07-25 17:13:37.027 +05:30 [INF] HTTP GET /blazor/_framework/System.Text.Encodings.Web.kn440n14c6.wasm responded 200 in 8.0455 ms
2026-07-25 17:13:37.050 +05:30 [INF] HTTP GET /blazor/_framework/System.Text.Json.obswcq6e7r.wasm responded 200 in 13.4752 ms
2026-07-25 17:13:37.050 +05:30 [INF] HTTP GET /blazor/_framework/System.Text.RegularExpressions.mc29ftzl2y.wasm responded 200 in 8.0679 ms
2026-07-25 17:13:37.058 +05:30 [INF] HTTP GET /blazor/_framework/System.Threading.i0t4fnuy8g.wasm responded 200 in 5.7108 ms
2026-07-25 17:13:37.065 +05:30 [INF] HTTP GET /blazor/_framework/System.Threading.Thread.er1z5plew4.wasm responded 200 in 4.3906 ms
2026-07-25 17:13:37.074 +05:30 [INF] HTTP GET /blazor/_framework/System.Transactions.Local.d21c6vm40d.wasm responded 200 in 5.3606 ms
2026-07-25 17:13:37.081 +05:30 [INF] HTTP GET /blazor/_framework/System.Xml.Linq.xorxxf2zgs.wasm responded 200 in 3.5111 ms
2026-07-25 17:13:37.090 +05:30 [INF] HTTP GET /blazor/_framework/System.Xml.XDocument.ql1k5sb7hx.wasm responded 200 in 5.2697 ms
2026-07-25 17:13:37.099 +05:30 [INF] HTTP GET /blazor/_framework/System.Xml.ReaderWriter.781vjcu40c.wasm responded 200 in 4.6624 ms
2026-07-25 17:13:37.108 +05:30 [INF] HTTP GET /blazor/_framework/System.Xml.XmlSerializer.dvt0rs1uvp.wasm responded 200 in 5.3772 ms
2026-07-25 17:13:37.113 +05:30 [INF] HTTP GET /blazor/_framework/netstandard.1r4f085e1g.wasm responded 200 in 2.6057 ms
2026-07-25 17:13:37.127 +05:30 [INF] HTTP GET /blazor/_framework/icudt_EFIGS.tptq2av103.dat responded 200 in 10.7799 ms
2026-07-25 17:13:37.128 +05:30 [INF] HTTP GET /blazor/favicon.png responded 200 in 3.3820 ms
2026-07-25 17:13:37.571 +05:30 [INF] HTTP GET /Home responded 404 in 3.3008 ms
2026-07-25 17:14:10.692 +05:30 [INF] HTTP GET /angular responded 200 in 1.9109 ms
2026-07-25 17:14:11.059 +05:30 [INF] HTTP GET /angular/chunk-Z46JLXGG.js responded 304 in 2.3010 ms
2026-07-25 17:14:11.059 +05:30 [INF] HTTP GET /angular/chunk-FGZ52TTH.js responded 304 in 2.5005 ms
2026-07-25 17:14:11.059 +05:30 [INF] HTTP GET /angular/main-KIR3DSZ4.js responded 304 in 2.2285 ms
2026-07-25 17:14:11.064 +05:30 [INF] HTTP GET /angular/styles-IRV2JRNT.css responded 304 in 0.6469 ms
2026-07-25 17:14:11.224 +05:30 [INF] HTTP GET /angular/media/bootstrap-icons-CVBWLLHT.woff2 responded 304 in 0.6735 ms
2026-07-25 17:14:22.228 +05:30 [INF] HTTP POST /api/auth/login responded 200 in 426.7357 ms
2026-07-25 17:14:22.263 +05:30 [INF] HTTP GET /blazor/auth-callback responded 200 in 1.8816 ms
2026-07-25 17:14:22.292 +05:30 [INF] HTTP GET /blazor/HealthCare.Admin.styles.css responded 304 in 0.6327 ms
2026-07-25 17:14:22.292 +05:30 [INF] HTTP GET /blazor/_framework/dotnet.ebrn25ggnq.js responded 304 in 1.2057 ms
2026-07-25 17:14:23.189 +05:30 [INF] HTTP GET /Home responded 404 in 0.6393 ms
2026-07-25 17:14:38.507 +05:30 [INF] HTTP GET /blazor responded 200 in 6.8721 ms
2026-07-25 17:14:41.891 +05:30 [INF] HTTP GET /api/admin/doctors responded 200 in 686.8302 ms
2026-07-25 17:14:41.975 +05:30 [WRN] The query uses a row limiting operator ('Skip'/'Take') without an 'OrderBy' operator. This may lead to unpredictable results. If the 'Distinct' operator is used after 'OrderBy', then make sure to use the 'OrderBy' operator after 'Distinct' as the ordering would otherwise get erased.
2026-07-25 17:14:41.982 +05:30 [WRN] The query uses a row limiting operator ('Skip'/'Take') without an 'OrderBy' operator. This may lead to unpredictable results. If the 'Distinct' operator is used after 'OrderBy', then make sure to use the 'OrderBy' operator after 'Distinct' as the ordering would otherwise get erased.
2026-07-25 17:14:42.145 +05:30 [INF] HTTP GET /api/admin/patients responded 200 in 258.7387 ms
2026-07-25 17:14:42.700 +05:30 [INF] HTTP GET /api/admin/doctors responded 200 in 731.2826 ms
2026-07-25 17:14:42.757 +05:30 [INF] HTTP GET /api/admin/patients responded 200 in 31.9592 ms
2026-07-25 17:14:43.049 +05:30 [WRN] The query uses the 'First'/'FirstOrDefault' operator without 'OrderBy' and filter operators. This may lead to unpredictable results.
2026-07-25 17:14:43.157 +05:30 [INF] Dashboard appointment summary fetched successfully.
2026-07-25 17:14:43.169 +05:30 [INF] HTTP GET /api/admin/appointments/dashboard-summary responded 200 in 378.5211 ms
2026-07-25 17:14:43.601 +05:30 [INF] HTTP GET /api/admin/doctors responded 200 in 40.0171 ms
2026-07-25 17:14:43.634 +05:30 [INF] HTTP GET /api/admin/doctors responded 200 in 20.0771 ms
2026-07-25 17:14:43.672 +05:30 [INF] HTTP GET /api/admin/patients responded 200 in 24.8444 ms
2026-07-25 17:14:43.722 +05:30 [INF] Dashboard appointment summary fetched successfully.
2026-07-25 17:14:43.728 +05:30 [INF] HTTP GET /api/admin/appointments/dashboard-summary responded 200 in 38.7694 ms
2026-07-25 17:14:45.279 +05:30 [INF] HTTP GET /api/admin/patients responded 200 in 20.1834 ms
2026-07-25 17:14:45.897 +05:30 [INF] HTTP GET /api/admin/doctors responded 200 in 24.3131 ms
2026-07-25 17:14:46.707 +05:30 [INF] Appointment report fetched. FromDate: "2026-07-19", ToDate: "2026-07-25", Count: 4
2026-07-25 17:14:46.735 +05:30 [INF] HTTP GET /api/admin/appointments/report responded 200 in 175.7479 ms
2026-07-25 17:14:49.366 +05:30 [INF] HTTP GET /api/admin/doctors responded 200 in 18.3621 ms
2026-07-25 17:14:49.403 +05:30 [INF] HTTP GET /api/admin/doctors responded 200 in 18.6744 ms
2026-07-25 17:14:49.430 +05:30 [INF] HTTP GET /api/admin/patients responded 200 in 13.8048 ms
2026-07-25 17:14:49.462 +05:30 [INF] Dashboard appointment summary fetched successfully.
2026-07-25 17:14:49.466 +05:30 [INF] HTTP GET /api/admin/appointments/dashboard-summary responded 200 in 23.2059 ms
2026-07-25 17:14:56.424 +05:30 [INF] HTTP GET /angular/login responded 200 in 3.0028 ms
2026-07-25 17:15:06.096 +05:30 [INF] HTTP POST /api/auth/login responded 200 in 1728.3704 ms
2026-07-25 17:15:06.759 +05:30 [INF] HTTP GET /blazor/auth-callback responded 200 in 615.2540 ms
2026-07-25 17:15:07.072 +05:30 [INF] HTTP GET /Home responded 404 in 0.3621 ms
2026-07-25 17:16:38.702 +05:30 [INF] Usage Telemetry: {"id":"d4930000-e56a-1944-70c4-08deea41affd","created":"2026-07-25T17:11:37.9586467\u002B05:30","host":{"framework_version":"10.0.10","mass_transit_version":"8.5.10.0","operating_system_version":"Microsoft Windows NT 10.0.26200.0","time_zone_info":"(UTC\u002B05:30) Chennai, Kolkata, Mumbai, New Delhi","commit_hash":"62ab339afa3bac2e9b3fe1769d0d35d7e44778e9"},"bus":[{"created":"2026-07-25T17:11:37.9641596\u002B05:30","configured":"2026-07-25T17:11:38.1755150\u002B05:30","started":"2026-07-25T17:11:38.6389674\u002B05:30","name":"IBus","endpoints":[{"name":"appointment.events.queue","type":"RabbitMQ","prefetch_count":16,"consumer_count":1,"message_count":1},{"name":"_bus_","type":"RabbitMQ","prefetch_count":16}]}]}
2026-07-25 17:19:02.050 +05:30 [INF] Application is shutting down...
2026-07-25 17:19:02.205 +05:30 [INF] Bus stopped: "rabbitmq://localhost/"
2026-07-25 17:21:22.452 +05:30 [INF] Configured endpoint appointment.events.queue, Consumer: HealthCare.Api.Messaging.AppointmentBookedConsumer
2026-07-25 17:21:22.778 +05:30 [INF] Now listening on: http://localhost:5225
2026-07-25 17:21:22.781 +05:30 [INF] Application started. Press Ctrl+C to shut down.
2026-07-25 17:21:22.783 +05:30 [INF] Hosting environment: Development
2026-07-25 17:21:22.788 +05:30 [INF] Content root path: C:\Users\310508\source\repos\UST-Live-01\HealthCare\HealthCare.Api
2026-07-25 17:21:22.951 +05:30 [INF] Bus started: "rabbitmq://localhost/"
2026-07-25 17:21:39.658 +05:30 [WRN] Failed to determine the https port for redirect.
2026-07-25 17:21:39.781 +05:30 [INF] HTTP GET /angular responded 200 in 201.4738 ms
2026-07-25 17:21:48.025 +05:30 [WRN] You do not have a valid license key for the Lucky Penny software AutoMapper. This is allowed for development and testing scenarios. If you are running in production you are required to have a licensed version. Please visit https://luckypennysoftware.com to obtain a valid license.
2026-07-25 17:21:49.264 +05:30 [INF] HTTP POST /api/auth/login responded 200 in 1912.7587 ms
2026-07-25 17:21:49.378 +05:30 [INF] HTTP GET /blazor/auth-callback responded 200 in 58.3064 ms
2026-07-25 17:21:49.478 +05:30 [INF] HTTP GET /blazor/_framework/dotnet.2uytkuyjho.js responded 200 in 82.4116 ms
2026-07-25 17:21:49.577 +05:30 [INF] HTTP GET /blazor/_framework/HealthCare.Admin.qtj06gw09k.wasm responded 200 in 15.0973 ms
2026-07-25 17:21:50.490 +05:30 [INF] HTTP GET /blazor/Home responded 200 in 2.3177 ms
2026-07-25 17:21:51.908 +05:30 [INF] HTTP GET /api/admin/doctors responded 200 in 638.3071 ms
2026-07-25 17:21:52.038 +05:30 [INF] HTTP GET /api/admin/doctors responded 200 in 65.3646 ms
2026-07-25 17:21:52.131 +05:30 [WRN] The query uses a row limiting operator ('Skip'/'Take') without an 'OrderBy' operator. This may lead to unpredictable results. If the 'Distinct' operator is used after 'OrderBy', then make sure to use the 'OrderBy' operator after 'Distinct' as the ordering would otherwise get erased.
2026-07-25 17:21:52.138 +05:30 [WRN] The query uses a row limiting operator ('Skip'/'Take') without an 'OrderBy' operator. This may lead to unpredictable results. If the 'Distinct' operator is used after 'OrderBy', then make sure to use the 'OrderBy' operator after 'Distinct' as the ordering would otherwise get erased.
2026-07-25 17:21:52.278 +05:30 [INF] HTTP GET /api/admin/patients responded 200 in 224.3685 ms
2026-07-25 17:21:52.497 +05:30 [WRN] The query uses the 'First'/'FirstOrDefault' operator without 'OrderBy' and filter operators. This may lead to unpredictable results.
2026-07-25 17:21:52.573 +05:30 [INF] Dashboard appointment summary fetched successfully.
2026-07-25 17:21:52.582 +05:30 [INF] HTTP GET /api/admin/appointments/dashboard-summary responded 200 in 268.5561 ms
2026-07-25 17:21:55.116 +05:30 [INF] HTTP GET /api/admin/patients responded 200 in 16.6397 ms
2026-07-25 17:21:57.147 +05:30 [INF] HTTP GET /api/admin/doctors responded 200 in 24.5701 ms
2026-07-25 17:22:03.358 +05:30 [INF] HTTP GET /api/admin/doctors responded 200 in 10.3079 ms
2026-07-25 17:22:04.492 +05:30 [INF] Appointment report fetched. FromDate: "2026-07-19", ToDate: "2026-07-25", Count: 4
2026-07-25 17:22:04.521 +05:30 [INF] HTTP GET /api/admin/appointments/report responded 200 in 171.5966 ms
2026-07-25 17:22:11.807 +05:30 [INF] HTTP GET /api/admin/patients responded 200 in 21.1187 ms
2026-07-25 17:22:20.804 +05:30 [INF] HTTP GET /api/admin/doctors responded 200 in 18.9326 ms
2026-07-25 17:22:37.149 +05:30 [INF] HTTP GET /api/admin/doctors responded 200 in 23.6171 ms
2026-07-25 17:22:45.863 +05:30 [INF] HTTP GET /api/admin/doctors responded 200 in 8.5995 ms
2026-07-25 17:22:45.903 +05:30 [INF] HTTP GET /api/admin/doctors responded 200 in 19.1149 ms
2026-07-25 17:22:45.933 +05:30 [INF] HTTP GET /api/admin/patients responded 200 in 16.1615 ms
2026-07-25 17:22:45.988 +05:30 [INF] Dashboard appointment summary fetched successfully.
2026-07-25 17:22:45.993 +05:30 [INF] HTTP GET /api/admin/appointments/dashboard-summary responded 200 in 46.9337 ms
2026-07-25 17:22:47.127 +05:30 [INF] HTTP GET /api/admin/patients responded 200 in 10.0314 ms
2026-07-25 17:23:11.621 +05:30 [WRN] The query uses a row limiting operator ('Skip'/'Take') without an 'OrderBy' operator. This may lead to unpredictable results. If the 'Distinct' operator is used after 'OrderBy', then make sure to use the 'OrderBy' operator after 'Distinct' as the ordering would otherwise get erased.
2026-07-25 17:23:11.625 +05:30 [WRN] The query uses a row limiting operator ('Skip'/'Take') without an 'OrderBy' operator. This may lead to unpredictable results. If the 'Distinct' operator is used after 'OrderBy', then make sure to use the 'OrderBy' operator after 'Distinct' as the ordering would otherwise get erased.
2026-07-25 17:23:11.681 +05:30 [INF] HTTP GET /api/admin/patients responded 200 in 70.5102 ms
2026-07-25 17:23:13.742 +05:30 [INF] HTTP GET /api/admin/patients responded 200 in 10.6223 ms
2026-07-25 17:23:15.041 +05:30 [INF] HTTP GET /api/admin/patients responded 200 in 10.9342 ms
2026-07-25 17:23:17.299 +05:30 [INF] HTTP GET /api/admin/patients responded 200 in 10.3466 ms
2026-07-25 17:23:22.831 +05:30 [INF] HTTP PATCH /api/admin/patients/5/status responded 200 in 563.9542 ms
2026-07-25 17:23:22.859 +05:30 [INF] HTTP GET /api/admin/patients responded 200 in 8.9131 ms
2026-07-25 17:23:27.031 +05:30 [INF] HTTP PATCH /api/admin/patients/5/status responded 200 in 18.0111 ms
2026-07-25 17:23:27.057 +05:30 [INF] HTTP GET /api/admin/patients responded 200 in 10.0750 ms
2026-07-25 17:23:29.679 +05:30 [INF] HTTP GET /api/admin/doctors responded 200 in 12.9427 ms
2026-07-25 17:23:29.709 +05:30 [INF] HTTP GET /api/admin/doctors responded 200 in 10.3521 ms
2026-07-25 17:23:29.731 +05:30 [INF] HTTP GET /api/admin/patients responded 200 in 8.8559 ms
2026-07-25 17:23:29.751 +05:30 [INF] Dashboard appointment summary fetched successfully.
2026-07-25 17:23:29.755 +05:30 [INF] HTTP GET /api/admin/appointments/dashboard-summary responded 200 in 10.7617 ms
2026-07-25 17:23:32.667 +05:30 [INF] HTTP GET /angular/login responded 200 in 5.4230 ms
2026-07-25 17:23:43.141 +05:30 [INF] HTTP POST /api/auth/login responded 200 in 372.6158 ms
2026-07-25 17:23:43.168 +05:30 [INF] HTTP GET /angular/chunk-GUNBVS2N.js responded 304 in 2.2679 ms
2026-07-25 17:23:43.194 +05:30 [INF] HTTP GET /angular/chunk-UD45J2JE.js responded 304 in 1.8531 ms
2026-07-25 17:23:43.194 +05:30 [INF] HTTP GET /angular/chunk-4U7NVZA5.js responded 304 in 1.2934 ms
2026-07-25 17:23:43.327 +05:30 [INF] HTTP GET /api/records/my-records responded 200 in 98.8218 ms
2026-07-25 17:23:43.330 +05:30 [INF] Appointments fetched by patient. PatientId: 15, Count: 5
2026-07-25 17:23:43.346 +05:30 [INF] HTTP GET /api/appointments/patient/upcoming responded 200 in 118.0184 ms
2026-07-25 17:23:45.650 +05:30 [INF] HTTP GET /angular/chunk-ZJCWQ27L.js responded 304 in 0.7775 ms
2026-07-25 17:23:45.787 +05:30 [INF] HTTP GET /api/patients/profile responded 200 in 107.2303 ms
2026-07-25 17:23:47.233 +05:30 [INF] HTTP GET /angular/chunk-M2Q3GF4C.js responded 304 in 0.6592 ms
2026-07-25 17:23:47.249 +05:30 [INF] HTTP GET /angular/chunk-CVQPM2R7.js responded 304 in 0.7114 ms
2026-07-25 17:23:48.586 +05:30 [INF] HTTP GET /api/patients/profile responded 200 in 8.3919 ms
2026-07-25 17:26:13.642 +05:30 [INF] HTTP PUT /api/patients/profile responded 200 in 74.7860 ms
2026-07-25 17:26:15.223 +05:30 [INF] HTTP GET /api/patients/profile responded 200 in 14.4702 ms
2026-07-25 17:26:22.555 +05:30 [INF] HTTP PUT /api/patients/profile responded 200 in 31.9738 ms
2026-07-25 17:26:23.031 +05:30 [INF] Usage Telemetry: {"id":"a4380000-e56a-1944-0758-08deea430c58","created":"2026-07-25T17:21:22.3994011\u002B05:30","host":{"framework_version":"10.0.10","mass_transit_version":"8.5.10.0","operating_system_version":"Microsoft Windows NT 10.0.26200.0","time_zone_info":"(UTC\u002B05:30) Chennai, Kolkata, Mumbai, New Delhi","commit_hash":"62ab339afa3bac2e9b3fe1769d0d35d7e44778e9"},"bus":[{"created":"2026-07-25T17:21:22.4008384\u002B05:30","configured":"2026-07-25T17:21:22.6339569\u002B05:30","started":"2026-07-25T17:21:22.9496693\u002B05:30","name":"IBus","endpoints":[{"name":"appointment.events.queue","type":"RabbitMQ","prefetch_count":16,"consumer_count":1,"message_count":1},{"name":"_bus_","type":"RabbitMQ","prefetch_count":16}]}]}
2026-07-25 17:26:24.183 +05:30 [INF] HTTP GET /api/patients/profile responded 200 in 8.6681 ms
2026-07-25 17:28:11.663 +05:30 [INF] Application is shutting down...
2026-07-25 17:28:11.762 +05:30 [INF] Bus stopped: "rabbitmq://localhost/"
2026-07-25 17:40:39.620 +05:30 [INF] Configured endpoint appointment.events.queue, Consumer: HealthCare.Api.Messaging.AppointmentBookedConsumer
2026-07-25 17:40:39.904 +05:30 [INF] Now listening on: http://localhost:5225
2026-07-25 17:40:39.908 +05:30 [INF] Application started. Press Ctrl+C to shut down.
2026-07-25 17:40:39.911 +05:30 [INF] Hosting environment: Development
2026-07-25 17:40:39.914 +05:30 [INF] Content root path: C:\Users\310508\source\repos\UST-Live-01\HealthCare\HealthCare.Api
2026-07-25 17:40:40.079 +05:30 [INF] Bus started: "rabbitmq://localhost/"
2026-07-25 17:41:12.718 +05:30 [WRN] Failed to determine the https port for redirect.
2026-07-25 17:41:12.958 +05:30 [INF] HTTP GET /angular responded 200 in 340.7938 ms
2026-07-25 17:41:12.978 +05:30 [INF] HTTP GET /angular/chunk-FGZ52TTH.js responded 200 in 35.5830 ms
2026-07-25 17:41:13.004 +05:30 [INF] HTTP GET /angular/chunk-Z46JLXGG.js responded 200 in 69.9669 ms
2026-07-25 17:41:13.004 +05:30 [INF] HTTP GET /angular/styles-IRV2JRNT.css responded 200 in 69.0731 ms
2026-07-25 17:41:13.007 +05:30 [INF] HTTP GET /angular/main-OLFPX2N6.js responded 200 in 61.9212 ms
2026-07-25 17:41:13.253 +05:30 [INF] HTTP GET /angular/media/bootstrap-icons-CVBWLLHT.woff2 responded 200 in 19.2860 ms
2026-07-25 17:41:23.645 +05:30 [WRN] You do not have a valid license key for the Lucky Penny software AutoMapper. This is allowed for development and testing scenarios. If you are running in production you are required to have a licensed version. Please visit https://luckypennysoftware.com to obtain a valid license.
2026-07-25 17:41:25.206 +05:30 [INF] HTTP POST /api/auth/login responded 200 in 2153.0794 ms
2026-07-25 17:41:25.720 +05:30 [INF] HTTP GET /api/records/my-records responded 200 in 461.3502 ms
2026-07-25 17:41:26.305 +05:30 [INF] Appointments fetched by patient. PatientId: 15, Count: 5
2026-07-25 17:41:26.337 +05:30 [INF] HTTP GET /api/appointments/patient/upcoming responded 200 in 1078.7108 ms
2026-07-25 17:41:27.411 +05:30 [INF] HTTP GET /angular/chunk-E4BLVV27.js responded 200 in 3.5557 ms
2026-07-25 17:41:41.920 +05:30 [INF] HTTP GET /api/doctors/available responded 200 in 288.0215 ms
2026-07-25 17:41:43.795 +05:30 [WRN] Availability check failed. Appointments can only be booked from tomorrow onwards. DoctorId: 3, Date: "2026-07-25"
2026-07-25 17:41:43.820 +05:30 [INF] HTTP GET /api/appointments/available-slots responded 400 in 63.2564 ms
2026-07-25 17:42:02.851 +05:30 [INF] HTTP POST /api/auth/login responded 200 in 567.5859 ms
2026-07-25 17:42:02.880 +05:30 [INF] HTTP GET /angular/chunk-HC4MXPTS.js responded 200 in 7.6114 ms
2026-07-25 17:42:03.148 +05:30 [INF] HTTP GET /api/doctors/dashboard-summary responded 200 in 247.5772 ms
2026-07-25 17:42:06.157 +05:30 [INF] HTTP GET /angular/chunk-44ZYTCTA.js responded 200 in 3.4662 ms
2026-07-25 17:43:20.898 +05:30 [INF] HTTP POST /api/auth/login responded 200 in 355.6422 ms
2026-07-25 17:43:20.964 +05:30 [INF] HTTP GET /blazor/auth-callback responded 200 in 5.7204 ms
2026-07-25 17:43:21.000 +05:30 [INF] HTTP GET /blazor/HealthCare.Admin.styles.css responded 304 in 4.0311 ms
2026-07-25 17:43:21.010 +05:30 [INF] HTTP GET /blazor/_framework/dotnet.2uytkuyjho.js responded 304 in 15.7002 ms
2026-07-25 17:43:21.907 +05:30 [INF] HTTP GET /blazor/Home responded 200 in 2.2917 ms
2026-07-25 17:43:22.837 +05:30 [INF] HTTP GET /api/admin/doctors responded 200 in 175.4602 ms
2026-07-25 17:43:22.986 +05:30 [INF] HTTP GET /api/admin/doctors responded 200 in 77.8069 ms
2026-07-25 17:43:23.079 +05:30 [WRN] The query uses a row limiting operator ('Skip'/'Take') without an 'OrderBy' operator. This may lead to unpredictable results. If the 'Distinct' operator is used after 'OrderBy', then make sure to use the 'OrderBy' operator after 'Distinct' as the ordering would otherwise get erased.
2026-07-25 17:43:23.087 +05:30 [WRN] The query uses a row limiting operator ('Skip'/'Take') without an 'OrderBy' operator. This may lead to unpredictable results. If the 'Distinct' operator is used after 'OrderBy', then make sure to use the 'OrderBy' operator after 'Distinct' as the ordering would otherwise get erased.
2026-07-25 17:43:23.170 +05:30 [INF] HTTP GET /api/admin/patients responded 200 in 158.0797 ms
2026-07-25 17:43:23.388 +05:30 [WRN] The query uses the 'First'/'FirstOrDefault' operator without 'OrderBy' and filter operators. This may lead to unpredictable results.
2026-07-25 17:43:23.483 +05:30 [INF] Dashboard appointment summary fetched successfully.
2026-07-25 17:43:23.496 +05:30 [INF] HTTP GET /api/admin/appointments/dashboard-summary responded 200 in 287.5345 ms
2026-07-25 17:43:25.127 +05:30 [INF] HTTP GET /api/admin/patients responded 200 in 26.1581 ms
2026-07-25 17:43:27.727 +05:30 [INF] HTTP GET /api/admin/doctors responded 200 in 25.1019 ms
2026-07-25 17:43:30.852 +05:30 [INF] HTTP GET /api/admin/doctors responded 200 in 69.9704 ms
2026-07-25 17:43:32.570 +05:30 [INF] HTTP GET /api/admin/doctors responded 200 in 11.5740 ms
2026-07-25 17:43:36.064 +05:30 [INF] HTTP GET /api/admin/patients responded 200 in 35.7020 ms
2026-07-25 17:43:38.523 +05:30 [INF] HTTP GET /api/admin/doctors responded 200 in 13.0245 ms
2026-07-25 17:43:44.502 +05:30 [INF] HTTP PATCH /api/admin/doctors/2/status responded 200 in 509.3626 ms
2026-07-25 17:43:44.536 +05:30 [INF] HTTP GET /api/admin/doctors responded 200 in 10.6731 ms
2026-07-25 17:43:49.245 +05:30 [INF] HTTP PATCH /api/admin/doctors/2/status responded 200 in 19.4944 ms
2026-07-25 17:43:49.275 +05:30 [INF] HTTP GET /api/admin/doctors responded 200 in 11.2031 ms
2026-07-25 17:43:55.178 +05:30 [INF] HTTP GET /api/admin/doctors responded 200 in 46.7218 ms
2026-07-25 17:43:58.630 +05:30 [INF] HTTP GET /api/admin/doctors responded 200 in 11.1434 ms
2026-07-25 17:44:01.852 +05:30 [INF] HTTP GET /api/admin/patients responded 200 in 13.4202 ms
2026-07-25 17:44:05.626 +05:30 [WRN] The query uses a row limiting operator ('Skip'/'Take') without an 'OrderBy' operator. This may lead to unpredictable results. If the 'Distinct' operator is used after 'OrderBy', then make sure to use the 'OrderBy' operator after 'Distinct' as the ordering would otherwise get erased.
2026-07-25 17:44:05.631 +05:30 [WRN] The query uses a row limiting operator ('Skip'/'Take') without an 'OrderBy' operator. This may lead to unpredictable results. If the 'Distinct' operator is used after 'OrderBy', then make sure to use the 'OrderBy' operator after 'Distinct' as the ordering would otherwise get erased.
2026-07-25 17:44:05.658 +05:30 [INF] HTTP GET /api/admin/patients responded 200 in 82.5198 ms
2026-07-25 17:44:11.028 +05:30 [WRN] The query uses a row limiting operator ('Skip'/'Take') without an 'OrderBy' operator. This may lead to unpredictable results. If the 'Distinct' operator is used after 'OrderBy', then make sure to use the 'OrderBy' operator after 'Distinct' as the ordering would otherwise get erased.
2026-07-25 17:44:11.033 +05:30 [WRN] The query uses a row limiting operator ('Skip'/'Take') without an 'OrderBy' operator. This may lead to unpredictable results. If the 'Distinct' operator is used after 'OrderBy', then make sure to use the 'OrderBy' operator after 'Distinct' as the ordering would otherwise get erased.
2026-07-25 17:44:11.064 +05:30 [INF] HTTP GET /api/admin/patients responded 200 in 82.4199 ms
2026-07-25 17:44:19.749 +05:30 [INF] HTTP GET /api/admin/patients responded 200 in 15.9801 ms
2026-07-25 17:44:21.908 +05:30 [WRN] The query uses a row limiting operator ('Skip'/'Take') without an 'OrderBy' operator. This may lead to unpredictable results. If the 'Distinct' operator is used after 'OrderBy', then make sure to use the 'OrderBy' operator after 'Distinct' as the ordering would otherwise get erased.
2026-07-25 17:44:21.914 +05:30 [WRN] The query uses a row limiting operator ('Skip'/'Take') without an 'OrderBy' operator. This may lead to unpredictable results. If the 'Distinct' operator is used after 'OrderBy', then make sure to use the 'OrderBy' operator after 'Distinct' as the ordering would otherwise get erased.
2026-07-25 17:44:21.950 +05:30 [INF] HTTP GET /api/admin/patients responded 200 in 52.2744 ms
2026-07-25 17:44:30.867 +05:30 [INF] HTTP GET /api/admin/patients responded 200 in 43.6161 ms
2026-07-25 17:44:36.733 +05:30 [INF] HTTP GET /api/admin/doctors responded 200 in 30.6842 ms
2026-07-25 17:44:38.748 +05:30 [INF] Appointment report fetched. FromDate: "2026-07-19", ToDate: "2026-07-25", Count: 4
2026-07-25 17:44:38.766 +05:30 [INF] HTTP GET /api/admin/appointments/report responded 200 in 134.3666 ms
2026-07-25 17:44:42.922 +05:30 [INF] HTTP GET /api/admin/patients responded 200 in 22.1863 ms
2026-07-25 17:44:46.282 +05:30 [INF] HTTP GET /api/admin/patients responded 200 in 16.0640 ms
2026-07-25 17:44:48.700 +05:30 [INF] HTTP GET /api/admin/patients responded 200 in 32.3285 ms
2026-07-25 17:44:59.919 +05:30 [ERR] An exception occurred in the database while saving changes for context type 'HealthCare.Api.Data.HealthCareDbContext'.
Microsoft.EntityFrameworkCore.DbUpdateException: An error occurred while saving the entity changes. See the inner exception for details.
 ---> Microsoft.Data.SqlClient.SqlException (0x80131904): The DELETE statement conflicted with the REFERENCE constraint "FK_Appointments_Patients_PatientId". The conflict occurred in database "HealthCareDb", table "dbo.Appointments", column 'PatientId'.
   at Microsoft.Data.SqlClient.SqlConnection.OnError(SqlException exception, Boolean breakConnection, Action`1 wrapCloseInAction)
   at Microsoft.Data.SqlClient.SqlInternalConnection.OnError(SqlException exception, Boolean breakConnection, Action`1 wrapCloseInAction)
   at Microsoft.Data.SqlClient.TdsParser.ThrowExceptionAndWarning(TdsParserStateObject stateObj, SqlCommand command, Boolean callerHasConnectionLock, Boolean asyncClose)
   at Microsoft.Data.SqlClient.TdsParser.TryRun(RunBehavior runBehavior, SqlCommand cmdHandler, SqlDataReader dataStream, BulkCopySimpleResultSet bulkCopyHandler, TdsParserStateObject stateObj, Boolean& dataReady)
   at Microsoft.Data.SqlClient.SqlDataReader.TryHasMoreRows(Boolean& moreRows)
   at Microsoft.Data.SqlClient.SqlDataReader.TryReadInternal(Boolean setTimeout, Boolean& more)
   at Microsoft.Data.SqlClient.SqlDataReader.ReadAsyncExecute(Task task, Object state)
   at Microsoft.Data.SqlClient.SqlDataReader.InvokeAsyncCall[T](SqlDataReaderBaseAsyncCallContext`1 context)
--- End of stack trace from previous location ---
   at Microsoft.EntityFrameworkCore.Update.AffectedCountModificationCommandBatch.ConsumeResultSetWithRowsAffectedOnlyAsync(Int32 commandIndex, RelationalDataReader reader, CancellationToken cancellationToken)
   at Microsoft.EntityFrameworkCore.Update.AffectedCountModificationCommandBatch.ConsumeAsync(RelationalDataReader reader, CancellationToken cancellationToken)
ClientConnectionId:d5091f85-5ade-4416-b9e2-06d66212f165
Error Number:547,State:0,Class:16
   --- End of inner exception stack trace ---
   at Microsoft.EntityFrameworkCore.Update.AffectedCountModificationCommandBatch.ConsumeAsync(RelationalDataReader reader, CancellationToken cancellationToken)
   at Microsoft.EntityFrameworkCore.Update.ReaderModificationCommandBatch.ExecuteAsync(IRelationalConnection connection, CancellationToken cancellationToken)
   at Microsoft.EntityFrameworkCore.Update.ReaderModificationCommandBatch.ExecuteAsync(IRelationalConnection connection, CancellationToken cancellationToken)
   at Microsoft.EntityFrameworkCore.SqlServer.Update.Internal.SqlServerModificationCommandBatch.ExecuteAsync(IRelationalConnection connection, CancellationToken cancellationToken)
   at Microsoft.EntityFrameworkCore.Update.Internal.BatchExecutor.ExecuteAsync(IEnumerable`1 commandBatches, IRelationalConnection connection, CancellationToken cancellationToken)
   at Microsoft.EntityFrameworkCore.Update.Internal.BatchExecutor.ExecuteAsync(IEnumerable`1 commandBatches, IRelationalConnection connection, CancellationToken cancellationToken)
   at Microsoft.EntityFrameworkCore.Update.Internal.BatchExecutor.ExecuteAsync(IEnumerable`1 commandBatches, IRelationalConnection connection, CancellationToken cancellationToken)
   at Microsoft.EntityFrameworkCore.Storage.RelationalDatabase.SaveChangesAsync(IList`1 entries, CancellationToken cancellationToken)
   at Microsoft.EntityFrameworkCore.ChangeTracking.Internal.StateManager.SaveChangesAsync(IList`1 entriesToSave, CancellationToken cancellationToken)
   at Microsoft.EntityFrameworkCore.ChangeTracking.Internal.StateManager.SaveChangesAsync(StateManager stateManager, Boolean acceptAllChangesOnSuccess, CancellationToken cancellationToken)
   at Microsoft.EntityFrameworkCore.SqlServer.Storage.Internal.SqlServerExecutionStrategy.ExecuteAsync[TState,TResult](TState state, Func`4 operation, Func`4 verifySucceeded, CancellationToken cancellationToken)
   at Microsoft.EntityFrameworkCore.DbContext.SaveChangesAsync(Boolean acceptAllChangesOnSuccess, CancellationToken cancellationToken)
Microsoft.EntityFrameworkCore.DbUpdateException: An error occurred while saving the entity changes. See the inner exception for details.
 ---> Microsoft.Data.SqlClient.SqlException (0x80131904): The DELETE statement conflicted with the REFERENCE constraint "FK_Appointments_Patients_PatientId". The conflict occurred in database "HealthCareDb", table "dbo.Appointments", column 'PatientId'.
   at Microsoft.Data.SqlClient.SqlConnection.OnError(SqlException exception, Boolean breakConnection, Action`1 wrapCloseInAction)
   at Microsoft.Data.SqlClient.SqlInternalConnection.OnError(SqlException exception, Boolean breakConnection, Action`1 wrapCloseInAction)
   at Microsoft.Data.SqlClient.TdsParser.ThrowExceptionAndWarning(TdsParserStateObject stateObj, SqlCommand command, Boolean callerHasConnectionLock, Boolean asyncClose)
   at Microsoft.Data.SqlClient.TdsParser.TryRun(RunBehavior runBehavior, SqlCommand cmdHandler, SqlDataReader dataStream, BulkCopySimpleResultSet bulkCopyHandler, TdsParserStateObject stateObj, Boolean& dataReady)
   at Microsoft.Data.SqlClient.SqlDataReader.TryHasMoreRows(Boolean& moreRows)
   at Microsoft.Data.SqlClient.SqlDataReader.TryReadInternal(Boolean setTimeout, Boolean& more)
   at Microsoft.Data.SqlClient.SqlDataReader.ReadAsyncExecute(Task task, Object state)
   at Microsoft.Data.SqlClient.SqlDataReader.InvokeAsyncCall[T](SqlDataReaderBaseAsyncCallContext`1 context)
--- End of stack trace from previous location ---
   at Microsoft.EntityFrameworkCore.Update.AffectedCountModificationCommandBatch.ConsumeResultSetWithRowsAffectedOnlyAsync(Int32 commandIndex, RelationalDataReader reader, CancellationToken cancellationToken)
   at Microsoft.EntityFrameworkCore.Update.AffectedCountModificationCommandBatch.ConsumeAsync(RelationalDataReader reader, CancellationToken cancellationToken)
ClientConnectionId:d5091f85-5ade-4416-b9e2-06d66212f165
Error Number:547,State:0,Class:16
   --- End of inner exception stack trace ---
   at Microsoft.EntityFrameworkCore.Update.AffectedCountModificationCommandBatch.ConsumeAsync(RelationalDataReader reader, CancellationToken cancellationToken)
   at Microsoft.EntityFrameworkCore.Update.ReaderModificationCommandBatch.ExecuteAsync(IRelationalConnection connection, CancellationToken cancellationToken)
   at Microsoft.EntityFrameworkCore.Update.ReaderModificationCommandBatch.ExecuteAsync(IRelationalConnection connection, CancellationToken cancellationToken)
   at Microsoft.EntityFrameworkCore.SqlServer.Update.Internal.SqlServerModificationCommandBatch.ExecuteAsync(IRelationalConnection connection, CancellationToken cancellationToken)
   at Microsoft.EntityFrameworkCore.Update.Internal.BatchExecutor.ExecuteAsync(IEnumerable`1 commandBatches, IRelationalConnection connection, CancellationToken cancellationToken)
   at Microsoft.EntityFrameworkCore.Update.Internal.BatchExecutor.ExecuteAsync(IEnumerable`1 commandBatches, IRelationalConnection connection, CancellationToken cancellationToken)
   at Microsoft.EntityFrameworkCore.Update.Internal.BatchExecutor.ExecuteAsync(IEnumerable`1 commandBatches, IRelationalConnection connection, CancellationToken cancellationToken)
   at Microsoft.EntityFrameworkCore.Storage.RelationalDatabase.SaveChangesAsync(IList`1 entries, CancellationToken cancellationToken)
   at Microsoft.EntityFrameworkCore.ChangeTracking.Internal.StateManager.SaveChangesAsync(IList`1 entriesToSave, CancellationToken cancellationToken)
   at Microsoft.EntityFrameworkCore.ChangeTracking.Internal.StateManager.SaveChangesAsync(StateManager stateManager, Boolean acceptAllChangesOnSuccess, CancellationToken cancellationToken)
   at Microsoft.EntityFrameworkCore.SqlServer.Storage.Internal.SqlServerExecutionStrategy.ExecuteAsync[TState,TResult](TState state, Func`4 operation, Func`4 verifySucceeded, CancellationToken cancellationToken)
   at Microsoft.EntityFrameworkCore.DbContext.SaveChangesAsync(Boolean acceptAllChangesOnSuccess, CancellationToken cancellationToken)
2026-07-25 17:44:59.979 +05:30 [ERR] Exception occurred while processing DELETE /api/admin/patients/14
System.InvalidOperationException: Failed to delete patient. It may be referenced by existing appointments or health records.
 ---> Microsoft.EntityFrameworkCore.DbUpdateException: An error occurred while saving the entity changes. See the inner exception for details.
 ---> Microsoft.Data.SqlClient.SqlException (0x80131904): The DELETE statement conflicted with the REFERENCE constraint "FK_Appointments_Patients_PatientId". The conflict occurred in database "HealthCareDb", table "dbo.Appointments", column 'PatientId'.
   at Microsoft.Data.SqlClient.SqlConnection.OnError(SqlException exception, Boolean breakConnection, Action`1 wrapCloseInAction)
   at Microsoft.Data.SqlClient.SqlInternalConnection.OnError(SqlException exception, Boolean breakConnection, Action`1 wrapCloseInAction)
   at Microsoft.Data.SqlClient.TdsParser.ThrowExceptionAndWarning(TdsParserStateObject stateObj, SqlCommand command, Boolean callerHasConnectionLock, Boolean asyncClose)
   at Microsoft.Data.SqlClient.TdsParser.TryRun(RunBehavior runBehavior, SqlCommand cmdHandler, SqlDataReader dataStream, BulkCopySimpleResultSet bulkCopyHandler, TdsParserStateObject stateObj, Boolean& dataReady)
   at Microsoft.Data.SqlClient.SqlDataReader.TryHasMoreRows(Boolean& moreRows)
   at Microsoft.Data.SqlClient.SqlDataReader.TryReadInternal(Boolean setTimeout, Boolean& more)
   at Microsoft.Data.SqlClient.SqlDataReader.ReadAsyncExecute(Task task, Object state)
   at Microsoft.Data.SqlClient.SqlDataReader.InvokeAsyncCall[T](SqlDataReaderBaseAsyncCallContext`1 context)
--- End of stack trace from previous location ---
   at Microsoft.EntityFrameworkCore.Update.AffectedCountModificationCommandBatch.ConsumeResultSetWithRowsAffectedOnlyAsync(Int32 commandIndex, RelationalDataReader reader, CancellationToken cancellationToken)
   at Microsoft.EntityFrameworkCore.Update.AffectedCountModificationCommandBatch.ConsumeAsync(RelationalDataReader reader, CancellationToken cancellationToken)
ClientConnectionId:d5091f85-5ade-4416-b9e2-06d66212f165
Error Number:547,State:0,Class:16
   --- End of inner exception stack trace ---
   at Microsoft.EntityFrameworkCore.Update.AffectedCountModificationCommandBatch.ConsumeAsync(RelationalDataReader reader, CancellationToken cancellationToken)
   at Microsoft.EntityFrameworkCore.Update.ReaderModificationCommandBatch.ExecuteAsync(IRelationalConnection connection, CancellationToken cancellationToken)
   at Microsoft.EntityFrameworkCore.Update.ReaderModificationCommandBatch.ExecuteAsync(IRelationalConnection connection, CancellationToken cancellationToken)
   at Microsoft.EntityFrameworkCore.SqlServer.Update.Internal.SqlServerModificationCommandBatch.ExecuteAsync(IRelationalConnection connection, CancellationToken cancellationToken)
   at Microsoft.EntityFrameworkCore.Update.Internal.BatchExecutor.ExecuteAsync(IEnumerable`1 commandBatches, IRelationalConnection connection, CancellationToken cancellationToken)
   at Microsoft.EntityFrameworkCore.Update.Internal.BatchExecutor.ExecuteAsync(IEnumerable`1 commandBatches, IRelationalConnection connection, CancellationToken cancellationToken)
   at Microsoft.EntityFrameworkCore.Update.Internal.BatchExecutor.ExecuteAsync(IEnumerable`1 commandBatches, IRelationalConnection connection, CancellationToken cancellationToken)
   at Microsoft.EntityFrameworkCore.Storage.RelationalDatabase.SaveChangesAsync(IList`1 entries, CancellationToken cancellationToken)
   at Microsoft.EntityFrameworkCore.ChangeTracking.Internal.StateManager.SaveChangesAsync(IList`1 entriesToSave, CancellationToken cancellationToken)
   at Microsoft.EntityFrameworkCore.ChangeTracking.Internal.StateManager.SaveChangesAsync(StateManager stateManager, Boolean acceptAllChangesOnSuccess, CancellationToken cancellationToken)
   at Microsoft.EntityFrameworkCore.SqlServer.Storage.Internal.SqlServerExecutionStrategy.ExecuteAsync[TState,TResult](TState state, Func`4 operation, Func`4 verifySucceeded, CancellationToken cancellationToken)
   at Microsoft.EntityFrameworkCore.DbContext.SaveChangesAsync(Boolean acceptAllChangesOnSuccess, CancellationToken cancellationToken)
   at Microsoft.EntityFrameworkCore.DbContext.SaveChangesAsync(Boolean acceptAllChangesOnSuccess, CancellationToken cancellationToken)
   at HealthCare.Api.Services.Implementations.PatientService.DeleteAsync(Int32 id) in C:\Users\310508\source\repos\UST-Live-01\HealthCare\HealthCare.Api\Services\Implementations\PatientService.cs:line 155
   --- End of inner exception stack trace ---
   at HealthCare.Api.Services.Implementations.PatientService.DeleteAsync(Int32 id) in C:\Users\310508\source\repos\UST-Live-01\HealthCare\HealthCare.Api\Services\Implementations\PatientService.cs:line 159
   at HealthCare.Api.Controllers.PatientAdminController.DeletePatient(Int32 id) in C:\Users\310508\source\repos\UST-Live-01\HealthCare\HealthCare.Api\Controllers\PatientAdminController.cs:line 76
   at Microsoft.AspNetCore.Mvc.Infrastructure.ActionMethodExecutor.TaskOfIActionResultExecutor.Execute(ActionContext actionContext, IActionResultTypeMapper mapper, ObjectMethodExecutor executor, Object controller, Object[] arguments)
   at Microsoft.AspNetCore.Mvc.Infrastructure.ControllerActionInvoker.<InvokeActionMethodAsync>g__Awaited|12_0(ControllerActionInvoker invoker, ValueTask`1 actionResultValueTask)
   at Microsoft.AspNetCore.Mvc.Infrastructure.ControllerActionInvoker.<InvokeNextActionFilterAsync>g__Awaited|10_0(ControllerActionInvoker invoker, Task lastTask, State next, Scope scope, Object state, Boolean isCompleted)
   at Microsoft.AspNetCore.Mvc.Infrastructure.ControllerActionInvoker.Rethrow(ActionExecutedContextSealed context)
   at Microsoft.AspNetCore.Mvc.Infrastructure.ControllerActionInvoker.Next(State& next, Scope& scope, Object& state, Boolean& isCompleted)
   at Microsoft.AspNetCore.Mvc.Infrastructure.ControllerActionInvoker.<InvokeInnerFilterAsync>g__Awaited|13_0(ControllerActionInvoker invoker, Task lastTask, State next, Scope scope, Object state, Boolean isCompleted)
   at Microsoft.AspNetCore.Mvc.Infrastructure.ResourceInvoker.<InvokeFilterPipelineAsync>g__Awaited|20_0(ResourceInvoker invoker, Task lastTask, State next, Scope scope, Object state, Boolean isCompleted)
   at Microsoft.AspNetCore.Mvc.Infrastructure.ResourceInvoker.<InvokeAsync>g__Awaited|17_0(ResourceInvoker invoker, Task task, IDisposable scope)
   at Microsoft.AspNetCore.Mvc.Infrastructure.ResourceInvoker.<InvokeAsync>g__Awaited|17_0(ResourceInvoker invoker, Task task, IDisposable scope)
   at Microsoft.AspNetCore.Authorization.AuthorizationMiddleware.Invoke(HttpContext context)
   at Microsoft.AspNetCore.Authentication.AuthenticationMiddleware.Invoke(HttpContext context)
   at Swashbuckle.AspNetCore.SwaggerUI.SwaggerUIMiddleware.Invoke(HttpContext httpContext)
   at Swashbuckle.AspNetCore.Swagger.SwaggerMiddleware.Invoke(HttpContext httpContext, ISwaggerProvider swaggerProvider)
   at Microsoft.AspNetCore.Diagnostics.ExceptionHandlerMiddlewareImpl.<Invoke>g__Awaited|10_0(ExceptionHandlerMiddlewareImpl middleware, HttpContext context, Task task)
2026-07-25 17:45:00.072 +05:30 [INF] HTTP DELETE /api/admin/patients/14 responded 400 in 403.4490 ms
2026-07-25 17:45:14.703 +05:30 [INF] HTTP GET /.well-known/appspecific/com.chrome.devtools.json responded 404 in 3.8667 ms
2026-07-25 17:45:14.814 +05:30 [INF] HTTP GET /blazor/_framework/dotnet.runtime.js.map responded 404 in 1.7940 ms
2026-07-25 17:45:40.173 +05:30 [INF] Usage Telemetry: {"id":"f0530000-e56a-1944-0f0e-08deea45be13","created":"2026-07-25T17:40:39.5753092\u002B05:30","host":{"framework_version":"10.0.10","mass_transit_version":"8.5.10.0","operating_system_version":"Microsoft Windows NT 10.0.26200.0","time_zone_info":"(UTC\u002B05:30) Chennai, Kolkata, Mumbai, New Delhi","commit_hash":"62ab339afa3bac2e9b3fe1769d0d35d7e44778e9"},"bus":[{"created":"2026-07-25T17:40:39.5768779\u002B05:30","configured":"2026-07-25T17:40:39.7576118\u002B05:30","started":"2026-07-25T17:40:40.0774329\u002B05:30","name":"IBus","endpoints":[{"name":"appointment.events.queue","type":"RabbitMQ","prefetch_count":16,"consumer_count":1,"message_count":1},{"name":"_bus_","type":"RabbitMQ","prefetch_count":16}]}]}
2026-07-25 17:45:45.414 +05:30 [INF] HTTP GET /angular/login responded 200 in 8.0812 ms
2026-07-25 17:45:45.446 +05:30 [INF] HTTP GET /angular/chunk-Z46JLXGG.js responded 304 in 2.2910 ms
2026-07-25 17:45:45.446 +05:30 [INF] HTTP GET /angular/chunk-FGZ52TTH.js responded 304 in 9.9664 ms
2026-07-25 17:45:45.447 +05:30 [INF] HTTP GET /angular/main-OLFPX2N6.js responded 304 in 0.6631 ms
2026-07-25 17:45:45.450 +05:30 [INF] HTTP GET /angular/styles-IRV2JRNT.css responded 304 in 0.8692 ms
2026-07-25 17:46:57.250 +05:30 [INF] HTTP POST /api/auth/register/patient responded 200 in 1028.9587 ms
2026-07-25 17:47:27.054 +05:30 [INF] HTTP POST /api/auth/login responded 200 in 364.2089 ms
2026-07-25 17:47:27.088 +05:30 [INF] HTTP GET /angular/chunk-GUNBVS2N.js responded 200 in 6.3797 ms
2026-07-25 17:47:27.110 +05:30 [INF] HTTP GET /angular/chunk-UD45J2JE.js responded 200 in 11.7975 ms
2026-07-25 17:47:27.128 +05:30 [INF] HTTP GET /angular/chunk-4U7NVZA5.js responded 200 in 12.6659 ms
2026-07-25 17:47:27.205 +05:30 [INF] HTTP GET /api/records/my-records responded 200 in 47.7979 ms
2026-07-25 17:47:27.806 +05:30 [INF] Appointments fetched by patient. PatientId: 1015, Count: 0
2026-07-25 17:47:27.815 +05:30 [INF] HTTP GET /api/appointments/patient/upcoming responded 200 in 657.7287 ms
2026-07-25 17:47:29.000 +05:30 [INF] HTTP GET /angular/chunk-ZJCWQ27L.js responded 200 in 4.4281 ms
2026-07-25 17:47:29.141 +05:30 [INF] HTTP GET /api/patients/profile responded 200 in 115.0797 ms
2026-07-25 17:47:31.843 +05:30 [INF] HTTP GET /angular/chunk-E4BLVV27.js responded 304 in 0.6974 ms
2026-07-25 17:47:31.863 +05:30 [INF] HTTP GET /angular/chunk-CVQPM2R7.js responded 200 in 4.0892 ms
2026-07-25 17:47:32.775 +05:30 [INF] HTTP GET /angular/chunk-7BY2KJ25.js responded 200 in 2.7678 ms
2026-07-25 17:47:32.813 +05:30 [INF] Appointments fetched by patient. PatientId: 1015, Count: 0
2026-07-25 17:47:32.822 +05:30 [INF] HTTP GET /api/appointments/patient/upcoming responded 200 in 15.2730 ms
2026-07-25 17:47:33.586 +05:30 [INF] HTTP GET /angular/chunk-HVUTMVFT.js responded 200 in 3.8546 ms
2026-07-25 17:47:33.611 +05:30 [INF] HTTP GET /angular/chunk-6HEYECZY.js responded 200 in 3.8892 ms
2026-07-25 17:47:33.635 +05:30 [INF] HTTP GET /api/records/my-records responded 200 in 12.6211 ms
2026-07-25 17:47:41.346 +05:30 [INF] HTTP POST /api/auth/login responded 200 in 314.4310 ms
2026-07-25 17:47:41.397 +05:30 [INF] HTTP GET /blazor/auth-callback responded 200 in 3.3482 ms
2026-07-25 17:47:41.431 +05:30 [INF] HTTP GET /blazor/_framework/dotnet.2uytkuyjho.js responded 304 in 3.3802 ms
2026-07-25 17:47:42.345 +05:30 [INF] HTTP GET /blazor/Home responded 200 in 2.1933 ms
2026-07-25 17:47:43.106 +05:30 [INF] HTTP GET /api/admin/doctors responded 200 in 19.3929 ms
2026-07-25 17:47:43.195 +05:30 [INF] HTTP GET /api/admin/doctors responded 200 in 22.6589 ms
2026-07-25 17:47:43.232 +05:30 [INF] HTTP GET /api/admin/patients responded 200 in 18.0677 ms
2026-07-25 17:47:43.293 +05:30 [INF] Dashboard appointment summary fetched successfully.
2026-07-25 17:47:43.298 +05:30 [INF] HTTP GET /api/admin/appointments/dashboard-summary responded 200 in 29.5678 ms
2026-07-25 17:47:44.197 +05:30 [INF] HTTP GET /api/admin/patients responded 200 in 10.7114 ms
2026-07-25 17:47:47.613 +05:30 [INF] HTTP GET /api/admin/patients responded 200 in 22.1581 ms
2026-07-25 17:47:53.247 +05:30 [INF] HTTP GET /api/admin/patients responded 200 in 22.3771 ms
2026-07-25 17:47:55.777 +05:30 [INF] HTTP GET /api/admin/patients responded 200 in 14.4542 ms
2026-07-25 17:47:57.680 +05:30 [INF] HTTP GET /api/admin/patients responded 200 in 10.4899 ms
2026-07-25 17:49:14.136 +05:30 [INF] HTTP DELETE /api/admin/patients/1015 responded 200 in 64.5130 ms
2026-07-25 17:49:14.169 +05:30 [INF] HTTP GET /api/admin/patients responded 200 in 16.5250 ms
2026-07-25 17:49:17.241 +05:30 [INF] HTTP GET /api/admin/doctors responded 200 in 24.8952 ms
2026-07-25 17:49:17.278 +05:30 [INF] HTTP GET /api/admin/doctors responded 200 in 20.2450 ms
2026-07-25 17:49:17.306 +05:30 [INF] HTTP GET /api/admin/patients responded 200 in 8.9817 ms
2026-07-25 17:49:17.345 +05:30 [INF] Dashboard appointment summary fetched successfully.
2026-07-25 17:49:17.350 +05:30 [INF] HTTP GET /api/admin/appointments/dashboard-summary responded 200 in 27.1272 ms
2026-07-25 17:49:18.620 +05:30 [INF] HTTP GET /api/admin/patients responded 200 in 11.2892 ms
2026-07-25 17:49:20.936 +05:30 [INF] HTTP GET /api/admin/doctors responded 200 in 16.9029 ms
2026-07-25 17:49:24.998 +05:30 [INF] HTTP GET /api/admin/doctors responded 200 in 17.9885 ms
2026-07-25 17:49:26.758 +05:30 [INF] HTTP GET /api/admin/doctors responded 200 in 9.3265 ms
2026-07-25 17:49:30.062 +05:30 [INF] Appointment report fetched. FromDate: "2026-07-19", ToDate: "2026-07-25", Count: 4
2026-07-25 17:49:30.070 +05:30 [INF] HTTP GET /api/admin/appointments/report responded 200 in 47.4630 ms
2026-07-25 17:49:34.748 +05:30 [INF] HTTP GET /api/admin/doctors responded 200 in 14.2169 ms
2026-07-25 17:49:37.681 +05:30 [INF] HTTP GET /api/admin/doctors responded 200 in 9.5240 ms
2026-07-25 17:49:45.036 +05:30 [ERR] An exception occurred in the database while saving changes for context type 'HealthCare.Api.Data.HealthCareDbContext'.
Microsoft.EntityFrameworkCore.DbUpdateException: An error occurred while saving the entity changes. See the inner exception for details.
 ---> Microsoft.Data.SqlClient.SqlException (0x80131904): The DELETE statement conflicted with the REFERENCE constraint "FK_Appointments_Doctors_DoctorId". The conflict occurred in database "HealthCareDb", table "dbo.Appointments", column 'DoctorId'.
   at Microsoft.Data.SqlClient.SqlConnection.OnError(SqlException exception, Boolean breakConnection, Action`1 wrapCloseInAction)
   at Microsoft.Data.SqlClient.SqlInternalConnection.OnError(SqlException exception, Boolean breakConnection, Action`1 wrapCloseInAction)
   at Microsoft.Data.SqlClient.TdsParser.ThrowExceptionAndWarning(TdsParserStateObject stateObj, SqlCommand command, Boolean callerHasConnectionLock, Boolean asyncClose)
   at Microsoft.Data.SqlClient.TdsParser.TryRun(RunBehavior runBehavior, SqlCommand cmdHandler, SqlDataReader dataStream, BulkCopySimpleResultSet bulkCopyHandler, TdsParserStateObject stateObj, Boolean& dataReady)
   at Microsoft.Data.SqlClient.SqlDataReader.TryHasMoreRows(Boolean& moreRows)
   at Microsoft.Data.SqlClient.SqlDataReader.TryReadInternal(Boolean setTimeout, Boolean& more)
   at Microsoft.Data.SqlClient.SqlDataReader.ReadAsyncExecute(Task task, Object state)
   at Microsoft.Data.SqlClient.SqlDataReader.InvokeAsyncCall[T](SqlDataReaderBaseAsyncCallContext`1 context)
--- End of stack trace from previous location ---
   at Microsoft.EntityFrameworkCore.Update.AffectedCountModificationCommandBatch.ConsumeResultSetWithRowsAffectedOnlyAsync(Int32 commandIndex, RelationalDataReader reader, CancellationToken cancellationToken)
   at Microsoft.EntityFrameworkCore.Update.AffectedCountModificationCommandBatch.ConsumeAsync(RelationalDataReader reader, CancellationToken cancellationToken)
ClientConnectionId:5b51f392-ecb2-49e3-8469-1108d7669e2c
Error Number:547,State:0,Class:16
   --- End of inner exception stack trace ---
   at Microsoft.EntityFrameworkCore.Update.AffectedCountModificationCommandBatch.ConsumeAsync(RelationalDataReader reader, CancellationToken cancellationToken)
   at Microsoft.EntityFrameworkCore.Update.ReaderModificationCommandBatch.ExecuteAsync(IRelationalConnection connection, CancellationToken cancellationToken)
   at Microsoft.EntityFrameworkCore.Update.ReaderModificationCommandBatch.ExecuteAsync(IRelationalConnection connection, CancellationToken cancellationToken)
   at Microsoft.EntityFrameworkCore.SqlServer.Update.Internal.SqlServerModificationCommandBatch.ExecuteAsync(IRelationalConnection connection, CancellationToken cancellationToken)
   at Microsoft.EntityFrameworkCore.Update.Internal.BatchExecutor.ExecuteAsync(IEnumerable`1 commandBatches, IRelationalConnection connection, CancellationToken cancellationToken)
   at Microsoft.EntityFrameworkCore.Update.Internal.BatchExecutor.ExecuteAsync(IEnumerable`1 commandBatches, IRelationalConnection connection, CancellationToken cancellationToken)
   at Microsoft.EntityFrameworkCore.Update.Internal.BatchExecutor.ExecuteAsync(IEnumerable`1 commandBatches, IRelationalConnection connection, CancellationToken cancellationToken)
   at Microsoft.EntityFrameworkCore.Storage.RelationalDatabase.SaveChangesAsync(IList`1 entries, CancellationToken cancellationToken)
   at Microsoft.EntityFrameworkCore.ChangeTracking.Internal.StateManager.SaveChangesAsync(IList`1 entriesToSave, CancellationToken cancellationToken)
   at Microsoft.EntityFrameworkCore.ChangeTracking.Internal.StateManager.SaveChangesAsync(StateManager stateManager, Boolean acceptAllChangesOnSuccess, CancellationToken cancellationToken)
   at Microsoft.EntityFrameworkCore.SqlServer.Storage.Internal.SqlServerExecutionStrategy.ExecuteAsync[TState,TResult](TState state, Func`4 operation, Func`4 verifySucceeded, CancellationToken cancellationToken)
   at Microsoft.EntityFrameworkCore.DbContext.SaveChangesAsync(Boolean acceptAllChangesOnSuccess, CancellationToken cancellationToken)
Microsoft.EntityFrameworkCore.DbUpdateException: An error occurred while saving the entity changes. See the inner exception for details.
 ---> Microsoft.Data.SqlClient.SqlException (0x80131904): The DELETE statement conflicted with the REFERENCE constraint "FK_Appointments_Doctors_DoctorId". The conflict occurred in database "HealthCareDb", table "dbo.Appointments", column 'DoctorId'.
   at Microsoft.Data.SqlClient.SqlConnection.OnError(SqlException exception, Boolean breakConnection, Action`1 wrapCloseInAction)
   at Microsoft.Data.SqlClient.SqlInternalConnection.OnError(SqlException exception, Boolean breakConnection, Action`1 wrapCloseInAction)
   at Microsoft.Data.SqlClient.TdsParser.ThrowExceptionAndWarning(TdsParserStateObject stateObj, SqlCommand command, Boolean callerHasConnectionLock, Boolean asyncClose)
   at Microsoft.Data.SqlClient.TdsParser.TryRun(RunBehavior runBehavior, SqlCommand cmdHandler, SqlDataReader dataStream, BulkCopySimpleResultSet bulkCopyHandler, TdsParserStateObject stateObj, Boolean& dataReady)
   at Microsoft.Data.SqlClient.SqlDataReader.TryHasMoreRows(Boolean& moreRows)
   at Microsoft.Data.SqlClient.SqlDataReader.TryReadInternal(Boolean setTimeout, Boolean& more)
   at Microsoft.Data.SqlClient.SqlDataReader.ReadAsyncExecute(Task task, Object state)
   at Microsoft.Data.SqlClient.SqlDataReader.InvokeAsyncCall[T](SqlDataReaderBaseAsyncCallContext`1 context)
--- End of stack trace from previous location ---
   at Microsoft.EntityFrameworkCore.Update.AffectedCountModificationCommandBatch.ConsumeResultSetWithRowsAffectedOnlyAsync(Int32 commandIndex, RelationalDataReader reader, CancellationToken cancellationToken)
   at Microsoft.EntityFrameworkCore.Update.AffectedCountModificationCommandBatch.ConsumeAsync(RelationalDataReader reader, CancellationToken cancellationToken)
ClientConnectionId:5b51f392-ecb2-49e3-8469-1108d7669e2c
Error Number:547,State:0,Class:16
   --- End of inner exception stack trace ---
   at Microsoft.EntityFrameworkCore.Update.AffectedCountModificationCommandBatch.ConsumeAsync(RelationalDataReader reader, CancellationToken cancellationToken)
   at Microsoft.EntityFrameworkCore.Update.ReaderModificationCommandBatch.ExecuteAsync(IRelationalConnection connection, CancellationToken cancellationToken)
   at Microsoft.EntityFrameworkCore.Update.ReaderModificationCommandBatch.ExecuteAsync(IRelationalConnection connection, CancellationToken cancellationToken)
   at Microsoft.EntityFrameworkCore.SqlServer.Update.Internal.SqlServerModificationCommandBatch.ExecuteAsync(IRelationalConnection connection, CancellationToken cancellationToken)
   at Microsoft.EntityFrameworkCore.Update.Internal.BatchExecutor.ExecuteAsync(IEnumerable`1 commandBatches, IRelationalConnection connection, CancellationToken cancellationToken)
   at Microsoft.EntityFrameworkCore.Update.Internal.BatchExecutor.ExecuteAsync(IEnumerable`1 commandBatches, IRelationalConnection connection, CancellationToken cancellationToken)
   at Microsoft.EntityFrameworkCore.Update.Internal.BatchExecutor.ExecuteAsync(IEnumerable`1 commandBatches, IRelationalConnection connection, CancellationToken cancellationToken)
   at Microsoft.EntityFrameworkCore.Storage.RelationalDatabase.SaveChangesAsync(IList`1 entries, CancellationToken cancellationToken)
   at Microsoft.EntityFrameworkCore.ChangeTracking.Internal.StateManager.SaveChangesAsync(IList`1 entriesToSave, CancellationToken cancellationToken)
   at Microsoft.EntityFrameworkCore.ChangeTracking.Internal.StateManager.SaveChangesAsync(StateManager stateManager, Boolean acceptAllChangesOnSuccess, CancellationToken cancellationToken)
   at Microsoft.EntityFrameworkCore.SqlServer.Storage.Internal.SqlServerExecutionStrategy.ExecuteAsync[TState,TResult](TState state, Func`4 operation, Func`4 verifySucceeded, CancellationToken cancellationToken)
   at Microsoft.EntityFrameworkCore.DbContext.SaveChangesAsync(Boolean acceptAllChangesOnSuccess, CancellationToken cancellationToken)
2026-07-25 17:49:45.083 +05:30 [ERR] Exception occurred while processing DELETE /api/admin/doctors/4
System.InvalidOperationException: Failed to delete Doctor. It may be referenced by existing appointments or health records.
 ---> Microsoft.EntityFrameworkCore.DbUpdateException: An error occurred while saving the entity changes. See the inner exception for details.
 ---> Microsoft.Data.SqlClient.SqlException (0x80131904): The DELETE statement conflicted with the REFERENCE constraint "FK_Appointments_Doctors_DoctorId". The conflict occurred in database "HealthCareDb", table "dbo.Appointments", column 'DoctorId'.
   at Microsoft.Data.SqlClient.SqlConnection.OnError(SqlException exception, Boolean breakConnection, Action`1 wrapCloseInAction)
   at Microsoft.Data.SqlClient.SqlInternalConnection.OnError(SqlException exception, Boolean breakConnection, Action`1 wrapCloseInAction)
   at Microsoft.Data.SqlClient.TdsParser.ThrowExceptionAndWarning(TdsParserStateObject stateObj, SqlCommand command, Boolean callerHasConnectionLock, Boolean asyncClose)
   at Microsoft.Data.SqlClient.TdsParser.TryRun(RunBehavior runBehavior, SqlCommand cmdHandler, SqlDataReader dataStream, BulkCopySimpleResultSet bulkCopyHandler, TdsParserStateObject stateObj, Boolean& dataReady)
   at Microsoft.Data.SqlClient.SqlDataReader.TryHasMoreRows(Boolean& moreRows)
   at Microsoft.Data.SqlClient.SqlDataReader.TryReadInternal(Boolean setTimeout, Boolean& more)
   at Microsoft.Data.SqlClient.SqlDataReader.ReadAsyncExecute(Task task, Object state)
   at Microsoft.Data.SqlClient.SqlDataReader.InvokeAsyncCall[T](SqlDataReaderBaseAsyncCallContext`1 context)
--- End of stack trace from previous location ---
   at Microsoft.EntityFrameworkCore.Update.AffectedCountModificationCommandBatch.ConsumeResultSetWithRowsAffectedOnlyAsync(Int32 commandIndex, RelationalDataReader reader, CancellationToken cancellationToken)
   at Microsoft.EntityFrameworkCore.Update.AffectedCountModificationCommandBatch.ConsumeAsync(RelationalDataReader reader, CancellationToken cancellationToken)
ClientConnectionId:5b51f392-ecb2-49e3-8469-1108d7669e2c
Error Number:547,State:0,Class:16
   --- End of inner exception stack trace ---
   at Microsoft.EntityFrameworkCore.Update.AffectedCountModificationCommandBatch.ConsumeAsync(RelationalDataReader reader, CancellationToken cancellationToken)
   at Microsoft.EntityFrameworkCore.Update.ReaderModificationCommandBatch.ExecuteAsync(IRelationalConnection connection, CancellationToken cancellationToken)
   at Microsoft.EntityFrameworkCore.Update.ReaderModificationCommandBatch.ExecuteAsync(IRelationalConnection connection, CancellationToken cancellationToken)
   at Microsoft.EntityFrameworkCore.SqlServer.Update.Internal.SqlServerModificationCommandBatch.ExecuteAsync(IRelationalConnection connection, CancellationToken cancellationToken)
   at Microsoft.EntityFrameworkCore.Update.Internal.BatchExecutor.ExecuteAsync(IEnumerable`1 commandBatches, IRelationalConnection connection, CancellationToken cancellationToken)
   at Microsoft.EntityFrameworkCore.Update.Internal.BatchExecutor.ExecuteAsync(IEnumerable`1 commandBatches, IRelationalConnection connection, CancellationToken cancellationToken)
   at Microsoft.EntityFrameworkCore.Update.Internal.BatchExecutor.ExecuteAsync(IEnumerable`1 commandBatches, IRelationalConnection connection, CancellationToken cancellationToken)
   at Microsoft.EntityFrameworkCore.Storage.RelationalDatabase.SaveChangesAsync(IList`1 entries, CancellationToken cancellationToken)
   at Microsoft.EntityFrameworkCore.ChangeTracking.Internal.StateManager.SaveChangesAsync(IList`1 entriesToSave, CancellationToken cancellationToken)
   at Microsoft.EntityFrameworkCore.ChangeTracking.Internal.StateManager.SaveChangesAsync(StateManager stateManager, Boolean acceptAllChangesOnSuccess, CancellationToken cancellationToken)
   at Microsoft.EntityFrameworkCore.SqlServer.Storage.Internal.SqlServerExecutionStrategy.ExecuteAsync[TState,TResult](TState state, Func`4 operation, Func`4 verifySucceeded, CancellationToken cancellationToken)
   at Microsoft.EntityFrameworkCore.DbContext.SaveChangesAsync(Boolean acceptAllChangesOnSuccess, CancellationToken cancellationToken)
   at Microsoft.EntityFrameworkCore.DbContext.SaveChangesAsync(Boolean acceptAllChangesOnSuccess, CancellationToken cancellationToken)
   at HealthCare.Api.Services.Implementations.DoctorService.DeleteAsync(Int32 id) in C:\Users\310508\source\repos\UST-Live-01\HealthCare\HealthCare.Api\Services\Implementations\DoctorService.cs:line 175
   --- End of inner exception stack trace ---
   at HealthCare.Api.Services.Implementations.DoctorService.DeleteAsync(Int32 id) in C:\Users\310508\source\repos\UST-Live-01\HealthCare\HealthCare.Api\Services\Implementations\DoctorService.cs:line 179
   at HealthCare.Api.Controllers.DoctorAdminController.DeleteDoctor(Int32 id) in C:\Users\310508\source\repos\UST-Live-01\HealthCare\HealthCare.Api\Controllers\DoctorAdminController.cs:line 68
   at Microsoft.AspNetCore.Mvc.Infrastructure.ActionMethodExecutor.TaskOfIActionResultExecutor.Execute(ActionContext actionContext, IActionResultTypeMapper mapper, ObjectMethodExecutor executor, Object controller, Object[] arguments)
   at Microsoft.AspNetCore.Mvc.Infrastructure.ControllerActionInvoker.<InvokeActionMethodAsync>g__Awaited|12_0(ControllerActionInvoker invoker, ValueTask`1 actionResultValueTask)
   at Microsoft.AspNetCore.Mvc.Infrastructure.ControllerActionInvoker.<InvokeNextActionFilterAsync>g__Awaited|10_0(ControllerActionInvoker invoker, Task lastTask, State next, Scope scope, Object state, Boolean isCompleted)
   at Microsoft.AspNetCore.Mvc.Infrastructure.ControllerActionInvoker.Rethrow(ActionExecutedContextSealed context)
   at Microsoft.AspNetCore.Mvc.Infrastructure.ControllerActionInvoker.Next(State& next, Scope& scope, Object& state, Boolean& isCompleted)
   at Microsoft.AspNetCore.Mvc.Infrastructure.ControllerActionInvoker.<InvokeInnerFilterAsync>g__Awaited|13_0(ControllerActionInvoker invoker, Task lastTask, State next, Scope scope, Object state, Boolean isCompleted)
   at Microsoft.AspNetCore.Mvc.Infrastructure.ResourceInvoker.<InvokeFilterPipelineAsync>g__Awaited|20_0(ResourceInvoker invoker, Task lastTask, State next, Scope scope, Object state, Boolean isCompleted)
   at Microsoft.AspNetCore.Mvc.Infrastructure.ResourceInvoker.<InvokeAsync>g__Awaited|17_0(ResourceInvoker invoker, Task task, IDisposable scope)
   at Microsoft.AspNetCore.Mvc.Infrastructure.ResourceInvoker.<InvokeAsync>g__Awaited|17_0(ResourceInvoker invoker, Task task, IDisposable scope)
   at Microsoft.AspNetCore.Authorization.AuthorizationMiddleware.Invoke(HttpContext context)
   at Microsoft.AspNetCore.Authentication.AuthenticationMiddleware.Invoke(HttpContext context)
   at Swashbuckle.AspNetCore.SwaggerUI.SwaggerUIMiddleware.Invoke(HttpContext httpContext)
   at Swashbuckle.AspNetCore.Swagger.SwaggerMiddleware.Invoke(HttpContext httpContext, ISwaggerProvider swaggerProvider)
   at Microsoft.AspNetCore.Diagnostics.ExceptionHandlerMiddlewareImpl.<Invoke>g__Awaited|10_0(ExceptionHandlerMiddlewareImpl middleware, HttpContext context, Task task)
2026-07-25 17:49:45.143 +05:30 [INF] HTTP DELETE /api/admin/doctors/4 responded 400 in 223.1672 ms
2026-07-25 17:49:50.466 +05:30 [INF] HTTP GET /.well-known/appspecific/com.chrome.devtools.json responded 404 in 1.4721 ms
2026-07-25 17:49:50.935 +05:30 [INF] HTTP GET /blazor/_framework/dotnet.runtime.js.map responded 404 in 2.3038 ms
2026-07-25 17:50:08.239 +05:30 [INF] HTTP GET /blazor/doctor responded 200 in 3.1700 ms
2026-07-25 17:50:09.216 +05:30 [INF] HTTP GET /api/admin/doctors responded 200 in 34.1608 ms
2026-07-25 17:50:12.328 +05:30 [INF] HTTP GET /api/admin/patients responded 200 in 19.9190 ms
2026-07-25 17:50:15.208 +05:30 [INF] Appointment report fetched. FromDate: "2026-07-19", ToDate: "2026-07-25", Count: 4
2026-07-25 17:50:15.216 +05:30 [INF] HTTP GET /api/admin/appointments/report responded 200 in 52.2464 ms
2026-07-25 17:50:17.697 +05:30 [INF] HTTP GET /api/admin/doctors responded 200 in 14.6216 ms
2026-07-25 17:50:18.636 +05:30 [INF] HTTP GET /api/admin/doctors responded 200 in 12.8358 ms
2026-07-25 17:50:18.671 +05:30 [INF] HTTP GET /api/admin/doctors responded 200 in 18.4223 ms
2026-07-25 17:50:18.697 +05:30 [INF] HTTP GET /api/admin/patients responded 200 in 9.5286 ms
2026-07-25 17:50:18.737 +05:30 [INF] Dashboard appointment summary fetched successfully.
2026-07-25 17:50:18.744 +05:30 [INF] HTTP GET /api/admin/appointments/dashboard-summary responded 200 in 30.3843 ms
2026-07-25 17:50:22.585 +05:30 [INF] HTTP GET /angular/login responded 200 in 1.4576 ms
2026-07-25 17:50:22.610 +05:30 [INF] HTTP GET /angular/chunk-FGZ52TTH.js responded 304 in 0.9127 ms
2026-07-25 17:50:22.611 +05:30 [INF] HTTP GET /angular/chunk-Z46JLXGG.js responded 304 in 0.5761 ms
2026-07-25 17:50:22.616 +05:30 [INF] HTTP GET /angular/main-OLFPX2N6.js responded 304 in 0.7282 ms
2026-07-25 17:50:22.617 +05:30 [INF] HTTP GET /angular/styles-IRV2JRNT.css responded 304 in 0.6942 ms
2026-07-25 17:50:38.077 +05:30 [INF] Application is shutting down...
2026-07-25 17:50:38.182 +05:30 [INF] Bus stopped: "rabbitmq://localhost/"
