[2026-07-15 12:12:23.573 +05:30 INF] HealthApp.Api.BackgroundServices.HeartbeatBackgroundService HealthAxis Heartbeat Background Service started.+++++++++++++
[2026-07-15 12:12:23.684 +05:30 INF] HealthApp.Api.BackgroundServices.HeartbeatBackgroundService HealthAxis heartbeat running at "2026-07-15T12:12:23.6833263+05:30"------------
[2026-07-15 12:12:23.755 +05:30 INF] Microsoft.Hosting.Lifetime Now listening on: http://localhost:5066
[2026-07-15 12:12:23.845 +05:30 INF] MassTransit Bus started: "rabbitmq://localhost/"
[2026-07-15 12:12:23.881 +05:30 INF] Microsoft.Hosting.Lifetime Application started. Press Ctrl+C to shut down.
[2026-07-15 12:12:23.882 +05:30 INF] Microsoft.Hosting.Lifetime Hosting environment: Development
[2026-07-15 12:12:23.884 +05:30 INF] Microsoft.Hosting.Lifetime Content root path: C:\Users\310208\source\repos\Sprint 4\UST-Live-01\HealthApp.Api
[2026-07-15 12:12:33.706 +05:30 INF] HealthApp.Api.BackgroundServices.HeartbeatBackgroundService HealthAxis heartbeat running at "2026-07-15T12:12:33.7065099+05:30"------------
[2026-07-15 12:12:43.713 +05:30 INF] HealthApp.Api.BackgroundServices.HeartbeatBackgroundService HealthAxis heartbeat running at "2026-07-15T12:12:43.7135775+05:30"------------
[2026-07-15 12:12:53.719 +05:30 INF] HealthApp.Api.BackgroundServices.HeartbeatBackgroundService HealthAxis heartbeat running at "2026-07-15T12:12:53.7193469+05:30"------------
[2026-07-15 12:13:03.724 +05:30 INF] HealthApp.Api.BackgroundServices.HeartbeatBackgroundService HealthAxis heartbeat running at "2026-07-15T12:13:03.7242211+05:30"------------
[2026-07-15 12:13:13.732 +05:30 INF] HealthApp.Api.BackgroundServices.HeartbeatBackgroundService HealthAxis heartbeat running at "2026-07-15T12:13:13.7320860+05:30"------------
[2026-07-15 12:13:23.740 +05:30 INF] HealthApp.Api.BackgroundServices.HeartbeatBackgroundService HealthAxis heartbeat running at "2026-07-15T12:13:23.7400187+05:30"------------
[2026-07-15 12:13:33.784 +05:30 INF] HealthApp.Api.BackgroundServices.HeartbeatBackgroundService HealthAxis heartbeat running at "2026-07-15T12:13:33.7847612+05:30"------------
[2026-07-15 12:13:43.803 +05:30 INF] HealthApp.Api.BackgroundServices.HeartbeatBackgroundService HealthAxis heartbeat running at "2026-07-15T12:13:43.8029672+05:30"------------
[2026-07-15 12:13:53.810 +05:30 INF] HealthApp.Api.BackgroundServices.HeartbeatBackgroundService HealthAxis heartbeat running at "2026-07-15T12:13:53.8105326+05:30"------------
[2026-07-15 12:14:03.824 +05:30 INF] HealthApp.Api.BackgroundServices.HeartbeatBackgroundService HealthAxis heartbeat running at "2026-07-15T12:14:03.8248688+05:30"------------
[2026-07-15 12:14:13.832 +05:30 INF] HealthApp.Api.BackgroundServices.HeartbeatBackgroundService HealthAxis heartbeat running at "2026-07-15T12:14:13.8319720+05:30"------------
[2026-07-15 12:14:23.842 +05:30 INF] HealthApp.Api.BackgroundServices.HeartbeatBackgroundService HealthAxis heartbeat running at "2026-07-15T12:14:23.8427210+05:30"------------
[2026-07-15 12:14:33.856 +05:30 INF] HealthApp.Api.BackgroundServices.HeartbeatBackgroundService HealthAxis heartbeat running at "2026-07-15T12:14:33.8559788+05:30"------------
[2026-07-15 12:14:43.869 +05:30 INF] HealthApp.Api.BackgroundServices.HeartbeatBackgroundService HealthAxis heartbeat running at "2026-07-15T12:14:43.8688546+05:30"------------
[2026-07-15 12:14:53.889 +05:30 INF] HealthApp.Api.BackgroundServices.HeartbeatBackgroundService HealthAxis heartbeat running at "2026-07-15T12:14:53.8889292+05:30"------------
[2026-07-15 12:15:03.908 +05:30 INF] HealthApp.Api.BackgroundServices.HeartbeatBackgroundService HealthAxis heartbeat running at "2026-07-15T12:15:03.9079674+05:30"------------
[2026-07-15 12:15:13.919 +05:30 INF] HealthApp.Api.BackgroundServices.HeartbeatBackgroundService HealthAxis heartbeat running at "2026-07-15T12:15:13.9188947+05:30"------------
[2026-07-15 12:15:23.927 +05:30 INF] HealthApp.Api.BackgroundServices.HeartbeatBackgroundService HealthAxis heartbeat running at "2026-07-15T12:15:23.9269844+05:30"------------
[2026-07-15 12:15:33.945 +05:30 INF] HealthApp.Api.BackgroundServices.HeartbeatBackgroundService HealthAxis heartbeat running at "2026-07-15T12:15:33.9458397+05:30"------------
[2026-07-15 12:15:43.968 +05:30 INF] HealthApp.Api.BackgroundServices.HeartbeatBackgroundService HealthAxis heartbeat running at "2026-07-15T12:15:43.9678813+05:30"------------
[2026-07-15 12:15:53.993 +05:30 INF] HealthApp.Api.BackgroundServices.HeartbeatBackgroundService HealthAxis heartbeat running at "2026-07-15T12:15:53.9932113+05:30"------------
[2026-07-15 12:16:04.000 +05:30 INF] HealthApp.Api.BackgroundServices.HeartbeatBackgroundService HealthAxis heartbeat running at "2026-07-15T12:16:03.9996061+05:30"------------
[2026-07-15 12:16:14.015 +05:30 INF] HealthApp.Api.BackgroundServices.HeartbeatBackgroundService HealthAxis heartbeat running at "2026-07-15T12:16:14.0150475+05:30"------------
[2026-07-15 12:16:24.033 +05:30 INF] HealthApp.Api.BackgroundServices.HeartbeatBackgroundService HealthAxis heartbeat running at "2026-07-15T12:16:24.0336955+05:30"------------
[2026-07-15 12:16:34.041 +05:30 INF] HealthApp.Api.BackgroundServices.HeartbeatBackgroundService HealthAxis heartbeat running at "2026-07-15T12:16:34.0414586+05:30"------------
[2026-07-15 12:16:44.056 +05:30 INF] HealthApp.Api.BackgroundServices.HeartbeatBackgroundService HealthAxis heartbeat running at "2026-07-15T12:16:44.0564199+05:30"------------
[2026-07-15 12:16:54.064 +05:30 INF] HealthApp.Api.BackgroundServices.HeartbeatBackgroundService HealthAxis heartbeat running at "2026-07-15T12:16:54.0642526+05:30"------------
[2026-07-15 12:17:04.110 +05:30 INF] HealthApp.Api.BackgroundServices.HeartbeatBackgroundService HealthAxis heartbeat running at "2026-07-15T12:17:04.1108327+05:30"------------
[2026-07-15 12:17:14.120 +05:30 INF] HealthApp.Api.BackgroundServices.HeartbeatBackgroundService HealthAxis heartbeat running at "2026-07-15T12:17:14.1201418+05:30"------------
[2026-07-15 12:17:24.123 +05:30 INF] HealthApp.Api.BackgroundServices.HeartbeatBackgroundService HealthAxis heartbeat running at "2026-07-15T12:17:24.1236201+05:30"------------
[2026-07-15 12:17:34.131 +05:30 INF] HealthApp.Api.BackgroundServices.HeartbeatBackgroundService HealthAxis heartbeat running at "2026-07-15T12:17:34.1303356+05:30"------------
[2026-07-15 12:17:44.140 +05:30 INF] HealthApp.Api.BackgroundServices.HeartbeatBackgroundService HealthAxis heartbeat running at "2026-07-15T12:17:44.1400939+05:30"------------
[2026-07-15 12:17:54.150 +05:30 INF] HealthApp.Api.BackgroundServices.HeartbeatBackgroundService HealthAxis heartbeat running at "2026-07-15T12:17:54.1508259+05:30"------------
[2026-07-15 12:18:04.158 +05:30 INF] HealthApp.Api.BackgroundServices.HeartbeatBackgroundService HealthAxis heartbeat running at "2026-07-15T12:18:04.1585397+05:30"------------
[2026-07-15 12:18:14.163 +05:30 INF] HealthApp.Api.BackgroundServices.HeartbeatBackgroundService HealthAxis heartbeat running at "2026-07-15T12:18:14.1637032+05:30"------------
[2026-07-15 12:18:24.170 +05:30 INF] HealthApp.Api.BackgroundServices.HeartbeatBackgroundService HealthAxis heartbeat running at "2026-07-15T12:18:24.1705297+05:30"------------
[2026-07-15 12:18:34.180 +05:30 INF] HealthApp.Api.BackgroundServices.HeartbeatBackgroundService HealthAxis heartbeat running at "2026-07-15T12:18:34.1805202+05:30"------------
[2026-07-15 12:18:44.198 +05:30 INF] HealthApp.Api.BackgroundServices.HeartbeatBackgroundService HealthAxis heartbeat running at "2026-07-15T12:18:44.1984939+05:30"------------
[2026-07-15 12:18:54.212 +05:30 INF] HealthApp.Api.BackgroundServices.HeartbeatBackgroundService HealthAxis heartbeat running at "2026-07-15T12:18:54.2121473+05:30"------------
[2026-07-15 12:19:04.229 +05:30 INF] HealthApp.Api.BackgroundServices.HeartbeatBackgroundService HealthAxis heartbeat running at "2026-07-15T12:19:04.2299065+05:30"------------
[2026-07-15 12:19:14.236 +05:30 INF] HealthApp.Api.BackgroundServices.HeartbeatBackgroundService HealthAxis heartbeat running at "2026-07-15T12:19:14.2363943+05:30"------------
[2026-07-15 12:19:24.250 +05:30 INF] HealthApp.Api.BackgroundServices.HeartbeatBackgroundService HealthAxis heartbeat running at "2026-07-15T12:19:24.2500943+05:30"------------
[2026-07-15 12:19:34.260 +05:30 INF] HealthApp.Api.BackgroundServices.HeartbeatBackgroundService HealthAxis heartbeat running at "2026-07-15T12:19:34.2607433+05:30"------------
[2026-07-15 12:19:44.265 +05:30 INF] HealthApp.Api.BackgroundServices.HeartbeatBackgroundService HealthAxis heartbeat running at "2026-07-15T12:19:44.2658359+05:30"------------
[2026-07-15 12:19:54.281 +05:30 INF] HealthApp.Api.BackgroundServices.HeartbeatBackgroundService HealthAxis heartbeat running at "2026-07-15T12:19:54.2819173+05:30"------------
[2026-07-15 12:20:04.293 +05:30 INF] HealthApp.Api.BackgroundServices.HeartbeatBackgroundService HealthAxis heartbeat running at "2026-07-15T12:20:04.2934907+05:30"------------
[2026-07-15 12:20:14.486 +05:30 INF] HealthApp.Api.BackgroundServices.HeartbeatBackgroundService HealthAxis heartbeat running at "2026-07-15T12:20:14.4867632+05:30"------------
[2026-07-15 12:20:24.496 +05:30 INF] HealthApp.Api.BackgroundServices.HeartbeatBackgroundService HealthAxis heartbeat running at "2026-07-15T12:20:24.4966408+05:30"------------
[2026-07-15 12:20:34.499 +05:30 INF] HealthApp.Api.BackgroundServices.HeartbeatBackgroundService HealthAxis heartbeat running at "2026-07-15T12:20:34.4999219+05:30"------------
[2026-07-15 12:20:44.515 +05:30 INF] HealthApp.Api.BackgroundServices.HeartbeatBackgroundService HealthAxis heartbeat running at "2026-07-15T12:20:44.5149948+05:30"------------
[2026-07-15 12:20:54.534 +05:30 INF] HealthApp.Api.BackgroundServices.HeartbeatBackgroundService HealthAxis heartbeat running at "2026-07-15T12:20:54.5340947+05:30"------------
[2026-07-15 12:21:04.551 +05:30 INF] HealthApp.Api.BackgroundServices.HeartbeatBackgroundService HealthAxis heartbeat running at "2026-07-15T12:21:04.5516636+05:30"------------
[2026-07-15 12:21:14.559 +05:30 INF] HealthApp.Api.BackgroundServices.HeartbeatBackgroundService HealthAxis heartbeat running at "2026-07-15T12:21:14.5596724+05:30"------------
[2026-07-15 12:21:22.874 +05:30 INF] Serilog.AspNetCore.RequestLoggingMiddleware HTTP OPTIONS /api/auth/login responded 204 in 27.8241 ms
[2026-07-15 12:21:22.935 +05:30 WRN] Microsoft.AspNetCore.HttpsPolicy.HttpsRedirectionMiddleware Failed to determine the https port for redirect.
[2026-07-15 12:21:24.430 +05:30 INF] Serilog.AspNetCore.RequestLoggingMiddleware HTTP POST /api/auth/login responded 200 in 1504.2590 ms
[2026-07-15 12:21:24.454 +05:30 INF] Serilog.AspNetCore.RequestLoggingMiddleware HTTP OPTIONS /api/PatientApi/me responded 204 in 1.0608 ms
[2026-07-15 12:21:24.574 +05:30 INF] HealthApp.Api.BackgroundServices.HeartbeatBackgroundService HealthAxis heartbeat running at "2026-07-15T12:21:24.5741028+05:30"------------
[2026-07-15 12:21:24.806 +05:30 WRN] LuckyPennySoftware.AutoMapper.License You do not have a valid license key for the Lucky Penny software AutoMapper. This is allowed for development and testing scenarios. If you are running in production you are required to have a licensed version. Please visit https://luckypennysoftware.com to obtain a valid license.
[2026-07-15 12:21:24.914 +05:30 INF] Serilog.AspNetCore.RequestLoggingMiddleware HTTP GET /api/PatientApi/me responded 200 in 455.0556 ms
[2026-07-15 12:21:24.920 +05:30 INF] Serilog.AspNetCore.RequestLoggingMiddleware HTTP OPTIONS /api/appointments/me responded 204 in 0.1692 ms
[2026-07-15 12:21:24.922 +05:30 INF] Serilog.AspNetCore.RequestLoggingMiddleware HTTP OPTIONS /api/HealthRecordApi/me responded 204 in 0.1001 ms
[2026-07-15 12:21:25.219 +05:30 INF] Serilog.AspNetCore.RequestLoggingMiddleware HTTP GET /api/HealthRecordApi/me responded 200 in 293.0621 ms
[2026-07-15 12:21:25.379 +05:30 INF] Serilog.AspNetCore.RequestLoggingMiddleware HTTP GET /api/appointments/me responded 200 in 452.3983 ms
[2026-07-15 12:21:27.387 +05:30 INF] Serilog.AspNetCore.RequestLoggingMiddleware HTTP GET /api/appointments/me responded 200 in 28.5388 ms
[2026-07-15 12:21:34.579 +05:30 INF] HealthApp.Api.BackgroundServices.HeartbeatBackgroundService HealthAxis heartbeat running at "2026-07-15T12:21:34.5789538+05:30"------------
[2026-07-15 12:21:38.968 +05:30 INF] Serilog.AspNetCore.RequestLoggingMiddleware HTTP OPTIONS /api/doctors/activedoctors responded 204 in 0.1508 ms
[2026-07-15 12:21:39.727 +05:30 INF] Serilog.AspNetCore.RequestLoggingMiddleware HTTP GET /api/doctors/activedoctors responded 200 in 751.5142 ms
[2026-07-15 12:21:40.968 +05:30 INF] Serilog.AspNetCore.RequestLoggingMiddleware HTTP OPTIONS /api/HealthRecordApi/me responded 204 in 0.1377 ms
[2026-07-15 12:21:40.992 +05:30 INF] Serilog.AspNetCore.RequestLoggingMiddleware HTTP GET /api/HealthRecordApi/me responded 200 in 20.1431 ms
[2026-07-15 12:21:42.493 +05:30 INF] Serilog.AspNetCore.RequestLoggingMiddleware HTTP OPTIONS /api/PatientApi/me responded 204 in 0.1613 ms
[2026-07-15 12:21:42.512 +05:30 INF] Serilog.AspNetCore.RequestLoggingMiddleware HTTP GET /api/PatientApi/me responded 200 in 12.4309 ms
[2026-07-15 12:21:42.521 +05:30 INF] Serilog.AspNetCore.RequestLoggingMiddleware HTTP OPTIONS /api/appointments/me responded 204 in 0.5379 ms
[2026-07-15 12:21:42.548 +05:30 INF] Serilog.AspNetCore.RequestLoggingMiddleware HTTP GET /api/HealthRecordApi/me responded 200 in 27.2678 ms
[2026-07-15 12:21:42.563 +05:30 INF] Serilog.AspNetCore.RequestLoggingMiddleware HTTP GET /api/appointments/me responded 200 in 36.4092 ms
[2026-07-15 12:21:44.592 +05:30 INF] HealthApp.Api.BackgroundServices.HeartbeatBackgroundService HealthAxis heartbeat running at "2026-07-15T12:21:44.5924220+05:30"------------
[2026-07-15 12:21:54.600 +05:30 INF] HealthApp.Api.BackgroundServices.HeartbeatBackgroundService HealthAxis heartbeat running at "2026-07-15T12:21:54.6006042+05:30"------------
[2026-07-15 12:22:04.617 +05:30 INF] HealthApp.Api.BackgroundServices.HeartbeatBackgroundService HealthAxis heartbeat running at "2026-07-15T12:22:04.6169469+05:30"------------
[2026-07-15 12:22:06.532 +05:30 INF] Serilog.AspNetCore.RequestLoggingMiddleware HTTP OPTIONS /api/appointments/16/cancel responded 204 in 0.1475 ms
[2026-07-15 12:22:06.851 +05:30 INF] Serilog.AspNetCore.RequestLoggingMiddleware HTTP PUT /api/appointments/16/cancel responded 200 in 307.8455 ms
[2026-07-15 12:22:06.856 +05:30 INF] Serilog.AspNetCore.RequestLoggingMiddleware HTTP OPTIONS /api/appointments/me responded 204 in 0.0859 ms
[2026-07-15 12:22:06.875 +05:30 INF] Serilog.AspNetCore.RequestLoggingMiddleware HTTP GET /api/appointments/me responded 200 in 15.0760 ms
[2026-07-15 12:22:12.462 +05:30 INF] Serilog.AspNetCore.RequestLoggingMiddleware HTTP OPTIONS /api/doctors/activedoctors responded 204 in 0.1080 ms
[2026-07-15 12:22:12.529 +05:30 INF] Serilog.AspNetCore.RequestLoggingMiddleware HTTP GET /api/doctors/activedoctors responded 200 in 54.2719 ms
[2026-07-15 12:22:13.325 +05:30 INF] Serilog.AspNetCore.RequestLoggingMiddleware HTTP OPTIONS /api/appointments/me responded 204 in 0.1914 ms
[2026-07-15 12:22:13.364 +05:30 INF] Serilog.AspNetCore.RequestLoggingMiddleware HTTP GET /api/appointments/me responded 200 in 28.8280 ms
[2026-07-15 12:22:14.630 +05:30 INF] HealthApp.Api.BackgroundServices.HeartbeatBackgroundService HealthAxis heartbeat running at "2026-07-15T12:22:14.6306508+05:30"------------
[2026-07-15 12:22:24.640 +05:30 INF] HealthApp.Api.BackgroundServices.HeartbeatBackgroundService HealthAxis heartbeat running at "2026-07-15T12:22:24.6405140+05:30"------------
[2026-07-15 12:22:34.664 +05:30 INF] HealthApp.Api.BackgroundServices.HeartbeatBackgroundService HealthAxis heartbeat running at "2026-07-15T12:22:34.6644307+05:30"------------
[2026-07-15 12:22:44.685 +05:30 INF] HealthApp.Api.BackgroundServices.HeartbeatBackgroundService HealthAxis heartbeat running at "2026-07-15T12:22:44.6851225+05:30"------------
[2026-07-15 12:22:54.698 +05:30 INF] HealthApp.Api.BackgroundServices.HeartbeatBackgroundService HealthAxis heartbeat running at "2026-07-15T12:22:54.6988307+05:30"------------
[2026-07-15 12:23:04.712 +05:30 INF] HealthApp.Api.BackgroundServices.HeartbeatBackgroundService HealthAxis heartbeat running at "2026-07-15T12:23:04.7124182+05:30"------------
[2026-07-15 12:23:14.723 +05:30 INF] HealthApp.Api.BackgroundServices.HeartbeatBackgroundService HealthAxis heartbeat running at "2026-07-15T12:23:14.7236075+05:30"------------
[2026-07-15 12:23:24.733 +05:30 INF] HealthApp.Api.BackgroundServices.HeartbeatBackgroundService HealthAxis heartbeat running at "2026-07-15T12:23:24.7332261+05:30"------------
[2026-07-15 12:23:34.737 +05:30 INF] HealthApp.Api.BackgroundServices.HeartbeatBackgroundService HealthAxis heartbeat running at "2026-07-15T12:23:34.7371863+05:30"------------
[2026-07-15 12:23:44.745 +05:30 INF] HealthApp.Api.BackgroundServices.HeartbeatBackgroundService HealthAxis heartbeat running at "2026-07-15T12:23:44.7454710+05:30"------------
[2026-07-15 12:23:54.750 +05:30 INF] HealthApp.Api.BackgroundServices.HeartbeatBackgroundService HealthAxis heartbeat running at "2026-07-15T12:23:54.7509159+05:30"------------
[2026-07-15 12:24:04.762 +05:30 INF] HealthApp.Api.BackgroundServices.HeartbeatBackgroundService HealthAxis heartbeat running at "2026-07-15T12:24:04.7620660+05:30"------------
[2026-07-15 12:25:44.130 +05:30 INF] HealthApp.Api.BackgroundServices.HeartbeatBackgroundService HealthAxis Heartbeat Background Service started.+++++++++++++
[2026-07-15 12:25:44.436 +05:30 INF] Microsoft.Hosting.Lifetime Now listening on: http://localhost:5066
[2026-07-15 12:25:44.451 +05:30 INF] HealthApp.Api.BackgroundServices.HeartbeatBackgroundService HealthAxis heartbeat running at "2026-07-15T12:25:44.4495673+05:30"------------
[2026-07-15 12:25:44.525 +05:30 INF] MassTransit Bus started: "rabbitmq://localhost/"
[2026-07-15 12:25:44.612 +05:30 INF] Microsoft.Hosting.Lifetime Application started. Press Ctrl+C to shut down.
[2026-07-15 12:25:44.615 +05:30 INF] Microsoft.Hosting.Lifetime Hosting environment: Development
[2026-07-15 12:25:44.618 +05:30 INF] Microsoft.Hosting.Lifetime Content root path: C:\Users\310208\source\repos\Sprint 4\UST-Live-01\HealthApp.Api
[2026-07-15 12:25:54.462 +05:30 INF] HealthApp.Api.BackgroundServices.HeartbeatBackgroundService HealthAxis heartbeat running at "2026-07-15T12:25:54.4619743+05:30"------------
[2026-07-15 12:26:04.469 +05:30 INF] HealthApp.Api.BackgroundServices.HeartbeatBackgroundService HealthAxis heartbeat running at "2026-07-15T12:26:04.4691228+05:30"------------
[2026-07-15 12:26:14.488 +05:30 INF] HealthApp.Api.BackgroundServices.HeartbeatBackgroundService HealthAxis heartbeat running at "2026-07-15T12:26:14.4884635+05:30"------------
[2026-07-15 12:26:24.506 +05:30 INF] HealthApp.Api.BackgroundServices.HeartbeatBackgroundService HealthAxis heartbeat running at "2026-07-15T12:26:24.5066544+05:30"------------
[2026-07-15 12:26:27.199 +05:30 INF] Serilog.AspNetCore.RequestLoggingMiddleware HTTP OPTIONS /api/appointments/me responded 204 in 24.7640 ms
[2026-07-15 12:26:27.258 +05:30 WRN] Microsoft.AspNetCore.HttpsPolicy.HttpsRedirectionMiddleware Failed to determine the https port for redirect.
[2026-07-15 12:26:27.863 +05:30 WRN] LuckyPennySoftware.AutoMapper.License You do not have a valid license key for the Lucky Penny software AutoMapper. This is allowed for development and testing scenarios. If you are running in production you are required to have a licensed version. Please visit https://luckypennysoftware.com to obtain a valid license.
[2026-07-15 12:26:28.407 +05:30 INF] Serilog.AspNetCore.RequestLoggingMiddleware HTTP GET /api/appointments/me responded 200 in 1158.2776 ms
[2026-07-15 12:26:29.520 +05:30 INF] Serilog.AspNetCore.RequestLoggingMiddleware HTTP OPTIONS /api/doctors/activedoctors responded 204 in 1.5739 ms
[2026-07-15 12:26:30.097 +05:30 INF] Serilog.AspNetCore.RequestLoggingMiddleware HTTP GET /api/doctors/activedoctors responded 200 in 569.8878 ms
[2026-07-15 12:26:34.517 +05:30 INF] HealthApp.Api.BackgroundServices.HeartbeatBackgroundService HealthAxis heartbeat running at "2026-07-15T12:26:34.5176051+05:30"------------
[2026-07-15 12:26:44.526 +05:30 INF] HealthApp.Api.BackgroundServices.HeartbeatBackgroundService HealthAxis heartbeat running at "2026-07-15T12:26:44.5258163+05:30"------------
[2026-07-15 12:26:54.540 +05:30 INF] HealthApp.Api.BackgroundServices.HeartbeatBackgroundService HealthAxis heartbeat running at "2026-07-15T12:26:54.5400320+05:30"------------
[2026-07-15 12:27:04.560 +05:30 INF] HealthApp.Api.BackgroundServices.HeartbeatBackgroundService HealthAxis heartbeat running at "2026-07-15T12:27:04.5600506+05:30"------------
[2026-07-15 12:27:14.578 +05:30 INF] HealthApp.Api.BackgroundServices.HeartbeatBackgroundService HealthAxis heartbeat running at "2026-07-15T12:27:14.5780839+05:30"------------
[2026-07-15 12:27:24.586 +05:30 INF] HealthApp.Api.BackgroundServices.HeartbeatBackgroundService HealthAxis heartbeat running at "2026-07-15T12:27:24.5855907+05:30"------------
[2026-07-15 12:27:34.596 +05:30 INF] HealthApp.Api.BackgroundServices.HeartbeatBackgroundService HealthAxis heartbeat running at "2026-07-15T12:27:34.5964976+05:30"------------
[2026-07-15 12:27:40.843 +05:30 INF] Serilog.AspNetCore.RequestLoggingMiddleware HTTP OPTIONS /api/PatientApi/me responded 204 in 0.1619 ms
[2026-07-15 12:27:40.900 +05:30 INF] Serilog.AspNetCore.RequestLoggingMiddleware HTTP GET /api/PatientApi/me responded 200 in 48.7877 ms
[2026-07-15 12:27:40.904 +05:30 INF] Serilog.AspNetCore.RequestLoggingMiddleware HTTP OPTIONS /api/appointments/me responded 204 in 0.0960 ms
[2026-07-15 12:27:40.942 +05:30 INF] Serilog.AspNetCore.RequestLoggingMiddleware HTTP OPTIONS /api/HealthRecordApi/me responded 204 in 0.1532 ms
[2026-07-15 12:27:40.967 +05:30 INF] Serilog.AspNetCore.RequestLoggingMiddleware HTTP GET /api/appointments/me responded 200 in 20.3843 ms
[2026-07-15 12:27:41.047 +05:30 INF] Serilog.AspNetCore.RequestLoggingMiddleware HTTP GET /api/HealthRecordApi/me responded 200 in 98.7741 ms
[2026-07-15 12:27:44.612 +05:30 INF] HealthApp.Api.BackgroundServices.HeartbeatBackgroundService HealthAxis heartbeat running at "2026-07-15T12:27:44.6120913+05:30"------------
[2026-07-15 12:27:54.627 +05:30 INF] HealthApp.Api.BackgroundServices.HeartbeatBackgroundService HealthAxis heartbeat running at "2026-07-15T12:27:54.6278313+05:30"------------
[2026-07-15 12:28:04.635 +05:30 INF] HealthApp.Api.BackgroundServices.HeartbeatBackgroundService HealthAxis heartbeat running at "2026-07-15T12:28:04.6353738+05:30"------------
[2026-07-15 12:28:14.647 +05:30 INF] HealthApp.Api.BackgroundServices.HeartbeatBackgroundService HealthAxis heartbeat running at "2026-07-15T12:28:14.6472920+05:30"------------
[2026-07-15 12:28:24.661 +05:30 INF] HealthApp.Api.BackgroundServices.HeartbeatBackgroundService HealthAxis heartbeat running at "2026-07-15T12:28:24.6603169+05:30"------------
[2026-07-15 12:28:34.667 +05:30 INF] HealthApp.Api.BackgroundServices.HeartbeatBackgroundService HealthAxis heartbeat running at "2026-07-15T12:28:34.6676985+05:30"------------
[2026-07-15 12:28:44.679 +05:30 INF] HealthApp.Api.BackgroundServices.HeartbeatBackgroundService HealthAxis heartbeat running at "2026-07-15T12:28:44.6791837+05:30"------------
[2026-07-15 12:28:54.690 +05:30 INF] HealthApp.Api.BackgroundServices.HeartbeatBackgroundService HealthAxis heartbeat running at "2026-07-15T12:28:54.6900331+05:30"------------
[2026-07-15 12:29:04.700 +05:30 INF] HealthApp.Api.BackgroundServices.HeartbeatBackgroundService HealthAxis heartbeat running at "2026-07-15T12:29:04.6997348+05:30"------------
[2026-07-15 12:29:14.713 +05:30 INF] HealthApp.Api.BackgroundServices.HeartbeatBackgroundService HealthAxis heartbeat running at "2026-07-15T12:29:14.7131967+05:30"------------
[2026-07-15 12:29:24.726 +05:30 INF] HealthApp.Api.BackgroundServices.HeartbeatBackgroundService HealthAxis heartbeat running at "2026-07-15T12:29:24.7268964+05:30"------------
[2026-07-15 12:29:34.737 +05:30 INF] HealthApp.Api.BackgroundServices.HeartbeatBackgroundService HealthAxis heartbeat running at "2026-07-15T12:29:34.7370400+05:30"------------
[2026-07-15 12:29:44.756 +05:30 INF] HealthApp.Api.BackgroundServices.HeartbeatBackgroundService HealthAxis heartbeat running at "2026-07-15T12:29:44.7565920+05:30"------------
[2026-07-15 12:29:54.765 +05:30 INF] HealthApp.Api.BackgroundServices.HeartbeatBackgroundService HealthAxis heartbeat running at "2026-07-15T12:29:54.7650483+05:30"------------
[2026-07-15 12:30:04.771 +05:30 INF] HealthApp.Api.BackgroundServices.HeartbeatBackgroundService HealthAxis heartbeat running at "2026-07-15T12:30:04.7718731+05:30"------------
[2026-07-15 12:30:14.780 +05:30 INF] HealthApp.Api.BackgroundServices.HeartbeatBackgroundService HealthAxis heartbeat running at "2026-07-15T12:30:14.7803928+05:30"------------
[2026-07-15 12:30:24.793 +05:30 INF] HealthApp.Api.BackgroundServices.HeartbeatBackgroundService HealthAxis heartbeat running at "2026-07-15T12:30:24.7929016+05:30"------------
[2026-07-15 12:30:34.806 +05:30 INF] HealthApp.Api.BackgroundServices.HeartbeatBackgroundService HealthAxis heartbeat running at "2026-07-15T12:30:34.8064604+05:30"------------
[2026-07-15 12:30:44.826 +05:30 INF] HealthApp.Api.BackgroundServices.HeartbeatBackgroundService HealthAxis heartbeat running at "2026-07-15T12:30:44.8260744+05:30"------------
[2026-07-15 12:30:54.844 +05:30 INF] HealthApp.Api.BackgroundServices.HeartbeatBackgroundService HealthAxis heartbeat running at "2026-07-15T12:30:54.8447545+05:30"------------
[2026-07-15 12:31:04.856 +05:30 INF] HealthApp.Api.BackgroundServices.HeartbeatBackgroundService HealthAxis heartbeat running at "2026-07-15T12:31:04.8566248+05:30"------------
[2026-07-15 12:31:14.872 +05:30 INF] HealthApp.Api.BackgroundServices.HeartbeatBackgroundService HealthAxis heartbeat running at "2026-07-15T12:31:14.8726305+05:30"------------
[2026-07-15 12:31:19.792 +05:30 INF] Serilog.AspNetCore.RequestLoggingMiddleware HTTP OPTIONS /api/HealthRecordApi/me responded 204 in 0.1655 ms
[2026-07-15 12:31:19.820 +05:30 INF] Serilog.AspNetCore.RequestLoggingMiddleware HTTP GET /api/HealthRecordApi/me responded 200 in 23.8280 ms
[2026-07-15 12:31:20.591 +05:30 INF] Serilog.AspNetCore.RequestLoggingMiddleware HTTP OPTIONS /api/doctors/activedoctors responded 204 in 0.2357 ms
[2026-07-15 12:31:20.737 +05:30 INF] Serilog.AspNetCore.RequestLoggingMiddleware HTTP GET /api/doctors/activedoctors responded 200 in 140.8827 ms
[2026-07-15 12:31:22.377 +05:30 INF] Serilog.AspNetCore.RequestLoggingMiddleware HTTP OPTIONS /api/appointments/me responded 204 in 0.0996 ms
[2026-07-15 12:31:22.426 +05:30 INF] Serilog.AspNetCore.RequestLoggingMiddleware HTTP GET /api/appointments/me responded 200 in 45.2939 ms
[2026-07-15 12:31:24.891 +05:30 INF] HealthApp.Api.BackgroundServices.HeartbeatBackgroundService HealthAxis heartbeat running at "2026-07-15T12:31:24.8911776+05:30"------------
[2026-07-15 12:31:34.907 +05:30 INF] HealthApp.Api.BackgroundServices.HeartbeatBackgroundService HealthAxis heartbeat running at "2026-07-15T12:31:34.9073543+05:30"------------
[2026-07-15 12:31:41.793 +05:30 INF] Serilog.AspNetCore.RequestLoggingMiddleware HTTP OPTIONS /api/PatientApi/me responded 204 in 0.4625 ms
[2026-07-15 12:31:41.809 +05:30 INF] Serilog.AspNetCore.RequestLoggingMiddleware HTTP GET /api/PatientApi/me responded 200 in 10.0455 ms
[2026-07-15 12:31:41.820 +05:30 INF] Serilog.AspNetCore.RequestLoggingMiddleware HTTP OPTIONS /api/appointments/me responded 204 in 0.2627 ms
[2026-07-15 12:31:41.820 +05:30 INF] Serilog.AspNetCore.RequestLoggingMiddleware HTTP OPTIONS /api/HealthRecordApi/me responded 204 in 0.0933 ms
[2026-07-15 12:31:41.838 +05:30 INF] Serilog.AspNetCore.RequestLoggingMiddleware HTTP GET /api/appointments/me responded 200 in 10.8913 ms
[2026-07-15 12:31:42.040 +05:30 INF] Serilog.AspNetCore.RequestLoggingMiddleware HTTP GET /api/HealthRecordApi/me responded 200 in 211.4423 ms
[2026-07-15 12:31:44.921 +05:30 INF] HealthApp.Api.BackgroundServices.HeartbeatBackgroundService HealthAxis heartbeat running at "2026-07-15T12:31:44.9214726+05:30"------------
[2026-07-15 12:31:54.924 +05:30 INF] HealthApp.Api.BackgroundServices.HeartbeatBackgroundService HealthAxis heartbeat running at "2026-07-15T12:31:54.9249024+05:30"------------
[2026-07-15 12:31:56.751 +05:30 INF] Serilog.AspNetCore.RequestLoggingMiddleware HTTP OPTIONS /api/doctors/activedoctors responded 204 in 0.1911 ms
[2026-07-15 12:31:56.766 +05:30 INF] Serilog.AspNetCore.RequestLoggingMiddleware HTTP GET /api/doctors/activedoctors responded 200 in 5.6841 ms
[2026-07-15 12:31:58.289 +05:30 INF] Serilog.AspNetCore.RequestLoggingMiddleware HTTP OPTIONS /api/appointments/me responded 204 in 0.0802 ms
[2026-07-15 12:31:58.323 +05:30 INF] Serilog.AspNetCore.RequestLoggingMiddleware HTTP GET /api/appointments/me responded 200 in 28.7820 ms
[2026-07-15 12:32:04.940 +05:30 INF] HealthApp.Api.BackgroundServices.HeartbeatBackgroundService HealthAxis heartbeat running at "2026-07-15T12:32:04.9403178+05:30"------------
[2026-07-15 12:32:14.955 +05:30 INF] HealthApp.Api.BackgroundServices.HeartbeatBackgroundService HealthAxis heartbeat running at "2026-07-15T12:32:14.9550276+05:30"------------
[2026-07-15 12:32:24.964 +05:30 INF] HealthApp.Api.BackgroundServices.HeartbeatBackgroundService HealthAxis heartbeat running at "2026-07-15T12:32:24.9639871+05:30"------------
[2026-07-15 12:32:34.975 +05:30 INF] HealthApp.Api.BackgroundServices.HeartbeatBackgroundService HealthAxis heartbeat running at "2026-07-15T12:32:34.9751106+05:30"------------
[2026-07-15 12:32:44.987 +05:30 INF] HealthApp.Api.BackgroundServices.HeartbeatBackgroundService HealthAxis heartbeat running at "2026-07-15T12:32:44.9874132+05:30"------------
[2026-07-15 12:32:54.999 +05:30 INF] HealthApp.Api.BackgroundServices.HeartbeatBackgroundService HealthAxis heartbeat running at "2026-07-15T12:32:54.9992949+05:30"------------
[2026-07-15 12:33:05.011 +05:30 INF] HealthApp.Api.BackgroundServices.HeartbeatBackgroundService HealthAxis heartbeat running at "2026-07-15T12:33:05.0114243+05:30"------------
[2026-07-15 12:33:15.020 +05:30 INF] HealthApp.Api.BackgroundServices.HeartbeatBackgroundService HealthAxis heartbeat running at "2026-07-15T12:33:15.0202242+05:30"------------
[2026-07-15 12:33:25.023 +05:30 INF] HealthApp.Api.BackgroundServices.HeartbeatBackgroundService HealthAxis heartbeat running at "2026-07-15T12:33:25.0232498+05:30"------------
[2026-07-15 12:33:35.040 +05:30 INF] HealthApp.Api.BackgroundServices.HeartbeatBackgroundService HealthAxis heartbeat running at "2026-07-15T12:33:35.0398869+05:30"------------
[2026-07-15 12:33:43.946 +05:30 INF] Serilog.AspNetCore.RequestLoggingMiddleware HTTP OPTIONS /api/PatientApi/me responded 204 in 0.1204 ms
[2026-07-15 12:33:43.995 +05:30 INF] Serilog.AspNetCore.RequestLoggingMiddleware HTTP GET /api/PatientApi/me responded 200 in 42.2127 ms
[2026-07-15 12:33:44.006 +05:30 INF] Serilog.AspNetCore.RequestLoggingMiddleware HTTP OPTIONS /api/appointments/me responded 204 in 0.0987 ms
[2026-07-15 12:33:44.007 +05:30 INF] Serilog.AspNetCore.RequestLoggingMiddleware HTTP OPTIONS /api/HealthRecordApi/me responded 204 in 0.0549 ms
[2026-07-15 12:33:44.029 +05:30 INF] Serilog.AspNetCore.RequestLoggingMiddleware HTTP GET /api/HealthRecordApi/me responded 200 in 15.5439 ms
[2026-07-15 12:33:44.036 +05:30 INF] Serilog.AspNetCore.RequestLoggingMiddleware HTTP GET /api/appointments/me responded 200 in 23.2186 ms
[2026-07-15 12:33:45.053 +05:30 INF] HealthApp.Api.BackgroundServices.HeartbeatBackgroundService HealthAxis heartbeat running at "2026-07-15T12:33:45.0539338+05:30"------------
[2026-07-15 12:33:55.056 +05:30 INF] HealthApp.Api.BackgroundServices.HeartbeatBackgroundService HealthAxis heartbeat running at "2026-07-15T12:33:55.0564413+05:30"------------
[2026-07-15 12:34:05.068 +05:30 INF] HealthApp.Api.BackgroundServices.HeartbeatBackgroundService HealthAxis heartbeat running at "2026-07-15T12:34:05.0680478+05:30"------------
[2026-07-15 12:34:15.071 +05:30 INF] HealthApp.Api.BackgroundServices.HeartbeatBackgroundService HealthAxis heartbeat running at "2026-07-15T12:34:15.0719545+05:30"------------
[2026-07-15 12:34:25.080 +05:30 INF] HealthApp.Api.BackgroundServices.HeartbeatBackgroundService HealthAxis heartbeat running at "2026-07-15T12:34:25.0805087+05:30"------------
[2026-07-15 12:34:35.099 +05:30 INF] HealthApp.Api.BackgroundServices.HeartbeatBackgroundService HealthAxis heartbeat running at "2026-07-15T12:34:35.0995665+05:30"------------
[2026-07-15 12:34:45.110 +05:30 INF] HealthApp.Api.BackgroundServices.HeartbeatBackgroundService HealthAxis heartbeat running at "2026-07-15T12:34:45.1103227+05:30"------------
[2026-07-15 12:34:55.119 +05:30 INF] HealthApp.Api.BackgroundServices.HeartbeatBackgroundService HealthAxis heartbeat running at "2026-07-15T12:34:55.1197128+05:30"------------
[2026-07-15 12:35:05.137 +05:30 INF] HealthApp.Api.BackgroundServices.HeartbeatBackgroundService HealthAxis heartbeat running at "2026-07-15T12:35:05.1373479+05:30"------------
[2026-07-15 12:35:15.153 +05:30 INF] HealthApp.Api.BackgroundServices.HeartbeatBackgroundService HealthAxis heartbeat running at "2026-07-15T12:35:15.1537728+05:30"------------
[2026-07-15 12:35:25.164 +05:30 INF] HealthApp.Api.BackgroundServices.HeartbeatBackgroundService HealthAxis heartbeat running at "2026-07-15T12:35:25.1644798+05:30"------------
[2026-07-15 12:35:35.171 +05:30 INF] HealthApp.Api.BackgroundServices.HeartbeatBackgroundService HealthAxis heartbeat running at "2026-07-15T12:35:35.1719455+05:30"------------
[2026-07-15 12:35:45.184 +05:30 INF] HealthApp.Api.BackgroundServices.HeartbeatBackgroundService HealthAxis heartbeat running at "2026-07-15T12:35:45.1838368+05:30"------------
[2026-07-15 12:35:55.190 +05:30 INF] HealthApp.Api.BackgroundServices.HeartbeatBackgroundService HealthAxis heartbeat running at "2026-07-15T12:35:55.1905777+05:30"------------
[2026-07-15 12:36:05.205 +05:30 INF] HealthApp.Api.BackgroundServices.HeartbeatBackgroundService HealthAxis heartbeat running at "2026-07-15T12:36:05.2052928+05:30"------------
[2026-07-15 12:36:15.209 +05:30 INF] HealthApp.Api.BackgroundServices.HeartbeatBackgroundService HealthAxis heartbeat running at "2026-07-15T12:36:15.2090770+05:30"------------
[2026-07-15 12:36:25.212 +05:30 INF] HealthApp.Api.BackgroundServices.HeartbeatBackgroundService HealthAxis heartbeat running at "2026-07-15T12:36:25.2125612+05:30"------------
[2026-07-15 12:36:35.220 +05:30 INF] HealthApp.Api.BackgroundServices.HeartbeatBackgroundService HealthAxis heartbeat running at "2026-07-15T12:36:35.2207962+05:30"------------
[2026-07-15 12:36:45.238 +05:30 INF] HealthApp.Api.BackgroundServices.HeartbeatBackgroundService HealthAxis heartbeat running at "2026-07-15T12:36:45.2385132+05:30"------------
[2026-07-15 12:36:55.254 +05:30 INF] HealthApp.Api.BackgroundServices.HeartbeatBackgroundService HealthAxis heartbeat running at "2026-07-15T12:36:55.2540673+05:30"------------
[2026-07-15 12:37:05.259 +05:30 INF] HealthApp.Api.BackgroundServices.HeartbeatBackgroundService HealthAxis heartbeat running at "2026-07-15T12:37:05.2596508+05:30"------------
[2026-07-15 12:37:15.273 +05:30 INF] HealthApp.Api.BackgroundServices.HeartbeatBackgroundService HealthAxis heartbeat running at "2026-07-15T12:37:15.2734066+05:30"------------
[2026-07-15 12:37:25.283 +05:30 INF] HealthApp.Api.BackgroundServices.HeartbeatBackgroundService HealthAxis heartbeat running at "2026-07-15T12:37:25.2836494+05:30"------------
[2026-07-15 12:37:35.294 +05:30 INF] HealthApp.Api.BackgroundServices.HeartbeatBackgroundService HealthAxis heartbeat running at "2026-07-15T12:37:35.2943957+05:30"------------
[2026-07-15 12:37:45.310 +05:30 INF] HealthApp.Api.BackgroundServices.HeartbeatBackgroundService HealthAxis heartbeat running at "2026-07-15T12:37:45.3108343+05:30"------------
[2026-07-15 12:37:55.322 +05:30 INF] HealthApp.Api.BackgroundServices.HeartbeatBackgroundService HealthAxis heartbeat running at "2026-07-15T12:37:55.3226260+05:30"------------
[2026-07-15 12:38:05.333 +05:30 INF] HealthApp.Api.BackgroundServices.HeartbeatBackgroundService HealthAxis heartbeat running at "2026-07-15T12:38:05.3336822+05:30"------------
[2026-07-15 12:38:15.342 +05:30 INF] HealthApp.Api.BackgroundServices.HeartbeatBackgroundService HealthAxis heartbeat running at "2026-07-15T12:38:15.3422527+05:30"------------
[2026-07-15 12:38:25.351 +05:30 INF] HealthApp.Api.BackgroundServices.HeartbeatBackgroundService HealthAxis heartbeat running at "2026-07-15T12:38:25.3519266+05:30"------------
[2026-07-15 12:38:35.365 +05:30 INF] HealthApp.Api.BackgroundServices.HeartbeatBackgroundService HealthAxis heartbeat running at "2026-07-15T12:38:35.3652382+05:30"------------
[2026-07-15 12:38:45.370 +05:30 INF] HealthApp.Api.BackgroundServices.HeartbeatBackgroundService HealthAxis heartbeat running at "2026-07-15T12:38:45.3707699+05:30"------------
[2026-07-15 12:38:55.375 +05:30 INF] HealthApp.Api.BackgroundServices.HeartbeatBackgroundService HealthAxis heartbeat running at "2026-07-15T12:38:55.3751275+05:30"------------
[2026-07-15 12:39:05.392 +05:30 INF] HealthApp.Api.BackgroundServices.HeartbeatBackgroundService HealthAxis heartbeat running at "2026-07-15T12:39:05.3926633+05:30"------------
[2026-07-15 12:39:15.400 +05:30 INF] HealthApp.Api.BackgroundServices.HeartbeatBackgroundService HealthAxis heartbeat running at "2026-07-15T12:39:15.4008071+05:30"------------
[2026-07-15 12:39:25.408 +05:30 INF] HealthApp.Api.BackgroundServices.HeartbeatBackgroundService HealthAxis heartbeat running at "2026-07-15T12:39:25.4080267+05:30"------------
[2026-07-15 12:39:35.418 +05:30 INF] HealthApp.Api.BackgroundServices.HeartbeatBackgroundService HealthAxis heartbeat running at "2026-07-15T12:39:35.4184160+05:30"------------
[2026-07-15 12:39:45.426 +05:30 INF] HealthApp.Api.BackgroundServices.HeartbeatBackgroundService HealthAxis heartbeat running at "2026-07-15T12:39:45.4261630+05:30"------------
[2026-07-15 12:39:55.442 +05:30 INF] HealthApp.Api.BackgroundServices.HeartbeatBackgroundService HealthAxis heartbeat running at "2026-07-15T12:39:55.4425218+05:30"------------
[2026-07-15 12:40:05.446 +05:30 INF] HealthApp.Api.BackgroundServices.HeartbeatBackgroundService HealthAxis heartbeat running at "2026-07-15T12:40:05.4463881+05:30"------------
[2026-07-15 12:40:15.470 +05:30 INF] HealthApp.Api.BackgroundServices.HeartbeatBackgroundService HealthAxis heartbeat running at "2026-07-15T12:40:15.4709112+05:30"------------
[2026-07-15 12:40:25.487 +05:30 INF] HealthApp.Api.BackgroundServices.HeartbeatBackgroundService HealthAxis heartbeat running at "2026-07-15T12:40:25.4872796+05:30"------------
[2026-07-15 12:40:27.425 +05:30 INF] Serilog.AspNetCore.RequestLoggingMiddleware HTTP OPTIONS /api/PatientApi/me responded 204 in 0.3846 ms
[2026-07-15 12:40:28.023 +05:30 INF] Serilog.AspNetCore.RequestLoggingMiddleware HTTP GET /api/PatientApi/me responded 200 in 582.8155 ms
[2026-07-15 12:40:28.265 +05:30 INF] Serilog.AspNetCore.RequestLoggingMiddleware HTTP OPTIONS /api/appointments/me responded 204 in 0.0806 ms
[2026-07-15 12:40:28.273 +05:30 INF] Serilog.AspNetCore.RequestLoggingMiddleware HTTP OPTIONS /api/HealthRecordApi/me responded 204 in 0.0875 ms
[2026-07-15 12:40:28.440 +05:30 INF] Serilog.AspNetCore.RequestLoggingMiddleware HTTP GET /api/appointments/me responded 200 in 156.5168 ms
[2026-07-15 12:40:29.674 +05:30 INF] Serilog.AspNetCore.RequestLoggingMiddleware HTTP GET /api/HealthRecordApi/me responded 200 in 1385.0304 ms
[2026-07-15 12:40:35.493 +05:30 INF] HealthApp.Api.BackgroundServices.HeartbeatBackgroundService HealthAxis heartbeat running at "2026-07-15T12:40:35.4930940+05:30"------------
[2026-07-15 12:40:45.502 +05:30 INF] HealthApp.Api.BackgroundServices.HeartbeatBackgroundService HealthAxis heartbeat running at "2026-07-15T12:40:45.5022932+05:30"------------
[2026-07-15 12:40:55.510 +05:30 INF] HealthApp.Api.BackgroundServices.HeartbeatBackgroundService HealthAxis heartbeat running at "2026-07-15T12:40:55.5108096+05:30"------------
[2026-07-15 12:41:05.517 +05:30 INF] HealthApp.Api.BackgroundServices.HeartbeatBackgroundService HealthAxis heartbeat running at "2026-07-15T12:41:05.5177918+05:30"------------
[2026-07-15 12:41:15.534 +05:30 INF] HealthApp.Api.BackgroundServices.HeartbeatBackgroundService HealthAxis heartbeat running at "2026-07-15T12:41:15.5340636+05:30"------------
[2026-07-15 12:41:25.539 +05:30 INF] HealthApp.Api.BackgroundServices.HeartbeatBackgroundService HealthAxis heartbeat running at "2026-07-15T12:41:25.5396896+05:30"------------
[2026-07-15 12:41:35.553 +05:30 INF] HealthApp.Api.BackgroundServices.HeartbeatBackgroundService HealthAxis heartbeat running at "2026-07-15T12:41:35.5530289+05:30"------------
[2026-07-15 12:41:45.567 +05:30 INF] HealthApp.Api.BackgroundServices.HeartbeatBackgroundService HealthAxis heartbeat running at "2026-07-15T12:41:45.5674146+05:30"------------
[2026-07-15 12:41:55.571 +05:30 INF] HealthApp.Api.BackgroundServices.HeartbeatBackgroundService HealthAxis heartbeat running at "2026-07-15T12:41:55.5709861+05:30"------------
[2026-07-15 12:42:05.586 +05:30 INF] HealthApp.Api.BackgroundServices.HeartbeatBackgroundService HealthAxis heartbeat running at "2026-07-15T12:42:05.5866423+05:30"------------
[2026-07-15 12:42:07.703 +05:30 INF] Serilog.AspNetCore.RequestLoggingMiddleware HTTP OPTIONS /api/PatientApi/me responded 204 in 0.1172 ms
[2026-07-15 12:42:07.784 +05:30 INF] Serilog.AspNetCore.RequestLoggingMiddleware HTTP GET /api/PatientApi/me responded 200 in 73.3037 ms
[2026-07-15 12:42:07.888 +05:30 INF] Serilog.AspNetCore.RequestLoggingMiddleware HTTP OPTIONS /api/appointments/me responded 204 in 0.0768 ms
[2026-07-15 12:42:07.896 +05:30 INF] Serilog.AspNetCore.RequestLoggingMiddleware HTTP OPTIONS /api/HealthRecordApi/me responded 204 in 0.2109 ms
[2026-07-15 12:42:08.020 +05:30 INF] Serilog.AspNetCore.RequestLoggingMiddleware HTTP GET /api/appointments/me responded 200 in 93.1837 ms
[2026-07-15 12:42:08.078 +05:30 INF] Serilog.AspNetCore.RequestLoggingMiddleware HTTP GET /api/HealthRecordApi/me responded 200 in 146.0179 ms
[2026-07-15 12:42:12.498 +05:30 INF] Serilog.AspNetCore.RequestLoggingMiddleware HTTP GET /api/appointments/me responded 200 in 18.5399 ms
[2026-07-15 12:42:15.591 +05:30 INF] HealthApp.Api.BackgroundServices.HeartbeatBackgroundService HealthAxis heartbeat running at "2026-07-15T12:42:15.5919608+05:30"------------
[2026-07-15 12:42:25.598 +05:30 INF] HealthApp.Api.BackgroundServices.HeartbeatBackgroundService HealthAxis heartbeat running at "2026-07-15T12:42:25.5988380+05:30"------------
[2026-07-15 12:42:27.009 +05:30 INF] Serilog.AspNetCore.RequestLoggingMiddleware HTTP OPTIONS /api/PatientApi/me responded 204 in 0.0812 ms
[2026-07-15 12:42:27.027 +05:30 INF] Serilog.AspNetCore.RequestLoggingMiddleware HTTP GET /api/PatientApi/me responded 200 in 10.7074 ms
[2026-07-15 12:42:27.037 +05:30 INF] Serilog.AspNetCore.RequestLoggingMiddleware HTTP OPTIONS /api/HealthRecordApi/me responded 204 in 0.0754 ms
[2026-07-15 12:42:27.037 +05:30 INF] Serilog.AspNetCore.RequestLoggingMiddleware HTTP OPTIONS /api/appointments/me responded 204 in 0.0683 ms
[2026-07-15 12:42:27.052 +05:30 INF] Serilog.AspNetCore.RequestLoggingMiddleware HTTP GET /api/HealthRecordApi/me responded 200 in 9.3515 ms
[2026-07-15 12:42:27.054 +05:30 INF] Serilog.AspNetCore.RequestLoggingMiddleware HTTP GET /api/appointments/me responded 200 in 9.3946 ms
[2026-07-15 12:42:31.062 +05:30 INF] Serilog.AspNetCore.RequestLoggingMiddleware HTTP GET /api/appointments/me responded 200 in 4.9207 ms
[2026-07-15 12:42:35.609 +05:30 INF] HealthApp.Api.BackgroundServices.HeartbeatBackgroundService HealthAxis heartbeat running at "2026-07-15T12:42:35.6097034+05:30"------------
[2026-07-15 12:42:45.622 +05:30 INF] HealthApp.Api.BackgroundServices.HeartbeatBackgroundService HealthAxis heartbeat running at "2026-07-15T12:42:45.6220205+05:30"------------
[2026-07-15 12:42:55.638 +05:30 INF] HealthApp.Api.BackgroundServices.HeartbeatBackgroundService HealthAxis heartbeat running at "2026-07-15T12:42:55.6384295+05:30"------------
[2026-07-15 12:43:05.644 +05:30 INF] HealthApp.Api.BackgroundServices.HeartbeatBackgroundService HealthAxis heartbeat running at "2026-07-15T12:43:05.6442508+05:30"------------
[2026-07-15 12:43:15.646 +05:30 INF] HealthApp.Api.BackgroundServices.HeartbeatBackgroundService HealthAxis heartbeat running at "2026-07-15T12:43:15.6461962+05:30"------------
[2026-07-15 12:43:25.656 +05:30 INF] HealthApp.Api.BackgroundServices.HeartbeatBackgroundService HealthAxis heartbeat running at "2026-07-15T12:43:25.6567291+05:30"------------
[2026-07-15 12:43:35.659 +05:30 INF] HealthApp.Api.BackgroundServices.HeartbeatBackgroundService HealthAxis heartbeat running at "2026-07-15T12:43:35.6594586+05:30"------------
[2026-07-15 12:43:45.665 +05:30 INF] HealthApp.Api.BackgroundServices.HeartbeatBackgroundService HealthAxis heartbeat running at "2026-07-15T12:43:45.6658604+05:30"------------
[2026-07-15 12:43:55.679 +05:30 INF] HealthApp.Api.BackgroundServices.HeartbeatBackgroundService HealthAxis heartbeat running at "2026-07-15T12:43:55.6797590+05:30"------------
[2026-07-15 12:43:59.818 +05:30 INF] Serilog.AspNetCore.RequestLoggingMiddleware HTTP OPTIONS /api/PatientApi/me responded 204 in 0.9513 ms
[2026-07-15 12:43:59.837 +05:30 INF] Serilog.AspNetCore.RequestLoggingMiddleware HTTP GET /api/PatientApi/me responded 200 in 12.9025 ms
[2026-07-15 12:43:59.846 +05:30 INF] Serilog.AspNetCore.RequestLoggingMiddleware HTTP OPTIONS /api/appointments/me responded 204 in 0.1088 ms
[2026-07-15 12:43:59.846 +05:30 INF] Serilog.AspNetCore.RequestLoggingMiddleware HTTP OPTIONS /api/HealthRecordApi/me responded 204 in 0.0367 ms
[2026-07-15 12:43:59.884 +05:30 INF] Serilog.AspNetCore.RequestLoggingMiddleware HTTP GET /api/appointments/me responded 200 in 33.9396 ms
[2026-07-15 12:43:59.891 +05:30 INF] Serilog.AspNetCore.RequestLoggingMiddleware HTTP GET /api/HealthRecordApi/me responded 200 in 39.0222 ms
[2026-07-15 12:44:02.174 +05:30 INF] Serilog.AspNetCore.RequestLoggingMiddleware HTTP GET /api/appointments/me responded 200 in 15.4316 ms
[2026-07-15 12:44:05.692 +05:30 INF] HealthApp.Api.BackgroundServices.HeartbeatBackgroundService HealthAxis heartbeat running at "2026-07-15T12:44:05.6921271+05:30"------------
[2026-07-15 12:44:15.701 +05:30 INF] HealthApp.Api.BackgroundServices.HeartbeatBackgroundService HealthAxis heartbeat running at "2026-07-15T12:44:15.7012526+05:30"------------
[2026-07-15 12:44:25.703 +05:30 INF] HealthApp.Api.BackgroundServices.HeartbeatBackgroundService HealthAxis heartbeat running at "2026-07-15T12:44:25.7034925+05:30"------------
[2026-07-15 12:44:35.718 +05:30 INF] HealthApp.Api.BackgroundServices.HeartbeatBackgroundService HealthAxis heartbeat running at "2026-07-15T12:44:35.7184294+05:30"------------
[2026-07-15 12:44:45.736 +05:30 INF] HealthApp.Api.BackgroundServices.HeartbeatBackgroundService HealthAxis heartbeat running at "2026-07-15T12:44:45.7362675+05:30"------------
[2026-07-15 12:44:55.746 +05:30 INF] HealthApp.Api.BackgroundServices.HeartbeatBackgroundService HealthAxis heartbeat running at "2026-07-15T12:44:55.7463000+05:30"------------
[2026-07-15 12:45:05.757 +05:30 INF] HealthApp.Api.BackgroundServices.HeartbeatBackgroundService HealthAxis heartbeat running at "2026-07-15T12:45:05.7576937+05:30"------------
[2026-07-15 12:45:15.767 +05:30 INF] HealthApp.Api.BackgroundServices.HeartbeatBackgroundService HealthAxis heartbeat running at "2026-07-15T12:45:15.7677563+05:30"------------
[2026-07-15 12:45:25.776 +05:30 INF] HealthApp.Api.BackgroundServices.HeartbeatBackgroundService HealthAxis heartbeat running at "2026-07-15T12:45:25.7765951+05:30"------------
[2026-07-15 12:45:35.793 +05:30 INF] HealthApp.Api.BackgroundServices.HeartbeatBackgroundService HealthAxis heartbeat running at "2026-07-15T12:45:35.7931609+05:30"------------
[2026-07-15 12:45:45.806 +05:30 INF] HealthApp.Api.BackgroundServices.HeartbeatBackgroundService HealthAxis heartbeat running at "2026-07-15T12:45:45.8065242+05:30"------------
[2026-07-15 12:45:55.819 +05:30 INF] HealthApp.Api.BackgroundServices.HeartbeatBackgroundService HealthAxis heartbeat running at "2026-07-15T12:45:55.8196176+05:30"------------
[2026-07-15 12:46:05.827 +05:30 INF] HealthApp.Api.BackgroundServices.HeartbeatBackgroundService HealthAxis heartbeat running at "2026-07-15T12:46:05.8272921+05:30"------------
[2026-07-15 12:46:15.846 +05:30 INF] HealthApp.Api.BackgroundServices.HeartbeatBackgroundService HealthAxis heartbeat running at "2026-07-15T12:46:15.8462315+05:30"------------
[2026-07-15 12:46:25.848 +05:30 INF] HealthApp.Api.BackgroundServices.HeartbeatBackgroundService HealthAxis heartbeat running at "2026-07-15T12:46:25.8488096+05:30"------------
[2026-07-15 12:46:35.865 +05:30 INF] HealthApp.Api.BackgroundServices.HeartbeatBackgroundService HealthAxis heartbeat running at "2026-07-15T12:46:35.8654737+05:30"------------
[2026-07-15 12:46:45.871 +05:30 INF] HealthApp.Api.BackgroundServices.HeartbeatBackgroundService HealthAxis heartbeat running at "2026-07-15T12:46:45.8714163+05:30"------------
[2026-07-15 12:46:55.876 +05:30 INF] HealthApp.Api.BackgroundServices.HeartbeatBackgroundService HealthAxis heartbeat running at "2026-07-15T12:46:55.8762674+05:30"------------
[2026-07-15 12:47:05.889 +05:30 INF] HealthApp.Api.BackgroundServices.HeartbeatBackgroundService HealthAxis heartbeat running at "2026-07-15T12:47:05.8891454+05:30"------------
[2026-07-15 12:47:15.906 +05:30 INF] HealthApp.Api.BackgroundServices.HeartbeatBackgroundService HealthAxis heartbeat running at "2026-07-15T12:47:15.9063552+05:30"------------
[2026-07-15 12:47:25.922 +05:30 INF] HealthApp.Api.BackgroundServices.HeartbeatBackgroundService HealthAxis heartbeat running at "2026-07-15T12:47:25.9228023+05:30"------------
[2026-07-15 12:47:35.932 +05:30 INF] HealthApp.Api.BackgroundServices.HeartbeatBackgroundService HealthAxis heartbeat running at "2026-07-15T12:47:35.9322541+05:30"------------
[2026-07-15 12:47:45.940 +05:30 INF] HealthApp.Api.BackgroundServices.HeartbeatBackgroundService HealthAxis heartbeat running at "2026-07-15T12:47:45.9408712+05:30"------------
[2026-07-15 12:47:55.952 +05:30 INF] HealthApp.Api.BackgroundServices.HeartbeatBackgroundService HealthAxis heartbeat running at "2026-07-15T12:47:55.9521093+05:30"------------
[2026-07-15 12:48:05.965 +05:30 INF] HealthApp.Api.BackgroundServices.HeartbeatBackgroundService HealthAxis heartbeat running at "2026-07-15T12:48:05.9655374+05:30"------------
[2026-07-15 12:48:15.978 +05:30 INF] HealthApp.Api.BackgroundServices.HeartbeatBackgroundService HealthAxis heartbeat running at "2026-07-15T12:48:15.9783085+05:30"------------
[2026-07-15 12:48:25.981 +05:30 INF] HealthApp.Api.BackgroundServices.HeartbeatBackgroundService HealthAxis heartbeat running at "2026-07-15T12:48:25.9818425+05:30"------------
[2026-07-15 12:48:36.000 +05:30 INF] HealthApp.Api.BackgroundServices.HeartbeatBackgroundService HealthAxis heartbeat running at "2026-07-15T12:48:36.0004855+05:30"------------
[2026-07-15 12:48:46.016 +05:30 INF] HealthApp.Api.BackgroundServices.HeartbeatBackgroundService HealthAxis heartbeat running at "2026-07-15T12:48:46.0160766+05:30"------------
[2026-07-15 12:48:56.032 +05:30 INF] HealthApp.Api.BackgroundServices.HeartbeatBackgroundService HealthAxis heartbeat running at "2026-07-15T12:48:56.0325892+05:30"------------
[2026-07-15 12:49:06.041 +05:30 INF] HealthApp.Api.BackgroundServices.HeartbeatBackgroundService HealthAxis heartbeat running at "2026-07-15T12:49:06.0415497+05:30"------------
[2026-07-15 12:49:16.053 +05:30 INF] HealthApp.Api.BackgroundServices.HeartbeatBackgroundService HealthAxis heartbeat running at "2026-07-15T12:49:16.0539488+05:30"------------
[2026-07-15 12:49:26.057 +05:30 INF] HealthApp.Api.BackgroundServices.HeartbeatBackgroundService HealthAxis heartbeat running at "2026-07-15T12:49:26.0576587+05:30"------------
[2026-07-15 12:49:36.067 +05:30 INF] HealthApp.Api.BackgroundServices.HeartbeatBackgroundService HealthAxis heartbeat running at "2026-07-15T12:49:36.0670210+05:30"------------
[2026-07-15 12:49:46.077 +05:30 INF] HealthApp.Api.BackgroundServices.HeartbeatBackgroundService HealthAxis heartbeat running at "2026-07-15T12:49:46.0773436+05:30"------------
[2026-07-15 12:49:56.089 +05:30 INF] HealthApp.Api.BackgroundServices.HeartbeatBackgroundService HealthAxis heartbeat running at "2026-07-15T12:49:56.0897906+05:30"------------
[2026-07-15 12:50:06.100 +05:30 INF] HealthApp.Api.BackgroundServices.HeartbeatBackgroundService HealthAxis heartbeat running at "2026-07-15T12:50:06.1009305+05:30"------------
[2026-07-15 12:50:16.112 +05:30 INF] HealthApp.Api.BackgroundServices.HeartbeatBackgroundService HealthAxis heartbeat running at "2026-07-15T12:50:16.1123541+05:30"------------
[2026-07-15 12:50:26.129 +05:30 INF] HealthApp.Api.BackgroundServices.HeartbeatBackgroundService HealthAxis heartbeat running at "2026-07-15T12:50:26.1293426+05:30"------------
[2026-07-15 12:50:36.141 +05:30 INF] HealthApp.Api.BackgroundServices.HeartbeatBackgroundService HealthAxis heartbeat running at "2026-07-15T12:50:36.1417570+05:30"------------
[2026-07-15 12:50:46.148 +05:30 INF] HealthApp.Api.BackgroundServices.HeartbeatBackgroundService HealthAxis heartbeat running at "2026-07-15T12:50:46.1484367+05:30"------------
[2026-07-15 12:50:56.163 +05:30 INF] HealthApp.Api.BackgroundServices.HeartbeatBackgroundService HealthAxis heartbeat running at "2026-07-15T12:50:56.1638559+05:30"------------
[2026-07-15 12:51:06.172 +05:30 INF] HealthApp.Api.BackgroundServices.HeartbeatBackgroundService HealthAxis heartbeat running at "2026-07-15T12:51:06.1727162+05:30"------------
[2026-07-15 12:51:16.177 +05:30 INF] HealthApp.Api.BackgroundServices.HeartbeatBackgroundService HealthAxis heartbeat running at "2026-07-15T12:51:16.1775088+05:30"------------
[2026-07-15 12:51:26.182 +05:30 INF] HealthApp.Api.BackgroundServices.HeartbeatBackgroundService HealthAxis heartbeat running at "2026-07-15T12:51:26.1826317+05:30"------------
[2026-07-15 12:51:36.192 +05:30 INF] HealthApp.Api.BackgroundServices.HeartbeatBackgroundService HealthAxis heartbeat running at "2026-07-15T12:51:36.1924946+05:30"------------
[2026-07-15 12:51:46.198 +05:30 INF] HealthApp.Api.BackgroundServices.HeartbeatBackgroundService HealthAxis heartbeat running at "2026-07-15T12:51:46.1984707+05:30"------------
[2026-07-15 12:51:56.204 +05:30 INF] HealthApp.Api.BackgroundServices.HeartbeatBackgroundService HealthAxis heartbeat running at "2026-07-15T12:51:56.2041027+05:30"------------
[2026-07-15 12:52:06.215 +05:30 INF] HealthApp.Api.BackgroundServices.HeartbeatBackgroundService HealthAxis heartbeat running at "2026-07-15T12:52:06.2156411+05:30"------------
[2026-07-15 12:52:16.227 +05:30 INF] HealthApp.Api.BackgroundServices.HeartbeatBackgroundService HealthAxis heartbeat running at "2026-07-15T12:52:16.2273364+05:30"------------
[2026-07-15 12:52:26.233 +05:30 INF] HealthApp.Api.BackgroundServices.HeartbeatBackgroundService HealthAxis heartbeat running at "2026-07-15T12:52:26.2331718+05:30"------------
[2026-07-15 12:52:36.244 +05:30 INF] HealthApp.Api.BackgroundServices.HeartbeatBackgroundService HealthAxis heartbeat running at "2026-07-15T12:52:36.2443050+05:30"------------
[2026-07-15 12:52:46.250 +05:30 INF] HealthApp.Api.BackgroundServices.HeartbeatBackgroundService HealthAxis heartbeat running at "2026-07-15T12:52:46.2504891+05:30"------------
[2026-07-15 12:52:53.605 +05:30 INF] Serilog.AspNetCore.RequestLoggingMiddleware HTTP OPTIONS /api/appointments/me responded 204 in 0.1183 ms
[2026-07-15 12:52:54.131 +05:30 INF] Serilog.AspNetCore.RequestLoggingMiddleware HTTP GET /api/appointments/me responded 200 in 507.9774 ms
[2026-07-15 12:52:56.262 +05:30 INF] HealthApp.Api.BackgroundServices.HeartbeatBackgroundService HealthAxis heartbeat running at "2026-07-15T12:52:56.2620851+05:30"------------
[2026-07-15 12:53:06.273 +05:30 INF] HealthApp.Api.BackgroundServices.HeartbeatBackgroundService HealthAxis heartbeat running at "2026-07-15T12:53:06.2737577+05:30"------------
[2026-07-15 12:53:16.282 +05:30 INF] HealthApp.Api.BackgroundServices.HeartbeatBackgroundService HealthAxis heartbeat running at "2026-07-15T12:53:16.2829259+05:30"------------
[2026-07-15 12:53:26.292 +05:30 INF] HealthApp.Api.BackgroundServices.HeartbeatBackgroundService HealthAxis heartbeat running at "2026-07-15T12:53:26.2924397+05:30"------------
[2026-07-15 12:53:36.308 +05:30 INF] HealthApp.Api.BackgroundServices.HeartbeatBackgroundService HealthAxis heartbeat running at "2026-07-15T12:53:36.3085218+05:30"------------
[2026-07-15 12:53:39.639 +05:30 INF] Serilog.AspNetCore.RequestLoggingMiddleware HTTP OPTIONS /api/appointments/me responded 204 in 0.1366 ms
[2026-07-15 12:53:39.665 +05:30 INF] Serilog.AspNetCore.RequestLoggingMiddleware HTTP GET /api/appointments/me responded 200 in 16.0562 ms
[2026-07-15 12:53:46.326 +05:30 INF] HealthApp.Api.BackgroundServices.HeartbeatBackgroundService HealthAxis heartbeat running at "2026-07-15T12:53:46.3260028+05:30"------------
[2026-07-15 12:53:56.334 +05:30 INF] HealthApp.Api.BackgroundServices.HeartbeatBackgroundService HealthAxis heartbeat running at "2026-07-15T12:53:56.3342815+05:30"------------
[2026-07-15 12:54:06.347 +05:30 INF] HealthApp.Api.BackgroundServices.HeartbeatBackgroundService HealthAxis heartbeat running at "2026-07-15T12:54:06.3479052+05:30"------------
[2026-07-15 12:54:16.360 +05:30 INF] HealthApp.Api.BackgroundServices.HeartbeatBackgroundService HealthAxis heartbeat running at "2026-07-15T12:54:16.3606924+05:30"------------
[2026-07-15 12:54:26.377 +05:30 INF] HealthApp.Api.BackgroundServices.HeartbeatBackgroundService HealthAxis heartbeat running at "2026-07-15T12:54:26.3779390+05:30"------------
[2026-07-15 12:54:36.391 +05:30 INF] HealthApp.Api.BackgroundServices.HeartbeatBackgroundService HealthAxis heartbeat running at "2026-07-15T12:54:36.3912210+05:30"------------
[2026-07-15 12:54:46.394 +05:30 INF] HealthApp.Api.BackgroundServices.HeartbeatBackgroundService HealthAxis heartbeat running at "2026-07-15T12:54:46.3943834+05:30"------------
[2026-07-15 12:54:56.399 +05:30 INF] HealthApp.Api.BackgroundServices.HeartbeatBackgroundService HealthAxis heartbeat running at "2026-07-15T12:54:56.3995248+05:30"------------
[2026-07-15 12:55:06.405 +05:30 INF] HealthApp.Api.BackgroundServices.HeartbeatBackgroundService HealthAxis heartbeat running at "2026-07-15T12:55:06.4058150+05:30"------------
[2026-07-15 12:55:16.418 +05:30 INF] HealthApp.Api.BackgroundServices.HeartbeatBackgroundService HealthAxis heartbeat running at "2026-07-15T12:55:16.4186890+05:30"------------
[2026-07-15 12:55:26.435 +05:30 INF] HealthApp.Api.BackgroundServices.HeartbeatBackgroundService HealthAxis heartbeat running at "2026-07-15T12:55:26.4350040+05:30"------------
[2026-07-15 12:55:36.450 +05:30 INF] HealthApp.Api.BackgroundServices.HeartbeatBackgroundService HealthAxis heartbeat running at "2026-07-15T12:55:36.4503552+05:30"------------
[2026-07-15 12:55:46.464 +05:30 INF] HealthApp.Api.BackgroundServices.HeartbeatBackgroundService HealthAxis heartbeat running at "2026-07-15T12:55:46.4644130+05:30"------------
[2026-07-15 12:55:56.476 +05:30 INF] HealthApp.Api.BackgroundServices.HeartbeatBackgroundService HealthAxis heartbeat running at "2026-07-15T12:55:56.4766550+05:30"------------
[2026-07-15 12:56:06.482 +05:30 INF] HealthApp.Api.BackgroundServices.HeartbeatBackgroundService HealthAxis heartbeat running at "2026-07-15T12:56:06.4823430+05:30"------------
[2026-07-15 12:56:16.500 +05:30 INF] HealthApp.Api.BackgroundServices.HeartbeatBackgroundService HealthAxis heartbeat running at "2026-07-15T12:56:16.5000803+05:30"------------
[2026-07-15 12:56:26.516 +05:30 INF] HealthApp.Api.BackgroundServices.HeartbeatBackgroundService HealthAxis heartbeat running at "2026-07-15T12:56:26.5164243+05:30"------------
[2026-07-15 12:56:36.531 +05:30 INF] HealthApp.Api.BackgroundServices.HeartbeatBackgroundService HealthAxis heartbeat running at "2026-07-15T12:56:36.5310480+05:30"------------
[2026-07-15 12:56:46.534 +05:30 INF] HealthApp.Api.BackgroundServices.HeartbeatBackgroundService HealthAxis heartbeat running at "2026-07-15T12:56:46.5348455+05:30"------------
[2026-07-15 12:56:56.537 +05:30 INF] HealthApp.Api.BackgroundServices.HeartbeatBackgroundService HealthAxis heartbeat running at "2026-07-15T12:56:56.5378165+05:30"------------
[2026-07-15 12:57:06.546 +05:30 INF] HealthApp.Api.BackgroundServices.HeartbeatBackgroundService HealthAxis heartbeat running at "2026-07-15T12:57:06.5465316+05:30"------------
[2026-07-15 12:57:16.554 +05:30 INF] HealthApp.Api.BackgroundServices.HeartbeatBackgroundService HealthAxis heartbeat running at "2026-07-15T12:57:16.5543919+05:30"------------
[2026-07-15 12:57:26.569 +05:30 INF] HealthApp.Api.BackgroundServices.HeartbeatBackgroundService HealthAxis heartbeat running at "2026-07-15T12:57:26.5694908+05:30"------------
[2026-07-15 12:57:32.329 +05:30 INF] Serilog.AspNetCore.RequestLoggingMiddleware HTTP OPTIONS /api/appointments/17/cancel responded 204 in 0.7734 ms
[2026-07-15 12:57:32.348 +05:30 INF] Serilog.AspNetCore.RequestLoggingMiddleware HTTP PUT /api/appointments/17/cancel responded 401 in 12.1840 ms
[2026-07-15 12:57:36.589 +05:30 INF] HealthApp.Api.BackgroundServices.HeartbeatBackgroundService HealthAxis heartbeat running at "2026-07-15T12:57:36.5890926+05:30"------------
[2026-07-15 12:57:46.602 +05:30 INF] HealthApp.Api.BackgroundServices.HeartbeatBackgroundService HealthAxis heartbeat running at "2026-07-15T12:57:46.6025710+05:30"------------
[2026-07-15 12:57:51.626 +05:30 INF] Serilog.AspNetCore.RequestLoggingMiddleware HTTP OPTIONS /api/auth/login responded 204 in 0.0621 ms
[2026-07-15 12:57:51.989 +05:30 INF] Serilog.AspNetCore.RequestLoggingMiddleware HTTP POST /api/auth/login responded 200 in 356.0058 ms
[2026-07-15 12:57:52.004 +05:30 INF] Serilog.AspNetCore.RequestLoggingMiddleware HTTP OPTIONS /api/PatientApi/me responded 204 in 0.0528 ms
[2026-07-15 12:57:52.018 +05:30 INF] Serilog.AspNetCore.RequestLoggingMiddleware HTTP GET /api/PatientApi/me responded 200 in 10.1069 ms
[2026-07-15 12:57:52.029 +05:30 INF] Serilog.AspNetCore.RequestLoggingMiddleware HTTP OPTIONS /api/appointments/me responded 204 in 1.1369 ms
[2026-07-15 12:57:52.031 +05:30 INF] Serilog.AspNetCore.RequestLoggingMiddleware HTTP OPTIONS /api/HealthRecordApi/me responded 204 in 0.0721 ms
[2026-07-15 12:57:52.049 +05:30 INF] Serilog.AspNetCore.RequestLoggingMiddleware HTTP GET /api/appointments/me responded 200 in 15.1678 ms
[2026-07-15 12:57:52.253 +05:30 INF] Serilog.AspNetCore.RequestLoggingMiddleware HTTP GET /api/HealthRecordApi/me responded 200 in 216.9405 ms
[2026-07-15 12:57:54.315 +05:30 INF] Serilog.AspNetCore.RequestLoggingMiddleware HTTP GET /api/appointments/me responded 200 in 4.9193 ms
[2026-07-15 12:57:56.608 +05:30 INF] HealthApp.Api.BackgroundServices.HeartbeatBackgroundService HealthAxis heartbeat running at "2026-07-15T12:57:56.6084819+05:30"------------
[2026-07-15 12:58:06.620 +05:30 INF] HealthApp.Api.BackgroundServices.HeartbeatBackgroundService HealthAxis heartbeat running at "2026-07-15T12:58:06.6207740+05:30"------------
[2026-07-15 12:58:11.357 +05:30 INF] Serilog.AspNetCore.RequestLoggingMiddleware HTTP OPTIONS /api/appointments/17/cancel responded 204 in 0.0461 ms
[2026-07-15 12:58:11.659 +05:30 INF] Serilog.AspNetCore.RequestLoggingMiddleware HTTP PUT /api/appointments/17/cancel responded 200 in 298.3010 ms
[2026-07-15 12:58:11.665 +05:30 INF] Serilog.AspNetCore.RequestLoggingMiddleware HTTP OPTIONS /api/appointments/me responded 204 in 0.0981 ms
[2026-07-15 12:58:11.683 +05:30 INF] Serilog.AspNetCore.RequestLoggingMiddleware HTTP GET /api/appointments/me responded 200 in 14.0125 ms
[2026-07-15 12:58:16.632 +05:30 INF] HealthApp.Api.BackgroundServices.HeartbeatBackgroundService HealthAxis heartbeat running at "2026-07-15T12:58:16.6323975+05:30"------------
[2026-07-15 12:58:26.668 +05:30 INF] HealthApp.Api.BackgroundServices.HeartbeatBackgroundService HealthAxis heartbeat running at "2026-07-15T12:58:26.6681368+05:30"------------
[2026-07-15 12:58:36.677 +05:30 INF] HealthApp.Api.BackgroundServices.HeartbeatBackgroundService HealthAxis heartbeat running at "2026-07-15T12:58:36.6771108+05:30"------------
[2026-07-15 12:58:46.688 +05:30 INF] HealthApp.Api.BackgroundServices.HeartbeatBackgroundService HealthAxis heartbeat running at "2026-07-15T12:58:46.6886865+05:30"------------
[2026-07-15 12:58:56.693 +05:30 INF] HealthApp.Api.BackgroundServices.HeartbeatBackgroundService HealthAxis heartbeat running at "2026-07-15T12:58:56.6937004+05:30"------------
[2026-07-15 12:59:06.707 +05:30 INF] HealthApp.Api.BackgroundServices.HeartbeatBackgroundService HealthAxis heartbeat running at "2026-07-15T12:59:06.7079512+05:30"------------
[2026-07-15 12:59:16.715 +05:30 INF] HealthApp.Api.BackgroundServices.HeartbeatBackgroundService HealthAxis heartbeat running at "2026-07-15T12:59:16.7150258+05:30"------------
[2026-07-15 12:59:26.726 +05:30 INF] HealthApp.Api.BackgroundServices.HeartbeatBackgroundService HealthAxis heartbeat running at "2026-07-15T12:59:26.7262990+05:30"------------
[2026-07-15 12:59:36.732 +05:30 INF] HealthApp.Api.BackgroundServices.HeartbeatBackgroundService HealthAxis heartbeat running at "2026-07-15T12:59:36.7326483+05:30"------------
[2026-07-15 12:59:46.746 +05:30 INF] HealthApp.Api.BackgroundServices.HeartbeatBackgroundService HealthAxis heartbeat running at "2026-07-15T12:59:46.7467933+05:30"------------
[2026-07-15 12:59:56.753 +05:30 INF] HealthApp.Api.BackgroundServices.HeartbeatBackgroundService HealthAxis heartbeat running at "2026-07-15T12:59:56.7536524+05:30"------------
[2026-07-15 13:00:06.765 +05:30 INF] HealthApp.Api.BackgroundServices.HeartbeatBackgroundService HealthAxis heartbeat running at "2026-07-15T13:00:06.7651179+05:30"------------
[2026-07-15 13:00:16.770 +05:30 INF] HealthApp.Api.BackgroundServices.HeartbeatBackgroundService HealthAxis heartbeat running at "2026-07-15T13:00:16.7707730+05:30"------------
[2026-07-15 13:00:26.782 +05:30 INF] HealthApp.Api.BackgroundServices.HeartbeatBackgroundService HealthAxis heartbeat running at "2026-07-15T13:00:26.7825509+05:30"------------
[2026-07-15 13:00:36.786 +05:30 INF] HealthApp.Api.BackgroundServices.HeartbeatBackgroundService HealthAxis heartbeat running at "2026-07-15T13:00:36.7864148+05:30"------------
[2026-07-15 13:00:46.791 +05:30 INF] HealthApp.Api.BackgroundServices.HeartbeatBackgroundService HealthAxis heartbeat running at "2026-07-15T13:00:46.7912605+05:30"------------
[2026-07-15 13:00:56.802 +05:30 INF] HealthApp.Api.BackgroundServices.HeartbeatBackgroundService HealthAxis heartbeat running at "2026-07-15T13:00:56.8027893+05:30"------------
[2026-07-15 13:01:06.817 +05:30 INF] HealthApp.Api.BackgroundServices.HeartbeatBackgroundService HealthAxis heartbeat running at "2026-07-15T13:01:06.8179555+05:30"------------
[2026-07-15 13:01:16.826 +05:30 INF] HealthApp.Api.BackgroundServices.HeartbeatBackgroundService HealthAxis heartbeat running at "2026-07-15T13:01:16.8261981+05:30"------------
[2026-07-15 13:01:26.838 +05:30 INF] HealthApp.Api.BackgroundServices.HeartbeatBackgroundService HealthAxis heartbeat running at "2026-07-15T13:01:26.8384495+05:30"------------
[2026-07-15 13:01:36.850 +05:30 INF] HealthApp.Api.BackgroundServices.HeartbeatBackgroundService HealthAxis heartbeat running at "2026-07-15T13:01:36.8504715+05:30"------------
[2026-07-15 13:01:46.858 +05:30 INF] HealthApp.Api.BackgroundServices.HeartbeatBackgroundService HealthAxis heartbeat running at "2026-07-15T13:01:46.8584440+05:30"------------
[2026-07-15 13:01:56.874 +05:30 INF] HealthApp.Api.BackgroundServices.HeartbeatBackgroundService HealthAxis heartbeat running at "2026-07-15T13:01:56.8745660+05:30"------------
[2026-07-15 13:02:06.890 +05:30 INF] HealthApp.Api.BackgroundServices.HeartbeatBackgroundService HealthAxis heartbeat running at "2026-07-15T13:02:06.8909229+05:30"------------
[2026-07-15 13:02:16.898 +05:30 INF] HealthApp.Api.BackgroundServices.HeartbeatBackgroundService HealthAxis heartbeat running at "2026-07-15T13:02:16.8989315+05:30"------------
[2026-07-15 13:02:21.397 +05:30 INF] Serilog.AspNetCore.RequestLoggingMiddleware HTTP OPTIONS /api/appointments/me responded 204 in 0.2289 ms
[2026-07-15 13:02:21.857 +05:30 INF] Serilog.AspNetCore.RequestLoggingMiddleware HTTP GET /api/appointments/me responded 200 in 451.0742 ms
[2026-07-15 13:02:26.446 +05:30 INF] Serilog.AspNetCore.RequestLoggingMiddleware HTTP OPTIONS /api/doctors/activedoctors responded 204 in 0.0709 ms
[2026-07-15 13:02:26.504 +05:30 INF] Serilog.AspNetCore.RequestLoggingMiddleware HTTP GET /api/doctors/activedoctors responded 200 in 50.3952 ms
[2026-07-15 13:02:26.903 +05:30 INF] HealthApp.Api.BackgroundServices.HeartbeatBackgroundService HealthAxis heartbeat running at "2026-07-15T13:02:26.9030690+05:30"------------
[2026-07-15 13:02:29.474 +05:30 INF] Serilog.AspNetCore.RequestLoggingMiddleware HTTP OPTIONS /api/appointments/me responded 204 in 0.0499 ms
[2026-07-15 13:02:29.504 +05:30 INF] Serilog.AspNetCore.RequestLoggingMiddleware HTTP GET /api/appointments/me responded 200 in 17.8644 ms
[2026-07-15 13:02:32.148 +05:30 INF] Serilog.AspNetCore.RequestLoggingMiddleware HTTP OPTIONS /api/appointments/doctor/6/availability responded 204 in 0.0589 ms
[2026-07-15 13:02:32.259 +05:30 INF] Serilog.AspNetCore.RequestLoggingMiddleware HTTP GET /api/appointments/doctor/6/availability responded 200 in 102.5038 ms
[2026-07-15 13:02:34.823 +05:30 INF] Serilog.AspNetCore.RequestLoggingMiddleware HTTP OPTIONS /api/appointments responded 204 in 0.0873 ms
[2026-07-15 13:02:35.582 +05:30 INF] HealthApp.Api.Messaging.Publisher.AppointmentEventPublisher AppointmentBookEvent published. AppointmentId: 18, Patient: S N K, Doctor: Shiva, Date: "2026-07-23T00:00:00.0000000", Slot: 04:00 PM
[2026-07-15 13:02:35.589 +05:30 INF] Serilog.AspNetCore.RequestLoggingMiddleware HTTP POST /api/appointments responded 200 in 760.8130 ms
[2026-07-15 13:02:36.910 +05:30 INF] HealthApp.Api.BackgroundServices.HeartbeatBackgroundService HealthAxis heartbeat running at "2026-07-15T13:02:36.9102327+05:30"------------
[2026-07-15 13:02:39.901 +05:30 INF] Serilog.AspNetCore.RequestLoggingMiddleware HTTP OPTIONS /api/appointments/me responded 204 in 0.0558 ms
[2026-07-15 13:02:40.030 +05:30 INF] Serilog.AspNetCore.RequestLoggingMiddleware HTTP GET /api/appointments/me responded 200 in 57.8127 ms
[2026-07-15 13:02:46.925 +05:30 INF] HealthApp.Api.BackgroundServices.HeartbeatBackgroundService HealthAxis heartbeat running at "2026-07-15T13:02:46.9258090+05:30"------------
[2026-07-15 13:02:55.492 +05:30 INF] Serilog.AspNetCore.RequestLoggingMiddleware HTTP OPTIONS /api/appointments/18/cancel responded 204 in 0.0621 ms
[2026-07-15 13:02:55.517 +05:30 INF] Serilog.AspNetCore.RequestLoggingMiddleware HTTP PUT /api/appointments/18/cancel responded 200 in 20.8925 ms
[2026-07-15 13:02:56.929 +05:30 INF] HealthApp.Api.BackgroundServices.HeartbeatBackgroundService HealthAxis heartbeat running at "2026-07-15T13:02:56.9292981+05:30"------------
[2026-07-15 13:02:58.229 +05:30 INF] Serilog.AspNetCore.RequestLoggingMiddleware HTTP OPTIONS /api/appointments/me responded 204 in 0.0622 ms
[2026-07-15 13:02:58.270 +05:30 INF] Serilog.AspNetCore.RequestLoggingMiddleware HTTP GET /api/appointments/me responded 200 in 35.4299 ms
[2026-07-15 13:03:06.940 +05:30 INF] HealthApp.Api.BackgroundServices.HeartbeatBackgroundService HealthAxis heartbeat running at "2026-07-15T13:03:06.9403935+05:30"------------
[2026-07-15 13:03:16.945 +05:30 INF] HealthApp.Api.BackgroundServices.HeartbeatBackgroundService HealthAxis heartbeat running at "2026-07-15T13:03:16.9459210+05:30"------------
[2026-07-15 13:03:26.961 +05:30 INF] HealthApp.Api.BackgroundServices.HeartbeatBackgroundService HealthAxis heartbeat running at "2026-07-15T13:03:26.9615186+05:30"------------
[2026-07-15 13:03:36.966 +05:30 INF] HealthApp.Api.BackgroundServices.HeartbeatBackgroundService HealthAxis heartbeat running at "2026-07-15T13:03:36.9660108+05:30"------------
[2026-07-15 13:03:37.178 +05:30 INF] Serilog.AspNetCore.RequestLoggingMiddleware HTTP OPTIONS /api/appointments/15/cancel responded 204 in 0.0504 ms
[2026-07-15 13:03:37.188 +05:30 INF] Serilog.AspNetCore.RequestLoggingMiddleware HTTP PUT /api/appointments/15/cancel responded 200 in 5.5405 ms
[2026-07-15 13:03:46.979 +05:30 INF] HealthApp.Api.BackgroundServices.HeartbeatBackgroundService HealthAxis heartbeat running at "2026-07-15T13:03:46.9791612+05:30"------------
[2026-07-15 13:03:56.995 +05:30 INF] HealthApp.Api.BackgroundServices.HeartbeatBackgroundService HealthAxis heartbeat running at "2026-07-15T13:03:56.9957014+05:30"------------
[2026-07-15 13:04:07.001 +05:30 INF] HealthApp.Api.BackgroundServices.HeartbeatBackgroundService HealthAxis heartbeat running at "2026-07-15T13:04:07.0015481+05:30"------------
[2026-07-15 13:04:07.405 +05:30 INF] Serilog.AspNetCore.RequestLoggingMiddleware HTTP OPTIONS /api/appointments/me responded 204 in 0.0704 ms
[2026-07-15 13:04:07.439 +05:30 INF] Serilog.AspNetCore.RequestLoggingMiddleware HTTP GET /api/appointments/me responded 200 in 26.2953 ms
[2026-07-15 13:04:17.008 +05:30 INF] HealthApp.Api.BackgroundServices.HeartbeatBackgroundService HealthAxis heartbeat running at "2026-07-15T13:04:17.0084546+05:30"------------
[2026-07-15 13:04:27.012 +05:30 INF] HealthApp.Api.BackgroundServices.HeartbeatBackgroundService HealthAxis heartbeat running at "2026-07-15T13:04:27.0120700+05:30"------------
[2026-07-15 13:04:37.026 +05:30 INF] HealthApp.Api.BackgroundServices.HeartbeatBackgroundService HealthAxis heartbeat running at "2026-07-15T13:04:37.0266940+05:30"------------
[2026-07-15 13:04:47.033 +05:30 INF] HealthApp.Api.BackgroundServices.HeartbeatBackgroundService HealthAxis heartbeat running at "2026-07-15T13:04:47.0332290+05:30"------------
[2026-07-15 13:04:57.039 +05:30 INF] HealthApp.Api.BackgroundServices.HeartbeatBackgroundService HealthAxis heartbeat running at "2026-07-15T13:04:57.0395481+05:30"------------
[2026-07-15 13:05:07.056 +05:30 INF] HealthApp.Api.BackgroundServices.HeartbeatBackgroundService HealthAxis heartbeat running at "2026-07-15T13:05:07.0562178+05:30"------------
[2026-07-15 13:05:17.074 +05:30 INF] HealthApp.Api.BackgroundServices.HeartbeatBackgroundService HealthAxis heartbeat running at "2026-07-15T13:05:17.0740524+05:30"------------
[2026-07-15 13:05:27.087 +05:30 INF] HealthApp.Api.BackgroundServices.HeartbeatBackgroundService HealthAxis heartbeat running at "2026-07-15T13:05:27.0871229+05:30"------------
[2026-07-15 13:05:37.094 +05:30 INF] HealthApp.Api.BackgroundServices.HeartbeatBackgroundService HealthAxis heartbeat running at "2026-07-15T13:05:37.0946187+05:30"------------
[2026-07-15 13:05:38.290 +05:30 INF] Serilog.AspNetCore.RequestLoggingMiddleware HTTP OPTIONS /api/appointments/me responded 204 in 0.0793 ms
[2026-07-15 13:05:38.357 +05:30 INF] Serilog.AspNetCore.RequestLoggingMiddleware HTTP GET /api/appointments/me responded 200 in 40.5645 ms
[2026-07-15 13:05:43.228 +05:30 INF] Serilog.AspNetCore.RequestLoggingMiddleware HTTP OPTIONS /api/HealthRecordApi/me responded 204 in 0.0598 ms
[2026-07-15 13:05:43.279 +05:30 INF] Serilog.AspNetCore.RequestLoggingMiddleware HTTP GET /api/HealthRecordApi/me responded 200 in 32.4626 ms
[2026-07-15 13:05:43.962 +05:30 INF] Serilog.AspNetCore.RequestLoggingMiddleware HTTP OPTIONS /api/doctors/activedoctors responded 204 in 0.0603 ms
[2026-07-15 13:05:43.977 +05:30 INF] Serilog.AspNetCore.RequestLoggingMiddleware HTTP GET /api/doctors/activedoctors responded 200 in 10.4998 ms
[2026-07-15 13:05:45.707 +05:30 INF] Serilog.AspNetCore.RequestLoggingMiddleware HTTP OPTIONS /api/appointments/me responded 204 in 0.0552 ms
[2026-07-15 13:05:45.878 +05:30 INF] Serilog.AspNetCore.RequestLoggingMiddleware HTTP GET /api/appointments/me responded 200 in 18.6273 ms
[2026-07-15 13:05:47.113 +05:30 INF] HealthApp.Api.BackgroundServices.HeartbeatBackgroundService HealthAxis heartbeat running at "2026-07-15T13:05:47.1129852+05:30"------------
[2026-07-15 13:05:48.174 +05:30 INF] Serilog.AspNetCore.RequestLoggingMiddleware HTTP OPTIONS /api/appointments/doctor/3/availability responded 204 in 0.0395 ms
[2026-07-15 13:05:48.208 +05:30 INF] Serilog.AspNetCore.RequestLoggingMiddleware HTTP GET /api/appointments/doctor/3/availability responded 200 in 28.8747 ms
[2026-07-15 13:05:50.666 +05:30 INF] Serilog.AspNetCore.RequestLoggingMiddleware HTTP OPTIONS /api/appointments responded 204 in 0.0714 ms
[2026-07-15 13:05:50.695 +05:30 INF] HealthApp.Api.Messaging.Publisher.AppointmentEventPublisher AppointmentBookEvent published. AppointmentId: 19, Patient: S N K, Doctor: Hari Narayanan, Date: "2026-07-24T00:00:00.0000000", Slot: 04:00 PM
[2026-07-15 13:05:50.697 +05:30 INF] Serilog.AspNetCore.RequestLoggingMiddleware HTTP POST /api/appointments responded 200 in 26.1434 ms
[2026-07-15 13:05:52.355 +05:30 INF] Serilog.AspNetCore.RequestLoggingMiddleware HTTP OPTIONS /api/appointments/me responded 204 in 0.0456 ms
[2026-07-15 13:05:52.431 +05:30 INF] Serilog.AspNetCore.RequestLoggingMiddleware HTTP GET /api/appointments/me responded 200 in 16.3481 ms
[2026-07-15 13:05:57.120 +05:30 INF] HealthApp.Api.BackgroundServices.HeartbeatBackgroundService HealthAxis heartbeat running at "2026-07-15T13:05:57.1209297+05:30"------------
[2026-07-15 13:06:07.135 +05:30 INF] HealthApp.Api.BackgroundServices.HeartbeatBackgroundService HealthAxis heartbeat running at "2026-07-15T13:06:07.1352464+05:30"------------
[2026-07-15 13:06:17.154 +05:30 INF] HealthApp.Api.BackgroundServices.HeartbeatBackgroundService HealthAxis heartbeat running at "2026-07-15T13:06:17.1544936+05:30"------------
[2026-07-15 13:06:27.165 +05:30 INF] HealthApp.Api.BackgroundServices.HeartbeatBackgroundService HealthAxis heartbeat running at "2026-07-15T13:06:27.1651500+05:30"------------
[2026-07-15 13:06:37.172 +05:30 INF] HealthApp.Api.BackgroundServices.HeartbeatBackgroundService HealthAxis heartbeat running at "2026-07-15T13:06:37.1722505+05:30"------------
[2026-07-15 13:06:47.189 +05:30 INF] HealthApp.Api.BackgroundServices.HeartbeatBackgroundService HealthAxis heartbeat running at "2026-07-15T13:06:47.1894236+05:30"------------
[2026-07-15 13:06:57.201 +05:30 INF] HealthApp.Api.BackgroundServices.HeartbeatBackgroundService HealthAxis heartbeat running at "2026-07-15T13:06:57.2015662+05:30"------------
[2026-07-15 13:06:57.213 +05:30 INF] Serilog.AspNetCore.RequestLoggingMiddleware HTTP OPTIONS /api/appointments/me responded 204 in 0.0666 ms
[2026-07-15 13:06:57.302 +05:30 INF] Serilog.AspNetCore.RequestLoggingMiddleware HTTP GET /api/appointments/me responded 200 in 77.6332 ms
[2026-07-15 13:07:07.207 +05:30 INF] HealthApp.Api.BackgroundServices.HeartbeatBackgroundService HealthAxis heartbeat running at "2026-07-15T13:07:07.2077167+05:30"------------
[2026-07-15 13:07:07.491 +05:30 INF] Serilog.AspNetCore.RequestLoggingMiddleware HTTP OPTIONS /api/appointments/19/cancel responded 204 in 0.1374 ms
[2026-07-15 13:07:07.507 +05:30 INF] Serilog.AspNetCore.RequestLoggingMiddleware HTTP PUT /api/appointments/19/cancel responded 200 in 12.3831 ms
[2026-07-15 13:07:07.512 +05:30 INF] Serilog.AspNetCore.RequestLoggingMiddleware HTTP OPTIONS /api/appointments/me responded 204 in 0.0323 ms
[2026-07-15 13:07:07.519 +05:30 INF] Serilog.AspNetCore.RequestLoggingMiddleware HTTP GET /api/appointments/me responded 200 in 2.9735 ms
[2026-07-15 13:07:17.217 +05:30 INF] HealthApp.Api.BackgroundServices.HeartbeatBackgroundService HealthAxis heartbeat running at "2026-07-15T13:07:17.2176718+05:30"------------
[2026-07-15 13:07:27.234 +05:30 INF] HealthApp.Api.BackgroundServices.HeartbeatBackgroundService HealthAxis heartbeat running at "2026-07-15T13:07:27.2343951+05:30"------------
[2026-07-15 13:07:37.251 +05:30 INF] HealthApp.Api.BackgroundServices.HeartbeatBackgroundService HealthAxis heartbeat running at "2026-07-15T13:07:37.2510144+05:30"------------
[2026-07-15 13:07:47.258 +05:30 INF] HealthApp.Api.BackgroundServices.HeartbeatBackgroundService HealthAxis heartbeat running at "2026-07-15T13:07:47.2584348+05:30"------------
[2026-07-15 13:07:57.265 +05:30 INF] HealthApp.Api.BackgroundServices.HeartbeatBackgroundService HealthAxis heartbeat running at "2026-07-15T13:07:57.2651518+05:30"------------
[2026-07-15 13:08:07.284 +05:30 INF] HealthApp.Api.BackgroundServices.HeartbeatBackgroundService HealthAxis heartbeat running at "2026-07-15T13:08:07.2842141+05:30"------------
[2026-07-15 13:08:17.295 +05:30 INF] HealthApp.Api.BackgroundServices.HeartbeatBackgroundService HealthAxis heartbeat running at "2026-07-15T13:08:17.2952589+05:30"------------
[2026-07-15 13:08:27.302 +05:30 INF] HealthApp.Api.BackgroundServices.HeartbeatBackgroundService HealthAxis heartbeat running at "2026-07-15T13:08:27.3026439+05:30"------------
[2026-07-15 13:08:37.307 +05:30 INF] HealthApp.Api.BackgroundServices.HeartbeatBackgroundService HealthAxis heartbeat running at "2026-07-15T13:08:37.3074005+05:30"------------
[2026-07-15 13:08:47.314 +05:30 INF] HealthApp.Api.BackgroundServices.HeartbeatBackgroundService HealthAxis heartbeat running at "2026-07-15T13:08:47.3141395+05:30"------------
[2026-07-15 13:08:57.326 +05:30 INF] HealthApp.Api.BackgroundServices.HeartbeatBackgroundService HealthAxis heartbeat running at "2026-07-15T13:08:57.3263338+05:30"------------
[2026-07-15 13:09:07.337 +05:30 INF] HealthApp.Api.BackgroundServices.HeartbeatBackgroundService HealthAxis heartbeat running at "2026-07-15T13:09:07.3379812+05:30"------------
[2026-07-15 13:09:17.342 +05:30 INF] HealthApp.Api.BackgroundServices.HeartbeatBackgroundService HealthAxis heartbeat running at "2026-07-15T13:09:17.3425706+05:30"------------
[2026-07-15 13:59:31.190 +05:30 INF] HealthApp.Api.BackgroundServices.HeartbeatBackgroundService HealthAxis heartbeat running at "2026-07-15T13:59:31.1906557+05:30"------------
[2026-07-15 13:59:39.904 +05:30 INF] Serilog.AspNetCore.RequestLoggingMiddleware HTTP OPTIONS /api/appointments/me responded 204 in 0.0922 ms
[2026-07-15 13:59:39.979 +05:30 INF] Serilog.AspNetCore.RequestLoggingMiddleware HTTP GET /api/appointments/me responded 401 in 29.5960 ms
[2026-07-15 13:59:41.429 +05:30 INF] HealthApp.Api.BackgroundServices.HeartbeatBackgroundService HealthAxis heartbeat running at "2026-07-15T13:59:41.4290823+05:30"------------
[2026-07-15 13:59:48.940 +05:30 INF] Serilog.AspNetCore.RequestLoggingMiddleware HTTP OPTIONS /api/appointments/me responded 204 in 0.9467 ms
[2026-07-15 13:59:48.979 +05:30 INF] Serilog.AspNetCore.RequestLoggingMiddleware HTTP GET /api/appointments/me responded 401 in 1.7580 ms
[2026-07-15 13:59:51.459 +05:30 INF] HealthApp.Api.BackgroundServices.HeartbeatBackgroundService HealthAxis heartbeat running at "2026-07-15T13:59:51.4592627+05:30"------------
[2026-07-15 13:59:52.062 +05:30 INF] Serilog.AspNetCore.RequestLoggingMiddleware HTTP OPTIONS /api/doctors/activedoctors responded 204 in 0.0500 ms
[2026-07-15 13:59:52.117 +05:30 INF] Serilog.AspNetCore.RequestLoggingMiddleware HTTP GET /api/doctors/activedoctors responded 200 in 47.7753 ms
[2026-07-15 13:59:54.076 +05:30 INF] Serilog.AspNetCore.RequestLoggingMiddleware HTTP OPTIONS /api/appointments/me responded 204 in 0.0615 ms
[2026-07-15 13:59:54.083 +05:30 INF] Serilog.AspNetCore.RequestLoggingMiddleware HTTP GET /api/appointments/me responded 401 in 1.0844 ms
[2026-07-15 13:59:55.346 +05:30 INF] Serilog.AspNetCore.RequestLoggingMiddleware HTTP OPTIONS /api/PatientApi/me responded 204 in 0.0687 ms
[2026-07-15 13:59:55.393 +05:30 INF] Serilog.AspNetCore.RequestLoggingMiddleware HTTP GET /api/PatientApi/me responded 401 in 3.4730 ms
[2026-07-15 14:00:00.490 +05:30 INF] Serilog.AspNetCore.RequestLoggingMiddleware HTTP OPTIONS /api/HealthRecordApi/me responded 204 in 0.0421 ms
[2026-07-15 14:00:00.551 +05:30 INF] Serilog.AspNetCore.RequestLoggingMiddleware HTTP GET /api/HealthRecordApi/me responded 401 in 1.7941 ms
[2026-07-15 14:00:01.462 +05:30 INF] HealthApp.Api.BackgroundServices.HeartbeatBackgroundService HealthAxis heartbeat running at "2026-07-15T14:00:01.4628475+05:30"------------
[2026-07-15 14:00:03.976 +05:30 INF] Serilog.AspNetCore.RequestLoggingMiddleware HTTP OPTIONS /api/doctors/activedoctors responded 204 in 0.0447 ms
[2026-07-15 14:00:03.990 +05:30 INF] Serilog.AspNetCore.RequestLoggingMiddleware HTTP GET /api/doctors/activedoctors responded 200 in 5.3258 ms
[2026-07-15 14:00:11.474 +05:30 INF] HealthApp.Api.BackgroundServices.HeartbeatBackgroundService HealthAxis heartbeat running at "2026-07-15T14:00:11.4741598+05:30"------------
[2026-07-15 14:00:15.305 +05:30 INF] Serilog.AspNetCore.RequestLoggingMiddleware HTTP OPTIONS /api/appointments/me responded 204 in 0.0337 ms
[2026-07-15 14:00:15.311 +05:30 INF] Serilog.AspNetCore.RequestLoggingMiddleware HTTP GET /api/appointments/me responded 401 in 1.7310 ms
[2026-07-15 14:00:17.841 +05:30 INF] Serilog.AspNetCore.RequestLoggingMiddleware HTTP GET /api/appointments/me responded 401 in 2.2415 ms
[2026-07-15 14:00:21.494 +05:30 INF] HealthApp.Api.BackgroundServices.HeartbeatBackgroundService HealthAxis heartbeat running at "2026-07-15T14:00:21.4944716+05:30"------------
[2026-07-15 14:00:31.502 +05:30 INF] HealthApp.Api.BackgroundServices.HeartbeatBackgroundService HealthAxis heartbeat running at "2026-07-15T14:00:31.5021570+05:30"------------
[2026-07-15 14:00:41.515 +05:30 INF] HealthApp.Api.BackgroundServices.HeartbeatBackgroundService HealthAxis heartbeat running at "2026-07-15T14:00:41.5149968+05:30"------------
[2026-07-15 14:00:51.521 +05:30 INF] HealthApp.Api.BackgroundServices.HeartbeatBackgroundService HealthAxis heartbeat running at "2026-07-15T14:00:51.5219698+05:30"------------
[2026-07-15 14:01:01.530 +05:30 INF] HealthApp.Api.BackgroundServices.HeartbeatBackgroundService HealthAxis heartbeat running at "2026-07-15T14:01:01.5304943+05:30"------------
[2026-07-15 14:01:11.546 +05:30 INF] HealthApp.Api.BackgroundServices.HeartbeatBackgroundService HealthAxis heartbeat running at "2026-07-15T14:01:11.5462044+05:30"------------
[2026-07-15 14:01:21.561 +05:30 INF] HealthApp.Api.BackgroundServices.HeartbeatBackgroundService HealthAxis heartbeat running at "2026-07-15T14:01:21.5616509+05:30"------------
[2026-07-15 14:01:31.583 +05:30 INF] HealthApp.Api.BackgroundServices.HeartbeatBackgroundService HealthAxis heartbeat running at "2026-07-15T14:01:31.5834265+05:30"------------
[2026-07-15 14:01:41.602 +05:30 INF] HealthApp.Api.BackgroundServices.HeartbeatBackgroundService HealthAxis heartbeat running at "2026-07-15T14:01:41.6026873+05:30"------------
[2026-07-15 14:01:51.610 +05:30 INF] HealthApp.Api.BackgroundServices.HeartbeatBackgroundService HealthAxis heartbeat running at "2026-07-15T14:01:51.6109491+05:30"------------
[2026-07-15 14:02:01.626 +05:30 INF] HealthApp.Api.BackgroundServices.HeartbeatBackgroundService HealthAxis heartbeat running at "2026-07-15T14:02:01.6268754+05:30"------------
[2026-07-15 14:02:11.634 +05:30 INF] HealthApp.Api.BackgroundServices.HeartbeatBackgroundService HealthAxis heartbeat running at "2026-07-15T14:02:11.6345762+05:30"------------
[2026-07-15 14:02:21.650 +05:30 INF] HealthApp.Api.BackgroundServices.HeartbeatBackgroundService HealthAxis heartbeat running at "2026-07-15T14:02:21.6508138+05:30"------------
[2026-07-15 14:02:31.657 +05:30 INF] HealthApp.Api.BackgroundServices.HeartbeatBackgroundService HealthAxis heartbeat running at "2026-07-15T14:02:31.6570342+05:30"------------
[2026-07-15 14:02:41.675 +05:30 INF] HealthApp.Api.BackgroundServices.HeartbeatBackgroundService HealthAxis heartbeat running at "2026-07-15T14:02:41.6753149+05:30"------------
[2026-07-15 14:02:42.460 +05:30 INF] Serilog.AspNetCore.RequestLoggingMiddleware HTTP OPTIONS /api/auth/login responded 204 in 0.0742 ms
[2026-07-15 14:02:42.671 +05:30 INF] Serilog.AspNetCore.RequestLoggingMiddleware HTTP POST /api/auth/login responded 200 in 205.8264 ms
[2026-07-15 14:02:42.694 +05:30 INF] Serilog.AspNetCore.RequestLoggingMiddleware HTTP OPTIONS /api/PatientApi/me responded 204 in 0.7163 ms
[2026-07-15 14:02:42.706 +05:30 INF] Serilog.AspNetCore.RequestLoggingMiddleware HTTP GET /api/PatientApi/me responded 200 in 7.6310 ms
[2026-07-15 14:02:42.736 +05:30 INF] Serilog.AspNetCore.RequestLoggingMiddleware HTTP OPTIONS /api/appointments/me responded 204 in 0.0517 ms
[2026-07-15 14:02:42.737 +05:30 INF] Serilog.AspNetCore.RequestLoggingMiddleware HTTP OPTIONS /api/HealthRecordApi/me responded 204 in 0.0478 ms
[2026-07-15 14:02:42.780 +05:30 INF] Serilog.AspNetCore.RequestLoggingMiddleware HTTP GET /api/appointments/me responded 200 in 30.1536 ms
[2026-07-15 14:02:42.788 +05:30 INF] Serilog.AspNetCore.RequestLoggingMiddleware HTTP GET /api/HealthRecordApi/me responded 200 in 37.3480 ms
[2026-07-15 14:02:44.892 +05:30 INF] Serilog.AspNetCore.RequestLoggingMiddleware HTTP OPTIONS /api/doctors/activedoctors responded 204 in 0.0534 ms
[2026-07-15 14:02:44.904 +05:30 INF] Serilog.AspNetCore.RequestLoggingMiddleware HTTP GET /api/doctors/activedoctors responded 200 in 5.4879 ms
[2026-07-15 14:02:46.841 +05:30 INF] Serilog.AspNetCore.RequestLoggingMiddleware HTTP GET /api/appointments/me responded 200 in 7.0385 ms
[2026-07-15 14:02:49.336 +05:30 INF] Serilog.AspNetCore.RequestLoggingMiddleware HTTP OPTIONS /api/appointments/doctor/5/availability responded 204 in 0.0479 ms
[2026-07-15 14:02:49.354 +05:30 INF] Serilog.AspNetCore.RequestLoggingMiddleware HTTP GET /api/appointments/doctor/5/availability responded 200 in 14.4269 ms
[2026-07-15 14:02:51.680 +05:30 INF] HealthApp.Api.BackgroundServices.HeartbeatBackgroundService HealthAxis heartbeat running at "2026-07-15T14:02:51.6806735+05:30"------------
[2026-07-15 14:02:52.762 +05:30 INF] Serilog.AspNetCore.RequestLoggingMiddleware HTTP OPTIONS /api/appointments responded 204 in 0.0589 ms
[2026-07-15 14:02:52.836 +05:30 INF] HealthApp.Api.Messaging.Publisher.AppointmentEventPublisher AppointmentBookEvent published. AppointmentId: 20, Patient: S N K, Doctor: Bharath Raj, Date: "2026-07-24T00:00:00.0000000", Slot: 05:00 PM
[2026-07-15 14:02:52.839 +05:30 INF] Serilog.AspNetCore.RequestLoggingMiddleware HTTP POST /api/appointments responded 200 in 72.1097 ms
[2026-07-15 14:02:54.163 +05:30 INF] Serilog.AspNetCore.RequestLoggingMiddleware HTTP OPTIONS /api/appointments/me responded 204 in 0.0512 ms
[2026-07-15 14:02:54.175 +05:30 INF] Serilog.AspNetCore.RequestLoggingMiddleware HTTP GET /api/appointments/me responded 200 in 3.4853 ms
[2026-07-15 14:03:01.691 +05:30 INF] HealthApp.Api.BackgroundServices.HeartbeatBackgroundService HealthAxis heartbeat running at "2026-07-15T14:03:01.6913711+05:30"------------
[2026-07-15 14:03:11.695 +05:30 INF] HealthApp.Api.BackgroundServices.HeartbeatBackgroundService HealthAxis heartbeat running at "2026-07-15T14:03:11.6955023+05:30"------------
[2026-07-15 14:03:21.710 +05:30 INF] HealthApp.Api.BackgroundServices.HeartbeatBackgroundService HealthAxis heartbeat running at "2026-07-15T14:03:21.7109533+05:30"------------
[2026-07-15 14:03:31.714 +05:30 INF] HealthApp.Api.BackgroundServices.HeartbeatBackgroundService HealthAxis heartbeat running at "2026-07-15T14:03:31.7143512+05:30"------------
[2026-07-15 14:03:41.720 +05:30 INF] HealthApp.Api.BackgroundServices.HeartbeatBackgroundService HealthAxis heartbeat running at "2026-07-15T14:03:41.7209170+05:30"------------
[2026-07-15 14:03:51.728 +05:30 INF] HealthApp.Api.BackgroundServices.HeartbeatBackgroundService HealthAxis heartbeat running at "2026-07-15T14:03:51.7287575+05:30"------------
[2026-07-15 14:04:01.740 +05:30 INF] HealthApp.Api.BackgroundServices.HeartbeatBackgroundService HealthAxis heartbeat running at "2026-07-15T14:04:01.7404285+05:30"------------
[2026-07-15 14:04:11.065 +05:30 INF] Serilog.AspNetCore.RequestLoggingMiddleware HTTP OPTIONS /api/appointments/20/cancel responded 204 in 0.0735 ms
[2026-07-15 14:04:11.090 +05:30 INF] Serilog.AspNetCore.RequestLoggingMiddleware HTTP PUT /api/appointments/20/cancel responded 200 in 20.7279 ms
[2026-07-15 14:04:11.095 +05:30 INF] Serilog.AspNetCore.RequestLoggingMiddleware HTTP OPTIONS /api/appointments/me responded 204 in 0.0404 ms
[2026-07-15 14:04:11.113 +05:30 INF] Serilog.AspNetCore.RequestLoggingMiddleware HTTP GET /api/appointments/me responded 200 in 11.4782 ms
[2026-07-15 14:04:11.752 +05:30 INF] HealthApp.Api.BackgroundServices.HeartbeatBackgroundService HealthAxis heartbeat running at "2026-07-15T14:04:11.7527482+05:30"------------
[2026-07-15 14:04:21.770 +05:30 INF] HealthApp.Api.BackgroundServices.HeartbeatBackgroundService HealthAxis heartbeat running at "2026-07-15T14:04:21.7702027+05:30"------------
[2026-07-15 14:04:31.775 +05:30 INF] HealthApp.Api.BackgroundServices.HeartbeatBackgroundService HealthAxis heartbeat running at "2026-07-15T14:04:31.7758220+05:30"------------
[2026-07-15 14:04:41.789 +05:30 INF] HealthApp.Api.BackgroundServices.HeartbeatBackgroundService HealthAxis heartbeat running at "2026-07-15T14:04:41.7894926+05:30"------------
[2026-07-15 14:04:51.804 +05:30 INF] HealthApp.Api.BackgroundServices.HeartbeatBackgroundService HealthAxis heartbeat running at "2026-07-15T14:04:51.8048557+05:30"------------
[2026-07-15 14:05:01.810 +05:30 INF] HealthApp.Api.BackgroundServices.HeartbeatBackgroundService HealthAxis heartbeat running at "2026-07-15T14:05:01.8106324+05:30"------------
[2026-07-15 14:05:11.815 +05:30 INF] HealthApp.Api.BackgroundServices.HeartbeatBackgroundService HealthAxis heartbeat running at "2026-07-15T14:05:11.8157214+05:30"------------
[2026-07-15 14:05:21.833 +05:30 INF] HealthApp.Api.BackgroundServices.HeartbeatBackgroundService HealthAxis heartbeat running at "2026-07-15T14:05:21.8339769+05:30"------------
[2026-07-15 14:05:31.842 +05:30 INF] HealthApp.Api.BackgroundServices.HeartbeatBackgroundService HealthAxis heartbeat running at "2026-07-15T14:05:31.8420941+05:30"------------
[2026-07-15 14:05:41.851 +05:30 INF] HealthApp.Api.BackgroundServices.HeartbeatBackgroundService HealthAxis heartbeat running at "2026-07-15T14:05:41.8511062+05:30"------------
[2026-07-15 14:05:51.866 +05:30 INF] HealthApp.Api.BackgroundServices.HeartbeatBackgroundService HealthAxis heartbeat running at "2026-07-15T14:05:51.8661900+05:30"------------
[2026-07-15 14:06:01.882 +05:30 INF] HealthApp.Api.BackgroundServices.HeartbeatBackgroundService HealthAxis heartbeat running at "2026-07-15T14:06:01.8824579+05:30"------------
[2026-07-15 14:06:11.887 +05:30 INF] HealthApp.Api.BackgroundServices.HeartbeatBackgroundService HealthAxis heartbeat running at "2026-07-15T14:06:11.8873158+05:30"------------
[2026-07-15 14:06:21.901 +05:30 INF] HealthApp.Api.BackgroundServices.HeartbeatBackgroundService HealthAxis heartbeat running at "2026-07-15T14:06:21.9013684+05:30"------------
[2026-07-15 14:06:31.909 +05:30 INF] HealthApp.Api.BackgroundServices.HeartbeatBackgroundService HealthAxis heartbeat running at "2026-07-15T14:06:31.9091495+05:30"------------
[2026-07-15 14:06:41.924 +05:30 INF] HealthApp.Api.BackgroundServices.HeartbeatBackgroundService HealthAxis heartbeat running at "2026-07-15T14:06:41.9240773+05:30"------------
[2026-07-15 14:06:51.936 +05:30 INF] HealthApp.Api.BackgroundServices.HeartbeatBackgroundService HealthAxis heartbeat running at "2026-07-15T14:06:51.9369584+05:30"------------
[2026-07-15 14:07:01.955 +05:30 INF] HealthApp.Api.BackgroundServices.HeartbeatBackgroundService HealthAxis heartbeat running at "2026-07-15T14:07:01.9551354+05:30"------------
[2026-07-15 14:07:11.959 +05:30 INF] HealthApp.Api.BackgroundServices.HeartbeatBackgroundService HealthAxis heartbeat running at "2026-07-15T14:07:11.9590879+05:30"------------
[2026-07-15 14:07:21.966 +05:30 INF] HealthApp.Api.BackgroundServices.HeartbeatBackgroundService HealthAxis heartbeat running at "2026-07-15T14:07:21.9666936+05:30"------------
[2026-07-15 14:07:31.977 +05:30 INF] HealthApp.Api.BackgroundServices.HeartbeatBackgroundService HealthAxis heartbeat running at "2026-07-15T14:07:31.9777219+05:30"------------
[2026-07-15 14:07:41.981 +05:30 INF] HealthApp.Api.BackgroundServices.HeartbeatBackgroundService HealthAxis heartbeat running at "2026-07-15T14:07:41.9812989+05:30"------------
[2026-07-15 14:07:51.987 +05:30 INF] HealthApp.Api.BackgroundServices.HeartbeatBackgroundService HealthAxis heartbeat running at "2026-07-15T14:07:51.9879829+05:30"------------
[2026-07-15 14:08:01.998 +05:30 INF] HealthApp.Api.BackgroundServices.HeartbeatBackgroundService HealthAxis heartbeat running at "2026-07-15T14:08:01.9989315+05:30"------------
[2026-07-15 14:08:12.014 +05:30 INF] HealthApp.Api.BackgroundServices.HeartbeatBackgroundService HealthAxis heartbeat running at "2026-07-15T14:08:12.0143404+05:30"------------
[2026-07-15 14:08:22.018 +05:30 INF] HealthApp.Api.BackgroundServices.HeartbeatBackgroundService HealthAxis heartbeat running at "2026-07-15T14:08:22.0182665+05:30"------------
[2026-07-15 14:08:32.023 +05:30 INF] HealthApp.Api.BackgroundServices.HeartbeatBackgroundService HealthAxis heartbeat running at "2026-07-15T14:08:32.0235727+05:30"------------
[2026-07-15 14:08:42.032 +05:30 INF] HealthApp.Api.BackgroundServices.HeartbeatBackgroundService HealthAxis heartbeat running at "2026-07-15T14:08:42.0329835+05:30"------------
[2026-07-15 14:08:52.038 +05:30 INF] HealthApp.Api.BackgroundServices.HeartbeatBackgroundService HealthAxis heartbeat running at "2026-07-15T14:08:52.0385923+05:30"------------
[2026-07-15 14:08:56.673 +05:30 INF] Serilog.AspNetCore.RequestLoggingMiddleware HTTP OPTIONS /api/appointments/me responded 204 in 0.0719 ms
[2026-07-15 14:08:56.693 +05:30 INF] Serilog.AspNetCore.RequestLoggingMiddleware HTTP GET /api/appointments/me responded 200 in 12.3228 ms
[2026-07-15 14:09:02.054 +05:30 INF] HealthApp.Api.BackgroundServices.HeartbeatBackgroundService HealthAxis heartbeat running at "2026-07-15T14:09:02.0540009+05:30"------------
[2026-07-15 14:09:12.068 +05:30 INF] HealthApp.Api.BackgroundServices.HeartbeatBackgroundService HealthAxis heartbeat running at "2026-07-15T14:09:12.0682426+05:30"------------
[2026-07-15 14:09:17.893 +05:30 INF] Serilog.AspNetCore.RequestLoggingMiddleware HTTP OPTIONS /api/appointments/me responded 204 in 0.1836 ms
[2026-07-15 14:09:17.909 +05:30 INF] Serilog.AspNetCore.RequestLoggingMiddleware HTTP GET /api/appointments/me responded 200 in 7.7963 ms
[2026-07-15 14:09:22.075 +05:30 INF] HealthApp.Api.BackgroundServices.HeartbeatBackgroundService HealthAxis heartbeat running at "2026-07-15T14:09:22.0757384+05:30"------------
[2026-07-15 14:09:32.080 +05:30 INF] HealthApp.Api.BackgroundServices.HeartbeatBackgroundService HealthAxis heartbeat running at "2026-07-15T14:09:32.0806688+05:30"------------
[2026-07-15 14:09:42.092 +05:30 INF] HealthApp.Api.BackgroundServices.HeartbeatBackgroundService HealthAxis heartbeat running at "2026-07-15T14:09:42.0923591+05:30"------------
[2026-07-15 14:09:42.848 +05:30 INF] Serilog.AspNetCore.RequestLoggingMiddleware HTTP OPTIONS /api/appointments/me responded 204 in 0.0483 ms
[2026-07-15 14:09:42.913 +05:30 INF] Serilog.AspNetCore.RequestLoggingMiddleware HTTP GET /api/appointments/me responded 200 in 31.1125 ms
[2026-07-15 14:09:52.100 +05:30 INF] HealthApp.Api.BackgroundServices.HeartbeatBackgroundService HealthAxis heartbeat running at "2026-07-15T14:09:52.1005823+05:30"------------
[2026-07-15 14:10:02.113 +05:30 INF] HealthApp.Api.BackgroundServices.HeartbeatBackgroundService HealthAxis heartbeat running at "2026-07-15T14:10:02.1134899+05:30"------------
[2026-07-15 14:10:12.130 +05:30 INF] HealthApp.Api.BackgroundServices.HeartbeatBackgroundService HealthAxis heartbeat running at "2026-07-15T14:10:12.1299988+05:30"------------
[2026-07-15 14:10:22.154 +05:30 INF] HealthApp.Api.BackgroundServices.HeartbeatBackgroundService HealthAxis heartbeat running at "2026-07-15T14:10:22.1549640+05:30"------------
[2026-07-15 14:10:31.995 +05:30 INF] Serilog.AspNetCore.RequestLoggingMiddleware HTTP OPTIONS /api/PatientApi/me responded 204 in 0.0725 ms
[2026-07-15 14:10:32.073 +05:30 INF] Serilog.AspNetCore.RequestLoggingMiddleware HTTP GET /api/PatientApi/me responded 200 in 53.1268 ms
[2026-07-15 14:10:32.100 +05:30 INF] Serilog.AspNetCore.RequestLoggingMiddleware HTTP OPTIONS /api/appointments/me responded 204 in 0.2942 ms
[2026-07-15 14:10:32.111 +05:30 INF] Serilog.AspNetCore.RequestLoggingMiddleware HTTP OPTIONS /api/HealthRecordApi/me responded 204 in 0.0579 ms
[2026-07-15 14:10:32.152 +05:30 INF] Serilog.AspNetCore.RequestLoggingMiddleware HTTP GET /api/appointments/me responded 200 in 20.1052 ms
[2026-07-15 14:10:32.173 +05:30 INF] HealthApp.Api.BackgroundServices.HeartbeatBackgroundService HealthAxis heartbeat running at "2026-07-15T14:10:32.1737558+05:30"------------
[2026-07-15 14:10:32.504 +05:30 INF] Serilog.AspNetCore.RequestLoggingMiddleware HTTP GET /api/HealthRecordApi/me responded 200 in 369.1165 ms
[2026-07-15 14:10:42.189 +05:30 INF] HealthApp.Api.BackgroundServices.HeartbeatBackgroundService HealthAxis heartbeat running at "2026-07-15T14:10:42.1897998+05:30"------------
[2026-07-15 14:10:52.196 +05:30 INF] HealthApp.Api.BackgroundServices.HeartbeatBackgroundService HealthAxis heartbeat running at "2026-07-15T14:10:52.1966236+05:30"------------
[2026-07-15 14:11:02.207 +05:30 INF] HealthApp.Api.BackgroundServices.HeartbeatBackgroundService HealthAxis heartbeat running at "2026-07-15T14:11:02.2072774+05:30"------------
[2026-07-15 14:11:05.230 +05:30 INF] Serilog.AspNetCore.RequestLoggingMiddleware HTTP OPTIONS /api/auth/login responded 204 in 0.0561 ms
[2026-07-15 14:11:05.377 +05:30 INF] Serilog.AspNetCore.RequestLoggingMiddleware HTTP POST /api/auth/login responded 200 in 143.3739 ms
[2026-07-15 14:11:05.427 +05:30 INF] Serilog.AspNetCore.RequestLoggingMiddleware HTTP OPTIONS /api/appointments/doctor/me responded 204 in 0.0466 ms
[2026-07-15 14:11:05.427 +05:30 INF] Serilog.AspNetCore.RequestLoggingMiddleware HTTP OPTIONS /api/doctors/me responded 204 in 0.0440 ms
[2026-07-15 14:11:05.459 +05:30 INF] Serilog.AspNetCore.RequestLoggingMiddleware HTTP OPTIONS /api/doctor-leaves/my responded 204 in 28.4555 ms
[2026-07-15 14:11:05.582 +05:30 INF] Serilog.AspNetCore.RequestLoggingMiddleware HTTP GET /api/doctors/me responded 200 in 93.3485 ms
[2026-07-15 14:11:05.654 +05:30 INF] Serilog.AspNetCore.RequestLoggingMiddleware HTTP GET /api/doctor-leaves/my responded 200 in 159.7407 ms
[2026-07-15 14:11:05.776 +05:30 INF] Serilog.AspNetCore.RequestLoggingMiddleware HTTP GET /api/appointments/doctor/me responded 200 in 313.9460 ms
[2026-07-15 14:11:07.045 +05:30 INF] Serilog.AspNetCore.RequestLoggingMiddleware HTTP GET /api/appointments/doctor/me responded 200 in 4.0279 ms
[2026-07-15 14:11:12.222 +05:30 INF] HealthApp.Api.BackgroundServices.HeartbeatBackgroundService HealthAxis heartbeat running at "2026-07-15T14:11:12.2224981+05:30"------------
[2026-07-15 14:11:22.232 +05:30 INF] HealthApp.Api.BackgroundServices.HeartbeatBackgroundService HealthAxis heartbeat running at "2026-07-15T14:11:22.2329277+05:30"------------
[2026-07-15 14:11:26.958 +05:30 INF] Serilog.AspNetCore.RequestLoggingMiddleware HTTP OPTIONS /api/doctor-leaves/my responded 204 in 0.0471 ms
[2026-07-15 14:11:26.988 +05:30 INF] Serilog.AspNetCore.RequestLoggingMiddleware HTTP GET /api/doctor-leaves/my responded 200 in 20.9376 ms
[2026-07-15 14:11:32.247 +05:30 INF] HealthApp.Api.BackgroundServices.HeartbeatBackgroundService HealthAxis heartbeat running at "2026-07-15T14:11:32.2478737+05:30"------------
[2026-07-15 14:11:42.258 +05:30 INF] HealthApp.Api.BackgroundServices.HeartbeatBackgroundService HealthAxis heartbeat running at "2026-07-15T14:11:42.2580442+05:30"------------
[2026-07-15 14:11:47.152 +05:30 INF] Serilog.AspNetCore.RequestLoggingMiddleware HTTP OPTIONS /api/HealthRecordApi/doctor/me responded 204 in 0.0526 ms
[2026-07-15 14:11:47.153 +05:30 INF] Serilog.AspNetCore.RequestLoggingMiddleware HTTP OPTIONS /api/doctors/me responded 204 in 0.0271 ms
[2026-07-15 14:11:47.170 +05:30 INF] Serilog.AspNetCore.RequestLoggingMiddleware HTTP GET /api/doctors/me responded 200 in 6.0896 ms
[2026-07-15 14:11:47.295 +05:30 INF] Serilog.AspNetCore.RequestLoggingMiddleware HTTP GET /api/HealthRecordApi/doctor/me responded 200 in 135.6093 ms
[2026-07-15 14:11:51.024 +05:30 INF] Serilog.AspNetCore.RequestLoggingMiddleware HTTP OPTIONS /api/appointments/doctor/me responded 204 in 0.0925 ms
[2026-07-15 14:11:51.057 +05:30 INF] Serilog.AspNetCore.RequestLoggingMiddleware HTTP GET /api/appointments/doctor/me responded 200 in 25.6615 ms
[2026-07-15 14:11:52.271 +05:30 INF] HealthApp.Api.BackgroundServices.HeartbeatBackgroundService HealthAxis heartbeat running at "2026-07-15T14:11:52.2711102+05:30"------------
[2026-07-15 14:12:02.274 +05:30 INF] HealthApp.Api.BackgroundServices.HeartbeatBackgroundService HealthAxis heartbeat running at "2026-07-15T14:12:02.2746389+05:30"------------
[2026-07-15 14:12:12.278 +05:30 INF] HealthApp.Api.BackgroundServices.HeartbeatBackgroundService HealthAxis heartbeat running at "2026-07-15T14:12:12.2787995+05:30"------------
[2026-07-15 14:12:22.288 +05:30 INF] HealthApp.Api.BackgroundServices.HeartbeatBackgroundService HealthAxis heartbeat running at "2026-07-15T14:12:22.2887571+05:30"------------
[2026-07-15 14:12:32.305 +05:30 INF] HealthApp.Api.BackgroundServices.HeartbeatBackgroundService HealthAxis heartbeat running at "2026-07-15T14:12:32.3058737+05:30"------------
[2026-07-15 14:12:42.319 +05:30 INF] HealthApp.Api.BackgroundServices.HeartbeatBackgroundService HealthAxis heartbeat running at "2026-07-15T14:12:42.3195559+05:30"------------
[2026-07-15 14:12:52.327 +05:30 INF] HealthApp.Api.BackgroundServices.HeartbeatBackgroundService HealthAxis heartbeat running at "2026-07-15T14:12:52.3278593+05:30"------------
[2026-07-15 14:13:02.342 +05:30 INF] HealthApp.Api.BackgroundServices.HeartbeatBackgroundService HealthAxis heartbeat running at "2026-07-15T14:13:02.3426961+05:30"------------
[2026-07-15 14:13:12.350 +05:30 INF] HealthApp.Api.BackgroundServices.HeartbeatBackgroundService HealthAxis heartbeat running at "2026-07-15T14:13:12.3501928+05:30"------------
[2026-07-15 14:13:22.358 +05:30 INF] HealthApp.Api.BackgroundServices.HeartbeatBackgroundService HealthAxis heartbeat running at "2026-07-15T14:13:22.3587306+05:30"------------
[2026-07-15 14:13:32.368 +05:30 INF] HealthApp.Api.BackgroundServices.HeartbeatBackgroundService HealthAxis heartbeat running at "2026-07-15T14:13:32.3680091+05:30"------------
[2026-07-15 14:13:42.385 +05:30 INF] HealthApp.Api.BackgroundServices.HeartbeatBackgroundService HealthAxis heartbeat running at "2026-07-15T14:13:42.3855606+05:30"------------
[2026-07-15 14:13:52.402 +05:30 INF] HealthApp.Api.BackgroundServices.HeartbeatBackgroundService HealthAxis heartbeat running at "2026-07-15T14:13:52.4029714+05:30"------------
[2026-07-15 14:14:02.415 +05:30 INF] HealthApp.Api.BackgroundServices.HeartbeatBackgroundService HealthAxis heartbeat running at "2026-07-15T14:14:02.4153402+05:30"------------
[2026-07-15 14:14:12.430 +05:30 INF] HealthApp.Api.BackgroundServices.HeartbeatBackgroundService HealthAxis heartbeat running at "2026-07-15T14:14:12.4299923+05:30"------------
[2026-07-15 14:14:22.433 +05:30 INF] HealthApp.Api.BackgroundServices.HeartbeatBackgroundService HealthAxis heartbeat running at "2026-07-15T14:14:22.4339007+05:30"------------
[2026-07-15 14:14:32.443 +05:30 INF] HealthApp.Api.BackgroundServices.HeartbeatBackgroundService HealthAxis heartbeat running at "2026-07-15T14:14:32.4436528+05:30"------------
[2026-07-15 14:14:42.445 +05:30 INF] HealthApp.Api.BackgroundServices.HeartbeatBackgroundService HealthAxis heartbeat running at "2026-07-15T14:14:42.4452195+05:30"------------
[2026-07-15 14:14:52.455 +05:30 INF] HealthApp.Api.BackgroundServices.HeartbeatBackgroundService HealthAxis heartbeat running at "2026-07-15T14:14:52.4551556+05:30"------------
[2026-07-15 14:15:02.464 +05:30 INF] HealthApp.Api.BackgroundServices.HeartbeatBackgroundService HealthAxis heartbeat running at "2026-07-15T14:15:02.4648240+05:30"------------
[2026-07-15 14:15:12.481 +05:30 INF] HealthApp.Api.BackgroundServices.HeartbeatBackgroundService HealthAxis heartbeat running at "2026-07-15T14:15:12.4816604+05:30"------------
[2026-07-15 14:15:22.495 +05:30 INF] HealthApp.Api.BackgroundServices.HeartbeatBackgroundService HealthAxis heartbeat running at "2026-07-15T14:15:22.4956112+05:30"------------
[2026-07-15 16:41:59.170 +05:30 INF] HealthApp.Api.BackgroundServices.HeartbeatBackgroundService HealthAxis Heartbeat Background Service started.+++++++++++++
[2026-07-15 16:41:59.275 +05:30 INF] HealthApp.Api.BackgroundServices.HeartbeatBackgroundService HealthAxis heartbeat running at "2026-07-15T16:41:59.2739567+05:30"------------
[2026-07-15 16:41:59.328 +05:30 INF] Microsoft.Hosting.Lifetime Now listening on: http://localhost:5066
[2026-07-15 16:41:59.420 +05:30 INF] Microsoft.Hosting.Lifetime Application started. Press Ctrl+C to shut down.
[2026-07-15 16:41:59.422 +05:30 INF] Microsoft.Hosting.Lifetime Hosting environment: Development
[2026-07-15 16:41:59.423 +05:30 INF] Microsoft.Hosting.Lifetime Content root path: C:\Users\310208\source\repos\Sprint 4\UST-Live-01\HealthApp.Api
[2026-07-15 16:41:59.443 +05:30 INF] MassTransit Bus started: "rabbitmq://localhost/"
[2026-07-15 16:42:09.290 +05:30 INF] HealthApp.Api.BackgroundServices.HeartbeatBackgroundService HealthAxis heartbeat running at "2026-07-15T16:42:09.2900310+05:30"------------
[2026-07-15 16:42:12.757 +05:30 INF] Serilog.AspNetCore.RequestLoggingMiddleware HTTP OPTIONS /api/auth/login responded 204 in 24.9260 ms
[2026-07-15 16:42:12.816 +05:30 WRN] Microsoft.AspNetCore.HttpsPolicy.HttpsRedirectionMiddleware Failed to determine the https port for redirect.
[2026-07-15 16:42:13.567 +05:30 INF] Serilog.AspNetCore.RequestLoggingMiddleware HTTP POST /api/auth/login responded 200 in 760.2560 ms
[2026-07-15 16:42:13.634 +05:30 INF] Serilog.AspNetCore.RequestLoggingMiddleware HTTP OPTIONS /api/PatientApi/me responded 204 in 1.2022 ms
[2026-07-15 16:42:14.058 +05:30 WRN] LuckyPennySoftware.AutoMapper.License You do not have a valid license key for the Lucky Penny software AutoMapper. This is allowed for development and testing scenarios. If you are running in production you are required to have a licensed version. Please visit https://luckypennysoftware.com to obtain a valid license.
[2026-07-15 16:42:14.198 +05:30 INF] Serilog.AspNetCore.RequestLoggingMiddleware HTTP GET /api/PatientApi/me responded 200 in 558.7405 ms
[2026-07-15 16:42:14.206 +05:30 INF] Serilog.AspNetCore.RequestLoggingMiddleware HTTP OPTIONS /api/appointments/me responded 204 in 0.1333 ms
[2026-07-15 16:42:14.207 +05:30 INF] Serilog.AspNetCore.RequestLoggingMiddleware HTTP OPTIONS /api/HealthRecordApi/me responded 204 in 0.0882 ms
[2026-07-15 16:42:14.499 +05:30 INF] Serilog.AspNetCore.RequestLoggingMiddleware HTTP GET /api/appointments/me responded 200 in 284.5096 ms
[2026-07-15 16:42:14.736 +05:30 INF] Serilog.AspNetCore.RequestLoggingMiddleware HTTP GET /api/HealthRecordApi/me responded 200 in 521.4353 ms
[2026-07-15 16:42:18.341 +05:30 INF] Serilog.AspNetCore.RequestLoggingMiddleware HTTP OPTIONS /api/doctors/activedoctors responded 204 in 0.1711 ms
[2026-07-15 16:42:18.890 +05:30 INF] Serilog.AspNetCore.RequestLoggingMiddleware HTTP GET /api/doctors/activedoctors responded 200 in 538.8309 ms
[2026-07-15 16:42:19.240 +05:30 INF] Serilog.AspNetCore.RequestLoggingMiddleware HTTP OPTIONS /api/appointments/me responded 204 in 0.1399 ms
[2026-07-15 16:42:19.307 +05:30 INF] Serilog.AspNetCore.RequestLoggingMiddleware HTTP GET /api/appointments/me responded 200 in 30.3859 ms
[2026-07-15 16:42:19.309 +05:30 INF] HealthApp.Api.BackgroundServices.HeartbeatBackgroundService HealthAxis heartbeat running at "2026-07-15T16:42:19.3088743+05:30"------------
[2026-07-15 16:42:19.942 +05:30 INF] Serilog.AspNetCore.RequestLoggingMiddleware HTTP GET /api/doctors/activedoctors responded 200 in 31.4991 ms
[2026-07-15 16:42:23.224 +05:30 INF] Serilog.AspNetCore.RequestLoggingMiddleware HTTP GET /api/appointments/me responded 200 in 28.7516 ms
[2026-07-15 16:42:29.321 +05:30 INF] HealthApp.Api.BackgroundServices.HeartbeatBackgroundService HealthAxis heartbeat running at "2026-07-15T16:42:29.3214553+05:30"------------
[2026-07-15 16:42:39.334 +05:30 INF] HealthApp.Api.BackgroundServices.HeartbeatBackgroundService HealthAxis heartbeat running at "2026-07-15T16:42:39.3343269+05:30"------------
[2026-07-15 16:42:49.341 +05:30 INF] HealthApp.Api.BackgroundServices.HeartbeatBackgroundService HealthAxis heartbeat running at "2026-07-15T16:42:49.3418346+05:30"------------
[2026-07-15 16:42:59.357 +05:30 INF] HealthApp.Api.BackgroundServices.HeartbeatBackgroundService HealthAxis heartbeat running at "2026-07-15T16:42:59.3574688+05:30"------------
[2026-07-15 16:43:09.371 +05:30 INF] HealthApp.Api.BackgroundServices.HeartbeatBackgroundService HealthAxis heartbeat running at "2026-07-15T16:43:09.3712659+05:30"------------
[2026-07-15 16:43:19.404 +05:30 INF] HealthApp.Api.BackgroundServices.HeartbeatBackgroundService HealthAxis heartbeat running at "2026-07-15T16:43:19.4041371+05:30"------------
[2026-07-15 16:43:29.416 +05:30 INF] HealthApp.Api.BackgroundServices.HeartbeatBackgroundService HealthAxis heartbeat running at "2026-07-15T16:43:29.4163528+05:30"------------
[2026-07-15 16:43:39.430 +05:30 INF] HealthApp.Api.BackgroundServices.HeartbeatBackgroundService HealthAxis heartbeat running at "2026-07-15T16:43:39.4285907+05:30"------------
[2026-07-15 16:43:49.439 +05:30 INF] HealthApp.Api.BackgroundServices.HeartbeatBackgroundService HealthAxis heartbeat running at "2026-07-15T16:43:49.4397586+05:30"------------
[2026-07-15 16:43:59.457 +05:30 INF] HealthApp.Api.BackgroundServices.HeartbeatBackgroundService HealthAxis heartbeat running at "2026-07-15T16:43:59.4572774+05:30"------------
[2026-07-15 16:44:09.462 +05:30 INF] HealthApp.Api.BackgroundServices.HeartbeatBackgroundService HealthAxis heartbeat running at "2026-07-15T16:44:09.4625798+05:30"------------
[2026-07-15 16:44:19.473 +05:30 INF] HealthApp.Api.BackgroundServices.HeartbeatBackgroundService HealthAxis heartbeat running at "2026-07-15T16:44:19.4736097+05:30"------------
[2026-07-15 16:44:29.487 +05:30 INF] HealthApp.Api.BackgroundServices.HeartbeatBackgroundService HealthAxis heartbeat running at "2026-07-15T16:44:29.4866159+05:30"------------
[2026-07-15 16:44:39.502 +05:30 INF] HealthApp.Api.BackgroundServices.HeartbeatBackgroundService HealthAxis heartbeat running at "2026-07-15T16:44:39.5026621+05:30"------------
[2026-07-15 16:44:49.519 +05:30 INF] HealthApp.Api.BackgroundServices.HeartbeatBackgroundService HealthAxis heartbeat running at "2026-07-15T16:44:49.5190052+05:30"------------
[2026-07-15 16:44:59.531 +05:30 INF] HealthApp.Api.BackgroundServices.HeartbeatBackgroundService HealthAxis heartbeat running at "2026-07-15T16:44:59.5317563+05:30"------------
[2026-07-15 16:45:09.543 +05:30 INF] HealthApp.Api.BackgroundServices.HeartbeatBackgroundService HealthAxis heartbeat running at "2026-07-15T16:45:09.5434596+05:30"------------
[2026-07-15 16:45:19.562 +05:30 INF] HealthApp.Api.BackgroundServices.HeartbeatBackgroundService HealthAxis heartbeat running at "2026-07-15T16:45:19.5616234+05:30"------------
[2026-07-15 16:45:29.577 +05:30 INF] HealthApp.Api.BackgroundServices.HeartbeatBackgroundService HealthAxis heartbeat running at "2026-07-15T16:45:29.5775812+05:30"------------
[2026-07-15 16:45:39.595 +05:30 INF] HealthApp.Api.BackgroundServices.HeartbeatBackgroundService HealthAxis heartbeat running at "2026-07-15T16:45:39.5951363+05:30"------------
[2026-07-15 16:45:49.602 +05:30 INF] HealthApp.Api.BackgroundServices.HeartbeatBackgroundService HealthAxis heartbeat running at "2026-07-15T16:45:49.6022011+05:30"------------
[2026-07-15 16:45:59.610 +05:30 INF] HealthApp.Api.BackgroundServices.HeartbeatBackgroundService HealthAxis heartbeat running at "2026-07-15T16:45:59.6105977+05:30"------------
[2026-07-15 16:46:09.620 +05:30 INF] HealthApp.Api.BackgroundServices.HeartbeatBackgroundService HealthAxis heartbeat running at "2026-07-15T16:46:09.6201898+05:30"------------
[2026-07-15 16:46:19.628 +05:30 INF] HealthApp.Api.BackgroundServices.HeartbeatBackgroundService HealthAxis heartbeat running at "2026-07-15T16:46:19.6281813+05:30"------------
[2026-07-15 16:46:29.638 +05:30 INF] HealthApp.Api.BackgroundServices.HeartbeatBackgroundService HealthAxis heartbeat running at "2026-07-15T16:46:29.6389145+05:30"------------
[2026-07-15 16:46:39.645 +05:30 INF] HealthApp.Api.BackgroundServices.HeartbeatBackgroundService HealthAxis heartbeat running at "2026-07-15T16:46:39.6449750+05:30"------------
[2026-07-15 16:46:49.661 +05:30 INF] HealthApp.Api.BackgroundServices.HeartbeatBackgroundService HealthAxis heartbeat running at "2026-07-15T16:46:49.6616675+05:30"------------
[2026-07-15 16:46:59.679 +05:30 INF] HealthApp.Api.BackgroundServices.HeartbeatBackgroundService HealthAxis heartbeat running at "2026-07-15T16:46:59.6793816+05:30"------------
[2026-07-15 16:47:09.692 +05:30 INF] HealthApp.Api.BackgroundServices.HeartbeatBackgroundService HealthAxis heartbeat running at "2026-07-15T16:47:09.6927869+05:30"------------
[2026-07-15 16:47:19.711 +05:30 INF] HealthApp.Api.BackgroundServices.HeartbeatBackgroundService HealthAxis heartbeat running at "2026-07-15T16:47:19.7113608+05:30"------------
[2026-07-15 16:47:29.731 +05:30 INF] HealthApp.Api.BackgroundServices.HeartbeatBackgroundService HealthAxis heartbeat running at "2026-07-15T16:47:29.7313079+05:30"------------
[2026-07-15 16:47:39.747 +05:30 INF] HealthApp.Api.BackgroundServices.HeartbeatBackgroundService HealthAxis heartbeat running at "2026-07-15T16:47:39.7470982+05:30"------------
[2026-07-15 16:47:49.762 +05:30 INF] HealthApp.Api.BackgroundServices.HeartbeatBackgroundService HealthAxis heartbeat running at "2026-07-15T16:47:49.7620406+05:30"------------
[2026-07-15 16:47:59.779 +05:30 INF] HealthApp.Api.BackgroundServices.HeartbeatBackgroundService HealthAxis heartbeat running at "2026-07-15T16:47:59.7791725+05:30"------------
[2026-07-15 16:48:09.797 +05:30 INF] HealthApp.Api.BackgroundServices.HeartbeatBackgroundService HealthAxis heartbeat running at "2026-07-15T16:48:09.7970997+05:30"------------
[2026-07-15 16:48:19.803 +05:30 INF] HealthApp.Api.BackgroundServices.HeartbeatBackgroundService HealthAxis heartbeat running at "2026-07-15T16:48:19.8036476+05:30"------------
[2026-07-15 16:48:29.816 +05:30 INF] HealthApp.Api.BackgroundServices.HeartbeatBackgroundService HealthAxis heartbeat running at "2026-07-15T16:48:29.8167125+05:30"------------
[2026-07-15 16:48:39.835 +05:30 INF] HealthApp.Api.BackgroundServices.HeartbeatBackgroundService HealthAxis heartbeat running at "2026-07-15T16:48:39.8357615+05:30"------------
[2026-07-15 16:48:49.849 +05:30 INF] HealthApp.Api.BackgroundServices.HeartbeatBackgroundService HealthAxis heartbeat running at "2026-07-15T16:48:49.8498518+05:30"------------
[2026-07-15 16:48:59.860 +05:30 INF] HealthApp.Api.BackgroundServices.HeartbeatBackgroundService HealthAxis heartbeat running at "2026-07-15T16:48:59.8600217+05:30"------------
[2026-07-15 16:49:09.873 +05:30 INF] HealthApp.Api.BackgroundServices.HeartbeatBackgroundService HealthAxis heartbeat running at "2026-07-15T16:49:09.8739440+05:30"------------
[2026-07-15 16:49:19.923 +05:30 INF] HealthApp.Api.BackgroundServices.HeartbeatBackgroundService HealthAxis heartbeat running at "2026-07-15T16:49:19.9231909+05:30"------------
[2026-07-15 16:49:29.973 +05:30 INF] HealthApp.Api.BackgroundServices.HeartbeatBackgroundService HealthAxis heartbeat running at "2026-07-15T16:49:29.9737632+05:30"------------
[2026-07-15 16:49:39.979 +05:30 INF] HealthApp.Api.BackgroundServices.HeartbeatBackgroundService HealthAxis heartbeat running at "2026-07-15T16:49:39.9791092+05:30"------------
[2026-07-15 16:49:49.997 +05:30 INF] HealthApp.Api.BackgroundServices.HeartbeatBackgroundService HealthAxis heartbeat running at "2026-07-15T16:49:49.9969642+05:30"------------
[2026-07-15 16:50:00.000 +05:30 INF] HealthApp.Api.BackgroundServices.HeartbeatBackgroundService HealthAxis heartbeat running at "2026-07-15T16:50:00.0008646+05:30"------------
[2026-07-15 16:50:10.011 +05:30 INF] HealthApp.Api.BackgroundServices.HeartbeatBackgroundService HealthAxis heartbeat running at "2026-07-15T16:50:10.0117389+05:30"------------
[2026-07-15 16:50:20.020 +05:30 INF] HealthApp.Api.BackgroundServices.HeartbeatBackgroundService HealthAxis heartbeat running at "2026-07-15T16:50:20.0205989+05:30"------------
[2026-07-15 16:50:30.027 +05:30 INF] HealthApp.Api.BackgroundServices.HeartbeatBackgroundService HealthAxis heartbeat running at "2026-07-15T16:50:30.0277187+05:30"------------
[2026-07-15 16:50:40.039 +05:30 INF] HealthApp.Api.BackgroundServices.HeartbeatBackgroundService HealthAxis heartbeat running at "2026-07-15T16:50:40.0398594+05:30"------------
[2026-07-15 16:50:50.056 +05:30 INF] HealthApp.Api.BackgroundServices.HeartbeatBackgroundService HealthAxis heartbeat running at "2026-07-15T16:50:50.0563005+05:30"------------
[2026-07-15 16:51:00.060 +05:30 INF] HealthApp.Api.BackgroundServices.HeartbeatBackgroundService HealthAxis heartbeat running at "2026-07-15T16:51:00.0607689+05:30"------------
[2026-07-15 16:51:10.070 +05:30 INF] HealthApp.Api.BackgroundServices.HeartbeatBackgroundService HealthAxis heartbeat running at "2026-07-15T16:51:10.0704671+05:30"------------
[2026-07-15 16:51:20.075 +05:30 INF] HealthApp.Api.BackgroundServices.HeartbeatBackgroundService HealthAxis heartbeat running at "2026-07-15T16:51:20.0758224+05:30"------------
[2026-07-15 16:51:30.086 +05:30 INF] HealthApp.Api.BackgroundServices.HeartbeatBackgroundService HealthAxis heartbeat running at "2026-07-15T16:51:30.0867678+05:30"------------
[2026-07-15 16:51:40.100 +05:30 INF] HealthApp.Api.BackgroundServices.HeartbeatBackgroundService HealthAxis heartbeat running at "2026-07-15T16:51:40.1002346+05:30"------------
[2026-07-15 16:51:50.111 +05:30 INF] HealthApp.Api.BackgroundServices.HeartbeatBackgroundService HealthAxis heartbeat running at "2026-07-15T16:51:50.1108307+05:30"------------
[2026-07-15 16:52:00.123 +05:30 INF] HealthApp.Api.BackgroundServices.HeartbeatBackgroundService HealthAxis heartbeat running at "2026-07-15T16:52:00.1236602+05:30"------------
[2026-07-15 16:52:10.128 +05:30 INF] HealthApp.Api.BackgroundServices.HeartbeatBackgroundService HealthAxis heartbeat running at "2026-07-15T16:52:10.1280911+05:30"------------
[2026-07-15 16:52:20.140 +05:30 INF] HealthApp.Api.BackgroundServices.HeartbeatBackgroundService HealthAxis heartbeat running at "2026-07-15T16:52:20.1399866+05:30"------------
[2026-07-15 16:52:30.157 +05:30 INF] HealthApp.Api.BackgroundServices.HeartbeatBackgroundService HealthAxis heartbeat running at "2026-07-15T16:52:30.1576080+05:30"------------
[2026-07-15 16:52:40.173 +05:30 INF] HealthApp.Api.BackgroundServices.HeartbeatBackgroundService HealthAxis heartbeat running at "2026-07-15T16:52:40.1731154+05:30"------------
[2026-07-15 16:52:50.182 +05:30 INF] HealthApp.Api.BackgroundServices.HeartbeatBackgroundService HealthAxis heartbeat running at "2026-07-15T16:52:50.1829416+05:30"------------
[2026-07-15 16:52:58.497 +05:30 INF] Serilog.AspNetCore.RequestLoggingMiddleware HTTP OPTIONS /api/appointments/doctor/6/availability responded 204 in 0.2266 ms
[2026-07-15 16:52:58.970 +05:30 INF] Serilog.AspNetCore.RequestLoggingMiddleware HTTP GET /api/appointments/doctor/6/availability responded 200 in 455.9391 ms
[2026-07-15 16:53:00.193 +05:30 INF] HealthApp.Api.BackgroundServices.HeartbeatBackgroundService HealthAxis heartbeat running at "2026-07-15T16:53:00.1933058+05:30"------------
[2026-07-15 16:53:10.207 +05:30 INF] HealthApp.Api.BackgroundServices.HeartbeatBackgroundService HealthAxis heartbeat running at "2026-07-15T16:53:10.2075171+05:30"------------
[2026-07-15 16:53:20.231 +05:30 INF] HealthApp.Api.BackgroundServices.HeartbeatBackgroundService HealthAxis heartbeat running at "2026-07-15T16:53:20.2314192+05:30"------------
[2026-07-15 16:53:30.240 +05:30 INF] HealthApp.Api.BackgroundServices.HeartbeatBackgroundService HealthAxis heartbeat running at "2026-07-15T16:53:30.2406442+05:30"------------
[2026-07-15 16:53:40.254 +05:30 INF] HealthApp.Api.BackgroundServices.HeartbeatBackgroundService HealthAxis heartbeat running at "2026-07-15T16:53:40.2548794+05:30"------------
[2026-07-15 16:53:50.268 +05:30 INF] HealthApp.Api.BackgroundServices.HeartbeatBackgroundService HealthAxis heartbeat running at "2026-07-15T16:53:50.2689300+05:30"------------
[2026-07-15 16:54:00.287 +05:30 INF] HealthApp.Api.BackgroundServices.HeartbeatBackgroundService HealthAxis heartbeat running at "2026-07-15T16:54:00.2875099+05:30"------------
[2026-07-15 16:54:10.294 +05:30 INF] HealthApp.Api.BackgroundServices.HeartbeatBackgroundService HealthAxis heartbeat running at "2026-07-15T16:54:10.2942442+05:30"------------
[2026-07-15 16:54:20.298 +05:30 INF] HealthApp.Api.BackgroundServices.HeartbeatBackgroundService HealthAxis heartbeat running at "2026-07-15T16:54:20.2989575+05:30"------------
[2026-07-15 16:54:25.333 +05:30 INF] Serilog.AspNetCore.RequestLoggingMiddleware HTTP OPTIONS /api/appointments/me responded 204 in 0.4249 ms
[2026-07-15 16:54:25.365 +05:30 INF] Serilog.AspNetCore.RequestLoggingMiddleware HTTP GET /api/appointments/me responded 200 in 15.7445 ms
[2026-07-15 16:54:30.306 +05:30 INF] HealthApp.Api.BackgroundServices.HeartbeatBackgroundService HealthAxis heartbeat running at "2026-07-15T16:54:30.3069298+05:30"------------
[2026-07-15 16:54:40.315 +05:30 INF] HealthApp.Api.BackgroundServices.HeartbeatBackgroundService HealthAxis heartbeat running at "2026-07-15T16:54:40.3153960+05:30"------------
[2026-07-15 16:54:50.328 +05:30 INF] HealthApp.Api.BackgroundServices.HeartbeatBackgroundService HealthAxis heartbeat running at "2026-07-15T16:54:50.3287733+05:30"------------
[2026-07-15 16:55:00.344 +05:30 INF] HealthApp.Api.BackgroundServices.HeartbeatBackgroundService HealthAxis heartbeat running at "2026-07-15T16:55:00.3447454+05:30"------------
[2026-07-15 16:55:10.352 +05:30 INF] HealthApp.Api.BackgroundServices.HeartbeatBackgroundService HealthAxis heartbeat running at "2026-07-15T16:55:10.3527392+05:30"------------
[2026-07-15 16:55:19.061 +05:30 INF] Serilog.AspNetCore.RequestLoggingMiddleware HTTP OPTIONS /api/appointments/me responded 204 in 0.1842 ms
[2026-07-15 16:55:19.092 +05:30 INF] Serilog.AspNetCore.RequestLoggingMiddleware HTTP GET /api/appointments/me responded 200 in 22.9229 ms
[2026-07-15 16:55:20.355 +05:30 INF] HealthApp.Api.BackgroundServices.HeartbeatBackgroundService HealthAxis heartbeat running at "2026-07-15T16:55:20.3555138+05:30"------------
[2026-07-15 16:55:30.368 +05:30 INF] HealthApp.Api.BackgroundServices.HeartbeatBackgroundService HealthAxis heartbeat running at "2026-07-15T16:55:30.3686224+05:30"------------
[2026-07-15 16:55:40.395 +05:30 INF] HealthApp.Api.BackgroundServices.HeartbeatBackgroundService HealthAxis heartbeat running at "2026-07-15T16:55:40.3950456+05:30"------------
[2026-07-15 16:55:50.407 +05:30 INF] HealthApp.Api.BackgroundServices.HeartbeatBackgroundService HealthAxis heartbeat running at "2026-07-15T16:55:50.4075936+05:30"------------
[2026-07-15 16:56:00.421 +05:30 INF] HealthApp.Api.BackgroundServices.HeartbeatBackgroundService HealthAxis heartbeat running at "2026-07-15T16:56:00.4216555+05:30"------------
[2026-07-15 16:56:06.625 +05:30 INF] Serilog.AspNetCore.RequestLoggingMiddleware HTTP OPTIONS /api/appointments/me responded 204 in 0.2399 ms
[2026-07-15 16:56:06.641 +05:30 INF] Serilog.AspNetCore.RequestLoggingMiddleware HTTP GET /api/appointments/me responded 200 in 9.2109 ms
[2026-07-15 16:56:10.439 +05:30 INF] HealthApp.Api.BackgroundServices.HeartbeatBackgroundService HealthAxis heartbeat running at "2026-07-15T16:56:10.4389871+05:30"------------
[2026-07-15 16:56:20.444 +05:30 INF] HealthApp.Api.BackgroundServices.HeartbeatBackgroundService HealthAxis heartbeat running at "2026-07-15T16:56:20.4447110+05:30"------------
[2026-07-15 16:56:29.055 +05:30 INF] Serilog.AspNetCore.RequestLoggingMiddleware HTTP OPTIONS /api/appointments/me responded 204 in 0.1293 ms
[2026-07-15 16:56:29.079 +05:30 INF] Serilog.AspNetCore.RequestLoggingMiddleware HTTP GET /api/appointments/me responded 200 in 18.8012 ms
[2026-07-15 16:56:30.454 +05:30 INF] HealthApp.Api.BackgroundServices.HeartbeatBackgroundService HealthAxis heartbeat running at "2026-07-15T16:56:30.4549191+05:30"------------
[2026-07-15 16:56:39.222 +05:30 INF] Serilog.AspNetCore.RequestLoggingMiddleware HTTP OPTIONS /api/appointments/me responded 204 in 0.1355 ms
[2026-07-15 16:56:39.244 +05:30 INF] Serilog.AspNetCore.RequestLoggingMiddleware HTTP GET /api/appointments/me responded 200 in 15.5733 ms
[2026-07-15 16:56:40.457 +05:30 INF] HealthApp.Api.BackgroundServices.HeartbeatBackgroundService HealthAxis heartbeat running at "2026-07-15T16:56:40.4578529+05:30"------------
[2026-07-15 16:56:50.459 +05:30 INF] HealthApp.Api.BackgroundServices.HeartbeatBackgroundService HealthAxis heartbeat running at "2026-07-15T16:56:50.4599119+05:30"------------
[2026-07-15 16:57:00.466 +05:30 INF] HealthApp.Api.BackgroundServices.HeartbeatBackgroundService HealthAxis heartbeat running at "2026-07-15T16:57:00.4665525+05:30"------------
[2026-07-15 16:57:10.469 +05:30 INF] HealthApp.Api.BackgroundServices.HeartbeatBackgroundService HealthAxis heartbeat running at "2026-07-15T16:57:10.4691060+05:30"------------
[2026-07-15 16:57:14.059 +05:30 INF] Serilog.AspNetCore.RequestLoggingMiddleware HTTP OPTIONS /api/appointments/me responded 204 in 0.1094 ms
[2026-07-15 16:57:14.086 +05:30 INF] Serilog.AspNetCore.RequestLoggingMiddleware HTTP GET /api/appointments/me responded 200 in 17.5053 ms
[2026-07-15 16:57:20.484 +05:30 INF] HealthApp.Api.BackgroundServices.HeartbeatBackgroundService HealthAxis heartbeat running at "2026-07-15T16:57:20.4849592+05:30"------------
[2026-07-15 16:57:30.501 +05:30 INF] HealthApp.Api.BackgroundServices.HeartbeatBackgroundService HealthAxis heartbeat running at "2026-07-15T16:57:30.5013871+05:30"------------
[2026-07-15 16:57:37.881 +05:30 INF] Serilog.AspNetCore.RequestLoggingMiddleware HTTP OPTIONS /api/appointments/me responded 204 in 0.4289 ms
[2026-07-15 16:57:37.908 +05:30 INF] Serilog.AspNetCore.RequestLoggingMiddleware HTTP GET /api/appointments/me responded 200 in 19.8245 ms
[2026-07-15 16:57:40.514 +05:30 INF] HealthApp.Api.BackgroundServices.HeartbeatBackgroundService HealthAxis heartbeat running at "2026-07-15T16:57:40.5143162+05:30"------------
[2026-07-15 16:57:50.531 +05:30 INF] HealthApp.Api.BackgroundServices.HeartbeatBackgroundService HealthAxis heartbeat running at "2026-07-15T16:57:50.5314946+05:30"------------
[2026-07-15 16:58:00.541 +05:30 INF] HealthApp.Api.BackgroundServices.HeartbeatBackgroundService HealthAxis heartbeat running at "2026-07-15T16:58:00.5417895+05:30"------------
[2026-07-15 16:58:10.554 +05:30 INF] HealthApp.Api.BackgroundServices.HeartbeatBackgroundService HealthAxis heartbeat running at "2026-07-15T16:58:10.5539969+05:30"------------
[2026-07-15 16:58:20.557 +05:30 INF] HealthApp.Api.BackgroundServices.HeartbeatBackgroundService HealthAxis heartbeat running at "2026-07-15T16:58:20.5572002+05:30"------------
[2026-07-15 16:58:30.570 +05:30 INF] HealthApp.Api.BackgroundServices.HeartbeatBackgroundService HealthAxis heartbeat running at "2026-07-15T16:58:30.5704364+05:30"------------
[2026-07-15 16:58:40.575 +05:30 INF] HealthApp.Api.BackgroundServices.HeartbeatBackgroundService HealthAxis heartbeat running at "2026-07-15T16:58:40.5754798+05:30"------------
[2026-07-15 16:58:50.588 +05:30 INF] HealthApp.Api.BackgroundServices.HeartbeatBackgroundService HealthAxis heartbeat running at "2026-07-15T16:58:50.5886983+05:30"------------
[2026-07-15 16:59:00.597 +05:30 INF] HealthApp.Api.BackgroundServices.HeartbeatBackgroundService HealthAxis heartbeat running at "2026-07-15T16:59:00.5973513+05:30"------------
[2026-07-15 16:59:10.613 +05:30 INF] HealthApp.Api.BackgroundServices.HeartbeatBackgroundService HealthAxis heartbeat running at "2026-07-15T16:59:10.6134076+05:30"------------
[2026-07-15 16:59:20.621 +05:30 INF] HealthApp.Api.BackgroundServices.HeartbeatBackgroundService HealthAxis heartbeat running at "2026-07-15T16:59:20.6215831+05:30"------------
[2026-07-15 16:59:30.629 +05:30 INF] HealthApp.Api.BackgroundServices.HeartbeatBackgroundService HealthAxis heartbeat running at "2026-07-15T16:59:30.6294754+05:30"------------
[2026-07-15 16:59:40.633 +05:30 INF] HealthApp.Api.BackgroundServices.HeartbeatBackgroundService HealthAxis heartbeat running at "2026-07-15T16:59:40.6338277+05:30"------------
[2026-07-15 16:59:50.640 +05:30 INF] HealthApp.Api.BackgroundServices.HeartbeatBackgroundService HealthAxis heartbeat running at "2026-07-15T16:59:50.6406568+05:30"------------
[2026-07-15 17:00:00.643 +05:30 INF] HealthApp.Api.BackgroundServices.HeartbeatBackgroundService HealthAxis heartbeat running at "2026-07-15T17:00:00.6435722+05:30"------------
[2026-07-15 17:00:09.080 +05:30 INF] Serilog.AspNetCore.RequestLoggingMiddleware HTTP OPTIONS /api/appointments/me responded 204 in 0.7486 ms
[2026-07-15 17:00:09.100 +05:30 INF] Serilog.AspNetCore.RequestLoggingMiddleware HTTP GET /api/appointments/me responded 200 in 14.6892 ms
[2026-07-15 17:00:10.660 +05:30 INF] HealthApp.Api.BackgroundServices.HeartbeatBackgroundService HealthAxis heartbeat running at "2026-07-15T17:00:10.6607430+05:30"------------
[2026-07-15 17:00:20.674 +05:30 INF] HealthApp.Api.BackgroundServices.HeartbeatBackgroundService HealthAxis heartbeat running at "2026-07-15T17:00:20.6741233+05:30"------------
[2026-07-15 17:00:30.693 +05:30 INF] HealthApp.Api.BackgroundServices.HeartbeatBackgroundService HealthAxis heartbeat running at "2026-07-15T17:00:30.6935332+05:30"------------
[2026-07-15 17:00:40.812 +05:30 INF] HealthApp.Api.BackgroundServices.HeartbeatBackgroundService HealthAxis heartbeat running at "2026-07-15T17:00:40.8120024+05:30"------------
[2026-07-15 17:00:50.815 +05:30 INF] HealthApp.Api.BackgroundServices.HeartbeatBackgroundService HealthAxis heartbeat running at "2026-07-15T17:00:50.8155602+05:30"------------
[2026-07-15 17:00:52.481 +05:30 INF] Serilog.AspNetCore.RequestLoggingMiddleware HTTP OPTIONS /api/appointments/me responded 204 in 0.1089 ms
[2026-07-15 17:00:52.506 +05:30 INF] Serilog.AspNetCore.RequestLoggingMiddleware HTTP GET /api/appointments/me responded 200 in 17.9568 ms
[2026-07-15 17:01:00.835 +05:30 INF] HealthApp.Api.BackgroundServices.HeartbeatBackgroundService HealthAxis heartbeat running at "2026-07-15T17:01:00.8353503+05:30"------------
[2026-07-15 17:01:10.848 +05:30 INF] HealthApp.Api.BackgroundServices.HeartbeatBackgroundService HealthAxis heartbeat running at "2026-07-15T17:01:10.8486597+05:30"------------
[2026-07-15 17:01:20.865 +05:30 INF] HealthApp.Api.BackgroundServices.HeartbeatBackgroundService HealthAxis heartbeat running at "2026-07-15T17:01:20.8658004+05:30"------------
[2026-07-15 17:01:30.897 +05:30 INF] HealthApp.Api.BackgroundServices.HeartbeatBackgroundService HealthAxis heartbeat running at "2026-07-15T17:01:30.8977318+05:30"------------
[2026-07-15 17:01:40.912 +05:30 INF] HealthApp.Api.BackgroundServices.HeartbeatBackgroundService HealthAxis heartbeat running at "2026-07-15T17:01:40.9122166+05:30"------------
[2026-07-15 17:01:50.931 +05:30 INF] HealthApp.Api.BackgroundServices.HeartbeatBackgroundService HealthAxis heartbeat running at "2026-07-15T17:01:50.9312946+05:30"------------
[2026-07-15 17:02:00.934 +05:30 INF] HealthApp.Api.BackgroundServices.HeartbeatBackgroundService HealthAxis heartbeat running at "2026-07-15T17:02:00.9346317+05:30"------------
[2026-07-15 17:02:10.942 +05:30 INF] HealthApp.Api.BackgroundServices.HeartbeatBackgroundService HealthAxis heartbeat running at "2026-07-15T17:02:10.9427416+05:30"------------
[2026-07-15 17:02:20.947 +05:30 INF] HealthApp.Api.BackgroundServices.HeartbeatBackgroundService HealthAxis heartbeat running at "2026-07-15T17:02:20.9478668+05:30"------------
[2026-07-15 17:02:30.960 +05:30 INF] HealthApp.Api.BackgroundServices.HeartbeatBackgroundService HealthAxis heartbeat running at "2026-07-15T17:02:30.9602918+05:30"------------
[2026-07-15 17:02:40.976 +05:30 INF] HealthApp.Api.BackgroundServices.HeartbeatBackgroundService HealthAxis heartbeat running at "2026-07-15T17:02:40.9767652+05:30"------------
[2026-07-15 17:02:50.991 +05:30 INF] HealthApp.Api.BackgroundServices.HeartbeatBackgroundService HealthAxis heartbeat running at "2026-07-15T17:02:50.9918051+05:30"------------
[2026-07-15 17:03:00.993 +05:30 INF] HealthApp.Api.BackgroundServices.HeartbeatBackgroundService HealthAxis heartbeat running at "2026-07-15T17:03:00.9939213+05:30"------------
[2026-07-15 17:03:11.007 +05:30 INF] HealthApp.Api.BackgroundServices.HeartbeatBackgroundService HealthAxis heartbeat running at "2026-07-15T17:03:11.0077390+05:30"------------
[2026-07-15 17:03:21.012 +05:30 INF] HealthApp.Api.BackgroundServices.HeartbeatBackgroundService HealthAxis heartbeat running at "2026-07-15T17:03:21.0122574+05:30"------------
[2026-07-15 17:03:31.018 +05:30 INF] HealthApp.Api.BackgroundServices.HeartbeatBackgroundService HealthAxis heartbeat running at "2026-07-15T17:03:31.0184194+05:30"------------
[2026-07-15 17:03:41.036 +05:30 INF] HealthApp.Api.BackgroundServices.HeartbeatBackgroundService HealthAxis heartbeat running at "2026-07-15T17:03:41.0363449+05:30"------------
[2026-07-15 17:03:51.060 +05:30 INF] HealthApp.Api.BackgroundServices.HeartbeatBackgroundService HealthAxis heartbeat running at "2026-07-15T17:03:51.0608363+05:30"------------
[2026-07-15 17:04:01.075 +05:30 INF] HealthApp.Api.BackgroundServices.HeartbeatBackgroundService HealthAxis heartbeat running at "2026-07-15T17:04:01.0756192+05:30"------------
[2026-07-15 17:04:11.078 +05:30 INF] HealthApp.Api.BackgroundServices.HeartbeatBackgroundService HealthAxis heartbeat running at "2026-07-15T17:04:11.0784729+05:30"------------
[2026-07-15 17:04:21.089 +05:30 INF] HealthApp.Api.BackgroundServices.HeartbeatBackgroundService HealthAxis heartbeat running at "2026-07-15T17:04:21.0893125+05:30"------------
[2026-07-15 17:04:23.082 +05:30 INF] Serilog.AspNetCore.RequestLoggingMiddleware HTTP OPTIONS /api/appointments/me responded 204 in 0.1013 ms
[2026-07-15 17:04:23.107 +05:30 INF] Serilog.AspNetCore.RequestLoggingMiddleware HTTP GET /api/appointments/me responded 200 in 19.9012 ms
[2026-07-15 17:04:31.093 +05:30 INF] HealthApp.Api.BackgroundServices.HeartbeatBackgroundService HealthAxis heartbeat running at "2026-07-15T17:04:31.0934109+05:30"------------
[2026-07-15 17:04:41.108 +05:30 INF] HealthApp.Api.BackgroundServices.HeartbeatBackgroundService HealthAxis heartbeat running at "2026-07-15T17:04:41.1080528+05:30"------------
[2026-07-15 17:04:41.560 +05:30 INF] Serilog.AspNetCore.RequestLoggingMiddleware HTTP OPTIONS /api/appointments/doctor/6/availability responded 204 in 0.0981 ms
[2026-07-15 17:04:41.577 +05:30 INF] Serilog.AspNetCore.RequestLoggingMiddleware HTTP GET /api/appointments/doctor/6/availability responded 200 in 12.3178 ms
[2026-07-15 17:04:45.038 +05:30 INF] Serilog.AspNetCore.RequestLoggingMiddleware HTTP OPTIONS /api/appointments/doctor/6/availability responded 204 in 0.1691 ms
[2026-07-15 17:04:45.061 +05:30 INF] Serilog.AspNetCore.RequestLoggingMiddleware HTTP GET /api/appointments/doctor/6/availability responded 200 in 13.7032 ms
[2026-07-15 17:04:49.043 +05:30 INF] Serilog.AspNetCore.RequestLoggingMiddleware HTTP OPTIONS /api/appointments/doctor/6/availability responded 204 in 0.0942 ms
[2026-07-15 17:04:49.061 +05:30 INF] Serilog.AspNetCore.RequestLoggingMiddleware HTTP GET /api/appointments/doctor/6/availability responded 200 in 7.1279 ms
[2026-07-15 17:04:51.124 +05:30 INF] HealthApp.Api.BackgroundServices.HeartbeatBackgroundService HealthAxis heartbeat running at "2026-07-15T17:04:51.1239803+05:30"------------
[2026-07-15 17:04:52.574 +05:30 INF] Serilog.AspNetCore.RequestLoggingMiddleware HTTP OPTIONS /api/appointments/doctor/6/availability responded 204 in 0.0731 ms
[2026-07-15 17:04:52.587 +05:30 INF] Serilog.AspNetCore.RequestLoggingMiddleware HTTP GET /api/appointments/doctor/6/availability responded 200 in 9.2576 ms
[2026-07-15 17:05:01.130 +05:30 INF] HealthApp.Api.BackgroundServices.HeartbeatBackgroundService HealthAxis heartbeat running at "2026-07-15T17:05:01.1301025+05:30"------------
[2026-07-15 17:05:03.967 +05:30 INF] Serilog.AspNetCore.RequestLoggingMiddleware HTTP OPTIONS /api/appointments/doctor/6/availability responded 204 in 0.0709 ms
[2026-07-15 17:05:03.986 +05:30 INF] Serilog.AspNetCore.RequestLoggingMiddleware HTTP GET /api/appointments/doctor/6/availability responded 200 in 13.9472 ms
[2026-07-15 17:05:11.018 +05:30 INF] Serilog.AspNetCore.RequestLoggingMiddleware HTTP OPTIONS /api/appointments/doctor/6/availability responded 204 in 0.2940 ms
[2026-07-15 17:05:11.132 +05:30 INF] Serilog.AspNetCore.RequestLoggingMiddleware HTTP GET /api/appointments/doctor/6/availability responded 200 in 83.2628 ms
[2026-07-15 17:05:11.137 +05:30 INF] HealthApp.Api.BackgroundServices.HeartbeatBackgroundService HealthAxis heartbeat running at "2026-07-15T17:05:11.1369128+05:30"------------
[2026-07-15 17:05:21.163 +05:30 INF] HealthApp.Api.BackgroundServices.HeartbeatBackgroundService HealthAxis heartbeat running at "2026-07-15T17:05:21.1631155+05:30"------------
[2026-07-15 17:05:22.226 +05:30 INF] Serilog.AspNetCore.RequestLoggingMiddleware HTTP OPTIONS /api/appointments responded 204 in 0.4753 ms
[2026-07-15 17:05:23.232 +05:30 INF] HealthApp.Api.Messaging.Publisher.AppointmentEventPublisher AppointmentBookEvent published. AppointmentId: 21, Patient: S N K, Doctor: Shiva, Date: "2026-07-31T00:00:00.0000000", Slot: 04:00 PM
[2026-07-15 17:05:23.237 +05:30 INF] Serilog.AspNetCore.RequestLoggingMiddleware HTTP POST /api/appointments responded 200 in 1006.8942 ms
[2026-07-15 17:05:24.629 +05:30 INF] Serilog.AspNetCore.RequestLoggingMiddleware HTTP OPTIONS /api/appointments/me responded 204 in 0.0434 ms
[2026-07-15 17:05:32.267 +05:30 INF] HealthApp.Api.BackgroundServices.HeartbeatBackgroundService HealthAxis heartbeat running at "2026-07-15T17:05:32.2608478+05:30"------------
[2026-07-15 17:05:32.311 +05:30 ERR] HealthApp.Api.Middleware.GlobalExceptionHandler An unexpected Error Occured : Slot already booked
HealthApp.Api.Exceptions.AppointmentRuleException: Slot already booked
   at HealthApp.Api.Service.Impl.AppointmentService.Add(AppointmentDto dto, String identityUserId) in C:\Users\310208\source\repos\Sprint 4\UST-Live-01\HealthApp.Api\Service\Impl\AppointmentService.cs:line 73
   at HealthApp.Api.Controllers.AppointmentApiController.Add(AppointmentDto dto) in C:\Users\310208\source\repos\Sprint 4\UST-Live-01\HealthApp.Api\Controllers\AppointmentApiController.cs:line 39
   at Microsoft.AspNetCore.Mvc.Infrastructure.ActionMethodExecutor.TaskOfIActionResultExecutor.Execute(ActionContext actionContext, IActionResultTypeMapper mapper, ObjectMethodExecutor executor, Object controller, Object[] arguments)
   at Microsoft.AspNetCore.Mvc.Infrastructure.ControllerActionInvoker.<InvokeActionMethodAsync>g__Awaited|12_0(ControllerActionInvoker invoker, ValueTask`1 actionResultValueTask)
   at Microsoft.AspNetCore.Mvc.Infrastructure.ControllerActionInvoker.<InvokeNextActionFilterAsync>g__Awaited|10_0(ControllerActionInvoker invoker, Task lastTask, State next, Scope scope, Object state, Boolean isCompleted)
   at Microsoft.AspNetCore.Mvc.Infrastructure.ControllerActionInvoker.Rethrow(ActionExecutedContextSealed context)
   at Microsoft.AspNetCore.Mvc.Infrastructure.ControllerActionInvoker.Next(State& next, Scope& scope, Object& state, Boolean& isCompleted)
   at Microsoft.AspNetCore.Mvc.Infrastructure.ControllerActionInvoker.<InvokeInnerFilterAsync>g__Awaited|13_0(ControllerActionInvoker invoker, Task lastTask, State next, Scope scope, Object state, Boolean isCompleted)
   at Microsoft.AspNetCore.Mvc.Infrastructure.ResourceInvoker.<InvokeFilterPipelineAsync>g__Awaited|20_0(ResourceInvoker invoker, Task lastTask, State next, Scope scope, Object state, Boolean isCompleted)
   at Microsoft.AspNetCore.Mvc.Infrastructure.ResourceInvoker.<InvokeAsync>g__Awaited|17_0(ResourceInvoker invoker, Task task, IDisposable scope)
   at Microsoft.AspNetCore.Mvc.Infrastructure.ResourceInvoker.<InvokeAsync>g__Awaited|17_0(ResourceInvoker invoker, Task task, IDisposable scope)
   at Microsoft.AspNetCore.Authorization.AuthorizationMiddleware.Invoke(HttpContext context)
   at Microsoft.AspNetCore.Authentication.AuthenticationMiddleware.Invoke(HttpContext context)
   at Microsoft.AspNetCore.Diagnostics.ExceptionHandlerMiddlewareImpl.<Invoke>g__Awaited|10_0(ExceptionHandlerMiddlewareImpl middleware, HttpContext context, Task task)
[2026-07-15 17:05:32.332 +05:30 INF] Serilog.AspNetCore.RequestLoggingMiddleware HTTP GET /api/appointments/me responded 200 in 58.2664 ms
[2026-07-15 17:05:32.403 +05:30 INF] Serilog.AspNetCore.RequestLoggingMiddleware HTTP POST /api/appointments responded 400 in 8193.3965 ms
[2026-07-15 17:05:42.284 +05:30 INF] HealthApp.Api.BackgroundServices.HeartbeatBackgroundService HealthAxis heartbeat running at "2026-07-15T17:05:42.2842649+05:30"------------
[2026-07-15 17:05:46.879 +05:30 INF] Serilog.AspNetCore.RequestLoggingMiddleware HTTP OPTIONS /api/doctors/activedoctors responded 204 in 0.0591 ms
[2026-07-15 17:05:46.909 +05:30 INF] Serilog.AspNetCore.RequestLoggingMiddleware HTTP GET /api/doctors/activedoctors responded 200 in 24.9196 ms
[2026-07-15 17:05:51.939 +05:30 INF] Serilog.AspNetCore.RequestLoggingMiddleware HTTP OPTIONS /api/appointments/me responded 204 in 0.0681 ms
[2026-07-15 17:05:51.949 +05:30 INF] Serilog.AspNetCore.RequestLoggingMiddleware HTTP GET /api/appointments/me responded 200 in 5.3800 ms
[2026-07-15 17:05:52.295 +05:30 INF] HealthApp.Api.BackgroundServices.HeartbeatBackgroundService HealthAxis heartbeat running at "2026-07-15T17:05:52.2954007+05:30"------------
[2026-07-15 17:05:55.546 +05:30 INF] Serilog.AspNetCore.RequestLoggingMiddleware HTTP OPTIONS /api/appointments/doctor/10/availability responded 204 in 0.0602 ms
[2026-07-15 17:05:55.566 +05:30 INF] Serilog.AspNetCore.RequestLoggingMiddleware HTTP GET /api/appointments/doctor/10/availability responded 200 in 15.4312 ms
[2026-07-15 17:06:01.934 +05:30 INF] Serilog.AspNetCore.RequestLoggingMiddleware HTTP OPTIONS /api/appointments/doctor/10/availability responded 204 in 0.0759 ms
[2026-07-15 17:06:01.954 +05:30 INF] Serilog.AspNetCore.RequestLoggingMiddleware HTTP GET /api/appointments/doctor/10/availability responded 200 in 14.1956 ms
[2026-07-15 17:06:02.303 +05:30 INF] HealthApp.Api.BackgroundServices.HeartbeatBackgroundService HealthAxis heartbeat running at "2026-07-15T17:06:02.3036675+05:30"------------
[2026-07-15 17:06:04.795 +05:30 INF] Serilog.AspNetCore.RequestLoggingMiddleware HTTP OPTIONS /api/appointments/doctor/10/availability responded 204 in 0.0742 ms
[2026-07-15 17:06:04.815 +05:30 INF] Serilog.AspNetCore.RequestLoggingMiddleware HTTP GET /api/appointments/doctor/10/availability responded 200 in 4.3143 ms
[2026-07-15 17:06:08.694 +05:30 INF] Serilog.AspNetCore.RequestLoggingMiddleware HTTP OPTIONS /api/appointments/doctor/10/availability responded 204 in 0.0763 ms
[2026-07-15 17:06:08.715 +05:30 INF] Serilog.AspNetCore.RequestLoggingMiddleware HTTP GET /api/appointments/doctor/10/availability responded 200 in 13.9904 ms
[2026-07-15 17:06:11.169 +05:30 INF] Serilog.AspNetCore.RequestLoggingMiddleware HTTP OPTIONS /api/appointments responded 204 in 0.0820 ms
[2026-07-15 17:06:11.197 +05:30 INF] HealthApp.Api.Messaging.Publisher.AppointmentEventPublisher AppointmentBookEvent published. AppointmentId: 22, Patient: S N K, Doctor: Kumar, Date: "2026-07-23T00:00:00.0000000", Slot: 04:00 PM
[2026-07-15 17:06:11.200 +05:30 INF] Serilog.AspNetCore.RequestLoggingMiddleware HTTP POST /api/appointments responded 200 in 26.9501 ms
[2026-07-15 17:06:12.307 +05:30 INF] HealthApp.Api.BackgroundServices.HeartbeatBackgroundService HealthAxis heartbeat running at "2026-07-15T17:06:12.3074266+05:30"------------
[2026-07-15 17:06:12.418 +05:30 INF] Serilog.AspNetCore.RequestLoggingMiddleware HTTP OPTIONS /api/appointments/me responded 204 in 0.0945 ms
[2026-07-15 17:06:12.427 +05:30 INF] Serilog.AspNetCore.RequestLoggingMiddleware HTTP GET /api/appointments/me responded 200 in 4.4533 ms
[2026-07-15 17:06:17.796 +05:30 INF] Serilog.AspNetCore.RequestLoggingMiddleware HTTP OPTIONS /api/doctors/activedoctors responded 204 in 1.5284 ms
[2026-07-15 17:06:17.830 +05:30 INF] Serilog.AspNetCore.RequestLoggingMiddleware HTTP GET /api/doctors/activedoctors responded 200 in 7.0392 ms
[2026-07-15 17:06:18.399 +05:30 INF] Serilog.AspNetCore.RequestLoggingMiddleware HTTP OPTIONS /api/appointments/me responded 204 in 0.0625 ms
[2026-07-15 17:06:18.459 +05:30 INF] Serilog.AspNetCore.RequestLoggingMiddleware HTTP GET /api/appointments/me responded 200 in 36.3172 ms
[2026-07-15 17:06:22.322 +05:30 INF] HealthApp.Api.BackgroundServices.HeartbeatBackgroundService HealthAxis heartbeat running at "2026-07-15T17:06:22.3227322+05:30"------------
[2026-07-15 17:06:27.131 +05:30 INF] Serilog.AspNetCore.RequestLoggingMiddleware HTTP OPTIONS /api/PatientApi/me responded 204 in 0.0577 ms
[2026-07-15 17:06:27.168 +05:30 INF] Serilog.AspNetCore.RequestLoggingMiddleware HTTP GET /api/PatientApi/me responded 200 in 24.5880 ms
[2026-07-15 17:06:27.176 +05:30 INF] Serilog.AspNetCore.RequestLoggingMiddleware HTTP OPTIONS /api/appointments/me responded 204 in 0.0524 ms
[2026-07-15 17:06:27.176 +05:30 INF] Serilog.AspNetCore.RequestLoggingMiddleware HTTP OPTIONS /api/HealthRecordApi/me responded 204 in 0.0237 ms
[2026-07-15 17:06:27.283 +05:30 INF] Serilog.AspNetCore.RequestLoggingMiddleware HTTP GET /api/appointments/me responded 200 in 98.2718 ms
[2026-07-15 17:06:27.741 +05:30 INF] Serilog.AspNetCore.RequestLoggingMiddleware HTTP GET /api/HealthRecordApi/me responded 200 in 552.9037 ms
[2026-07-15 17:06:29.058 +05:30 INF] Serilog.AspNetCore.RequestLoggingMiddleware HTTP GET /api/appointments/me responded 200 in 9.0299 ms
[2026-07-15 17:06:30.894 +05:30 INF] Serilog.AspNetCore.RequestLoggingMiddleware HTTP GET /api/PatientApi/me responded 200 in 3.8895 ms
[2026-07-15 17:06:30.914 +05:30 INF] Serilog.AspNetCore.RequestLoggingMiddleware HTTP GET /api/appointments/me responded 200 in 8.1984 ms
[2026-07-15 17:06:30.915 +05:30 INF] Serilog.AspNetCore.RequestLoggingMiddleware HTTP GET /api/HealthRecordApi/me responded 200 in 8.1357 ms
[2026-07-15 17:06:32.340 +05:30 INF] HealthApp.Api.BackgroundServices.HeartbeatBackgroundService HealthAxis heartbeat running at "2026-07-15T17:06:32.3401798+05:30"------------
[2026-07-15 17:06:42.356 +05:30 INF] HealthApp.Api.BackgroundServices.HeartbeatBackgroundService HealthAxis heartbeat running at "2026-07-15T17:06:42.3562686+05:30"------------
[2026-07-15 17:06:52.365 +05:30 INF] HealthApp.Api.BackgroundServices.HeartbeatBackgroundService HealthAxis heartbeat running at "2026-07-15T17:06:52.3655897+05:30"------------
[2026-07-15 17:07:02.372 +05:30 INF] HealthApp.Api.BackgroundServices.HeartbeatBackgroundService HealthAxis heartbeat running at "2026-07-15T17:07:02.3727204+05:30"------------
[2026-07-15 17:07:12.385 +05:30 INF] HealthApp.Api.BackgroundServices.HeartbeatBackgroundService HealthAxis heartbeat running at "2026-07-15T17:07:12.3854116+05:30"------------
[2026-07-15 17:07:22.400 +05:30 INF] HealthApp.Api.BackgroundServices.HeartbeatBackgroundService HealthAxis heartbeat running at "2026-07-15T17:07:22.4009621+05:30"------------
[2026-07-15 17:07:32.405 +05:30 INF] HealthApp.Api.BackgroundServices.HeartbeatBackgroundService HealthAxis heartbeat running at "2026-07-15T17:07:32.4055150+05:30"------------
[2026-07-15 17:07:41.559 +05:30 INF] Serilog.AspNetCore.RequestLoggingMiddleware HTTP OPTIONS /api/appointments/me responded 204 in 0.0698 ms
[2026-07-15 17:07:41.594 +05:30 INF] Serilog.AspNetCore.RequestLoggingMiddleware HTTP GET /api/appointments/me responded 200 in 24.2359 ms
[2026-07-15 17:07:42.407 +05:30 INF] HealthApp.Api.BackgroundServices.HeartbeatBackgroundService HealthAxis heartbeat running at "2026-07-15T17:07:42.4074098+05:30"------------
[2026-07-15 17:07:43.375 +05:30 INF] Serilog.AspNetCore.RequestLoggingMiddleware HTTP OPTIONS /api/PatientApi/me responded 204 in 0.0507 ms
[2026-07-15 17:07:43.387 +05:30 INF] Serilog.AspNetCore.RequestLoggingMiddleware HTTP GET /api/PatientApi/me responded 200 in 7.6973 ms
[2026-07-15 17:07:43.396 +05:30 INF] Serilog.AspNetCore.RequestLoggingMiddleware HTTP OPTIONS /api/HealthRecordApi/me responded 204 in 0.3231 ms
[2026-07-15 17:07:43.403 +05:30 INF] Serilog.AspNetCore.RequestLoggingMiddleware HTTP GET /api/appointments/me responded 200 in 4.8331 ms
[2026-07-15 17:07:43.414 +05:30 INF] Serilog.AspNetCore.RequestLoggingMiddleware HTTP GET /api/HealthRecordApi/me responded 200 in 11.1151 ms
[2026-07-15 17:07:45.773 +05:30 INF] Serilog.AspNetCore.RequestLoggingMiddleware HTTP OPTIONS /api/doctors/activedoctors responded 204 in 0.0615 ms
[2026-07-15 17:07:45.780 +05:30 INF] Serilog.AspNetCore.RequestLoggingMiddleware HTTP GET /api/doctors/activedoctors responded 200 in 3.0347 ms
[2026-07-15 17:07:52.422 +05:30 INF] HealthApp.Api.BackgroundServices.HeartbeatBackgroundService HealthAxis heartbeat running at "2026-07-15T17:07:52.4220742+05:30"------------
[2026-07-15 17:08:02.435 +05:30 INF] HealthApp.Api.BackgroundServices.HeartbeatBackgroundService HealthAxis heartbeat running at "2026-07-15T17:08:02.4352830+05:30"------------
[2026-07-15 17:08:12.437 +05:30 INF] HealthApp.Api.BackgroundServices.HeartbeatBackgroundService HealthAxis heartbeat running at "2026-07-15T17:08:12.4377384+05:30"------------
[2026-07-15 17:08:22.441 +05:30 INF] HealthApp.Api.BackgroundServices.HeartbeatBackgroundService HealthAxis heartbeat running at "2026-07-15T17:08:22.4413044+05:30"------------
[2026-07-15 17:08:32.453 +05:30 INF] HealthApp.Api.BackgroundServices.HeartbeatBackgroundService HealthAxis heartbeat running at "2026-07-15T17:08:32.4532240+05:30"------------
[2026-07-15 17:08:42.456 +05:30 INF] HealthApp.Api.BackgroundServices.HeartbeatBackgroundService HealthAxis heartbeat running at "2026-07-15T17:08:42.4566081+05:30"------------
[2026-07-15 17:08:52.474 +05:30 INF] HealthApp.Api.BackgroundServices.HeartbeatBackgroundService HealthAxis heartbeat running at "2026-07-15T17:08:52.4743603+05:30"------------
[2026-07-15 17:09:02.478 +05:30 INF] HealthApp.Api.BackgroundServices.HeartbeatBackgroundService HealthAxis heartbeat running at "2026-07-15T17:09:02.4785376+05:30"------------
[2026-07-15 17:09:04.769 +05:30 INF] Serilog.AspNetCore.RequestLoggingMiddleware HTTP OPTIONS /api/auth/patientregister responded 204 in 0.0497 ms
[2026-07-15 17:09:05.164 +05:30 INF] Serilog.AspNetCore.RequestLoggingMiddleware HTTP POST /api/auth/patientregister responded 200 in 390.2770 ms
[2026-07-15 17:09:12.485 +05:30 INF] HealthApp.Api.BackgroundServices.HeartbeatBackgroundService HealthAxis heartbeat running at "2026-07-15T17:09:12.4856057+05:30"------------
[2026-07-15 17:09:22.494 +05:30 INF] HealthApp.Api.BackgroundServices.HeartbeatBackgroundService HealthAxis heartbeat running at "2026-07-15T17:09:22.4944904+05:30"------------
[2026-07-15 17:09:32.504 +05:30 INF] HealthApp.Api.BackgroundServices.HeartbeatBackgroundService HealthAxis heartbeat running at "2026-07-15T17:09:32.5042919+05:30"------------
[2026-07-15 17:09:33.897 +05:30 INF] Serilog.AspNetCore.RequestLoggingMiddleware HTTP OPTIONS /api/auth/login responded 204 in 0.0470 ms
[2026-07-15 17:09:34.048 +05:30 INF] Serilog.AspNetCore.RequestLoggingMiddleware HTTP POST /api/auth/login responded 200 in 143.4922 ms
[2026-07-15 17:09:34.064 +05:30 INF] Serilog.AspNetCore.RequestLoggingMiddleware HTTP OPTIONS /api/PatientApi/me responded 204 in 0.0560 ms
[2026-07-15 17:09:34.079 +05:30 INF] Serilog.AspNetCore.RequestLoggingMiddleware HTTP GET /api/PatientApi/me responded 200 in 9.4788 ms
[2026-07-15 17:09:34.086 +05:30 INF] Serilog.AspNetCore.RequestLoggingMiddleware HTTP OPTIONS /api/appointments/me responded 204 in 0.0567 ms
[2026-07-15 17:09:34.086 +05:30 INF] Serilog.AspNetCore.RequestLoggingMiddleware HTTP OPTIONS /api/HealthRecordApi/me responded 204 in 0.0261 ms
[2026-07-15 17:09:34.104 +05:30 INF] Serilog.AspNetCore.RequestLoggingMiddleware HTTP GET /api/appointments/me responded 200 in 13.0869 ms
[2026-07-15 17:09:34.108 +05:30 INF] Serilog.AspNetCore.RequestLoggingMiddleware HTTP GET /api/HealthRecordApi/me responded 200 in 13.3571 ms
[2026-07-15 17:09:36.263 +05:30 INF] Serilog.AspNetCore.RequestLoggingMiddleware HTTP OPTIONS /api/doctors/activedoctors responded 204 in 0.0547 ms
[2026-07-15 17:09:36.272 +05:30 INF] Serilog.AspNetCore.RequestLoggingMiddleware HTTP GET /api/doctors/activedoctors responded 200 in 2.7476 ms
[2026-07-15 17:09:42.514 +05:30 INF] HealthApp.Api.BackgroundServices.HeartbeatBackgroundService HealthAxis heartbeat running at "2026-07-15T17:09:42.5149355+05:30"------------
[2026-07-15 17:09:52.530 +05:30 INF] HealthApp.Api.BackgroundServices.HeartbeatBackgroundService HealthAxis heartbeat running at "2026-07-15T17:09:52.5305044+05:30"------------
[2026-07-15 17:10:02.549 +05:30 INF] HealthApp.Api.BackgroundServices.HeartbeatBackgroundService HealthAxis heartbeat running at "2026-07-15T17:10:02.5493629+05:30"------------
[2026-07-15 17:10:12.554 +05:30 INF] HealthApp.Api.BackgroundServices.HeartbeatBackgroundService HealthAxis heartbeat running at "2026-07-15T17:10:12.5545505+05:30"------------
[2026-07-15 17:10:22.558 +05:30 INF] HealthApp.Api.BackgroundServices.HeartbeatBackgroundService HealthAxis heartbeat running at "2026-07-15T17:10:22.5583662+05:30"------------
[2026-07-15 17:10:32.567 +05:30 INF] HealthApp.Api.BackgroundServices.HeartbeatBackgroundService HealthAxis heartbeat running at "2026-07-15T17:10:32.5672033+05:30"------------
[2026-07-15 17:10:42.583 +05:30 INF] HealthApp.Api.BackgroundServices.HeartbeatBackgroundService HealthAxis heartbeat running at "2026-07-15T17:10:42.5838939+05:30"------------
[2026-07-15 17:10:52.601 +05:30 INF] HealthApp.Api.BackgroundServices.HeartbeatBackgroundService HealthAxis heartbeat running at "2026-07-15T17:10:52.6016985+05:30"------------
[2026-07-15 17:10:53.656 +05:30 INF] Serilog.AspNetCore.RequestLoggingMiddleware HTTP OPTIONS /api/appointments/me responded 204 in 0.1470 ms
[2026-07-15 17:10:53.682 +05:30 INF] Serilog.AspNetCore.RequestLoggingMiddleware HTTP GET /api/appointments/me responded 200 in 21.9197 ms
[2026-07-15 17:10:56.499 +05:30 INF] Serilog.AspNetCore.RequestLoggingMiddleware HTTP OPTIONS /api/appointments/doctor/14/availability responded 204 in 0.0577 ms
[2026-07-15 17:10:56.534 +05:30 INF] Serilog.AspNetCore.RequestLoggingMiddleware HTTP GET /api/appointments/doctor/14/availability responded 200 in 30.3057 ms
[2026-07-15 17:11:02.610 +05:30 INF] HealthApp.Api.BackgroundServices.HeartbeatBackgroundService HealthAxis heartbeat running at "2026-07-15T17:11:02.6109131+05:30"------------
[2026-07-15 17:11:03.973 +05:30 INF] Serilog.AspNetCore.RequestLoggingMiddleware HTTP OPTIONS /api/appointments/doctor/14/availability responded 204 in 0.0495 ms
[2026-07-15 17:11:03.980 +05:30 INF] Serilog.AspNetCore.RequestLoggingMiddleware HTTP GET /api/appointments/doctor/14/availability responded 200 in 2.3923 ms
[2026-07-15 17:11:09.956 +05:30 INF] Serilog.AspNetCore.RequestLoggingMiddleware HTTP OPTIONS /api/appointments responded 204 in 0.0667 ms
[2026-07-15 17:11:09.993 +05:30 INF] HealthApp.Api.Messaging.Publisher.AppointmentEventPublisher AppointmentBookEvent published. AppointmentId: 23, Patient: Rish, Doctor: Gopal Nadhan M, Date: "2026-07-17T00:00:00.0000000", Slot: 04:00 PM
[2026-07-15 17:11:09.998 +05:30 INF] Serilog.AspNetCore.RequestLoggingMiddleware HTTP POST /api/appointments responded 200 in 34.4875 ms
[2026-07-15 17:11:16.744 +05:30 INF] HealthApp.Api.BackgroundServices.HeartbeatBackgroundService HealthAxis heartbeat running at "2026-07-15T17:11:16.7446807+05:30"------------
[2026-07-15 17:11:16.746 +05:30 INF] Serilog.AspNetCore.RequestLoggingMiddleware HTTP OPTIONS /api/appointments/me responded 204 in 0.0685 ms
[2026-07-15 17:11:16.750 +05:30 ERR] HealthApp.Api.Middleware.GlobalExceptionHandler An unexpected Error Occured : Slot already booked
HealthApp.Api.Exceptions.AppointmentRuleException: Slot already booked
   at HealthApp.Api.Service.Impl.AppointmentService.Add(AppointmentDto dto, String identityUserId) in C:\Users\310208\source\repos\Sprint 4\UST-Live-01\HealthApp.Api\Service\Impl\AppointmentService.cs:line 73
   at HealthApp.Api.Controllers.AppointmentApiController.Add(AppointmentDto dto) in C:\Users\310208\source\repos\Sprint 4\UST-Live-01\HealthApp.Api\Controllers\AppointmentApiController.cs:line 39
   at Microsoft.AspNetCore.Mvc.Infrastructure.ActionMethodExecutor.TaskOfIActionResultExecutor.Execute(ActionContext actionContext, IActionResultTypeMapper mapper, ObjectMethodExecutor executor, Object controller, Object[] arguments)
   at Microsoft.AspNetCore.Mvc.Infrastructure.ControllerActionInvoker.<InvokeActionMethodAsync>g__Awaited|12_0(ControllerActionInvoker invoker, ValueTask`1 actionResultValueTask)
   at Microsoft.AspNetCore.Mvc.Infrastructure.ControllerActionInvoker.<InvokeNextActionFilterAsync>g__Awaited|10_0(ControllerActionInvoker invoker, Task lastTask, State next, Scope scope, Object state, Boolean isCompleted)
   at Microsoft.AspNetCore.Mvc.Infrastructure.ControllerActionInvoker.Rethrow(ActionExecutedContextSealed context)
   at Microsoft.AspNetCore.Mvc.Infrastructure.ControllerActionInvoker.Next(State& next, Scope& scope, Object& state, Boolean& isCompleted)
   at Microsoft.AspNetCore.Mvc.Infrastructure.ControllerActionInvoker.<InvokeInnerFilterAsync>g__Awaited|13_0(ControllerActionInvoker invoker, Task lastTask, State next, Scope scope, Object state, Boolean isCompleted)
   at Microsoft.AspNetCore.Mvc.Infrastructure.ResourceInvoker.<InvokeFilterPipelineAsync>g__Awaited|20_0(ResourceInvoker invoker, Task lastTask, State next, Scope scope, Object state, Boolean isCompleted)
   at Microsoft.AspNetCore.Mvc.Infrastructure.ResourceInvoker.<InvokeAsync>g__Awaited|17_0(ResourceInvoker invoker, Task task, IDisposable scope)
   at Microsoft.AspNetCore.Mvc.Infrastructure.ResourceInvoker.<InvokeAsync>g__Awaited|17_0(ResourceInvoker invoker, Task task, IDisposable scope)
   at Microsoft.AspNetCore.Authorization.AuthorizationMiddleware.Invoke(HttpContext context)
   at Microsoft.AspNetCore.Authentication.AuthenticationMiddleware.Invoke(HttpContext context)
   at Microsoft.AspNetCore.Diagnostics.ExceptionHandlerMiddlewareImpl.<Invoke>g__Awaited|10_0(ExceptionHandlerMiddlewareImpl middleware, HttpContext context, Task task)
[2026-07-15 17:11:16.757 +05:30 INF] Serilog.AspNetCore.RequestLoggingMiddleware HTTP GET /api/appointments/me responded 200 in 2.9992 ms
[2026-07-15 17:11:16.757 +05:30 INF] Serilog.AspNetCore.RequestLoggingMiddleware HTTP POST /api/appointments responded 400 in 5883.5017 ms
[2026-07-15 17:11:23.755 +05:30 INF] Serilog.AspNetCore.RequestLoggingMiddleware HTTP OPTIONS /api/doctors/activedoctors responded 204 in 0.0671 ms
[2026-07-15 17:11:23.777 +05:30 INF] Serilog.AspNetCore.RequestLoggingMiddleware HTTP GET /api/doctors/activedoctors responded 200 in 17.3064 ms
[2026-07-15 17:11:26.046 +05:30 INF] Serilog.AspNetCore.RequestLoggingMiddleware HTTP OPTIONS /api/appointments/me responded 204 in 0.0648 ms
[2026-07-15 17:11:26.057 +05:30 INF] Serilog.AspNetCore.RequestLoggingMiddleware HTTP GET /api/appointments/me responded 200 in 6.1402 ms
[2026-07-15 17:11:26.764 +05:30 INF] HealthApp.Api.BackgroundServices.HeartbeatBackgroundService HealthAxis heartbeat running at "2026-07-15T17:11:26.7645541+05:30"------------
[2026-07-15 17:11:28.064 +05:30 INF] Serilog.AspNetCore.RequestLoggingMiddleware HTTP OPTIONS /api/appointments/doctor/6/availability responded 204 in 0.0729 ms
[2026-07-15 17:11:28.079 +05:30 INF] Serilog.AspNetCore.RequestLoggingMiddleware HTTP GET /api/appointments/doctor/6/availability responded 200 in 5.4390 ms
[2026-07-15 17:11:31.637 +05:30 INF] Serilog.AspNetCore.RequestLoggingMiddleware HTTP OPTIONS /api/appointments responded 204 in 0.0425 ms
[2026-07-15 17:11:31.648 +05:30 INF] HealthApp.Api.Messaging.Publisher.AppointmentEventPublisher AppointmentBookEvent published. AppointmentId: 24, Patient: Rish, Doctor: Shiva, Date: "2026-07-16T00:00:00.0000000", Slot: 11:00 AM
[2026-07-15 17:11:31.650 +05:30 INF] Serilog.AspNetCore.RequestLoggingMiddleware HTTP POST /api/appointments responded 200 in 10.0562 ms
[2026-07-15 17:11:41.920 +05:30 INF] Serilog.AspNetCore.RequestLoggingMiddleware HTTP OPTIONS /api/appointments/me responded 204 in 0.0523 ms
[2026-07-15 17:11:41.920 +05:30 INF] HealthApp.Api.BackgroundServices.HeartbeatBackgroundService HealthAxis heartbeat running at "2026-07-15T17:11:41.9206683+05:30"------------
[2026-07-15 17:11:41.922 +05:30 ERR] HealthApp.Api.Middleware.GlobalExceptionHandler An unexpected Error Occured : Slot already booked
HealthApp.Api.Exceptions.AppointmentRuleException: Slot already booked
   at HealthApp.Api.Service.Impl.AppointmentService.Add(AppointmentDto dto, String identityUserId) in C:\Users\310208\source\repos\Sprint 4\UST-Live-01\HealthApp.Api\Service\Impl\AppointmentService.cs:line 73
   at HealthApp.Api.Controllers.AppointmentApiController.Add(AppointmentDto dto) in C:\Users\310208\source\repos\Sprint 4\UST-Live-01\HealthApp.Api\Controllers\AppointmentApiController.cs:line 39
   at Microsoft.AspNetCore.Mvc.Infrastructure.ActionMethodExecutor.TaskOfIActionResultExecutor.Execute(ActionContext actionContext, IActionResultTypeMapper mapper, ObjectMethodExecutor executor, Object controller, Object[] arguments)
   at Microsoft.AspNetCore.Mvc.Infrastructure.ControllerActionInvoker.<InvokeActionMethodAsync>g__Awaited|12_0(ControllerActionInvoker invoker, ValueTask`1 actionResultValueTask)
   at Microsoft.AspNetCore.Mvc.Infrastructure.ControllerActionInvoker.<InvokeNextActionFilterAsync>g__Awaited|10_0(ControllerActionInvoker invoker, Task lastTask, State next, Scope scope, Object state, Boolean isCompleted)
   at Microsoft.AspNetCore.Mvc.Infrastructure.ControllerActionInvoker.Rethrow(ActionExecutedContextSealed context)
   at Microsoft.AspNetCore.Mvc.Infrastructure.ControllerActionInvoker.Next(State& next, Scope& scope, Object& state, Boolean& isCompleted)
   at Microsoft.AspNetCore.Mvc.Infrastructure.ControllerActionInvoker.<InvokeInnerFilterAsync>g__Awaited|13_0(ControllerActionInvoker invoker, Task lastTask, State next, Scope scope, Object state, Boolean isCompleted)
   at Microsoft.AspNetCore.Mvc.Infrastructure.ResourceInvoker.<InvokeFilterPipelineAsync>g__Awaited|20_0(ResourceInvoker invoker, Task lastTask, State next, Scope scope, Object state, Boolean isCompleted)
   at Microsoft.AspNetCore.Mvc.Infrastructure.ResourceInvoker.<InvokeAsync>g__Awaited|17_0(ResourceInvoker invoker, Task task, IDisposable scope)
   at Microsoft.AspNetCore.Mvc.Infrastructure.ResourceInvoker.<InvokeAsync>g__Awaited|17_0(ResourceInvoker invoker, Task task, IDisposable scope)
   at Microsoft.AspNetCore.Authorization.AuthorizationMiddleware.Invoke(HttpContext context)
   at Microsoft.AspNetCore.Authentication.AuthenticationMiddleware.Invoke(HttpContext context)
   at Microsoft.AspNetCore.Diagnostics.ExceptionHandlerMiddlewareImpl.<Invoke>g__Awaited|10_0(ExceptionHandlerMiddlewareImpl middleware, HttpContext context, Task task)
[2026-07-15 17:11:41.935 +05:30 INF] Serilog.AspNetCore.RequestLoggingMiddleware HTTP GET /api/appointments/me responded 200 in 3.3849 ms
[2026-07-15 17:11:41.935 +05:30 INF] Serilog.AspNetCore.RequestLoggingMiddleware HTTP POST /api/appointments responded 400 in 9303.3723 ms
[2026-07-15 17:11:51.939 +05:30 INF] HealthApp.Api.BackgroundServices.HeartbeatBackgroundService HealthAxis heartbeat running at "2026-07-15T17:11:51.9392542+05:30"------------
[2026-07-15 17:12:01.947 +05:30 INF] HealthApp.Api.BackgroundServices.HeartbeatBackgroundService HealthAxis heartbeat running at "2026-07-15T17:12:01.9460410+05:30"------------
[2026-07-15 17:12:07.215 +05:30 INF] Serilog.AspNetCore.RequestLoggingMiddleware HTTP OPTIONS /api/doctors/activedoctors responded 204 in 0.0545 ms
[2026-07-15 17:12:07.227 +05:30 INF] Serilog.AspNetCore.RequestLoggingMiddleware HTTP GET /api/doctors/activedoctors responded 200 in 5.5435 ms
[2026-07-15 17:12:08.476 +05:30 INF] Serilog.AspNetCore.RequestLoggingMiddleware HTTP OPTIONS /api/appointments/me responded 204 in 0.0540 ms
[2026-07-15 17:12:08.517 +05:30 INF] Serilog.AspNetCore.RequestLoggingMiddleware HTTP GET /api/appointments/me responded 200 in 30.1891 ms
[2026-07-15 17:12:11.965 +05:30 INF] HealthApp.Api.BackgroundServices.HeartbeatBackgroundService HealthAxis heartbeat running at "2026-07-15T17:12:11.9658478+05:30"------------
[2026-07-15 17:12:21.984 +05:30 INF] HealthApp.Api.BackgroundServices.HeartbeatBackgroundService HealthAxis heartbeat running at "2026-07-15T17:12:21.9847590+05:30"------------
[2026-07-15 17:12:31.995 +05:30 INF] HealthApp.Api.BackgroundServices.HeartbeatBackgroundService HealthAxis heartbeat running at "2026-07-15T17:12:31.9956021+05:30"------------
[2026-07-15 17:12:42.006 +05:30 INF] HealthApp.Api.BackgroundServices.HeartbeatBackgroundService HealthAxis heartbeat running at "2026-07-15T17:12:42.0061358+05:30"------------
[2026-07-15 17:12:52.024 +05:30 INF] HealthApp.Api.BackgroundServices.HeartbeatBackgroundService HealthAxis heartbeat running at "2026-07-15T17:12:52.0245378+05:30"------------
[2026-07-15 17:13:02.043 +05:30 INF] HealthApp.Api.BackgroundServices.HeartbeatBackgroundService HealthAxis heartbeat running at "2026-07-15T17:13:02.0433274+05:30"------------
[2026-07-15 17:13:12.049 +05:30 INF] HealthApp.Api.BackgroundServices.HeartbeatBackgroundService HealthAxis heartbeat running at "2026-07-15T17:13:12.0494017+05:30"------------
[2026-07-15 17:13:22.067 +05:30 INF] HealthApp.Api.BackgroundServices.HeartbeatBackgroundService HealthAxis heartbeat running at "2026-07-15T17:13:22.0679164+05:30"------------
[2026-07-15 17:13:30.939 +05:30 INF] Serilog.AspNetCore.RequestLoggingMiddleware HTTP OPTIONS /api/appointments/me responded 204 in 0.3834 ms
[2026-07-15 17:13:30.973 +05:30 INF] Serilog.AspNetCore.RequestLoggingMiddleware HTTP GET /api/appointments/me responded 200 in 28.4586 ms
[2026-07-15 17:13:32.085 +05:30 INF] HealthApp.Api.BackgroundServices.HeartbeatBackgroundService HealthAxis heartbeat running at "2026-07-15T17:13:32.0853018+05:30"------------
[2026-07-15 17:13:42.094 +05:30 INF] HealthApp.Api.BackgroundServices.HeartbeatBackgroundService HealthAxis heartbeat running at "2026-07-15T17:13:42.0944005+05:30"------------
[2026-07-15 17:13:52.105 +05:30 INF] HealthApp.Api.BackgroundServices.HeartbeatBackgroundService HealthAxis heartbeat running at "2026-07-15T17:13:52.1056912+05:30"------------
[2026-07-15 17:14:00.995 +05:30 INF] Serilog.AspNetCore.RequestLoggingMiddleware HTTP OPTIONS /api/appointments/me responded 204 in 0.0556 ms
[2026-07-15 17:14:01.019 +05:30 INF] Serilog.AspNetCore.RequestLoggingMiddleware HTTP GET /api/appointments/me responded 200 in 19.0137 ms
[2026-07-15 17:14:02.114 +05:30 INF] HealthApp.Api.BackgroundServices.HeartbeatBackgroundService HealthAxis heartbeat running at "2026-07-15T17:14:02.1140003+05:30"------------
[2026-07-15 17:14:04.490 +05:30 INF] Serilog.AspNetCore.RequestLoggingMiddleware HTTP OPTIONS /api/doctors/activedoctors responded 204 in 0.0448 ms
[2026-07-15 17:14:04.501 +05:30 INF] Serilog.AspNetCore.RequestLoggingMiddleware HTTP GET /api/doctors/activedoctors responded 200 in 4.6960 ms
[2026-07-15 17:14:06.381 +05:30 INF] Serilog.AspNetCore.RequestLoggingMiddleware HTTP OPTIONS /api/appointments/me responded 204 in 0.0598 ms
[2026-07-15 17:14:06.407 +05:30 INF] Serilog.AspNetCore.RequestLoggingMiddleware HTTP GET /api/appointments/me responded 200 in 20.1741 ms
[2026-07-15 17:14:08.680 +05:30 INF] Serilog.AspNetCore.RequestLoggingMiddleware HTTP OPTIONS /api/appointments/doctor/1/availability responded 204 in 0.0420 ms
[2026-07-15 17:14:08.700 +05:30 INF] Serilog.AspNetCore.RequestLoggingMiddleware HTTP GET /api/appointments/doctor/1/availability responded 200 in 14.7995 ms
[2026-07-15 17:14:12.120 +05:30 INF] HealthApp.Api.BackgroundServices.HeartbeatBackgroundService HealthAxis heartbeat running at "2026-07-15T17:14:12.1209379+05:30"------------
[2026-07-15 17:14:12.217 +05:30 INF] Serilog.AspNetCore.RequestLoggingMiddleware HTTP OPTIONS /api/appointments responded 204 in 0.0502 ms
[2026-07-15 17:14:12.241 +05:30 INF] HealthApp.Api.Messaging.Publisher.AppointmentEventPublisher AppointmentBookEvent published. AppointmentId: 25, Patient: Rish, Doctor: Vignesh Kumar, Date: "2026-07-23T00:00:00.0000000", Slot: 03:00 PM
[2026-07-15 17:14:12.244 +05:30 INF] Serilog.AspNetCore.RequestLoggingMiddleware HTTP POST /api/appointments responded 200 in 22.8555 ms
[2026-07-15 17:14:13.464 +05:30 INF] Serilog.AspNetCore.RequestLoggingMiddleware HTTP OPTIONS /api/appointments/me responded 204 in 0.0524 ms
[2026-07-15 17:14:13.472 +05:30 INF] Serilog.AspNetCore.RequestLoggingMiddleware HTTP GET /api/appointments/me responded 200 in 3.0892 ms
[2026-07-15 17:14:16.332 +05:30 INF] Serilog.AspNetCore.RequestLoggingMiddleware HTTP OPTIONS /api/doctors/activedoctors responded 204 in 0.0423 ms
[2026-07-15 17:14:16.339 +05:30 INF] Serilog.AspNetCore.RequestLoggingMiddleware HTTP GET /api/doctors/activedoctors responded 200 in 2.2643 ms
[2026-07-15 17:14:19.172 +05:30 INF] Serilog.AspNetCore.RequestLoggingMiddleware HTTP OPTIONS /api/appointments/me responded 204 in 0.0464 ms
[2026-07-15 17:14:19.181 +05:30 INF] Serilog.AspNetCore.RequestLoggingMiddleware HTTP GET /api/appointments/me responded 200 in 4.1348 ms
[2026-07-15 17:14:22.128 +05:30 INF] HealthApp.Api.BackgroundServices.HeartbeatBackgroundService HealthAxis heartbeat running at "2026-07-15T17:14:22.1287550+05:30"------------
[2026-07-15 17:14:25.611 +05:30 INF] Serilog.AspNetCore.RequestLoggingMiddleware HTTP OPTIONS /api/appointments/doctor/5/availability responded 204 in 0.0497 ms
[2026-07-15 17:14:25.639 +05:30 INF] Serilog.AspNetCore.RequestLoggingMiddleware HTTP GET /api/appointments/doctor/5/availability responded 200 in 16.7368 ms
[2026-07-15 17:14:31.896 +05:30 INF] Serilog.AspNetCore.RequestLoggingMiddleware HTTP OPTIONS /api/appointments responded 204 in 0.0522 ms
[2026-07-15 17:14:31.909 +05:30 INF] HealthApp.Api.Messaging.Publisher.AppointmentEventPublisher AppointmentBookEvent published. AppointmentId: 26, Patient: Rish, Doctor: Bharath Raj, Date: "2026-08-11T00:00:00.0000000", Slot: 01:00 PM
[2026-07-15 17:14:31.913 +05:30 INF] Serilog.AspNetCore.RequestLoggingMiddleware HTTP POST /api/appointments responded 200 in 11.8534 ms
[2026-07-15 17:14:32.135 +05:30 INF] HealthApp.Api.BackgroundServices.HeartbeatBackgroundService HealthAxis heartbeat running at "2026-07-15T17:14:32.1350540+05:30"------------
[2026-07-15 17:14:35.221 +05:30 INF] Serilog.AspNetCore.RequestLoggingMiddleware HTTP OPTIONS /api/appointments/me responded 204 in 0.1380 ms
[2026-07-15 17:14:35.225 +05:30 ERR] HealthApp.Api.Middleware.GlobalExceptionHandler An unexpected Error Occured : Slot already booked
HealthApp.Api.Exceptions.AppointmentRuleException: Slot already booked
   at HealthApp.Api.Service.Impl.AppointmentService.Add(AppointmentDto dto, String identityUserId) in C:\Users\310208\source\repos\Sprint 4\UST-Live-01\HealthApp.Api\Service\Impl\AppointmentService.cs:line 73
   at HealthApp.Api.Controllers.AppointmentApiController.Add(AppointmentDto dto) in C:\Users\310208\source\repos\Sprint 4\UST-Live-01\HealthApp.Api\Controllers\AppointmentApiController.cs:line 39
   at Microsoft.AspNetCore.Mvc.Infrastructure.ActionMethodExecutor.TaskOfIActionResultExecutor.Execute(ActionContext actionContext, IActionResultTypeMapper mapper, ObjectMethodExecutor executor, Object controller, Object[] arguments)
   at Microsoft.AspNetCore.Mvc.Infrastructure.ControllerActionInvoker.<InvokeActionMethodAsync>g__Awaited|12_0(ControllerActionInvoker invoker, ValueTask`1 actionResultValueTask)
   at Microsoft.AspNetCore.Mvc.Infrastructure.ControllerActionInvoker.<InvokeNextActionFilterAsync>g__Awaited|10_0(ControllerActionInvoker invoker, Task lastTask, State next, Scope scope, Object state, Boolean isCompleted)
   at Microsoft.AspNetCore.Mvc.Infrastructure.ControllerActionInvoker.Rethrow(ActionExecutedContextSealed context)
   at Microsoft.AspNetCore.Mvc.Infrastructure.ControllerActionInvoker.Next(State& next, Scope& scope, Object& state, Boolean& isCompleted)
   at Microsoft.AspNetCore.Mvc.Infrastructure.ControllerActionInvoker.<InvokeInnerFilterAsync>g__Awaited|13_0(ControllerActionInvoker invoker, Task lastTask, State next, Scope scope, Object state, Boolean isCompleted)
   at Microsoft.AspNetCore.Mvc.Infrastructure.ResourceInvoker.<InvokeFilterPipelineAsync>g__Awaited|20_0(ResourceInvoker invoker, Task lastTask, State next, Scope scope, Object state, Boolean isCompleted)
   at Microsoft.AspNetCore.Mvc.Infrastructure.ResourceInvoker.<InvokeAsync>g__Awaited|17_0(ResourceInvoker invoker, Task task, IDisposable scope)
   at Microsoft.AspNetCore.Mvc.Infrastructure.ResourceInvoker.<InvokeAsync>g__Awaited|17_0(ResourceInvoker invoker, Task task, IDisposable scope)
   at Microsoft.AspNetCore.Authorization.AuthorizationMiddleware.Invoke(HttpContext context)
   at Microsoft.AspNetCore.Authentication.AuthenticationMiddleware.Invoke(HttpContext context)
   at Microsoft.AspNetCore.Diagnostics.ExceptionHandlerMiddlewareImpl.<Invoke>g__Awaited|10_0(ExceptionHandlerMiddlewareImpl middleware, HttpContext context, Task task)
[2026-07-15 17:14:35.232 +05:30 INF] Serilog.AspNetCore.RequestLoggingMiddleware HTTP GET /api/appointments/me responded 200 in 2.9783 ms
[2026-07-15 17:14:35.232 +05:30 INF] Serilog.AspNetCore.RequestLoggingMiddleware HTTP POST /api/appointments responded 400 in 3063.2145 ms
[2026-07-15 17:14:42.138 +05:30 INF] HealthApp.Api.BackgroundServices.HeartbeatBackgroundService HealthAxis heartbeat running at "2026-07-15T17:14:42.1383694+05:30"------------
[2026-07-15 17:14:42.246 +05:30 INF] Serilog.AspNetCore.RequestLoggingMiddleware HTTP OPTIONS /api/doctors/activedoctors responded 204 in 0.0466 ms
[2026-07-15 17:14:42.269 +05:30 INF] Serilog.AspNetCore.RequestLoggingMiddleware HTTP GET /api/doctors/activedoctors responded 200 in 14.8706 ms
[2026-07-15 17:14:52.149 +05:30 INF] HealthApp.Api.BackgroundServices.HeartbeatBackgroundService HealthAxis heartbeat running at "2026-07-15T17:14:52.1489985+05:30"------------
[2026-07-15 17:15:02.157 +05:30 INF] HealthApp.Api.BackgroundServices.HeartbeatBackgroundService HealthAxis heartbeat running at "2026-07-15T17:15:02.1576664+05:30"------------
[2026-07-15 17:15:06.869 +05:30 INF] Serilog.AspNetCore.RequestLoggingMiddleware HTTP OPTIONS /api/appointments/me responded 204 in 0.0724 ms
[2026-07-15 17:15:06.896 +05:30 INF] Serilog.AspNetCore.RequestLoggingMiddleware HTTP GET /api/appointments/me responded 200 in 15.0172 ms
[2026-07-15 17:15:10.114 +05:30 INF] Serilog.AspNetCore.RequestLoggingMiddleware HTTP OPTIONS /api/appointments/doctor/4/availability responded 204 in 0.0567 ms
[2026-07-15 17:15:10.139 +05:30 INF] Serilog.AspNetCore.RequestLoggingMiddleware HTTP GET /api/appointments/doctor/4/availability responded 200 in 18.1942 ms
[2026-07-15 17:15:12.161 +05:30 INF] HealthApp.Api.BackgroundServices.HeartbeatBackgroundService HealthAxis heartbeat running at "2026-07-15T17:15:12.1614900+05:30"------------
[2026-07-15 17:15:14.785 +05:30 INF] Serilog.AspNetCore.RequestLoggingMiddleware HTTP OPTIONS /api/appointments responded 204 in 0.3483 ms
[2026-07-15 17:15:14.816 +05:30 INF] HealthApp.Api.Messaging.Publisher.AppointmentEventPublisher AppointmentBookEvent published. AppointmentId: 27, Patient: Rish, Doctor: Martin Smith, Date: "2026-08-03T00:00:00.0000000", Slot: 11:00 AM
[2026-07-15 17:15:14.819 +05:30 INF] Serilog.AspNetCore.RequestLoggingMiddleware HTTP POST /api/appointments responded 200 in 28.6839 ms
[2026-07-15 17:15:16.036 +05:30 INF] Serilog.AspNetCore.RequestLoggingMiddleware HTTP OPTIONS /api/appointments/me responded 204 in 0.0409 ms
[2026-07-15 17:15:16.058 +05:30 INF] Serilog.AspNetCore.RequestLoggingMiddleware HTTP GET /api/appointments/me responded 200 in 18.5815 ms
[2026-07-15 17:15:18.693 +05:30 INF] Serilog.AspNetCore.RequestLoggingMiddleware HTTP OPTIONS /api/doctors/activedoctors responded 204 in 0.0429 ms
[2026-07-15 17:15:18.706 +05:30 INF] Serilog.AspNetCore.RequestLoggingMiddleware HTTP GET /api/doctors/activedoctors responded 200 in 7.3528 ms
[2026-07-15 17:15:22.169 +05:30 INF] HealthApp.Api.BackgroundServices.HeartbeatBackgroundService HealthAxis heartbeat running at "2026-07-15T17:15:22.1697053+05:30"------------
[2026-07-15 17:15:26.075 +05:30 INF] Serilog.AspNetCore.RequestLoggingMiddleware HTTP OPTIONS /api/appointments/me responded 204 in 0.0316 ms
[2026-07-15 17:15:26.084 +05:30 INF] Serilog.AspNetCore.RequestLoggingMiddleware HTTP GET /api/appointments/me responded 200 in 3.2508 ms
[2026-07-15 17:15:28.224 +05:30 INF] Serilog.AspNetCore.RequestLoggingMiddleware HTTP OPTIONS /api/appointments/doctor/13/availability responded 204 in 0.0450 ms
[2026-07-15 17:15:28.234 +05:30 INF] Serilog.AspNetCore.RequestLoggingMiddleware HTTP GET /api/appointments/doctor/13/availability responded 200 in 4.8062 ms
[2026-07-15 17:15:32.185 +05:30 INF] HealthApp.Api.BackgroundServices.HeartbeatBackgroundService HealthAxis heartbeat running at "2026-07-15T17:15:32.1855991+05:30"------------
[2026-07-15 17:15:33.031 +05:30 INF] Serilog.AspNetCore.RequestLoggingMiddleware HTTP OPTIONS /api/appointments responded 204 in 0.0485 ms
[2026-07-15 17:15:33.043 +05:30 INF] HealthApp.Api.Messaging.Publisher.AppointmentEventPublisher AppointmentBookEvent published. AppointmentId: 28, Patient: Rish, Doctor: Ricky, Date: "2026-07-17T00:00:00.0000000", Slot: 11:00 AM
[2026-07-15 17:15:33.045 +05:30 INF] Serilog.AspNetCore.RequestLoggingMiddleware HTTP POST /api/appointments responded 200 in 9.9862 ms
[2026-07-15 17:15:36.358 +05:30 INF] Serilog.AspNetCore.RequestLoggingMiddleware HTTP OPTIONS /api/appointments/me responded 204 in 0.0925 ms
[2026-07-15 17:15:36.359 +05:30 ERR] HealthApp.Api.Middleware.GlobalExceptionHandler An unexpected Error Occured : Slot already booked
HealthApp.Api.Exceptions.AppointmentRuleException: Slot already booked
   at HealthApp.Api.Service.Impl.AppointmentService.Add(AppointmentDto dto, String identityUserId) in C:\Users\310208\source\repos\Sprint 4\UST-Live-01\HealthApp.Api\Service\Impl\AppointmentService.cs:line 73
   at HealthApp.Api.Controllers.AppointmentApiController.Add(AppointmentDto dto) in C:\Users\310208\source\repos\Sprint 4\UST-Live-01\HealthApp.Api\Controllers\AppointmentApiController.cs:line 39
   at Microsoft.AspNetCore.Mvc.Infrastructure.ActionMethodExecutor.TaskOfIActionResultExecutor.Execute(ActionContext actionContext, IActionResultTypeMapper mapper, ObjectMethodExecutor executor, Object controller, Object[] arguments)
   at Microsoft.AspNetCore.Mvc.Infrastructure.ControllerActionInvoker.<InvokeActionMethodAsync>g__Awaited|12_0(ControllerActionInvoker invoker, ValueTask`1 actionResultValueTask)
   at Microsoft.AspNetCore.Mvc.Infrastructure.ControllerActionInvoker.<InvokeNextActionFilterAsync>g__Awaited|10_0(ControllerActionInvoker invoker, Task lastTask, State next, Scope scope, Object state, Boolean isCompleted)
   at Microsoft.AspNetCore.Mvc.Infrastructure.ControllerActionInvoker.Rethrow(ActionExecutedContextSealed context)
   at Microsoft.AspNetCore.Mvc.Infrastructure.ControllerActionInvoker.Next(State& next, Scope& scope, Object& state, Boolean& isCompleted)
   at Microsoft.AspNetCore.Mvc.Infrastructure.ControllerActionInvoker.<InvokeInnerFilterAsync>g__Awaited|13_0(ControllerActionInvoker invoker, Task lastTask, State next, Scope scope, Object state, Boolean isCompleted)
   at Microsoft.AspNetCore.Mvc.Infrastructure.ResourceInvoker.<InvokeFilterPipelineAsync>g__Awaited|20_0(ResourceInvoker invoker, Task lastTask, State next, Scope scope, Object state, Boolean isCompleted)
   at Microsoft.AspNetCore.Mvc.Infrastructure.ResourceInvoker.<InvokeAsync>g__Awaited|17_0(ResourceInvoker invoker, Task task, IDisposable scope)
   at Microsoft.AspNetCore.Mvc.Infrastructure.ResourceInvoker.<InvokeAsync>g__Awaited|17_0(ResourceInvoker invoker, Task task, IDisposable scope)
   at Microsoft.AspNetCore.Authorization.AuthorizationMiddleware.Invoke(HttpContext context)
   at Microsoft.AspNetCore.Authentication.AuthenticationMiddleware.Invoke(HttpContext context)
   at Microsoft.AspNetCore.Diagnostics.ExceptionHandlerMiddlewareImpl.<Invoke>g__Awaited|10_0(ExceptionHandlerMiddlewareImpl middleware, HttpContext context, Task task)
[2026-07-15 17:15:36.395 +05:30 INF] Serilog.AspNetCore.RequestLoggingMiddleware HTTP POST /api/appointments responded 400 in 2764.7067 ms
[2026-07-15 17:15:36.395 +05:30 INF] Serilog.AspNetCore.RequestLoggingMiddleware HTTP GET /api/appointments/me responded 200 in 3.3815 ms
[2026-07-15 17:15:42.196 +05:30 INF] HealthApp.Api.BackgroundServices.HeartbeatBackgroundService HealthAxis heartbeat running at "2026-07-15T17:15:42.1961737+05:30"------------
[2026-07-15 17:15:48.316 +05:30 INF] Serilog.AspNetCore.RequestLoggingMiddleware HTTP OPTIONS /api/appointments/25/cancel responded 204 in 0.0393 ms
[2026-07-15 17:15:48.408 +05:30 INF] Serilog.AspNetCore.RequestLoggingMiddleware HTTP PUT /api/appointments/25/cancel responded 200 in 87.0663 ms
[2026-07-15 17:15:48.413 +05:30 INF] Serilog.AspNetCore.RequestLoggingMiddleware HTTP OPTIONS /api/appointments/me responded 204 in 0.0275 ms
[2026-07-15 17:15:48.417 +05:30 INF] Serilog.AspNetCore.RequestLoggingMiddleware HTTP GET /api/appointments/me responded 200 in 1.6317 ms
[2026-07-15 17:15:51.041 +05:30 INF] Serilog.AspNetCore.RequestLoggingMiddleware HTTP OPTIONS /api/doctors/activedoctors responded 204 in 0.0350 ms
[2026-07-15 17:15:51.046 +05:30 INF] Serilog.AspNetCore.RequestLoggingMiddleware HTTP GET /api/doctors/activedoctors responded 200 in 1.8161 ms
[2026-07-15 17:15:52.201 +05:30 INF] HealthApp.Api.BackgroundServices.HeartbeatBackgroundService HealthAxis heartbeat running at "2026-07-15T17:15:52.2013581+05:30"------------
[2026-07-15 17:16:02.209 +05:30 INF] HealthApp.Api.BackgroundServices.HeartbeatBackgroundService HealthAxis heartbeat running at "2026-07-15T17:16:02.2099265+05:30"------------
[2026-07-15 17:16:12.217 +05:30 INF] HealthApp.Api.BackgroundServices.HeartbeatBackgroundService HealthAxis heartbeat running at "2026-07-15T17:16:12.2178060+05:30"------------
[2026-07-15 17:16:22.231 +05:30 INF] HealthApp.Api.BackgroundServices.HeartbeatBackgroundService HealthAxis heartbeat running at "2026-07-15T17:16:22.2317196+05:30"------------
[2026-07-15 17:16:32.242 +05:30 INF] HealthApp.Api.BackgroundServices.HeartbeatBackgroundService HealthAxis heartbeat running at "2026-07-15T17:16:32.2424097+05:30"------------
[2026-07-15 17:16:42.250 +05:30 INF] HealthApp.Api.BackgroundServices.HeartbeatBackgroundService HealthAxis heartbeat running at "2026-07-15T17:16:42.2501203+05:30"------------
[2026-07-15 17:16:52.252 +05:30 INF] HealthApp.Api.BackgroundServices.HeartbeatBackgroundService HealthAxis heartbeat running at "2026-07-15T17:16:52.2520363+05:30"------------
[2026-07-15 17:17:02.261 +05:30 INF] HealthApp.Api.BackgroundServices.HeartbeatBackgroundService HealthAxis heartbeat running at "2026-07-15T17:17:02.2618669+05:30"------------
[2026-07-15 17:17:09.026 +05:30 INF] Serilog.AspNetCore.RequestLoggingMiddleware HTTP OPTIONS /api/doctors/activedoctors responded 204 in 0.0553 ms
[2026-07-15 17:17:09.051 +05:30 INF] Serilog.AspNetCore.RequestLoggingMiddleware HTTP GET /api/doctors/activedoctors responded 200 in 19.2880 ms
[2026-07-15 17:17:12.270 +05:30 INF] HealthApp.Api.BackgroundServices.HeartbeatBackgroundService HealthAxis heartbeat running at "2026-07-15T17:17:12.2702379+05:30"------------
[2026-07-15 17:17:22.287 +05:30 INF] HealthApp.Api.BackgroundServices.HeartbeatBackgroundService HealthAxis heartbeat running at "2026-07-15T17:17:22.2875449+05:30"------------
[2026-07-15 17:17:32.305 +05:30 INF] HealthApp.Api.BackgroundServices.HeartbeatBackgroundService HealthAxis heartbeat running at "2026-07-15T17:17:32.3055700+05:30"------------
[2026-07-15 17:17:42.318 +05:30 INF] HealthApp.Api.BackgroundServices.HeartbeatBackgroundService HealthAxis heartbeat running at "2026-07-15T17:17:42.3189023+05:30"------------
[2026-07-15 17:17:52.325 +05:30 INF] HealthApp.Api.BackgroundServices.HeartbeatBackgroundService HealthAxis heartbeat running at "2026-07-15T17:17:52.3252863+05:30"------------
[2026-07-15 17:18:02.342 +05:30 INF] HealthApp.Api.BackgroundServices.HeartbeatBackgroundService HealthAxis heartbeat running at "2026-07-15T17:18:02.3421186+05:30"------------
[2026-07-15 17:18:02.470 +05:30 INF] Serilog.AspNetCore.RequestLoggingMiddleware HTTP OPTIONS /api/appointments/me responded 204 in 0.0656 ms
[2026-07-15 17:18:02.494 +05:30 INF] Serilog.AspNetCore.RequestLoggingMiddleware HTTP GET /api/appointments/me responded 200 in 18.1939 ms
[2026-07-15 17:18:04.369 +05:30 INF] Serilog.AspNetCore.RequestLoggingMiddleware HTTP OPTIONS /api/PatientApi/me responded 204 in 0.0494 ms
[2026-07-15 17:18:04.375 +05:30 INF] Serilog.AspNetCore.RequestLoggingMiddleware HTTP GET /api/PatientApi/me responded 200 in 2.1371 ms
[2026-07-15 17:18:04.380 +05:30 INF] Serilog.AspNetCore.RequestLoggingMiddleware HTTP OPTIONS /api/HealthRecordApi/me responded 204 in 0.0390 ms
[2026-07-15 17:18:04.390 +05:30 INF] Serilog.AspNetCore.RequestLoggingMiddleware HTTP GET /api/appointments/me responded 200 in 8.4904 ms
[2026-07-15 17:18:04.403 +05:30 INF] Serilog.AspNetCore.RequestLoggingMiddleware HTTP GET /api/HealthRecordApi/me responded 200 in 13.3007 ms
[2026-07-15 17:18:12.361 +05:30 INF] HealthApp.Api.BackgroundServices.HeartbeatBackgroundService HealthAxis heartbeat running at "2026-07-15T17:18:12.3610808+05:30"------------
[2026-07-15 17:18:20.531 +05:30 INF] Serilog.AspNetCore.RequestLoggingMiddleware HTTP OPTIONS /api/PatientApi/me responded 204 in 0.4425 ms
[2026-07-15 17:18:20.596 +05:30 INF] Serilog.AspNetCore.RequestLoggingMiddleware HTTP PUT /api/PatientApi/me responded 200 in 60.2990 ms
[2026-07-15 17:18:22.376 +05:30 INF] HealthApp.Api.BackgroundServices.HeartbeatBackgroundService HealthAxis heartbeat running at "2026-07-15T17:18:22.3767397+05:30"------------
[2026-07-15 17:18:30.969 +05:30 INF] Serilog.AspNetCore.RequestLoggingMiddleware HTTP OPTIONS /api/HealthRecordApi/me responded 204 in 0.0412 ms
[2026-07-15 17:18:30.992 +05:30 INF] Serilog.AspNetCore.RequestLoggingMiddleware HTTP GET /api/HealthRecordApi/me responded 200 in 18.2926 ms
[2026-07-15 17:18:31.649 +05:30 INF] Serilog.AspNetCore.RequestLoggingMiddleware HTTP OPTIONS /api/doctors/activedoctors responded 204 in 0.0340 ms
[2026-07-15 17:18:31.657 +05:30 INF] Serilog.AspNetCore.RequestLoggingMiddleware HTTP GET /api/doctors/activedoctors responded 200 in 3.2229 ms
[2026-07-15 17:18:32.389 +05:30 INF] HealthApp.Api.BackgroundServices.HeartbeatBackgroundService HealthAxis heartbeat running at "2026-07-15T17:18:32.3897216+05:30"------------
[2026-07-15 17:18:33.002 +05:30 INF] Serilog.AspNetCore.RequestLoggingMiddleware HTTP GET /api/HealthRecordApi/me responded 200 in 2.0971 ms
[2026-07-15 17:18:35.976 +05:30 INF] Serilog.AspNetCore.RequestLoggingMiddleware HTTP GET /api/doctors/activedoctors responded 200 in 3.4560 ms
[2026-07-15 17:18:37.242 +05:30 INF] Serilog.AspNetCore.RequestLoggingMiddleware HTTP OPTIONS /api/appointments/me responded 204 in 0.0381 ms
[2026-07-15 17:18:37.258 +05:30 INF] Serilog.AspNetCore.RequestLoggingMiddleware HTTP GET /api/appointments/me responded 200 in 11.3323 ms
[2026-07-15 17:18:42.404 +05:30 INF] HealthApp.Api.BackgroundServices.HeartbeatBackgroundService HealthAxis heartbeat running at "2026-07-15T17:18:42.4044875+05:30"------------
[2026-07-15 17:18:47.725 +05:30 INF] Serilog.AspNetCore.RequestLoggingMiddleware HTTP OPTIONS /api/PatientApi/me responded 204 in 0.4049 ms
[2026-07-15 17:18:47.733 +05:30 INF] Serilog.AspNetCore.RequestLoggingMiddleware HTTP GET /api/PatientApi/me responded 200 in 2.9422 ms
[2026-07-15 17:18:47.738 +05:30 INF] Serilog.AspNetCore.RequestLoggingMiddleware HTTP OPTIONS /api/appointments/me responded 204 in 0.0646 ms
[2026-07-15 17:18:47.738 +05:30 INF] Serilog.AspNetCore.RequestLoggingMiddleware HTTP OPTIONS /api/HealthRecordApi/me responded 204 in 0.0274 ms
[2026-07-15 17:18:47.750 +05:30 INF] Serilog.AspNetCore.RequestLoggingMiddleware HTTP GET /api/appointments/me responded 200 in 5.8128 ms
[2026-07-15 17:18:47.945 +05:30 INF] Serilog.AspNetCore.RequestLoggingMiddleware HTTP GET /api/HealthRecordApi/me responded 200 in 199.2813 ms
[2026-07-15 17:18:48.669 +05:30 INF] Serilog.AspNetCore.RequestLoggingMiddleware HTTP GET /api/appointments/me responded 200 in 4.9806 ms
[2026-07-15 17:18:50.340 +05:30 INF] Serilog.AspNetCore.RequestLoggingMiddleware HTTP GET /api/PatientApi/me responded 200 in 2.1293 ms
[2026-07-15 17:18:50.357 +05:30 INF] Serilog.AspNetCore.RequestLoggingMiddleware HTTP GET /api/HealthRecordApi/me responded 200 in 5.8705 ms
[2026-07-15 17:18:50.358 +05:30 INF] Serilog.AspNetCore.RequestLoggingMiddleware HTTP GET /api/appointments/me responded 200 in 5.9639 ms
[2026-07-15 17:18:52.420 +05:30 INF] HealthApp.Api.BackgroundServices.HeartbeatBackgroundService HealthAxis heartbeat running at "2026-07-15T17:18:52.4202047+05:30"------------
[2026-07-15 17:18:52.488 +05:30 INF] Serilog.AspNetCore.RequestLoggingMiddleware HTTP GET /api/appointments/me responded 200 in 3.1189 ms
[2026-07-15 17:18:54.395 +05:30 INF] Serilog.AspNetCore.RequestLoggingMiddleware HTTP OPTIONS /api/doctors/activedoctors responded 204 in 0.0516 ms
[2026-07-15 17:18:54.402 +05:30 INF] Serilog.AspNetCore.RequestLoggingMiddleware HTTP GET /api/doctors/activedoctors responded 200 in 1.5280 ms
[2026-07-15 17:18:56.604 +05:30 INF] Serilog.AspNetCore.RequestLoggingMiddleware HTTP OPTIONS /api/HealthRecordApi/me responded 204 in 0.0440 ms
[2026-07-15 17:18:56.612 +05:30 INF] Serilog.AspNetCore.RequestLoggingMiddleware HTTP GET /api/HealthRecordApi/me responded 200 in 3.0895 ms
[2026-07-15 17:19:02.424 +05:30 INF] HealthApp.Api.BackgroundServices.HeartbeatBackgroundService HealthAxis heartbeat running at "2026-07-15T17:19:02.4247643+05:30"------------
[2026-07-15 17:19:12.431 +05:30 INF] HealthApp.Api.BackgroundServices.HeartbeatBackgroundService HealthAxis heartbeat running at "2026-07-15T17:19:12.4313501+05:30"------------
[2026-07-15 17:19:22.447 +05:30 INF] HealthApp.Api.BackgroundServices.HeartbeatBackgroundService HealthAxis heartbeat running at "2026-07-15T17:19:22.4473518+05:30"------------
[2026-07-15 17:19:25.337 +05:30 INF] Serilog.AspNetCore.RequestLoggingMiddleware HTTP OPTIONS /api/auth/login responded 204 in 0.0394 ms
[2026-07-15 17:19:25.447 +05:30 INF] Serilog.AspNetCore.RequestLoggingMiddleware HTTP POST /api/auth/login responded 200 in 103.8506 ms
[2026-07-15 17:19:25.480 +05:30 INF] Serilog.AspNetCore.RequestLoggingMiddleware HTTP OPTIONS /api/appointments/doctor/me responded 204 in 0.0331 ms
[2026-07-15 17:19:25.481 +05:30 INF] Serilog.AspNetCore.RequestLoggingMiddleware HTTP OPTIONS /api/doctors/me responded 204 in 0.0149 ms
[2026-07-15 17:19:25.484 +05:30 INF] Serilog.AspNetCore.RequestLoggingMiddleware HTTP OPTIONS /api/doctor-leaves/my responded 204 in 0.1056 ms
[2026-07-15 17:19:25.575 +05:30 INF] Serilog.AspNetCore.RequestLoggingMiddleware HTTP GET /api/doctors/me responded 200 in 37.1938 ms
[2026-07-15 17:19:25.598 +05:30 INF] Serilog.AspNetCore.RequestLoggingMiddleware HTTP GET /api/appointments/doctor/me responded 200 in 90.2448 ms
[2026-07-15 17:19:25.781 +05:30 INF] Serilog.AspNetCore.RequestLoggingMiddleware HTTP GET /api/doctor-leaves/my responded 200 in 237.4033 ms
[2026-07-15 17:19:29.117 +05:30 INF] Serilog.AspNetCore.RequestLoggingMiddleware HTTP GET /api/appointments/doctor/me responded 200 in 3.5461 ms
[2026-07-15 17:19:30.534 +05:30 INF] Serilog.AspNetCore.RequestLoggingMiddleware HTTP OPTIONS /api/HealthRecordApi/doctor/me responded 204 in 0.0427 ms
[2026-07-15 17:19:30.534 +05:30 INF] Serilog.AspNetCore.RequestLoggingMiddleware HTTP OPTIONS /api/doctors/me responded 204 in 0.0259 ms
[2026-07-15 17:19:30.550 +05:30 INF] Serilog.AspNetCore.RequestLoggingMiddleware HTTP GET /api/doctors/me responded 200 in 1.6731 ms
[2026-07-15 17:19:30.580 +05:30 INF] Serilog.AspNetCore.RequestLoggingMiddleware HTTP GET /api/HealthRecordApi/doctor/me responded 200 in 41.1812 ms
[2026-07-15 17:19:32.452 +05:30 INF] HealthApp.Api.BackgroundServices.HeartbeatBackgroundService HealthAxis heartbeat running at "2026-07-15T17:19:32.4525765+05:30"------------
[2026-07-15 17:19:34.533 +05:30 INF] Serilog.AspNetCore.RequestLoggingMiddleware HTTP OPTIONS /api/appointments/doctor/me responded 204 in 0.0628 ms
[2026-07-15 17:19:34.549 +05:30 INF] Serilog.AspNetCore.RequestLoggingMiddleware HTTP GET /api/appointments/doctor/me responded 200 in 11.5479 ms
[2026-07-15 17:19:36.026 +05:30 INF] Serilog.AspNetCore.RequestLoggingMiddleware HTTP OPTIONS /api/doctor-leaves/my responded 204 in 0.0445 ms
[2026-07-15 17:19:36.049 +05:30 INF] Serilog.AspNetCore.RequestLoggingMiddleware HTTP GET /api/doctor-leaves/my responded 200 in 18.1929 ms
[2026-07-15 17:19:38.005 +05:30 INF] Serilog.AspNetCore.RequestLoggingMiddleware HTTP OPTIONS /api/HealthRecordApi/doctor/me responded 204 in 0.0440 ms
[2026-07-15 17:19:38.005 +05:30 INF] Serilog.AspNetCore.RequestLoggingMiddleware HTTP OPTIONS /api/doctors/me responded 204 in 0.0277 ms
[2026-07-15 17:19:38.020 +05:30 INF] Serilog.AspNetCore.RequestLoggingMiddleware HTTP GET /api/doctors/me responded 200 in 5.0380 ms
[2026-07-15 17:19:38.025 +05:30 INF] Serilog.AspNetCore.RequestLoggingMiddleware HTTP GET /api/HealthRecordApi/doctor/me responded 200 in 14.0562 ms
[2026-07-15 17:19:42.460 +05:30 INF] HealthApp.Api.BackgroundServices.HeartbeatBackgroundService HealthAxis heartbeat running at "2026-07-15T17:19:42.4604035+05:30"------------
[2026-07-15 17:19:46.516 +05:30 INF] Serilog.AspNetCore.RequestLoggingMiddleware HTTP OPTIONS /api/appointments/doctor/me responded 204 in 0.0300 ms
[2026-07-15 17:19:46.537 +05:30 INF] Serilog.AspNetCore.RequestLoggingMiddleware HTTP GET /api/appointments/doctor/me responded 200 in 15.9467 ms
[2026-07-15 17:19:50.811 +05:30 INF] Serilog.AspNetCore.RequestLoggingMiddleware HTTP OPTIONS /api/appointments/23/confirm responded 204 in 0.0475 ms
[2026-07-15 17:19:50.864 +05:30 INF] Serilog.AspNetCore.RequestLoggingMiddleware HTTP PUT /api/appointments/23/confirm responded 200 in 48.8946 ms
[2026-07-15 17:19:50.873 +05:30 INF] Serilog.AspNetCore.RequestLoggingMiddleware HTTP GET /api/appointments/doctor/me responded 200 in 3.3062 ms
[2026-07-15 17:19:52.466 +05:30 INF] HealthApp.Api.BackgroundServices.HeartbeatBackgroundService HealthAxis heartbeat running at "2026-07-15T17:19:52.4663463+05:30"------------
[2026-07-15 17:19:53.240 +05:30 INF] Serilog.AspNetCore.RequestLoggingMiddleware HTTP PUT /api/appointments/23/confirm responded 200 in 3.1420 ms
[2026-07-15 17:19:53.246 +05:30 INF] Serilog.AspNetCore.RequestLoggingMiddleware HTTP OPTIONS /api/appointments/doctor/me responded 204 in 0.0336 ms
[2026-07-15 17:19:53.255 +05:30 INF] Serilog.AspNetCore.RequestLoggingMiddleware HTTP GET /api/appointments/doctor/me responded 200 in 4.5505 ms
[2026-07-15 17:19:54.534 +05:30 INF] Serilog.AspNetCore.RequestLoggingMiddleware HTTP OPTIONS /api/appointments/23/complete responded 204 in 0.0337 ms
[2026-07-15 17:19:54.557 +05:30 INF] Serilog.AspNetCore.RequestLoggingMiddleware HTTP PUT /api/appointments/23/complete responded 200 in 17.4447 ms
[2026-07-15 17:19:54.566 +05:30 INF] Serilog.AspNetCore.RequestLoggingMiddleware HTTP GET /api/appointments/doctor/me responded 200 in 2.5947 ms
[2026-07-15 17:19:55.446 +05:30 INF] Serilog.AspNetCore.RequestLoggingMiddleware HTTP PUT /api/appointments/23/complete responded 200 in 1.9193 ms
[2026-07-15 17:19:55.455 +05:30 INF] Serilog.AspNetCore.RequestLoggingMiddleware HTTP GET /api/appointments/doctor/me responded 200 in 2.5227 ms
[2026-07-15 17:19:59.895 +05:30 INF] Serilog.AspNetCore.RequestLoggingMiddleware HTTP OPTIONS /api/HealthRecordApi/doctor/me responded 204 in 0.0674 ms
[2026-07-15 17:19:59.896 +05:30 INF] Serilog.AspNetCore.RequestLoggingMiddleware HTTP OPTIONS /api/doctors/me responded 204 in 0.0393 ms
[2026-07-15 17:19:59.903 +05:30 INF] Serilog.AspNetCore.RequestLoggingMiddleware HTTP GET /api/doctors/me responded 200 in 1.5818 ms
[2026-07-15 17:19:59.905 +05:30 INF] Serilog.AspNetCore.RequestLoggingMiddleware HTTP GET /api/HealthRecordApi/doctor/me responded 200 in 3.6617 ms
[2026-07-15 17:20:01.050 +05:30 INF] Serilog.AspNetCore.RequestLoggingMiddleware HTTP OPTIONS /api/appointments/doctor/me responded 204 in 0.0342 ms
[2026-07-15 17:20:01.051 +05:30 INF] Serilog.AspNetCore.RequestLoggingMiddleware HTTP OPTIONS /api/doctor-leaves/my responded 204 in 0.0268 ms
[2026-07-15 17:20:01.056 +05:30 INF] Serilog.AspNetCore.RequestLoggingMiddleware HTTP GET /api/doctors/me responded 200 in 4.2574 ms
[2026-07-15 17:20:01.057 +05:30 INF] Serilog.AspNetCore.RequestLoggingMiddleware HTTP GET /api/appointments/doctor/me responded 200 in 3.3991 ms
[2026-07-15 17:20:01.072 +05:30 INF] Serilog.AspNetCore.RequestLoggingMiddleware HTTP GET /api/doctor-leaves/my responded 200 in 12.5475 ms
[2026-07-15 17:20:02.478 +05:30 INF] Serilog.AspNetCore.RequestLoggingMiddleware HTTP GET /api/doctor-leaves/my responded 200 in 4.1547 ms
[2026-07-15 17:20:02.479 +05:30 INF] HealthApp.Api.BackgroundServices.HeartbeatBackgroundService HealthAxis heartbeat running at "2026-07-15T17:20:02.4793973+05:30"------------
[2026-07-15 17:20:03.925 +05:30 INF] Serilog.AspNetCore.RequestLoggingMiddleware HTTP GET /api/doctors/me responded 200 in 3.1112 ms
[2026-07-15 17:20:03.926 +05:30 INF] Serilog.AspNetCore.RequestLoggingMiddleware HTTP GET /api/doctor-leaves/my responded 200 in 3.9650 ms
[2026-07-15 17:20:03.930 +05:30 INF] Serilog.AspNetCore.RequestLoggingMiddleware HTTP GET /api/appointments/doctor/me responded 200 in 8.7144 ms
[2026-07-15 17:20:11.181 +05:30 INF] Serilog.AspNetCore.RequestLoggingMiddleware HTTP OPTIONS /api/appointments/doctor/me responded 204 in 0.1003 ms
[2026-07-15 17:20:11.190 +05:30 INF] Serilog.AspNetCore.RequestLoggingMiddleware HTTP GET /api/appointments/doctor/me responded 200 in 3.8465 ms
[2026-07-15 17:20:12.360 +05:30 INF] Serilog.AspNetCore.RequestLoggingMiddleware HTTP OPTIONS /api/HealthRecordApi/doctor/me responded 204 in 0.0438 ms
[2026-07-15 17:20:12.360 +05:30 INF] Serilog.AspNetCore.RequestLoggingMiddleware HTTP OPTIONS /api/doctors/me responded 204 in 0.0431 ms
[2026-07-15 17:20:12.369 +05:30 INF] Serilog.AspNetCore.RequestLoggingMiddleware HTTP GET /api/HealthRecordApi/doctor/me responded 200 in 4.9686 ms
[2026-07-15 17:20:12.370 +05:30 INF] Serilog.AspNetCore.RequestLoggingMiddleware HTTP GET /api/doctors/me responded 200 in 3.5519 ms
[2026-07-15 17:20:12.483 +05:30 INF] HealthApp.Api.BackgroundServices.HeartbeatBackgroundService HealthAxis heartbeat running at "2026-07-15T17:20:12.4838860+05:30"------------
[2026-07-15 17:20:22.496 +05:30 INF] HealthApp.Api.BackgroundServices.HeartbeatBackgroundService HealthAxis heartbeat running at "2026-07-15T17:20:22.4964305+05:30"------------
[2026-07-15 17:20:32.500 +05:30 INF] HealthApp.Api.BackgroundServices.HeartbeatBackgroundService HealthAxis heartbeat running at "2026-07-15T17:20:32.5001400+05:30"------------
[2026-07-15 17:20:42.507 +05:30 INF] HealthApp.Api.BackgroundServices.HeartbeatBackgroundService HealthAxis heartbeat running at "2026-07-15T17:20:42.5069924+05:30"------------
[2026-07-15 17:20:52.512 +05:30 INF] HealthApp.Api.BackgroundServices.HeartbeatBackgroundService HealthAxis heartbeat running at "2026-07-15T17:20:52.5127629+05:30"------------
[2026-07-15 17:21:02.529 +05:30 INF] HealthApp.Api.BackgroundServices.HeartbeatBackgroundService HealthAxis heartbeat running at "2026-07-15T17:21:02.5294365+05:30"------------
[2026-07-15 17:21:12.540 +05:30 INF] HealthApp.Api.BackgroundServices.HeartbeatBackgroundService HealthAxis heartbeat running at "2026-07-15T17:21:12.5402130+05:30"------------
[2026-07-15 17:21:22.549 +05:30 INF] HealthApp.Api.BackgroundServices.HeartbeatBackgroundService HealthAxis heartbeat running at "2026-07-15T17:21:22.5497022+05:30"------------
[2026-07-15 17:21:32.562 +05:30 INF] HealthApp.Api.BackgroundServices.HeartbeatBackgroundService HealthAxis heartbeat running at "2026-07-15T17:21:32.5618700+05:30"------------
[2026-07-15 17:21:42.573 +05:30 INF] HealthApp.Api.BackgroundServices.HeartbeatBackgroundService HealthAxis heartbeat running at "2026-07-15T17:21:42.5734995+05:30"------------
[2026-07-15 17:21:52.590 +05:30 INF] HealthApp.Api.BackgroundServices.HeartbeatBackgroundService HealthAxis heartbeat running at "2026-07-15T17:21:52.5905031+05:30"------------
[2026-07-15 17:22:02.594 +05:30 INF] HealthApp.Api.BackgroundServices.HeartbeatBackgroundService HealthAxis heartbeat running at "2026-07-15T17:22:02.5941107+05:30"------------
[2026-07-15 17:22:12.599 +05:30 INF] HealthApp.Api.BackgroundServices.HeartbeatBackgroundService HealthAxis heartbeat running at "2026-07-15T17:22:12.5999087+05:30"------------
[2026-07-15 17:22:22.611 +05:30 INF] HealthApp.Api.BackgroundServices.HeartbeatBackgroundService HealthAxis heartbeat running at "2026-07-15T17:22:22.6116258+05:30"------------
[2026-07-15 17:22:32.617 +05:30 INF] HealthApp.Api.BackgroundServices.HeartbeatBackgroundService HealthAxis heartbeat running at "2026-07-15T17:22:32.6171775+05:30"------------
[2026-07-15 17:22:42.625 +05:30 INF] HealthApp.Api.BackgroundServices.HeartbeatBackgroundService HealthAxis heartbeat running at "2026-07-15T17:22:42.6253597+05:30"------------
[2026-07-15 17:22:52.635 +05:30 INF] HealthApp.Api.BackgroundServices.HeartbeatBackgroundService HealthAxis heartbeat running at "2026-07-15T17:22:52.6356285+05:30"------------
[2026-07-15 17:23:02.649 +05:30 INF] HealthApp.Api.BackgroundServices.HeartbeatBackgroundService HealthAxis heartbeat running at "2026-07-15T17:23:02.6492028+05:30"------------
[2026-07-15 17:23:12.663 +05:30 INF] HealthApp.Api.BackgroundServices.HeartbeatBackgroundService HealthAxis heartbeat running at "2026-07-15T17:23:12.6638309+05:30"------------
[2026-07-15 17:23:22.676 +05:30 INF] HealthApp.Api.BackgroundServices.HeartbeatBackgroundService HealthAxis heartbeat running at "2026-07-15T17:23:22.6767341+05:30"------------
[2026-07-15 17:23:32.680 +05:30 INF] HealthApp.Api.BackgroundServices.HeartbeatBackgroundService HealthAxis heartbeat running at "2026-07-15T17:23:32.6808478+05:30"------------
[2026-07-15 17:23:42.690 +05:30 INF] HealthApp.Api.BackgroundServices.HeartbeatBackgroundService HealthAxis heartbeat running at "2026-07-15T17:23:42.6904496+05:30"------------
[2026-07-15 17:23:52.697 +05:30 INF] HealthApp.Api.BackgroundServices.HeartbeatBackgroundService HealthAxis heartbeat running at "2026-07-15T17:23:52.6973340+05:30"------------
[2026-07-15 17:24:02.708 +05:30 INF] HealthApp.Api.BackgroundServices.HeartbeatBackgroundService HealthAxis heartbeat running at "2026-07-15T17:24:02.7083150+05:30"------------
[2026-07-15 17:24:12.754 +05:30 INF] HealthApp.Api.BackgroundServices.HeartbeatBackgroundService HealthAxis heartbeat running at "2026-07-15T17:24:12.7543200+05:30"------------
[2026-07-15 17:24:22.759 +05:30 INF] HealthApp.Api.BackgroundServices.HeartbeatBackgroundService HealthAxis heartbeat running at "2026-07-15T17:24:22.7595954+05:30"------------
[2026-07-15 17:24:32.764 +05:30 INF] HealthApp.Api.BackgroundServices.HeartbeatBackgroundService HealthAxis heartbeat running at "2026-07-15T17:24:32.7644481+05:30"------------
[2026-07-15 17:24:42.781 +05:30 INF] HealthApp.Api.BackgroundServices.HeartbeatBackgroundService HealthAxis heartbeat running at "2026-07-15T17:24:42.7811006+05:30"------------
[2026-07-15 17:24:52.795 +05:30 INF] HealthApp.Api.BackgroundServices.HeartbeatBackgroundService HealthAxis heartbeat running at "2026-07-15T17:24:52.7954376+05:30"------------
[2026-07-15 17:25:02.805 +05:30 INF] HealthApp.Api.BackgroundServices.HeartbeatBackgroundService HealthAxis heartbeat running at "2026-07-15T17:25:02.8057008+05:30"------------
[2026-07-15 17:25:12.818 +05:30 INF] HealthApp.Api.BackgroundServices.HeartbeatBackgroundService HealthAxis heartbeat running at "2026-07-15T17:25:12.8182962+05:30"------------
[2026-07-15 17:25:22.835 +05:30 INF] HealthApp.Api.BackgroundServices.HeartbeatBackgroundService HealthAxis heartbeat running at "2026-07-15T17:25:22.8350597+05:30"------------
[2026-07-15 17:25:32.843 +05:30 INF] HealthApp.Api.BackgroundServices.HeartbeatBackgroundService HealthAxis heartbeat running at "2026-07-15T17:25:32.8431249+05:30"------------
[2026-07-15 17:25:42.853 +05:30 INF] HealthApp.Api.BackgroundServices.HeartbeatBackgroundService HealthAxis heartbeat running at "2026-07-15T17:25:42.8531468+05:30"------------
[2026-07-15 17:25:47.568 +05:30 INF] Serilog.AspNetCore.RequestLoggingMiddleware HTTP OPTIONS /api/appointments/doctor/me responded 204 in 0.0611 ms
[2026-07-15 17:25:47.579 +05:30 INF] Serilog.AspNetCore.RequestLoggingMiddleware HTTP OPTIONS /api/doctor-leaves/my responded 204 in 0.0485 ms
[2026-07-15 17:25:47.571 +05:30 INF] Serilog.AspNetCore.RequestLoggingMiddleware HTTP OPTIONS /api/doctors/me responded 204 in 0.0474 ms
[2026-07-15 17:25:47.602 +05:30 INF] Serilog.AspNetCore.RequestLoggingMiddleware HTTP GET /api/doctors/me responded 200 in 4.6856 ms
[2026-07-15 17:25:47.606 +05:30 INF] Serilog.AspNetCore.RequestLoggingMiddleware HTTP GET /api/doctor-leaves/my responded 200 in 16.9441 ms
[2026-07-15 17:25:47.607 +05:30 INF] Serilog.AspNetCore.RequestLoggingMiddleware HTTP GET /api/appointments/doctor/me responded 200 in 19.4383 ms
[2026-07-15 17:25:50.213 +05:30 INF] Serilog.AspNetCore.RequestLoggingMiddleware HTTP OPTIONS /api/HealthRecordApi/doctor/me responded 204 in 0.0382 ms
[2026-07-15 17:25:50.217 +05:30 INF] Serilog.AspNetCore.RequestLoggingMiddleware HTTP GET /api/doctors/me responded 200 in 2.6945 ms
[2026-07-15 17:25:50.235 +05:30 INF] Serilog.AspNetCore.RequestLoggingMiddleware HTTP GET /api/HealthRecordApi/doctor/me responded 200 in 16.1274 ms
[2026-07-15 17:25:52.867 +05:30 INF] HealthApp.Api.BackgroundServices.HeartbeatBackgroundService HealthAxis heartbeat running at "2026-07-15T17:25:52.8676299+05:30"------------
[2026-07-15 17:25:57.347 +05:30 INF] Serilog.AspNetCore.RequestLoggingMiddleware HTTP OPTIONS /api/appointments/doctor/me responded 204 in 0.0487 ms
[2026-07-15 17:25:57.347 +05:30 INF] Serilog.AspNetCore.RequestLoggingMiddleware HTTP OPTIONS /api/doctors/me responded 204 in 0.0221 ms
[2026-07-15 17:25:57.347 +05:30 INF] Serilog.AspNetCore.RequestLoggingMiddleware HTTP OPTIONS /api/doctor-leaves/my responded 204 in 0.0144 ms
[2026-07-15 17:25:57.354 +05:30 INF] Serilog.AspNetCore.RequestLoggingMiddleware HTTP GET /api/doctors/me responded 200 in 1.3427 ms
[2026-07-15 17:25:57.355 +05:30 INF] Serilog.AspNetCore.RequestLoggingMiddleware HTTP GET /api/appointments/doctor/me responded 200 in 3.1304 ms
[2026-07-15 17:25:57.367 +05:30 INF] Serilog.AspNetCore.RequestLoggingMiddleware HTTP GET /api/doctor-leaves/my responded 200 in 11.8451 ms
[2026-07-15 17:26:02.884 +05:30 INF] HealthApp.Api.BackgroundServices.HeartbeatBackgroundService HealthAxis heartbeat running at "2026-07-15T17:26:02.8847315+05:30"------------
[2026-07-15 17:26:05.147 +05:30 INF] Serilog.AspNetCore.RequestLoggingMiddleware HTTP OPTIONS /api/appointments/doctor/me responded 204 in 0.0556 ms
[2026-07-15 17:26:05.179 +05:30 INF] Serilog.AspNetCore.RequestLoggingMiddleware HTTP OPTIONS /api/doctors/me responded 204 in 0.0422 ms
[2026-07-15 17:26:05.187 +05:30 INF] Serilog.AspNetCore.RequestLoggingMiddleware HTTP OPTIONS /api/doctor-leaves/my responded 204 in 0.0594 ms
[2026-07-15 17:26:05.289 +05:30 INF] Serilog.AspNetCore.RequestLoggingMiddleware HTTP GET /api/appointments/doctor/me responded 200 in 4.6616 ms
[2026-07-15 17:26:05.289 +05:30 INF] Serilog.AspNetCore.RequestLoggingMiddleware HTTP GET /api/doctors/me responded 200 in 2.2977 ms
[2026-07-15 17:26:05.297 +05:30 INF] Serilog.AspNetCore.RequestLoggingMiddleware HTTP GET /api/doctor-leaves/my responded 200 in 8.8139 ms
[2026-07-15 17:26:12.889 +05:30 INF] HealthApp.Api.BackgroundServices.HeartbeatBackgroundService HealthAxis heartbeat running at "2026-07-15T17:26:12.8895962+05:30"------------
[2026-07-15 17:26:22.902 +05:30 INF] HealthApp.Api.BackgroundServices.HeartbeatBackgroundService HealthAxis heartbeat running at "2026-07-15T17:26:22.9028882+05:30"------------
[2026-07-15 17:26:32.909 +05:30 INF] HealthApp.Api.BackgroundServices.HeartbeatBackgroundService HealthAxis heartbeat running at "2026-07-15T17:26:32.9094726+05:30"------------
[2026-07-15 17:26:42.920 +05:30 INF] HealthApp.Api.BackgroundServices.HeartbeatBackgroundService HealthAxis heartbeat running at "2026-07-15T17:26:42.9203419+05:30"------------
[2026-07-15 17:26:52.941 +05:30 INF] HealthApp.Api.BackgroundServices.HeartbeatBackgroundService HealthAxis heartbeat running at "2026-07-15T17:26:52.9419395+05:30"------------
[2026-07-15 17:27:02.945 +05:30 INF] HealthApp.Api.BackgroundServices.HeartbeatBackgroundService HealthAxis heartbeat running at "2026-07-15T17:27:02.9459056+05:30"------------
[2026-07-15 17:27:12.951 +05:30 INF] HealthApp.Api.BackgroundServices.HeartbeatBackgroundService HealthAxis heartbeat running at "2026-07-15T17:27:12.9515043+05:30"------------
[2026-07-15 17:27:22.959 +05:30 INF] HealthApp.Api.BackgroundServices.HeartbeatBackgroundService HealthAxis heartbeat running at "2026-07-15T17:27:22.9592919+05:30"------------
[2026-07-15 17:27:32.973 +05:30 INF] HealthApp.Api.BackgroundServices.HeartbeatBackgroundService HealthAxis heartbeat running at "2026-07-15T17:27:32.9733905+05:30"------------
[2026-07-15 17:27:42.989 +05:30 INF] HealthApp.Api.BackgroundServices.HeartbeatBackgroundService HealthAxis heartbeat running at "2026-07-15T17:27:42.9894738+05:30"------------
[2026-07-15 17:27:53.001 +05:30 INF] HealthApp.Api.BackgroundServices.HeartbeatBackgroundService HealthAxis heartbeat running at "2026-07-15T17:27:53.0014359+05:30"------------
[2026-07-15 17:28:03.014 +05:30 INF] HealthApp.Api.BackgroundServices.HeartbeatBackgroundService HealthAxis heartbeat running at "2026-07-15T17:28:03.0144747+05:30"------------
[2026-07-15 17:28:13.030 +05:30 INF] HealthApp.Api.BackgroundServices.HeartbeatBackgroundService HealthAxis heartbeat running at "2026-07-15T17:28:13.0307790+05:30"------------
[2026-07-15 17:28:23.037 +05:30 INF] HealthApp.Api.BackgroundServices.HeartbeatBackgroundService HealthAxis heartbeat running at "2026-07-15T17:28:23.0374652+05:30"------------
[2026-07-15 17:28:33.039 +05:30 INF] HealthApp.Api.BackgroundServices.HeartbeatBackgroundService HealthAxis heartbeat running at "2026-07-15T17:28:33.0391031+05:30"------------
[2026-07-15 17:28:43.042 +05:30 INF] HealthApp.Api.BackgroundServices.HeartbeatBackgroundService HealthAxis heartbeat running at "2026-07-15T17:28:43.0426243+05:30"------------
[2026-07-15 17:28:53.048 +05:30 INF] HealthApp.Api.BackgroundServices.HeartbeatBackgroundService HealthAxis heartbeat running at "2026-07-15T17:28:53.0486963+05:30"------------
[2026-07-15 17:29:03.055 +05:30 INF] HealthApp.Api.BackgroundServices.HeartbeatBackgroundService HealthAxis heartbeat running at "2026-07-15T17:29:03.0557034+05:30"------------
[2026-07-15 17:29:13.072 +05:30 INF] HealthApp.Api.BackgroundServices.HeartbeatBackgroundService HealthAxis heartbeat running at "2026-07-15T17:29:13.0725355+05:30"------------
[2026-07-15 17:29:23.089 +05:30 INF] HealthApp.Api.BackgroundServices.HeartbeatBackgroundService HealthAxis heartbeat running at "2026-07-15T17:29:23.0889871+05:30"------------
[2026-07-15 17:29:33.090 +05:30 INF] HealthApp.Api.BackgroundServices.HeartbeatBackgroundService HealthAxis heartbeat running at "2026-07-15T17:29:33.0909640+05:30"------------
[2026-07-15 17:29:43.098 +05:30 INF] HealthApp.Api.BackgroundServices.HeartbeatBackgroundService HealthAxis heartbeat running at "2026-07-15T17:29:43.0986157+05:30"------------
[2026-07-15 17:29:53.108 +05:30 INF] HealthApp.Api.BackgroundServices.HeartbeatBackgroundService HealthAxis heartbeat running at "2026-07-15T17:29:53.1081216+05:30"------------
[2026-07-15 17:30:03.124 +05:30 INF] HealthApp.Api.BackgroundServices.HeartbeatBackgroundService HealthAxis heartbeat running at "2026-07-15T17:30:03.1245075+05:30"------------
[2026-07-15 17:30:13.138 +05:30 INF] HealthApp.Api.BackgroundServices.HeartbeatBackgroundService HealthAxis heartbeat running at "2026-07-15T17:30:13.1384675+05:30"------------
[2026-07-15 17:30:23.141 +05:30 INF] HealthApp.Api.BackgroundServices.HeartbeatBackgroundService HealthAxis heartbeat running at "2026-07-15T17:30:23.1412859+05:30"------------
[2026-07-15 17:30:33.146 +05:30 INF] HealthApp.Api.BackgroundServices.HeartbeatBackgroundService HealthAxis heartbeat running at "2026-07-15T17:30:33.1466831+05:30"------------
[2026-07-15 17:30:43.151 +05:30 INF] HealthApp.Api.BackgroundServices.HeartbeatBackgroundService HealthAxis heartbeat running at "2026-07-15T17:30:43.1512325+05:30"------------
[2026-07-15 17:30:53.166 +05:30 INF] HealthApp.Api.BackgroundServices.HeartbeatBackgroundService HealthAxis heartbeat running at "2026-07-15T17:30:53.1668598+05:30"------------
[2026-07-15 17:31:03.182 +05:30 INF] HealthApp.Api.BackgroundServices.HeartbeatBackgroundService HealthAxis heartbeat running at "2026-07-15T17:31:03.1822389+05:30"------------
[2026-07-15 17:31:13.190 +05:30 INF] HealthApp.Api.BackgroundServices.HeartbeatBackgroundService HealthAxis heartbeat running at "2026-07-15T17:31:13.1904817+05:30"------------
[2026-07-15 17:31:23.196 +05:30 INF] HealthApp.Api.BackgroundServices.HeartbeatBackgroundService HealthAxis heartbeat running at "2026-07-15T17:31:23.1963737+05:30"------------
[2026-07-15 17:31:33.202 +05:30 INF] HealthApp.Api.BackgroundServices.HeartbeatBackgroundService HealthAxis heartbeat running at "2026-07-15T17:31:33.2022223+05:30"------------
[2026-07-15 17:31:43.214 +05:30 INF] HealthApp.Api.BackgroundServices.HeartbeatBackgroundService HealthAxis heartbeat running at "2026-07-15T17:31:43.2145181+05:30"------------
[2026-07-15 17:31:53.225 +05:30 INF] HealthApp.Api.BackgroundServices.HeartbeatBackgroundService HealthAxis heartbeat running at "2026-07-15T17:31:53.2252240+05:30"------------
[2026-07-15 17:32:03.236 +05:30 INF] HealthApp.Api.BackgroundServices.HeartbeatBackgroundService HealthAxis heartbeat running at "2026-07-15T17:32:03.2361298+05:30"------------
[2026-07-15 17:32:13.241 +05:30 INF] HealthApp.Api.BackgroundServices.HeartbeatBackgroundService HealthAxis heartbeat running at "2026-07-15T17:32:13.2411637+05:30"------------
[2026-07-15 17:32:17.244 +05:30 INF] Serilog.AspNetCore.RequestLoggingMiddleware HTTP OPTIONS /api/appointments/doctor/me responded 204 in 0.0683 ms
[2026-07-15 17:32:17.245 +05:30 INF] Serilog.AspNetCore.RequestLoggingMiddleware HTTP OPTIONS /api/doctors/me responded 204 in 0.0204 ms
[2026-07-15 17:32:17.244 +05:30 INF] Serilog.AspNetCore.RequestLoggingMiddleware HTTP OPTIONS /api/doctor-leaves/my responded 204 in 0.0318 ms
[2026-07-15 17:32:17.294 +05:30 INF] Serilog.AspNetCore.RequestLoggingMiddleware HTTP GET /api/doctors/me responded 200 in 10.2603 ms
[2026-07-15 17:32:17.301 +05:30 INF] Serilog.AspNetCore.RequestLoggingMiddleware HTTP GET /api/doctor-leaves/my responded 200 in 15.5680 ms
[2026-07-15 17:32:17.301 +05:30 INF] Serilog.AspNetCore.RequestLoggingMiddleware HTTP GET /api/appointments/doctor/me responded 200 in 20.8945 ms
[2026-07-15 17:32:23.242 +05:30 INF] HealthApp.Api.BackgroundServices.HeartbeatBackgroundService HealthAxis heartbeat running at "2026-07-15T17:32:23.2428488+05:30"------------
[2026-07-15 17:32:33.248 +05:30 INF] HealthApp.Api.BackgroundServices.HeartbeatBackgroundService HealthAxis heartbeat running at "2026-07-15T17:32:33.2483313+05:30"------------
[2026-07-15 17:32:43.297 +05:30 INF] HealthApp.Api.BackgroundServices.HeartbeatBackgroundService HealthAxis heartbeat running at "2026-07-15T17:32:43.2655596+05:30"------------
[2026-07-15 17:47:20.449 +05:30 INF] HealthApp.Api.BackgroundServices.HeartbeatBackgroundService HealthAxis Heartbeat Background Service started.+++++++++++++
[2026-07-15 17:47:20.610 +05:30 INF] HealthApp.Api.BackgroundServices.HeartbeatBackgroundService HealthAxis heartbeat running at "2026-07-15T17:47:20.6085491+05:30"------------
[2026-07-15 17:47:20.703 +05:30 INF] Microsoft.Hosting.Lifetime Now listening on: http://localhost:5066
[2026-07-15 17:47:20.850 +05:30 INF] Microsoft.Hosting.Lifetime Application started. Press Ctrl+C to shut down.
[2026-07-15 17:47:20.853 +05:30 INF] Microsoft.Hosting.Lifetime Hosting environment: Development
[2026-07-15 17:47:20.854 +05:30 INF] Microsoft.Hosting.Lifetime Content root path: C:\Users\310208\source\repos\Sprint 4\UST-Live-01\HealthApp.Api
[2026-07-15 17:47:20.911 +05:30 INF] MassTransit Bus started: "rabbitmq://localhost/"
[2026-07-15 17:47:30.637 +05:30 INF] HealthApp.Api.BackgroundServices.HeartbeatBackgroundService HealthAxis heartbeat running at "2026-07-15T17:47:30.6368986+05:30"------------
[2026-07-15 17:47:40.653 +05:30 INF] HealthApp.Api.BackgroundServices.HeartbeatBackgroundService HealthAxis heartbeat running at "2026-07-15T17:47:40.6527799+05:30"------------
[2026-07-15 17:47:47.742 +05:30 INF] Serilog.AspNetCore.RequestLoggingMiddleware HTTP OPTIONS /api/auth/login responded 204 in 17.5169 ms
[2026-07-15 17:47:47.805 +05:30 WRN] Microsoft.AspNetCore.HttpsPolicy.HttpsRedirectionMiddleware Failed to determine the https port for redirect.
[2026-07-15 17:47:48.611 +05:30 INF] Serilog.AspNetCore.RequestLoggingMiddleware HTTP POST /api/auth/login responded 200 in 811.8964 ms
[2026-07-15 17:47:48.694 +05:30 INF] Serilog.AspNetCore.RequestLoggingMiddleware HTTP OPTIONS /api/PatientApi/me responded 204 in 1.1812 ms
[2026-07-15 17:47:49.018 +05:30 WRN] LuckyPennySoftware.AutoMapper.License You do not have a valid license key for the Lucky Penny software AutoMapper. This is allowed for development and testing scenarios. If you are running in production you are required to have a licensed version. Please visit https://luckypennysoftware.com to obtain a valid license.
[2026-07-15 17:47:49.179 +05:30 INF] Serilog.AspNetCore.RequestLoggingMiddleware HTTP GET /api/PatientApi/me responded 200 in 475.2389 ms
[2026-07-15 17:47:49.185 +05:30 INF] Serilog.AspNetCore.RequestLoggingMiddleware HTTP OPTIONS /api/appointments/me responded 204 in 0.0983 ms
[2026-07-15 17:47:49.186 +05:30 INF] Serilog.AspNetCore.RequestLoggingMiddleware HTTP OPTIONS /api/HealthRecordApi/me responded 204 in 0.0725 ms
[2026-07-15 17:47:49.507 +05:30 INF] Serilog.AspNetCore.RequestLoggingMiddleware HTTP GET /api/appointments/me responded 200 in 316.7439 ms
[2026-07-15 17:47:49.706 +05:30 INF] Serilog.AspNetCore.RequestLoggingMiddleware HTTP GET /api/HealthRecordApi/me responded 200 in 514.1207 ms
[2026-07-15 17:47:50.533 +05:30 INF] Serilog.AspNetCore.RequestLoggingMiddleware HTTP OPTIONS /api/doctors/activedoctors responded 204 in 0.1134 ms
[2026-07-15 17:47:50.667 +05:30 INF] HealthApp.Api.BackgroundServices.HeartbeatBackgroundService HealthAxis heartbeat running at "2026-07-15T17:47:50.6676494+05:30"------------
[2026-07-15 17:47:51.305 +05:30 INF] Serilog.AspNetCore.RequestLoggingMiddleware HTTP GET /api/doctors/activedoctors responded 200 in 762.7176 ms
[2026-07-15 17:48:00.679 +05:30 INF] HealthApp.Api.BackgroundServices.HeartbeatBackgroundService HealthAxis heartbeat running at "2026-07-15T17:48:00.6793438+05:30"------------
[2026-07-15 17:48:03.466 +05:30 INF] Serilog.AspNetCore.RequestLoggingMiddleware HTTP OPTIONS /api/appointments/me responded 204 in 0.7606 ms
[2026-07-15 17:48:03.503 +05:30 INF] Serilog.AspNetCore.RequestLoggingMiddleware HTTP GET /api/appointments/me responded 200 in 31.8970 ms
[2026-07-15 17:48:07.885 +05:30 INF] Serilog.AspNetCore.RequestLoggingMiddleware HTTP OPTIONS /api/appointments/doctor/10/availability responded 204 in 0.1493 ms
[2026-07-15 17:48:08.215 +05:30 INF] Serilog.AspNetCore.RequestLoggingMiddleware HTTP GET /api/appointments/doctor/10/availability responded 200 in 322.8362 ms
[2026-07-15 17:48:10.699 +05:30 INF] HealthApp.Api.BackgroundServices.HeartbeatBackgroundService HealthAxis heartbeat running at "2026-07-15T17:48:10.6991024+05:30"------------
[2026-07-15 17:48:13.904 +05:30 INF] Serilog.AspNetCore.RequestLoggingMiddleware HTTP OPTIONS /api/appointments responded 204 in 0.3237 ms
[2026-07-15 17:48:40.362 +05:30 INF] HealthApp.Api.BackgroundServices.HeartbeatBackgroundService HealthAxis heartbeat running at "2026-07-15T17:48:40.3627005+05:30"------------
[2026-07-15 17:48:40.425 +05:30 ERR] HealthApp.Api.Middleware.GlobalExceptionHandler An unexpected Error Occured : Slot already booked
HealthApp.Api.Exceptions.AppointmentRuleException: Slot already booked
   at HealthApp.Api.Service.Impl.AppointmentService.Add(AppointmentDto dto, String identityUserId) in C:\Users\310208\source\repos\Sprint 4\UST-Live-01\HealthApp.Api\Service\Impl\AppointmentService.cs:line 73
   at HealthApp.Api.Controllers.AppointmentApiController.Add(AppointmentDto dto) in C:\Users\310208\source\repos\Sprint 4\UST-Live-01\HealthApp.Api\Controllers\AppointmentApiController.cs:line 39
   at Microsoft.AspNetCore.Mvc.Infrastructure.ActionMethodExecutor.TaskOfIActionResultExecutor.Execute(ActionContext actionContext, IActionResultTypeMapper mapper, ObjectMethodExecutor executor, Object controller, Object[] arguments)
   at Microsoft.AspNetCore.Mvc.Infrastructure.ControllerActionInvoker.<InvokeActionMethodAsync>g__Awaited|12_0(ControllerActionInvoker invoker, ValueTask`1 actionResultValueTask)
   at Microsoft.AspNetCore.Mvc.Infrastructure.ControllerActionInvoker.<InvokeNextActionFilterAsync>g__Awaited|10_0(ControllerActionInvoker invoker, Task lastTask, State next, Scope scope, Object state, Boolean isCompleted)
   at Microsoft.AspNetCore.Mvc.Infrastructure.ControllerActionInvoker.Rethrow(ActionExecutedContextSealed context)
   at Microsoft.AspNetCore.Mvc.Infrastructure.ControllerActionInvoker.Next(State& next, Scope& scope, Object& state, Boolean& isCompleted)
   at Microsoft.AspNetCore.Mvc.Infrastructure.ControllerActionInvoker.<InvokeInnerFilterAsync>g__Awaited|13_0(ControllerActionInvoker invoker, Task lastTask, State next, Scope scope, Object state, Boolean isCompleted)
   at Microsoft.AspNetCore.Mvc.Infrastructure.ResourceInvoker.<InvokeFilterPipelineAsync>g__Awaited|20_0(ResourceInvoker invoker, Task lastTask, State next, Scope scope, Object state, Boolean isCompleted)
   at Microsoft.AspNetCore.Mvc.Infrastructure.ResourceInvoker.<InvokeAsync>g__Awaited|17_0(ResourceInvoker invoker, Task task, IDisposable scope)
   at Microsoft.AspNetCore.Mvc.Infrastructure.ResourceInvoker.<InvokeAsync>g__Awaited|17_0(ResourceInvoker invoker, Task task, IDisposable scope)
   at Microsoft.AspNetCore.Authorization.AuthorizationMiddleware.Invoke(HttpContext context)
   at Microsoft.AspNetCore.Authentication.AuthenticationMiddleware.Invoke(HttpContext context)
   at Microsoft.AspNetCore.Diagnostics.ExceptionHandlerMiddlewareImpl.<Invoke>g__Awaited|10_0(ExceptionHandlerMiddlewareImpl middleware, HttpContext context, Task task)
[2026-07-15 17:48:42.646 +05:30 ERR] HealthApp.Api.Middleware.GlobalExceptionHandler An unexpected Error Occured : Slot already booked
HealthApp.Api.Exceptions.AppointmentRuleException: Slot already booked
   at HealthApp.Api.Service.Impl.AppointmentService.Add(AppointmentDto dto, String identityUserId) in C:\Users\310208\source\repos\Sprint 4\UST-Live-01\HealthApp.Api\Service\Impl\AppointmentService.cs:line 73
   at HealthApp.Api.Controllers.AppointmentApiController.Add(AppointmentDto dto) in C:\Users\310208\source\repos\Sprint 4\UST-Live-01\HealthApp.Api\Controllers\AppointmentApiController.cs:line 39
   at Microsoft.AspNetCore.Mvc.Infrastructure.ActionMethodExecutor.TaskOfIActionResultExecutor.Execute(ActionContext actionContext, IActionResultTypeMapper mapper, ObjectMethodExecutor executor, Object controller, Object[] arguments)
   at Microsoft.AspNetCore.Mvc.Infrastructure.ControllerActionInvoker.<InvokeActionMethodAsync>g__Awaited|12_0(ControllerActionInvoker invoker, ValueTask`1 actionResultValueTask)
   at Microsoft.AspNetCore.Mvc.Infrastructure.ControllerActionInvoker.<InvokeNextActionFilterAsync>g__Awaited|10_0(ControllerActionInvoker invoker, Task lastTask, State next, Scope scope, Object state, Boolean isCompleted)
   at Microsoft.AspNetCore.Mvc.Infrastructure.ControllerActionInvoker.Rethrow(ActionExecutedContextSealed context)
   at Microsoft.AspNetCore.Mvc.Infrastructure.ControllerActionInvoker.Next(State& next, Scope& scope, Object& state, Boolean& isCompleted)
   at Microsoft.AspNetCore.Mvc.Infrastructure.ControllerActionInvoker.<InvokeInnerFilterAsync>g__Awaited|13_0(ControllerActionInvoker invoker, Task lastTask, State next, Scope scope, Object state, Boolean isCompleted)
   at Microsoft.AspNetCore.Mvc.Infrastructure.ResourceInvoker.<InvokeFilterPipelineAsync>g__Awaited|20_0(ResourceInvoker invoker, Task lastTask, State next, Scope scope, Object state, Boolean isCompleted)
   at Microsoft.AspNetCore.Mvc.Infrastructure.ResourceInvoker.<InvokeAsync>g__Awaited|17_0(ResourceInvoker invoker, Task task, IDisposable scope)
   at Microsoft.AspNetCore.Mvc.Infrastructure.ResourceInvoker.<InvokeAsync>g__Awaited|17_0(ResourceInvoker invoker, Task task, IDisposable scope)
   at Microsoft.AspNetCore.Authorization.AuthorizationMiddleware.Invoke(HttpContext context)
   at Microsoft.AspNetCore.Authentication.AuthenticationMiddleware.Invoke(HttpContext context)
   at Microsoft.AspNetCore.Diagnostics.ExceptionHandlerMiddlewareImpl.<Invoke>g__Awaited|10_0(ExceptionHandlerMiddlewareImpl middleware, HttpContext context, Task task)
[2026-07-15 17:48:43.525 +05:30 ERR] HealthApp.Api.Middleware.GlobalExceptionHandler An unexpected Error Occured : Slot already booked
HealthApp.Api.Exceptions.AppointmentRuleException: Slot already booked
   at HealthApp.Api.Service.Impl.AppointmentService.Add(AppointmentDto dto, String identityUserId) in C:\Users\310208\source\repos\Sprint 4\UST-Live-01\HealthApp.Api\Service\Impl\AppointmentService.cs:line 73
   at HealthApp.Api.Controllers.AppointmentApiController.Add(AppointmentDto dto) in C:\Users\310208\source\repos\Sprint 4\UST-Live-01\HealthApp.Api\Controllers\AppointmentApiController.cs:line 39
   at Microsoft.AspNetCore.Mvc.Infrastructure.ActionMethodExecutor.TaskOfIActionResultExecutor.Execute(ActionContext actionContext, IActionResultTypeMapper mapper, ObjectMethodExecutor executor, Object controller, Object[] arguments)
   at Microsoft.AspNetCore.Mvc.Infrastructure.ControllerActionInvoker.<InvokeActionMethodAsync>g__Awaited|12_0(ControllerActionInvoker invoker, ValueTask`1 actionResultValueTask)
   at Microsoft.AspNetCore.Mvc.Infrastructure.ControllerActionInvoker.<InvokeNextActionFilterAsync>g__Awaited|10_0(ControllerActionInvoker invoker, Task lastTask, State next, Scope scope, Object state, Boolean isCompleted)
   at Microsoft.AspNetCore.Mvc.Infrastructure.ControllerActionInvoker.Rethrow(ActionExecutedContextSealed context)
   at Microsoft.AspNetCore.Mvc.Infrastructure.ControllerActionInvoker.Next(State& next, Scope& scope, Object& state, Boolean& isCompleted)
   at Microsoft.AspNetCore.Mvc.Infrastructure.ControllerActionInvoker.<InvokeInnerFilterAsync>g__Awaited|13_0(ControllerActionInvoker invoker, Task lastTask, State next, Scope scope, Object state, Boolean isCompleted)
   at Microsoft.AspNetCore.Mvc.Infrastructure.ResourceInvoker.<InvokeFilterPipelineAsync>g__Awaited|20_0(ResourceInvoker invoker, Task lastTask, State next, Scope scope, Object state, Boolean isCompleted)
   at Microsoft.AspNetCore.Mvc.Infrastructure.ResourceInvoker.<InvokeAsync>g__Awaited|17_0(ResourceInvoker invoker, Task task, IDisposable scope)
   at Microsoft.AspNetCore.Mvc.Infrastructure.ResourceInvoker.<InvokeAsync>g__Awaited|17_0(ResourceInvoker invoker, Task task, IDisposable scope)
   at Microsoft.AspNetCore.Authorization.AuthorizationMiddleware.Invoke(HttpContext context)
   at Microsoft.AspNetCore.Authentication.AuthenticationMiddleware.Invoke(HttpContext context)
   at Microsoft.AspNetCore.Diagnostics.ExceptionHandlerMiddlewareImpl.<Invoke>g__Awaited|10_0(ExceptionHandlerMiddlewareImpl middleware, HttpContext context, Task task)
[2026-07-15 17:48:42.646 +05:30 ERR] HealthApp.Api.Middleware.GlobalExceptionHandler An unexpected Error Occured : Slot already booked
HealthApp.Api.Exceptions.AppointmentRuleException: Slot already booked
   at HealthApp.Api.Service.Impl.AppointmentService.Add(AppointmentDto dto, String identityUserId) in C:\Users\310208\source\repos\Sprint 4\UST-Live-01\HealthApp.Api\Service\Impl\AppointmentService.cs:line 73
   at HealthApp.Api.Controllers.AppointmentApiController.Add(AppointmentDto dto) in C:\Users\310208\source\repos\Sprint 4\UST-Live-01\HealthApp.Api\Controllers\AppointmentApiController.cs:line 39
   at Microsoft.AspNetCore.Mvc.Infrastructure.ActionMethodExecutor.TaskOfIActionResultExecutor.Execute(ActionContext actionContext, IActionResultTypeMapper mapper, ObjectMethodExecutor executor, Object controller, Object[] arguments)
   at Microsoft.AspNetCore.Mvc.Infrastructure.ControllerActionInvoker.<InvokeActionMethodAsync>g__Awaited|12_0(ControllerActionInvoker invoker, ValueTask`1 actionResultValueTask)
   at Microsoft.AspNetCore.Mvc.Infrastructure.ControllerActionInvoker.<InvokeNextActionFilterAsync>g__Awaited|10_0(ControllerActionInvoker invoker, Task lastTask, State next, Scope scope, Object state, Boolean isCompleted)
   at Microsoft.AspNetCore.Mvc.Infrastructure.ControllerActionInvoker.Rethrow(ActionExecutedContextSealed context)
   at Microsoft.AspNetCore.Mvc.Infrastructure.ControllerActionInvoker.Next(State& next, Scope& scope, Object& state, Boolean& isCompleted)
   at Microsoft.AspNetCore.Mvc.Infrastructure.ControllerActionInvoker.<InvokeInnerFilterAsync>g__Awaited|13_0(ControllerActionInvoker invoker, Task lastTask, State next, Scope scope, Object state, Boolean isCompleted)
   at Microsoft.AspNetCore.Mvc.Infrastructure.ResourceInvoker.<InvokeFilterPipelineAsync>g__Awaited|20_0(ResourceInvoker invoker, Task lastTask, State next, Scope scope, Object state, Boolean isCompleted)
   at Microsoft.AspNetCore.Mvc.Infrastructure.ResourceInvoker.<InvokeAsync>g__Awaited|17_0(ResourceInvoker invoker, Task task, IDisposable scope)
   at Microsoft.AspNetCore.Mvc.Infrastructure.ResourceInvoker.<InvokeAsync>g__Awaited|17_0(ResourceInvoker invoker, Task task, IDisposable scope)
   at Microsoft.AspNetCore.Authorization.AuthorizationMiddleware.Invoke(HttpContext context)
   at Microsoft.AspNetCore.Authentication.AuthenticationMiddleware.Invoke(HttpContext context)
   at Microsoft.AspNetCore.Diagnostics.ExceptionHandlerMiddlewareImpl.<Invoke>g__Awaited|10_0(ExceptionHandlerMiddlewareImpl middleware, HttpContext context, Task task)
[2026-07-15 17:48:43.525 +05:30 ERR] HealthApp.Api.Middleware.GlobalExceptionHandler An unexpected Error Occured : Slot already booked
HealthApp.Api.Exceptions.AppointmentRuleException: Slot already booked
   at HealthApp.Api.Service.Impl.AppointmentService.Add(AppointmentDto dto, String identityUserId) in C:\Users\310208\source\repos\Sprint 4\UST-Live-01\HealthApp.Api\Service\Impl\AppointmentService.cs:line 73
   at HealthApp.Api.Controllers.AppointmentApiController.Add(AppointmentDto dto) in C:\Users\310208\source\repos\Sprint 4\UST-Live-01\HealthApp.Api\Controllers\AppointmentApiController.cs:line 39
   at Microsoft.AspNetCore.Mvc.Infrastructure.ActionMethodExecutor.TaskOfIActionResultExecutor.Execute(ActionContext actionContext, IActionResultTypeMapper mapper, ObjectMethodExecutor executor, Object controller, Object[] arguments)
   at Microsoft.AspNetCore.Mvc.Infrastructure.ControllerActionInvoker.<InvokeActionMethodAsync>g__Awaited|12_0(ControllerActionInvoker invoker, ValueTask`1 actionResultValueTask)
   at Microsoft.AspNetCore.Mvc.Infrastructure.ControllerActionInvoker.<InvokeNextActionFilterAsync>g__Awaited|10_0(ControllerActionInvoker invoker, Task lastTask, State next, Scope scope, Object state, Boolean isCompleted)
   at Microsoft.AspNetCore.Mvc.Infrastructure.ControllerActionInvoker.Rethrow(ActionExecutedContextSealed context)
   at Microsoft.AspNetCore.Mvc.Infrastructure.ControllerActionInvoker.Next(State& next, Scope& scope, Object& state, Boolean& isCompleted)
   at Microsoft.AspNetCore.Mvc.Infrastructure.ControllerActionInvoker.<InvokeInnerFilterAsync>g__Awaited|13_0(ControllerActionInvoker invoker, Task lastTask, State next, Scope scope, Object state, Boolean isCompleted)
   at Microsoft.AspNetCore.Mvc.Infrastructure.ResourceInvoker.<InvokeFilterPipelineAsync>g__Awaited|20_0(ResourceInvoker invoker, Task lastTask, State next, Scope scope, Object state, Boolean isCompleted)
   at Microsoft.AspNetCore.Mvc.Infrastructure.ResourceInvoker.<InvokeAsync>g__Awaited|17_0(ResourceInvoker invoker, Task task, IDisposable scope)
   at Microsoft.AspNetCore.Mvc.Infrastructure.ResourceInvoker.<InvokeAsync>g__Awaited|17_0(ResourceInvoker invoker, Task task, IDisposable scope)
   at Microsoft.AspNetCore.Authorization.AuthorizationMiddleware.Invoke(HttpContext context)
   at Microsoft.AspNetCore.Authentication.AuthenticationMiddleware.Invoke(HttpContext context)
   at Microsoft.AspNetCore.Diagnostics.ExceptionHandlerMiddlewareImpl.<Invoke>g__Awaited|10_0(ExceptionHandlerMiddlewareImpl middleware, HttpContext context, Task task)
[2026-07-15 17:48:43.597 +05:30 INF] Serilog.AspNetCore.RequestLoggingMiddleware HTTP POST /api/appointments responded 400 in 29332.4115 ms
[2026-07-15 17:48:43.597 +05:30 INF] Serilog.AspNetCore.RequestLoggingMiddleware HTTP POST /api/appointments responded 400 in 3204.4303 ms
[2026-07-15 17:48:43.597 +05:30 INF] Serilog.AspNetCore.RequestLoggingMiddleware HTTP POST /api/appointments responded 400 in 3202.9050 ms
[2026-07-15 17:48:43.597 +05:30 INF] Serilog.AspNetCore.RequestLoggingMiddleware HTTP POST /api/appointments responded 400 in 3204.4346 ms
[2026-07-15 17:48:43.597 +05:30 INF] Serilog.AspNetCore.RequestLoggingMiddleware HTTP POST /api/appointments responded 400 in 3200.8034 ms
[2026-07-15 17:48:43.637 +05:30 INF] Serilog.AspNetCore.RequestLoggingMiddleware HTTP OPTIONS /api/appointments responded 204 in 0.0894 ms
[2026-07-15 17:48:43.818 +05:30 ERR] HealthApp.Api.Middleware.GlobalExceptionHandler An unexpected Error Occured : Slot already booked
HealthApp.Api.Exceptions.AppointmentRuleException: Slot already booked
   at HealthApp.Api.Service.Impl.AppointmentService.Add(AppointmentDto dto, String identityUserId) in C:\Users\310208\source\repos\Sprint 4\UST-Live-01\HealthApp.Api\Service\Impl\AppointmentService.cs:line 73
   at HealthApp.Api.Controllers.AppointmentApiController.Add(AppointmentDto dto) in C:\Users\310208\source\repos\Sprint 4\UST-Live-01\HealthApp.Api\Controllers\AppointmentApiController.cs:line 39
   at Microsoft.AspNetCore.Mvc.Infrastructure.ActionMethodExecutor.TaskOfIActionResultExecutor.Execute(ActionContext actionContext, IActionResultTypeMapper mapper, ObjectMethodExecutor executor, Object controller, Object[] arguments)
   at Microsoft.AspNetCore.Mvc.Infrastructure.ControllerActionInvoker.<InvokeActionMethodAsync>g__Awaited|12_0(ControllerActionInvoker invoker, ValueTask`1 actionResultValueTask)
   at Microsoft.AspNetCore.Mvc.Infrastructure.ControllerActionInvoker.<InvokeNextActionFilterAsync>g__Awaited|10_0(ControllerActionInvoker invoker, Task lastTask, State next, Scope scope, Object state, Boolean isCompleted)
   at Microsoft.AspNetCore.Mvc.Infrastructure.ControllerActionInvoker.Rethrow(ActionExecutedContextSealed context)
   at Microsoft.AspNetCore.Mvc.Infrastructure.ControllerActionInvoker.Next(State& next, Scope& scope, Object& state, Boolean& isCompleted)
   at Microsoft.AspNetCore.Mvc.Infrastructure.ControllerActionInvoker.<InvokeInnerFilterAsync>g__Awaited|13_0(ControllerActionInvoker invoker, Task lastTask, State next, Scope scope, Object state, Boolean isCompleted)
   at Microsoft.AspNetCore.Mvc.Infrastructure.ResourceInvoker.<InvokeFilterPipelineAsync>g__Awaited|20_0(ResourceInvoker invoker, Task lastTask, State next, Scope scope, Object state, Boolean isCompleted)
   at Microsoft.AspNetCore.Mvc.Infrastructure.ResourceInvoker.<InvokeAsync>g__Awaited|17_0(ResourceInvoker invoker, Task task, IDisposable scope)
   at Microsoft.AspNetCore.Mvc.Infrastructure.ResourceInvoker.<InvokeAsync>g__Awaited|17_0(ResourceInvoker invoker, Task task, IDisposable scope)
   at Microsoft.AspNetCore.Authorization.AuthorizationMiddleware.Invoke(HttpContext context)
   at Microsoft.AspNetCore.Authentication.AuthenticationMiddleware.Invoke(HttpContext context)
   at Microsoft.AspNetCore.Diagnostics.ExceptionHandlerMiddlewareImpl.<Invoke>g__Awaited|10_0(ExceptionHandlerMiddlewareImpl middleware, HttpContext context, Task task)
[2026-07-15 17:48:43.828 +05:30 INF] Serilog.AspNetCore.RequestLoggingMiddleware HTTP POST /api/appointments responded 400 in 179.3962 ms
[2026-07-15 17:48:43.968 +05:30 INF] HealthApp.Api.Messaging.Publisher.AppointmentEventPublisher AppointmentBookEvent published. AppointmentId: 29, Patient: S N K, Doctor: Kumar, Date: "2026-07-21T00:00:00.0000000", Slot: 03:00 PM
[2026-07-15 17:48:43.972 +05:30 INF] Serilog.AspNetCore.RequestLoggingMiddleware HTTP POST /api/appointments responded 200 in 30063.6351 ms
[2026-07-15 17:48:45.187 +05:30 INF] Serilog.AspNetCore.RequestLoggingMiddleware HTTP OPTIONS /api/appointments/me responded 204 in 0.0804 ms
[2026-07-15 17:48:45.212 +05:30 INF] Serilog.AspNetCore.RequestLoggingMiddleware HTTP GET /api/appointments/me responded 200 in 19.6121 ms
[2026-07-15 17:48:50.378 +05:30 INF] HealthApp.Api.BackgroundServices.HeartbeatBackgroundService HealthAxis heartbeat running at "2026-07-15T17:48:50.3783219+05:30"------------
[2026-07-15 17:49:00.391 +05:30 INF] HealthApp.Api.BackgroundServices.HeartbeatBackgroundService HealthAxis heartbeat running at "2026-07-15T17:49:00.3918675+05:30"------------
[2026-07-15 17:49:10.411 +05:30 INF] HealthApp.Api.BackgroundServices.HeartbeatBackgroundService HealthAxis heartbeat running at "2026-07-15T17:49:10.4117182+05:30"------------
[2026-07-15 17:49:20.431 +05:30 INF] HealthApp.Api.BackgroundServices.HeartbeatBackgroundService HealthAxis heartbeat running at "2026-07-15T17:49:20.4316150+05:30"------------
[2026-07-15 17:49:30.319 +05:30 INF] Serilog.AspNetCore.RequestLoggingMiddleware HTTP OPTIONS /api/doctors/activedoctors responded 204 in 0.1192 ms
[2026-07-15 17:49:30.377 +05:30 INF] Serilog.AspNetCore.RequestLoggingMiddleware HTTP GET /api/doctors/activedoctors responded 200 in 46.5726 ms
[2026-07-15 17:49:30.446 +05:30 INF] HealthApp.Api.BackgroundServices.HeartbeatBackgroundService HealthAxis heartbeat running at "2026-07-15T17:49:30.4468607+05:30"------------
[2026-07-15 17:49:31.984 +05:30 INF] Serilog.AspNetCore.RequestLoggingMiddleware HTTP OPTIONS /api/appointments/me responded 204 in 0.1440 ms
[2026-07-15 17:49:32.013 +05:30 INF] Serilog.AspNetCore.RequestLoggingMiddleware HTTP GET /api/appointments/me responded 200 in 23.5510 ms
[2026-07-15 17:49:36.658 +05:30 INF] Serilog.AspNetCore.RequestLoggingMiddleware HTTP OPTIONS /api/appointments/doctor/1/availability responded 204 in 0.1390 ms
[2026-07-15 17:49:36.691 +05:30 INF] Serilog.AspNetCore.RequestLoggingMiddleware HTTP GET /api/appointments/doctor/1/availability responded 200 in 22.0233 ms
[2026-07-15 17:49:39.411 +05:30 INF] Serilog.AspNetCore.RequestLoggingMiddleware HTTP OPTIONS /api/appointments responded 204 in 0.3391 ms
[2026-07-15 17:49:39.468 +05:30 INF] HealthApp.Api.Messaging.Publisher.AppointmentEventPublisher AppointmentBookEvent published. AppointmentId: 30, Patient: S N K, Doctor: Vignesh Kumar, Date: "2026-07-30T00:00:00.0000000", Slot: 04:00 PM
[2026-07-15 17:49:39.472 +05:30 INF] Serilog.AspNetCore.RequestLoggingMiddleware HTTP POST /api/appointments responded 200 in 55.3225 ms
[2026-07-15 17:49:54.736 +05:30 INF] HealthApp.Api.BackgroundServices.HeartbeatBackgroundService HealthAxis heartbeat running at "2026-07-15T17:49:54.7363863+05:30"------------
[2026-07-15 17:49:54.737 +05:30 INF] Serilog.AspNetCore.RequestLoggingMiddleware HTTP OPTIONS /api/appointments/me responded 204 in 0.3364 ms
[2026-07-15 17:49:54.773 +05:30 INF] Serilog.AspNetCore.RequestLoggingMiddleware HTTP OPTIONS /api/doctors/activedoctors responded 204 in 0.0908 ms
[2026-07-15 17:49:54.773 +05:30 INF] Serilog.AspNetCore.RequestLoggingMiddleware HTTP OPTIONS /api/appointments/me responded 204 in 0.0760 ms
[2026-07-15 17:49:54.737 +05:30 ERR] HealthApp.Api.Middleware.GlobalExceptionHandler An unexpected Error Occured : Slot already booked
HealthApp.Api.Exceptions.AppointmentRuleException: Slot already booked
   at HealthApp.Api.Service.Impl.AppointmentService.Add(AppointmentDto dto, String identityUserId) in C:\Users\310208\source\repos\Sprint 4\UST-Live-01\HealthApp.Api\Service\Impl\AppointmentService.cs:line 73
   at HealthApp.Api.Controllers.AppointmentApiController.Add(AppointmentDto dto) in C:\Users\310208\source\repos\Sprint 4\UST-Live-01\HealthApp.Api\Controllers\AppointmentApiController.cs:line 39
   at Microsoft.AspNetCore.Mvc.Infrastructure.ActionMethodExecutor.TaskOfIActionResultExecutor.Execute(ActionContext actionContext, IActionResultTypeMapper mapper, ObjectMethodExecutor executor, Object controller, Object[] arguments)
   at Microsoft.AspNetCore.Mvc.Infrastructure.ControllerActionInvoker.<InvokeActionMethodAsync>g__Awaited|12_0(ControllerActionInvoker invoker, ValueTask`1 actionResultValueTask)
   at Microsoft.AspNetCore.Mvc.Infrastructure.ControllerActionInvoker.<InvokeNextActionFilterAsync>g__Awaited|10_0(ControllerActionInvoker invoker, Task lastTask, State next, Scope scope, Object state, Boolean isCompleted)
   at Microsoft.AspNetCore.Mvc.Infrastructure.ControllerActionInvoker.Rethrow(ActionExecutedContextSealed context)
   at Microsoft.AspNetCore.Mvc.Infrastructure.ControllerActionInvoker.Next(State& next, Scope& scope, Object& state, Boolean& isCompleted)
   at Microsoft.AspNetCore.Mvc.Infrastructure.ControllerActionInvoker.<InvokeInnerFilterAsync>g__Awaited|13_0(ControllerActionInvoker invoker, Task lastTask, State next, Scope scope, Object state, Boolean isCompleted)
   at Microsoft.AspNetCore.Mvc.Infrastructure.ResourceInvoker.<InvokeFilterPipelineAsync>g__Awaited|20_0(ResourceInvoker invoker, Task lastTask, State next, Scope scope, Object state, Boolean isCompleted)
   at Microsoft.AspNetCore.Mvc.Infrastructure.ResourceInvoker.<InvokeAsync>g__Awaited|17_0(ResourceInvoker invoker, Task task, IDisposable scope)
   at Microsoft.AspNetCore.Mvc.Infrastructure.ResourceInvoker.<InvokeAsync>g__Awaited|17_0(ResourceInvoker invoker, Task task, IDisposable scope)
   at Microsoft.AspNetCore.Authorization.AuthorizationMiddleware.Invoke(HttpContext context)
   at Microsoft.AspNetCore.Authentication.AuthenticationMiddleware.Invoke(HttpContext context)
   at Microsoft.AspNetCore.Diagnostics.ExceptionHandlerMiddlewareImpl.<Invoke>g__Awaited|10_0(ExceptionHandlerMiddlewareImpl middleware, HttpContext context, Task task)
[2026-07-15 17:49:54.785 +05:30 INF] Serilog.AspNetCore.RequestLoggingMiddleware HTTP GET /api/appointments/me responded 200 in 6.3562 ms
[2026-07-15 17:49:54.785 +05:30 INF] Serilog.AspNetCore.RequestLoggingMiddleware HTTP POST /api/appointments responded 400 in 15010.4375 ms
[2026-07-15 17:49:54.785 +05:30 INF] Serilog.AspNetCore.RequestLoggingMiddleware HTTP GET /api/doctors/activedoctors responded 200 in 5.8696 ms
[2026-07-15 17:49:54.792 +05:30 INF] Serilog.AspNetCore.RequestLoggingMiddleware HTTP GET /api/appointments/me responded 200 in 4.1525 ms
[2026-07-15 17:50:02.310 +05:30 INF] Serilog.AspNetCore.RequestLoggingMiddleware HTTP OPTIONS /api/doctors/activedoctors responded 204 in 0.2012 ms
[2026-07-15 17:50:02.336 +05:30 INF] Serilog.AspNetCore.RequestLoggingMiddleware HTTP GET /api/doctors/activedoctors responded 200 in 10.7006 ms
[2026-07-15 17:50:04.784 +05:30 INF] HealthApp.Api.BackgroundServices.HeartbeatBackgroundService HealthAxis heartbeat running at "2026-07-15T17:50:04.7839996+05:30"------------
[2026-07-15 17:50:10.068 +05:30 INF] Serilog.AspNetCore.RequestLoggingMiddleware HTTP OPTIONS /api/appointments/me responded 204 in 0.1510 ms
[2026-07-15 17:50:10.091 +05:30 INF] Serilog.AspNetCore.RequestLoggingMiddleware HTTP GET /api/appointments/me responded 200 in 7.2996 ms
[2026-07-15 17:50:12.444 +05:30 INF] Serilog.AspNetCore.RequestLoggingMiddleware HTTP OPTIONS /api/appointments/doctor/3/availability responded 204 in 0.1563 ms
[2026-07-15 17:50:12.459 +05:30 INF] Serilog.AspNetCore.RequestLoggingMiddleware HTTP GET /api/appointments/doctor/3/availability responded 200 in 6.9881 ms
[2026-07-15 17:50:14.789 +05:30 INF] HealthApp.Api.BackgroundServices.HeartbeatBackgroundService HealthAxis heartbeat running at "2026-07-15T17:50:14.7894853+05:30"------------
[2026-07-15 17:50:17.097 +05:30 INF] Serilog.AspNetCore.RequestLoggingMiddleware HTTP OPTIONS /api/appointments responded 204 in 0.0831 ms
[2026-07-15 17:50:17.113 +05:30 INF] HealthApp.Api.Messaging.Publisher.AppointmentEventPublisher AppointmentBookEvent published. AppointmentId: 31, Patient: S N K, Doctor: Hari Narayanan, Date: "2026-07-17T00:00:00.0000000", Slot: 09:00 AM
[2026-07-15 17:50:17.116 +05:30 INF] Serilog.AspNetCore.RequestLoggingMiddleware HTTP POST /api/appointments responded 200 in 16.0959 ms
[2026-07-15 17:50:19.274 +05:30 INF] Serilog.AspNetCore.RequestLoggingMiddleware HTTP OPTIONS /api/appointments/me responded 204 in 0.0576 ms
[2026-07-15 17:50:19.275 +05:30 ERR] HealthApp.Api.Middleware.GlobalExceptionHandler An unexpected Error Occured : Slot already booked
HealthApp.Api.Exceptions.AppointmentRuleException: Slot already booked
   at HealthApp.Api.Service.Impl.AppointmentService.Add(AppointmentDto dto, String identityUserId) in C:\Users\310208\source\repos\Sprint 4\UST-Live-01\HealthApp.Api\Service\Impl\AppointmentService.cs:line 73
   at HealthApp.Api.Controllers.AppointmentApiController.Add(AppointmentDto dto) in C:\Users\310208\source\repos\Sprint 4\UST-Live-01\HealthApp.Api\Controllers\AppointmentApiController.cs:line 39
   at Microsoft.AspNetCore.Mvc.Infrastructure.ActionMethodExecutor.TaskOfIActionResultExecutor.Execute(ActionContext actionContext, IActionResultTypeMapper mapper, ObjectMethodExecutor executor, Object controller, Object[] arguments)
   at Microsoft.AspNetCore.Mvc.Infrastructure.ControllerActionInvoker.<InvokeActionMethodAsync>g__Awaited|12_0(ControllerActionInvoker invoker, ValueTask`1 actionResultValueTask)
   at Microsoft.AspNetCore.Mvc.Infrastructure.ControllerActionInvoker.<InvokeNextActionFilterAsync>g__Awaited|10_0(ControllerActionInvoker invoker, Task lastTask, State next, Scope scope, Object state, Boolean isCompleted)
   at Microsoft.AspNetCore.Mvc.Infrastructure.ControllerActionInvoker.Rethrow(ActionExecutedContextSealed context)
   at Microsoft.AspNetCore.Mvc.Infrastructure.ControllerActionInvoker.Next(State& next, Scope& scope, Object& state, Boolean& isCompleted)
   at Microsoft.AspNetCore.Mvc.Infrastructure.ControllerActionInvoker.<InvokeInnerFilterAsync>g__Awaited|13_0(ControllerActionInvoker invoker, Task lastTask, State next, Scope scope, Object state, Boolean isCompleted)
   at Microsoft.AspNetCore.Mvc.Infrastructure.ResourceInvoker.<InvokeFilterPipelineAsync>g__Awaited|20_0(ResourceInvoker invoker, Task lastTask, State next, Scope scope, Object state, Boolean isCompleted)
   at Microsoft.AspNetCore.Mvc.Infrastructure.ResourceInvoker.<InvokeAsync>g__Awaited|17_0(ResourceInvoker invoker, Task task, IDisposable scope)
   at Microsoft.AspNetCore.Mvc.Infrastructure.ResourceInvoker.<InvokeAsync>g__Awaited|17_0(ResourceInvoker invoker, Task task, IDisposable scope)
   at Microsoft.AspNetCore.Authorization.AuthorizationMiddleware.Invoke(HttpContext context)
   at Microsoft.AspNetCore.Authentication.AuthenticationMiddleware.Invoke(HttpContext context)
   at Microsoft.AspNetCore.Diagnostics.ExceptionHandlerMiddlewareImpl.<Invoke>g__Awaited|10_0(ExceptionHandlerMiddlewareImpl middleware, HttpContext context, Task task)
[2026-07-15 17:50:19.281 +05:30 INF] Serilog.AspNetCore.RequestLoggingMiddleware HTTP POST /api/appointments responded 400 in 1841.7576 ms
[2026-07-15 17:50:19.284 +05:30 INF] Serilog.AspNetCore.RequestLoggingMiddleware HTTP GET /api/appointments/me responded 200 in 5.2292 ms
[2026-07-15 17:50:24.805 +05:30 INF] HealthApp.Api.BackgroundServices.HeartbeatBackgroundService HealthAxis heartbeat running at "2026-07-15T17:50:24.8058989+05:30"------------
[2026-07-15 17:50:28.165 +05:30 INF] Serilog.AspNetCore.RequestLoggingMiddleware HTTP OPTIONS /api/doctors/activedoctors responded 204 in 0.0788 ms
[2026-07-15 17:50:28.176 +05:30 INF] Serilog.AspNetCore.RequestLoggingMiddleware HTTP GET /api/doctors/activedoctors responded 200 in 4.3154 ms
[2026-07-15 17:50:30.069 +05:30 INF] Serilog.AspNetCore.RequestLoggingMiddleware HTTP OPTIONS /api/appointments/me responded 204 in 0.0706 ms
[2026-07-15 17:50:30.088 +05:30 INF] Serilog.AspNetCore.RequestLoggingMiddleware HTTP GET /api/appointments/me responded 200 in 14.9338 ms
[2026-07-15 17:50:32.566 +05:30 INF] Serilog.AspNetCore.RequestLoggingMiddleware HTTP OPTIONS /api/appointments/doctor/5/availability responded 204 in 0.0820 ms
[2026-07-15 17:50:32.584 +05:30 INF] Serilog.AspNetCore.RequestLoggingMiddleware HTTP GET /api/appointments/doctor/5/availability responded 200 in 13.4409 ms
[2026-07-15 17:50:34.821 +05:30 INF] HealthApp.Api.BackgroundServices.HeartbeatBackgroundService HealthAxis heartbeat running at "2026-07-15T17:50:34.8216903+05:30"------------
[2026-07-15 17:50:36.989 +05:30 INF] Serilog.AspNetCore.RequestLoggingMiddleware HTTP OPTIONS /api/appointments responded 204 in 0.0829 ms
[2026-07-15 17:50:37.011 +05:30 INF] HealthApp.Api.Messaging.Publisher.AppointmentEventPublisher AppointmentBookEvent published. AppointmentId: 32, Patient: S N K, Doctor: Bharath Raj, Date: "2026-07-17T00:00:00.0000000", Slot: 03:00 PM
[2026-07-15 17:50:37.015 +05:30 INF] Serilog.AspNetCore.RequestLoggingMiddleware HTTP POST /api/appointments responded 200 in 21.3034 ms
[2026-07-15 17:50:38.596 +05:30 ERR] HealthApp.Api.Middleware.GlobalExceptionHandler An unexpected Error Occured : Slot already booked
HealthApp.Api.Exceptions.AppointmentRuleException: Slot already booked
   at HealthApp.Api.Service.Impl.AppointmentService.Add(AppointmentDto dto, String identityUserId) in C:\Users\310208\source\repos\Sprint 4\UST-Live-01\HealthApp.Api\Service\Impl\AppointmentService.cs:line 73
   at HealthApp.Api.Controllers.AppointmentApiController.Add(AppointmentDto dto) in C:\Users\310208\source\repos\Sprint 4\UST-Live-01\HealthApp.Api\Controllers\AppointmentApiController.cs:line 39
   at Microsoft.AspNetCore.Mvc.Infrastructure.ActionMethodExecutor.TaskOfIActionResultExecutor.Execute(ActionContext actionContext, IActionResultTypeMapper mapper, ObjectMethodExecutor executor, Object controller, Object[] arguments)
   at Microsoft.AspNetCore.Mvc.Infrastructure.ControllerActionInvoker.<InvokeActionMethodAsync>g__Awaited|12_0(ControllerActionInvoker invoker, ValueTask`1 actionResultValueTask)
   at Microsoft.AspNetCore.Mvc.Infrastructure.ControllerActionInvoker.<InvokeNextActionFilterAsync>g__Awaited|10_0(ControllerActionInvoker invoker, Task lastTask, State next, Scope scope, Object state, Boolean isCompleted)
   at Microsoft.AspNetCore.Mvc.Infrastructure.ControllerActionInvoker.Rethrow(ActionExecutedContextSealed context)
   at Microsoft.AspNetCore.Mvc.Infrastructure.ControllerActionInvoker.Next(State& next, Scope& scope, Object& state, Boolean& isCompleted)
   at Microsoft.AspNetCore.Mvc.Infrastructure.ControllerActionInvoker.<InvokeInnerFilterAsync>g__Awaited|13_0(ControllerActionInvoker invoker, Task lastTask, State next, Scope scope, Object state, Boolean isCompleted)
   at Microsoft.AspNetCore.Mvc.Infrastructure.ResourceInvoker.<InvokeFilterPipelineAsync>g__Awaited|20_0(ResourceInvoker invoker, Task lastTask, State next, Scope scope, Object state, Boolean isCompleted)
   at Microsoft.AspNetCore.Mvc.Infrastructure.ResourceInvoker.<InvokeAsync>g__Awaited|17_0(ResourceInvoker invoker, Task task, IDisposable scope)
   at Microsoft.AspNetCore.Mvc.Infrastructure.ResourceInvoker.<InvokeAsync>g__Awaited|17_0(ResourceInvoker invoker, Task task, IDisposable scope)
   at Microsoft.AspNetCore.Authorization.AuthorizationMiddleware.Invoke(HttpContext context)
   at Microsoft.AspNetCore.Authentication.AuthenticationMiddleware.Invoke(HttpContext context)
   at Microsoft.AspNetCore.Diagnostics.ExceptionHandlerMiddlewareImpl.<Invoke>g__Awaited|10_0(ExceptionHandlerMiddlewareImpl middleware, HttpContext context, Task task)
[2026-07-15 17:50:38.602 +05:30 INF] Serilog.AspNetCore.RequestLoggingMiddleware HTTP POST /api/appointments responded 400 in 1396.7854 ms
[2026-07-15 17:50:38.855 +05:30 INF] Serilog.AspNetCore.RequestLoggingMiddleware HTTP OPTIONS /api/appointments/me responded 204 in 0.0544 ms
[2026-07-15 17:50:38.865 +05:30 INF] Serilog.AspNetCore.RequestLoggingMiddleware HTTP GET /api/appointments/me responded 200 in 5.8332 ms
[2026-07-15 17:50:43.319 +05:30 INF] Serilog.AspNetCore.RequestLoggingMiddleware HTTP OPTIONS /api/doctors/activedoctors responded 204 in 0.0619 ms
[2026-07-15 17:50:43.326 +05:30 INF] Serilog.AspNetCore.RequestLoggingMiddleware HTTP GET /api/doctors/activedoctors responded 200 in 2.0478 ms
[2026-07-15 17:50:44.829 +05:30 INF] HealthApp.Api.BackgroundServices.HeartbeatBackgroundService HealthAxis heartbeat running at "2026-07-15T17:50:44.8291879+05:30"------------
[2026-07-15 17:50:44.914 +05:30 INF] Serilog.AspNetCore.RequestLoggingMiddleware HTTP OPTIONS /api/appointments/me responded 204 in 0.0718 ms
[2026-07-15 17:50:44.926 +05:30 INF] Serilog.AspNetCore.RequestLoggingMiddleware HTTP GET /api/appointments/me responded 200 in 7.5910 ms
[2026-07-15 17:50:47.842 +05:30 INF] Serilog.AspNetCore.RequestLoggingMiddleware HTTP OPTIONS /api/appointments/doctor/5/availability responded 204 in 0.1583 ms
[2026-07-15 17:50:47.851 +05:30 INF] Serilog.AspNetCore.RequestLoggingMiddleware HTTP GET /api/appointments/doctor/5/availability responded 200 in 3.5112 ms
[2026-07-15 17:50:51.741 +05:30 INF] Serilog.AspNetCore.RequestLoggingMiddleware HTTP OPTIONS /api/appointments/doctor/5/availability responded 204 in 0.0691 ms
[2026-07-15 17:50:51.760 +05:30 INF] Serilog.AspNetCore.RequestLoggingMiddleware HTTP GET /api/appointments/doctor/5/availability responded 200 in 12.5916 ms
[2026-07-15 17:50:54.834 +05:30 INF] HealthApp.Api.BackgroundServices.HeartbeatBackgroundService HealthAxis heartbeat running at "2026-07-15T17:50:54.8343845+05:30"------------
[2026-07-15 17:50:59.161 +05:30 INF] Serilog.AspNetCore.RequestLoggingMiddleware HTTP OPTIONS /api/appointments responded 204 in 0.1390 ms
[2026-07-15 17:50:59.196 +05:30 INF] HealthApp.Api.Messaging.Publisher.AppointmentEventPublisher AppointmentBookEvent published. AppointmentId: 33, Patient: S N K, Doctor: Bharath Raj, Date: "2026-07-20T00:00:00.0000000", Slot: 02:00 PM
[2026-07-15 17:50:59.198 +05:30 INF] Serilog.AspNetCore.RequestLoggingMiddleware HTTP POST /api/appointments responded 200 in 30.8476 ms
[2026-07-15 17:51:00.412 +05:30 INF] Serilog.AspNetCore.RequestLoggingMiddleware HTTP OPTIONS /api/appointments/me responded 204 in 0.0480 ms
[2026-07-15 17:51:00.421 +05:30 INF] Serilog.AspNetCore.RequestLoggingMiddleware HTTP GET /api/appointments/me responded 200 in 4.3364 ms
[2026-07-15 17:51:04.843 +05:30 INF] HealthApp.Api.BackgroundServices.HeartbeatBackgroundService HealthAxis heartbeat running at "2026-07-15T17:51:04.8438275+05:30"------------
[2026-07-15 17:51:06.868 +05:30 INF] Serilog.AspNetCore.RequestLoggingMiddleware HTTP OPTIONS /api/doctors/activedoctors responded 204 in 0.0423 ms
[2026-07-15 17:51:06.885 +05:30 INF] Serilog.AspNetCore.RequestLoggingMiddleware HTTP GET /api/doctors/activedoctors responded 200 in 11.6712 ms
[2026-07-15 17:51:09.707 +05:30 INF] Serilog.AspNetCore.RequestLoggingMiddleware HTTP OPTIONS /api/appointments/me responded 204 in 0.0435 ms
[2026-07-15 17:51:09.720 +05:30 INF] Serilog.AspNetCore.RequestLoggingMiddleware HTTP GET /api/appointments/me responded 200 in 5.7096 ms
[2026-07-15 17:51:12.271 +05:30 INF] Serilog.AspNetCore.RequestLoggingMiddleware HTTP OPTIONS /api/appointments/doctor/5/availability responded 204 in 0.0842 ms
[2026-07-15 17:51:12.282 +05:30 INF] Serilog.AspNetCore.RequestLoggingMiddleware HTTP GET /api/appointments/doctor/5/availability responded 200 in 5.8581 ms
[2026-07-15 17:51:14.848 +05:30 INF] HealthApp.Api.BackgroundServices.HeartbeatBackgroundService HealthAxis heartbeat running at "2026-07-15T17:51:14.8482221+05:30"------------
[2026-07-15 17:51:17.029 +05:30 INF] Serilog.AspNetCore.RequestLoggingMiddleware HTTP OPTIONS /api/appointments responded 204 in 0.2104 ms
[2026-07-15 17:51:17.046 +05:30 INF] HealthApp.Api.Messaging.Publisher.AppointmentEventPublisher AppointmentBookEvent published. AppointmentId: 34, Patient: S N K, Doctor: Bharath Raj, Date: "2026-07-20T00:00:00.0000000", Slot: 04:00 PM
[2026-07-15 17:51:17.051 +05:30 INF] Serilog.AspNetCore.RequestLoggingMiddleware HTTP POST /api/appointments responded 200 in 17.5510 ms
[2026-07-15 17:51:18.271 +05:30 INF] Serilog.AspNetCore.RequestLoggingMiddleware HTTP OPTIONS /api/appointments/me responded 204 in 0.0694 ms
[2026-07-15 17:51:18.285 +05:30 INF] Serilog.AspNetCore.RequestLoggingMiddleware HTTP GET /api/appointments/me responded 200 in 4.0304 ms
[2026-07-15 17:51:24.857 +05:30 INF] HealthApp.Api.BackgroundServices.HeartbeatBackgroundService HealthAxis heartbeat running at "2026-07-15T17:51:24.8561923+05:30"------------
[2026-07-15 17:51:28.506 +05:30 INF] Serilog.AspNetCore.RequestLoggingMiddleware HTTP OPTIONS /api/doctors/activedoctors responded 204 in 0.0495 ms
[2026-07-15 17:51:28.521 +05:30 INF] Serilog.AspNetCore.RequestLoggingMiddleware HTTP GET /api/doctors/activedoctors responded 200 in 4.1808 ms
[2026-07-15 17:51:31.554 +05:30 INF] Serilog.AspNetCore.RequestLoggingMiddleware HTTP OPTIONS /api/PatientApi/me responded 204 in 0.0479 ms
[2026-07-15 17:51:31.567 +05:30 INF] Serilog.AspNetCore.RequestLoggingMiddleware HTTP GET /api/PatientApi/me responded 200 in 9.1114 ms
[2026-07-15 17:51:31.572 +05:30 INF] Serilog.AspNetCore.RequestLoggingMiddleware HTTP OPTIONS /api/appointments/me responded 204 in 0.0267 ms
[2026-07-15 17:51:31.572 +05:30 INF] Serilog.AspNetCore.RequestLoggingMiddleware HTTP OPTIONS /api/HealthRecordApi/me responded 204 in 0.0208 ms
[2026-07-15 17:51:31.593 +05:30 INF] Serilog.AspNetCore.RequestLoggingMiddleware HTTP GET /api/appointments/me responded 200 in 17.5558 ms
[2026-07-15 17:51:31.592 +05:30 INF] Serilog.AspNetCore.RequestLoggingMiddleware HTTP GET /api/HealthRecordApi/me responded 200 in 13.8699 ms
[2026-07-15 17:51:34.480 +05:30 INF] Serilog.AspNetCore.RequestLoggingMiddleware HTTP OPTIONS /api/doctors/activedoctors responded 204 in 0.0344 ms
[2026-07-15 17:51:34.487 +05:30 INF] Serilog.AspNetCore.RequestLoggingMiddleware HTTP GET /api/doctors/activedoctors responded 200 in 1.9696 ms
[2026-07-15 17:51:34.875 +05:30 INF] HealthApp.Api.BackgroundServices.HeartbeatBackgroundService HealthAxis heartbeat running at "2026-07-15T17:51:34.8753319+05:30"------------
[2026-07-15 17:51:37.037 +05:30 INF] Serilog.AspNetCore.RequestLoggingMiddleware HTTP OPTIONS /api/PatientApi/me responded 204 in 0.0438 ms
[2026-07-15 17:51:37.153 +05:30 INF] Serilog.AspNetCore.RequestLoggingMiddleware HTTP GET /api/PatientApi/me responded 200 in 7.6796 ms
[2026-07-15 17:51:37.157 +05:30 INF] Serilog.AspNetCore.RequestLoggingMiddleware HTTP OPTIONS /api/appointments/me responded 204 in 0.0393 ms
[2026-07-15 17:51:37.158 +05:30 INF] Serilog.AspNetCore.RequestLoggingMiddleware HTTP OPTIONS /api/HealthRecordApi/me responded 204 in 0.0210 ms
[2026-07-15 17:51:37.173 +05:30 INF] Serilog.AspNetCore.RequestLoggingMiddleware HTTP GET /api/appointments/me responded 200 in 10.3684 ms
[2026-07-15 17:51:37.176 +05:30 INF] Serilog.AspNetCore.RequestLoggingMiddleware HTTP GET /api/HealthRecordApi/me responded 200 in 11.5399 ms
[2026-07-15 17:51:44.883 +05:30 INF] HealthApp.Api.BackgroundServices.HeartbeatBackgroundService HealthAxis heartbeat running at "2026-07-15T17:51:44.8835806+05:30"------------
[2026-07-15 17:51:54.898 +05:30 INF] HealthApp.Api.BackgroundServices.HeartbeatBackgroundService HealthAxis heartbeat running at "2026-07-15T17:51:54.8987622+05:30"------------
[2026-07-15 17:52:04.908 +05:30 INF] HealthApp.Api.BackgroundServices.HeartbeatBackgroundService HealthAxis heartbeat running at "2026-07-15T17:52:04.9086604+05:30"------------
[2026-07-15 17:52:14.923 +05:30 INF] HealthApp.Api.BackgroundServices.HeartbeatBackgroundService HealthAxis heartbeat running at "2026-07-15T17:52:14.9233424+05:30"------------
[2026-07-15 17:52:24.935 +05:30 INF] HealthApp.Api.BackgroundServices.HeartbeatBackgroundService HealthAxis heartbeat running at "2026-07-15T17:52:24.9355324+05:30"------------
[2026-07-15 17:52:34.945 +05:30 INF] HealthApp.Api.BackgroundServices.HeartbeatBackgroundService HealthAxis heartbeat running at "2026-07-15T17:52:34.9453241+05:30"------------
[2026-07-15 17:52:44.958 +05:30 INF] HealthApp.Api.BackgroundServices.HeartbeatBackgroundService HealthAxis heartbeat running at "2026-07-15T17:52:44.9580464+05:30"------------
[2026-07-15 17:52:54.974 +05:30 INF] HealthApp.Api.BackgroundServices.HeartbeatBackgroundService HealthAxis heartbeat running at "2026-07-15T17:52:54.9745592+05:30"------------
[2026-07-15 17:53:04.991 +05:30 INF] HealthApp.Api.BackgroundServices.HeartbeatBackgroundService HealthAxis heartbeat running at "2026-07-15T17:53:04.9917324+05:30"------------
[2026-07-15 17:53:12.873 +05:30 INF] Serilog.AspNetCore.RequestLoggingMiddleware HTTP OPTIONS /api/auth/login responded 204 in 0.0972 ms
[2026-07-15 17:53:12.992 +05:30 INF] Serilog.AspNetCore.RequestLoggingMiddleware HTTP POST /api/auth/login responded 200 in 113.4580 ms
[2026-07-15 17:53:13.001 +05:30 INF] Serilog.AspNetCore.RequestLoggingMiddleware HTTP OPTIONS /api/PatientApi/me responded 204 in 0.0583 ms
[2026-07-15 17:53:13.013 +05:30 INF] Serilog.AspNetCore.RequestLoggingMiddleware HTTP GET /api/PatientApi/me responded 200 in 4.9592 ms
[2026-07-15 17:53:13.019 +05:30 INF] Serilog.AspNetCore.RequestLoggingMiddleware HTTP OPTIONS /api/appointments/me responded 204 in 0.0521 ms
[2026-07-15 17:53:13.019 +05:30 INF] Serilog.AspNetCore.RequestLoggingMiddleware HTTP OPTIONS /api/HealthRecordApi/me responded 204 in 0.0268 ms
[2026-07-15 17:53:13.037 +05:30 INF] Serilog.AspNetCore.RequestLoggingMiddleware HTTP GET /api/appointments/me responded 200 in 10.5054 ms
[2026-07-15 17:53:13.039 +05:30 INF] Serilog.AspNetCore.RequestLoggingMiddleware HTTP GET /api/HealthRecordApi/me responded 200 in 12.2027 ms
[2026-07-15 17:53:15.001 +05:30 INF] HealthApp.Api.BackgroundServices.HeartbeatBackgroundService HealthAxis heartbeat running at "2026-07-15T17:53:15.0012140+05:30"------------
[2026-07-15 17:53:19.497 +05:30 INF] Serilog.AspNetCore.RequestLoggingMiddleware HTTP OPTIONS /api/doctors/activedoctors responded 204 in 0.0374 ms
[2026-07-15 17:53:19.613 +05:30 INF] Serilog.AspNetCore.RequestLoggingMiddleware HTTP GET /api/doctors/activedoctors responded 200 in 111.5747 ms
[2026-07-15 17:53:22.549 +05:30 INF] Serilog.AspNetCore.RequestLoggingMiddleware HTTP OPTIONS /api/appointments/me responded 204 in 0.0479 ms
[2026-07-15 17:53:22.569 +05:30 INF] Serilog.AspNetCore.RequestLoggingMiddleware HTTP GET /api/appointments/me responded 200 in 9.7691 ms
[2026-07-15 17:53:25.008 +05:30 INF] HealthApp.Api.BackgroundServices.HeartbeatBackgroundService HealthAxis heartbeat running at "2026-07-15T17:53:25.0084047+05:30"------------
[2026-07-15 17:53:27.723 +05:30 INF] Serilog.AspNetCore.RequestLoggingMiddleware HTTP OPTIONS /api/appointments/doctor/1/availability responded 204 in 0.0521 ms
[2026-07-15 17:53:27.802 +05:30 INF] Serilog.AspNetCore.RequestLoggingMiddleware HTTP GET /api/appointments/doctor/1/availability responded 200 in 71.5644 ms
[2026-07-15 17:53:33.190 +05:30 INF] Serilog.AspNetCore.RequestLoggingMiddleware HTTP OPTIONS /api/appointments responded 204 in 0.0362 ms
[2026-07-15 17:53:33.216 +05:30 INF] HealthApp.Api.Messaging.Publisher.AppointmentEventPublisher AppointmentBookEvent published. AppointmentId: 35, Patient: S N K, Doctor: Vignesh Kumar, Date: "2026-07-30T00:00:00.0000000", Slot: 09:00 AM
[2026-07-15 17:53:33.219 +05:30 INF] Serilog.AspNetCore.RequestLoggingMiddleware HTTP POST /api/appointments responded 200 in 22.5309 ms
[2026-07-15 17:53:34.431 +05:30 INF] Serilog.AspNetCore.RequestLoggingMiddleware HTTP OPTIONS /api/appointments/me responded 204 in 0.0270 ms
[2026-07-15 17:53:34.440 +05:30 INF] Serilog.AspNetCore.RequestLoggingMiddleware HTTP GET /api/appointments/me responded 200 in 4.5244 ms
[2026-07-15 17:53:35.024 +05:30 INF] HealthApp.Api.BackgroundServices.HeartbeatBackgroundService HealthAxis heartbeat running at "2026-07-15T17:53:35.0247679+05:30"------------
[2026-07-15 17:53:45.053 +05:30 INF] HealthApp.Api.BackgroundServices.HeartbeatBackgroundService HealthAxis heartbeat running at "2026-07-15T17:53:45.0535995+05:30"------------
[2026-07-15 17:53:55.064 +05:30 INF] HealthApp.Api.BackgroundServices.HeartbeatBackgroundService HealthAxis heartbeat running at "2026-07-15T17:53:55.0643205+05:30"------------
[2026-07-15 17:54:05.080 +05:30 INF] HealthApp.Api.BackgroundServices.HeartbeatBackgroundService HealthAxis heartbeat running at "2026-07-15T17:54:05.0802720+05:30"------------
[2026-07-15 17:54:15.087 +05:30 INF] HealthApp.Api.BackgroundServices.HeartbeatBackgroundService HealthAxis heartbeat running at "2026-07-15T17:54:15.0871648+05:30"------------
[2026-07-15 17:54:25.099 +05:30 INF] HealthApp.Api.BackgroundServices.HeartbeatBackgroundService HealthAxis heartbeat running at "2026-07-15T17:54:25.0997009+05:30"------------
[2026-07-15 17:54:35.116 +05:30 INF] HealthApp.Api.BackgroundServices.HeartbeatBackgroundService HealthAxis heartbeat running at "2026-07-15T17:54:35.1165494+05:30"------------
[2026-07-15 17:54:45.127 +05:30 INF] HealthApp.Api.BackgroundServices.HeartbeatBackgroundService HealthAxis heartbeat running at "2026-07-15T17:54:45.1275251+05:30"------------
[2026-07-15 17:54:55.136 +05:30 INF] HealthApp.Api.BackgroundServices.HeartbeatBackgroundService HealthAxis heartbeat running at "2026-07-15T17:54:55.1365813+05:30"------------
[2026-07-15 17:55:05.147 +05:30 INF] HealthApp.Api.BackgroundServices.HeartbeatBackgroundService HealthAxis heartbeat running at "2026-07-15T17:55:05.1470515+05:30"------------
[2026-07-15 17:55:15.158 +05:30 INF] HealthApp.Api.BackgroundServices.HeartbeatBackgroundService HealthAxis heartbeat running at "2026-07-15T17:55:15.1574009+05:30"------------
[2026-07-15 17:55:25.171 +05:30 INF] HealthApp.Api.BackgroundServices.HeartbeatBackgroundService HealthAxis heartbeat running at "2026-07-15T17:55:25.1710666+05:30"------------
[2026-07-15 17:55:35.188 +05:30 INF] HealthApp.Api.BackgroundServices.HeartbeatBackgroundService HealthAxis heartbeat running at "2026-07-15T17:55:35.1881375+05:30"------------
[2026-07-15 17:55:45.203 +05:30 INF] HealthApp.Api.BackgroundServices.HeartbeatBackgroundService HealthAxis heartbeat running at "2026-07-15T17:55:45.2034804+05:30"------------
[2026-07-15 17:55:55.220 +05:30 INF] HealthApp.Api.BackgroundServices.HeartbeatBackgroundService HealthAxis heartbeat running at "2026-07-15T17:55:55.2205315+05:30"------------
[2026-07-15 17:56:05.230 +05:30 INF] HealthApp.Api.BackgroundServices.HeartbeatBackgroundService HealthAxis heartbeat running at "2026-07-15T17:56:05.2300908+05:30"------------
[2026-07-15 17:56:14.517 +05:30 INF] Serilog.AspNetCore.RequestLoggingMiddleware HTTP OPTIONS /api/appointments/me responded 204 in 0.1530 ms
[2026-07-15 17:56:14.609 +05:30 INF] Serilog.AspNetCore.RequestLoggingMiddleware HTTP GET /api/appointments/me responded 200 in 57.0881 ms
[2026-07-15 17:56:15.233 +05:30 INF] HealthApp.Api.BackgroundServices.HeartbeatBackgroundService HealthAxis heartbeat running at "2026-07-15T17:56:15.2334002+05:30"------------
[2026-07-15 17:56:16.568 +05:30 INF] Serilog.AspNetCore.RequestLoggingMiddleware HTTP OPTIONS /api/doctors/activedoctors responded 204 in 0.0546 ms
[2026-07-15 17:56:16.609 +05:30 INF] Serilog.AspNetCore.RequestLoggingMiddleware HTTP GET /api/doctors/activedoctors responded 200 in 33.8608 ms
[2026-07-15 17:56:19.897 +05:30 INF] Serilog.AspNetCore.RequestLoggingMiddleware HTTP OPTIONS /api/appointments/me responded 204 in 0.0397 ms
[2026-07-15 17:56:19.907 +05:30 INF] Serilog.AspNetCore.RequestLoggingMiddleware HTTP GET /api/appointments/me responded 200 in 3.9145 ms
[2026-07-15 17:56:25.247 +05:30 INF] HealthApp.Api.BackgroundServices.HeartbeatBackgroundService HealthAxis heartbeat running at "2026-07-15T17:56:25.2472682+05:30"------------
[2026-07-15 17:56:35.253 +05:30 INF] HealthApp.Api.BackgroundServices.HeartbeatBackgroundService HealthAxis heartbeat running at "2026-07-15T17:56:35.2533129+05:30"------------
[2026-07-15 17:56:45.270 +05:30 INF] HealthApp.Api.BackgroundServices.HeartbeatBackgroundService HealthAxis heartbeat running at "2026-07-15T17:56:45.2707307+05:30"------------
[2026-07-15 17:56:55.287 +05:30 INF] HealthApp.Api.BackgroundServices.HeartbeatBackgroundService HealthAxis heartbeat running at "2026-07-15T17:56:55.2871909+05:30"------------
[2026-07-15 17:57:05.294 +05:30 INF] HealthApp.Api.BackgroundServices.HeartbeatBackgroundService HealthAxis heartbeat running at "2026-07-15T17:57:05.2943363+05:30"------------
[2026-07-15 17:57:15.303 +05:30 INF] HealthApp.Api.BackgroundServices.HeartbeatBackgroundService HealthAxis heartbeat running at "2026-07-15T17:57:15.3034710+05:30"------------
[2026-07-15 17:57:25.316 +05:30 INF] HealthApp.Api.BackgroundServices.HeartbeatBackgroundService HealthAxis heartbeat running at "2026-07-15T17:57:25.3166992+05:30"------------
[2026-07-15 17:57:35.325 +05:30 INF] HealthApp.Api.BackgroundServices.HeartbeatBackgroundService HealthAxis heartbeat running at "2026-07-15T17:57:35.3256296+05:30"------------
[2026-07-15 17:57:45.338 +05:30 INF] HealthApp.Api.BackgroundServices.HeartbeatBackgroundService HealthAxis heartbeat running at "2026-07-15T17:57:45.3384148+05:30"------------
[2026-07-15 17:57:52.082 +05:30 INF] Serilog.AspNetCore.RequestLoggingMiddleware HTTP OPTIONS /api/doctors/activedoctors responded 204 in 0.0545 ms
[2026-07-15 17:57:52.113 +05:30 INF] Serilog.AspNetCore.RequestLoggingMiddleware HTTP GET /api/doctors/activedoctors responded 200 in 9.2531 ms
[2026-07-15 17:57:54.468 +05:30 INF] Serilog.AspNetCore.RequestLoggingMiddleware HTTP OPTIONS /api/appointments/me responded 204 in 0.0425 ms
[2026-07-15 17:57:54.487 +05:30 INF] Serilog.AspNetCore.RequestLoggingMiddleware HTTP GET /api/appointments/me responded 200 in 13.0816 ms
[2026-07-15 17:57:55.353 +05:30 INF] HealthApp.Api.BackgroundServices.HeartbeatBackgroundService HealthAxis heartbeat running at "2026-07-15T17:57:55.3536792+05:30"------------
[2026-07-15 17:58:02.437 +05:30 INF] Serilog.AspNetCore.RequestLoggingMiddleware HTTP OPTIONS /api/doctors/activedoctors responded 204 in 0.0324 ms
[2026-07-15 17:58:02.448 +05:30 INF] Serilog.AspNetCore.RequestLoggingMiddleware HTTP GET /api/doctors/activedoctors responded 200 in 2.4333 ms
[2026-07-15 17:58:03.733 +05:30 INF] Serilog.AspNetCore.RequestLoggingMiddleware HTTP OPTIONS /api/appointments/me responded 204 in 0.0438 ms
[2026-07-15 17:58:03.802 +05:30 INF] Serilog.AspNetCore.RequestLoggingMiddleware HTTP GET /api/appointments/me responded 200 in 56.5576 ms
[2026-07-15 17:58:05.370 +05:30 INF] HealthApp.Api.BackgroundServices.HeartbeatBackgroundService HealthAxis heartbeat running at "2026-07-15T17:58:05.3703349+05:30"------------
[2026-07-15 17:58:06.433 +05:30 INF] Serilog.AspNetCore.RequestLoggingMiddleware HTTP OPTIONS /api/appointments/doctor/1/availability responded 204 in 0.0530 ms
[2026-07-15 17:58:06.453 +05:30 INF] Serilog.AspNetCore.RequestLoggingMiddleware HTTP GET /api/appointments/doctor/1/availability responded 200 in 15.1757 ms
[2026-07-15 17:58:11.637 +05:30 INF] Serilog.AspNetCore.RequestLoggingMiddleware HTTP OPTIONS /api/appointments/doctor/1/availability responded 204 in 0.3668 ms
[2026-07-15 17:58:11.667 +05:30 INF] Serilog.AspNetCore.RequestLoggingMiddleware HTTP GET /api/appointments/doctor/1/availability responded 200 in 14.7336 ms
[2026-07-15 17:58:15.375 +05:30 INF] HealthApp.Api.BackgroundServices.HeartbeatBackgroundService HealthAxis heartbeat running at "2026-07-15T17:58:15.3750485+05:30"------------
[2026-07-15 17:58:15.677 +05:30 INF] Serilog.AspNetCore.RequestLoggingMiddleware HTTP OPTIONS /api/appointments/doctor/1/availability responded 204 in 0.0352 ms
[2026-07-15 17:58:15.694 +05:30 INF] Serilog.AspNetCore.RequestLoggingMiddleware HTTP GET /api/appointments/doctor/1/availability responded 200 in 12.4409 ms
[2026-07-15 17:58:18.674 +05:30 INF] Serilog.AspNetCore.RequestLoggingMiddleware HTTP OPTIONS /api/appointments responded 204 in 0.0387 ms
[2026-07-15 17:58:18.702 +05:30 INF] HealthApp.Api.Messaging.Publisher.AppointmentEventPublisher AppointmentBookEvent published. AppointmentId: 36, Patient: S N K, Doctor: Vignesh Kumar, Date: "2026-07-31T00:00:00.0000000", Slot: 02:00 PM
[2026-07-15 17:58:18.708 +05:30 INF] Serilog.AspNetCore.RequestLoggingMiddleware HTTP POST /api/appointments responded 200 in 29.2134 ms
[2026-07-15 17:58:19.928 +05:30 INF] Serilog.AspNetCore.RequestLoggingMiddleware HTTP OPTIONS /api/appointments/me responded 204 in 0.0465 ms
[2026-07-15 17:58:19.946 +05:30 INF] Serilog.AspNetCore.RequestLoggingMiddleware HTTP GET /api/appointments/me responded 200 in 13.6435 ms
[2026-07-15 17:58:25.394 +05:30 INF] HealthApp.Api.BackgroundServices.HeartbeatBackgroundService HealthAxis heartbeat running at "2026-07-15T17:58:25.3948101+05:30"------------
[2026-07-15 17:58:35.412 +05:30 INF] HealthApp.Api.BackgroundServices.HeartbeatBackgroundService HealthAxis heartbeat running at "2026-07-15T17:58:35.4127361+05:30"------------
[2026-07-15 17:58:45.416 +05:30 INF] HealthApp.Api.BackgroundServices.HeartbeatBackgroundService HealthAxis heartbeat running at "2026-07-15T17:58:45.4161472+05:30"------------
[2026-07-15 17:58:55.424 +05:30 INF] HealthApp.Api.BackgroundServices.HeartbeatBackgroundService HealthAxis heartbeat running at "2026-07-15T17:58:55.4246260+05:30"------------
[2026-07-15 17:59:05.428 +05:30 INF] HealthApp.Api.BackgroundServices.HeartbeatBackgroundService HealthAxis heartbeat running at "2026-07-15T17:59:05.4284031+05:30"------------
[2026-07-15 17:59:15.445 +05:30 INF] HealthApp.Api.BackgroundServices.HeartbeatBackgroundService HealthAxis heartbeat running at "2026-07-15T17:59:15.4453334+05:30"------------
[2026-07-15 17:59:25.454 +05:30 INF] HealthApp.Api.BackgroundServices.HeartbeatBackgroundService HealthAxis heartbeat running at "2026-07-15T17:59:25.4544977+05:30"------------
[2026-07-15 17:59:42.389 +05:30 INF] HealthApp.Api.BackgroundServices.HeartbeatBackgroundService HealthAxis Heartbeat Background Service started.+++++++++++++
[2026-07-15 17:59:42.535 +05:30 INF] HealthApp.Api.BackgroundServices.HeartbeatBackgroundService HealthAxis heartbeat running at "2026-07-15T17:59:42.5332322+05:30"------------
[2026-07-15 17:59:42.665 +05:30 INF] Microsoft.Hosting.Lifetime Now listening on: http://localhost:5066
[2026-07-15 17:59:42.747 +05:30 INF] MassTransit Bus started: "rabbitmq://localhost/"
[2026-07-15 17:59:42.779 +05:30 INF] Microsoft.Hosting.Lifetime Application started. Press Ctrl+C to shut down.
[2026-07-15 17:59:42.781 +05:30 INF] Microsoft.Hosting.Lifetime Hosting environment: Development
[2026-07-15 17:59:42.782 +05:30 INF] Microsoft.Hosting.Lifetime Content root path: C:\Users\310208\source\repos\Sprint 4\UST-Live-01\HealthApp.Api
[2026-07-15 17:59:52.574 +05:30 INF] HealthApp.Api.BackgroundServices.HeartbeatBackgroundService HealthAxis heartbeat running at "2026-07-15T17:59:52.5740625+05:30"------------
[2026-07-15 18:00:00.209 +05:30 INF] Serilog.AspNetCore.RequestLoggingMiddleware HTTP OPTIONS /api/auth/login responded 204 in 21.5460 ms
[2026-07-15 18:00:00.248 +05:30 WRN] Microsoft.AspNetCore.HttpsPolicy.HttpsRedirectionMiddleware Failed to determine the https port for redirect.
[2026-07-15 18:00:00.757 +05:30 INF] Serilog.AspNetCore.RequestLoggingMiddleware HTTP POST /api/auth/login responded 200 in 512.1639 ms
[2026-07-15 18:00:00.774 +05:30 INF] Serilog.AspNetCore.RequestLoggingMiddleware HTTP OPTIONS /api/PatientApi/me responded 204 in 1.1404 ms
[2026-07-15 18:00:01.072 +05:30 WRN] LuckyPennySoftware.AutoMapper.License You do not have a valid license key for the Lucky Penny software AutoMapper. This is allowed for development and testing scenarios. If you are running in production you are required to have a licensed version. Please visit https://luckypennysoftware.com to obtain a valid license.
[2026-07-15 18:00:01.184 +05:30 INF] Serilog.AspNetCore.RequestLoggingMiddleware HTTP GET /api/PatientApi/me responded 200 in 403.6970 ms
[2026-07-15 18:00:01.189 +05:30 INF] Serilog.AspNetCore.RequestLoggingMiddleware HTTP OPTIONS /api/appointments/me responded 204 in 0.1158 ms
[2026-07-15 18:00:01.191 +05:30 INF] Serilog.AspNetCore.RequestLoggingMiddleware HTTP OPTIONS /api/HealthRecordApi/me responded 204 in 0.1134 ms
[2026-07-15 18:00:01.416 +05:30 INF] Serilog.AspNetCore.RequestLoggingMiddleware HTTP GET /api/appointments/me responded 200 in 220.8236 ms
[2026-07-15 18:00:01.520 +05:30 INF] Serilog.AspNetCore.RequestLoggingMiddleware HTTP GET /api/HealthRecordApi/me responded 200 in 323.0178 ms
[2026-07-15 18:00:02.553 +05:30 INF] Serilog.AspNetCore.RequestLoggingMiddleware HTTP OPTIONS /api/doctors/activedoctors responded 204 in 0.1543 ms
[2026-07-15 18:00:02.588 +05:30 INF] HealthApp.Api.BackgroundServices.HeartbeatBackgroundService HealthAxis heartbeat running at "2026-07-15T18:00:02.5887279+05:30"------------
[2026-07-15 18:00:03.079 +05:30 INF] Serilog.AspNetCore.RequestLoggingMiddleware HTTP GET /api/doctors/activedoctors responded 200 in 515.9631 ms
[2026-07-15 18:00:12.600 +05:30 INF] HealthApp.Api.BackgroundServices.HeartbeatBackgroundService HealthAxis heartbeat running at "2026-07-15T18:00:12.6000189+05:30"------------
[2026-07-15 18:00:22.619 +05:30 INF] HealthApp.Api.BackgroundServices.HeartbeatBackgroundService HealthAxis heartbeat running at "2026-07-15T18:00:22.6191953+05:30"------------
[2026-07-15 18:00:32.623 +05:30 INF] HealthApp.Api.BackgroundServices.HeartbeatBackgroundService HealthAxis heartbeat running at "2026-07-15T18:00:32.6230330+05:30"------------
[2026-07-15 18:00:42.629 +05:30 INF] HealthApp.Api.BackgroundServices.HeartbeatBackgroundService HealthAxis heartbeat running at "2026-07-15T18:00:42.6293552+05:30"------------
[2026-07-15 18:00:52.643 +05:30 INF] HealthApp.Api.BackgroundServices.HeartbeatBackgroundService HealthAxis heartbeat running at "2026-07-15T18:00:52.6430477+05:30"------------
[2026-07-15 18:01:02.658 +05:30 INF] HealthApp.Api.BackgroundServices.HeartbeatBackgroundService HealthAxis heartbeat running at "2026-07-15T18:01:02.6583739+05:30"------------
[2026-07-15 18:01:12.678 +05:30 INF] HealthApp.Api.BackgroundServices.HeartbeatBackgroundService HealthAxis heartbeat running at "2026-07-15T18:01:12.6784352+05:30"------------
[2026-07-15 18:01:22.700 +05:30 INF] HealthApp.Api.BackgroundServices.HeartbeatBackgroundService HealthAxis heartbeat running at "2026-07-15T18:01:22.6996255+05:30"------------
[2026-07-15 18:01:32.708 +05:30 INF] HealthApp.Api.BackgroundServices.HeartbeatBackgroundService HealthAxis heartbeat running at "2026-07-15T18:01:32.7084282+05:30"------------
[2026-07-15 18:01:42.725 +05:30 INF] HealthApp.Api.BackgroundServices.HeartbeatBackgroundService HealthAxis heartbeat running at "2026-07-15T18:01:42.7257827+05:30"------------
[2026-07-15 18:01:52.751 +05:30 INF] HealthApp.Api.BackgroundServices.HeartbeatBackgroundService HealthAxis heartbeat running at "2026-07-15T18:01:52.7511920+05:30"------------
[2026-07-15 18:01:55.093 +05:30 INF] Serilog.AspNetCore.RequestLoggingMiddleware HTTP OPTIONS /api/doctors/activedoctors responded 204 in 0.3563 ms
[2026-07-15 18:01:56.421 +05:30 INF] Serilog.AspNetCore.RequestLoggingMiddleware HTTP GET /api/doctors/activedoctors responded 200 in 312.9853 ms
[2026-07-15 18:02:03.941 +05:30 INF] HealthApp.Api.BackgroundServices.HeartbeatBackgroundService HealthAxis heartbeat running at "2026-07-15T18:02:03.9413599+05:30"------------
[2026-07-15 18:02:13.958 +05:30 INF] HealthApp.Api.BackgroundServices.HeartbeatBackgroundService HealthAxis heartbeat running at "2026-07-15T18:02:13.9584455+05:30"------------
[2026-07-15 18:02:23.814 +05:30 INF] Serilog.AspNetCore.RequestLoggingMiddleware HTTP OPTIONS /api/doctors/activedoctors responded 204 in 0.1323 ms
[2026-07-15 18:02:23.840 +05:30 INF] Serilog.AspNetCore.RequestLoggingMiddleware HTTP GET /api/doctors/activedoctors responded 200 in 18.3568 ms
[2026-07-15 18:02:23.964 +05:30 INF] HealthApp.Api.BackgroundServices.HeartbeatBackgroundService HealthAxis heartbeat running at "2026-07-15T18:02:23.9640823+05:30"------------
[2026-07-15 18:02:33.966 +05:30 INF] HealthApp.Api.BackgroundServices.HeartbeatBackgroundService HealthAxis heartbeat running at "2026-07-15T18:02:33.9667489+05:30"------------
[2026-07-15 18:02:43.974 +05:30 INF] HealthApp.Api.BackgroundServices.HeartbeatBackgroundService HealthAxis heartbeat running at "2026-07-15T18:02:43.9740720+05:30"------------
[2026-07-15 18:02:53.983 +05:30 INF] HealthApp.Api.BackgroundServices.HeartbeatBackgroundService HealthAxis heartbeat running at "2026-07-15T18:02:53.9836147+05:30"------------
[2026-07-15 18:03:03.998 +05:30 INF] HealthApp.Api.BackgroundServices.HeartbeatBackgroundService HealthAxis heartbeat running at "2026-07-15T18:03:03.9980502+05:30"------------
[2026-07-15 18:03:14.007 +05:30 INF] HealthApp.Api.BackgroundServices.HeartbeatBackgroundService HealthAxis heartbeat running at "2026-07-15T18:03:14.0071245+05:30"------------
[2026-07-15 18:09:07.577 +05:30 INF] HealthApp.Api.BackgroundServices.HeartbeatBackgroundService HealthAxis Heartbeat Background Service started.+++++++++++++
[2026-07-15 18:09:07.708 +05:30 INF] HealthApp.Api.BackgroundServices.HeartbeatBackgroundService HealthAxis heartbeat running at "2026-07-15T18:09:07.7073193+05:30"------------
[2026-07-15 18:09:07.781 +05:30 INF] Microsoft.Hosting.Lifetime Now listening on: http://localhost:5066
[2026-07-15 18:09:07.901 +05:30 INF] Microsoft.Hosting.Lifetime Application started. Press Ctrl+C to shut down.
[2026-07-15 18:09:07.903 +05:30 INF] Microsoft.Hosting.Lifetime Hosting environment: Development
[2026-07-15 18:09:07.905 +05:30 INF] Microsoft.Hosting.Lifetime Content root path: C:\Users\310208\source\repos\Sprint 4\UST-Live-01\HealthApp.Api
[2026-07-15 18:09:07.912 +05:30 INF] MassTransit Bus started: "rabbitmq://localhost/"
[2026-07-15 18:09:17.728 +05:30 INF] HealthApp.Api.BackgroundServices.HeartbeatBackgroundService HealthAxis heartbeat running at "2026-07-15T18:09:17.7285706+05:30"------------
[2026-07-15 18:09:27.735 +05:30 INF] HealthApp.Api.BackgroundServices.HeartbeatBackgroundService HealthAxis heartbeat running at "2026-07-15T18:09:27.7352239+05:30"------------
[2026-07-15 18:09:37.747 +05:30 INF] HealthApp.Api.BackgroundServices.HeartbeatBackgroundService HealthAxis heartbeat running at "2026-07-15T18:09:37.7472287+05:30"------------
[2026-07-15 18:09:47.758 +05:30 INF] HealthApp.Api.BackgroundServices.HeartbeatBackgroundService HealthAxis heartbeat running at "2026-07-15T18:09:47.7578931+05:30"------------
[2026-07-15 18:09:56.242 +05:30 INF] Serilog.AspNetCore.RequestLoggingMiddleware HTTP OPTIONS /api/auth/login responded 204 in 25.6360 ms
[2026-07-15 18:09:56.296 +05:30 WRN] Microsoft.AspNetCore.HttpsPolicy.HttpsRedirectionMiddleware Failed to determine the https port for redirect.
[2026-07-15 18:09:57.057 +05:30 INF] Serilog.AspNetCore.RequestLoggingMiddleware HTTP POST /api/auth/login responded 200 in 765.4296 ms
[2026-07-15 18:09:57.082 +05:30 INF] Serilog.AspNetCore.RequestLoggingMiddleware HTTP OPTIONS /api/PatientApi/me responded 204 in 0.9593 ms
[2026-07-15 18:09:57.440 +05:30 WRN] LuckyPennySoftware.AutoMapper.License You do not have a valid license key for the Lucky Penny software AutoMapper. This is allowed for development and testing scenarios. If you are running in production you are required to have a licensed version. Please visit https://luckypennysoftware.com to obtain a valid license.
[2026-07-15 18:09:57.569 +05:30 INF] Serilog.AspNetCore.RequestLoggingMiddleware HTTP GET /api/PatientApi/me responded 200 in 479.1624 ms
[2026-07-15 18:09:57.580 +05:30 INF] Serilog.AspNetCore.RequestLoggingMiddleware HTTP OPTIONS /api/appointments/me responded 204 in 0.2458 ms
[2026-07-15 18:09:57.582 +05:30 INF] Serilog.AspNetCore.RequestLoggingMiddleware HTTP OPTIONS /api/HealthRecordApi/me responded 204 in 0.0913 ms
[2026-07-15 18:09:57.775 +05:30 INF] HealthApp.Api.BackgroundServices.HeartbeatBackgroundService HealthAxis heartbeat running at "2026-07-15T18:09:57.7751017+05:30"------------
[2026-07-15 18:09:57.815 +05:30 INF] Serilog.AspNetCore.RequestLoggingMiddleware HTTP GET /api/HealthRecordApi/me responded 200 in 225.8663 ms
[2026-07-15 18:09:58.002 +05:30 INF] Serilog.AspNetCore.RequestLoggingMiddleware HTTP GET /api/appointments/me responded 200 in 414.6566 ms
[2026-07-15 18:10:02.082 +05:30 INF] Serilog.AspNetCore.RequestLoggingMiddleware HTTP GET /api/appointments/me responded 200 in 34.6257 ms
[2026-07-15 18:10:05.381 +05:30 INF] Serilog.AspNetCore.RequestLoggingMiddleware HTTP OPTIONS /api/doctors/activedoctors responded 204 in 0.1986 ms
[2026-07-15 18:10:06.318 +05:30 INF] Serilog.AspNetCore.RequestLoggingMiddleware HTTP GET /api/doctors/activedoctors responded 200 in 907.1949 ms
[2026-07-15 18:10:07.782 +05:30 INF] HealthApp.Api.BackgroundServices.HeartbeatBackgroundService HealthAxis heartbeat running at "2026-07-15T18:10:07.7818731+05:30"------------
[2026-07-15 18:10:10.824 +05:30 INF] Serilog.AspNetCore.RequestLoggingMiddleware HTTP OPTIONS /api/appointments/me responded 204 in 0.2288 ms
[2026-07-15 18:10:11.093 +05:30 INF] Serilog.AspNetCore.RequestLoggingMiddleware HTTP GET /api/appointments/me responded 200 in 217.8256 ms
[2026-07-15 18:10:16.279 +05:30 INF] Serilog.AspNetCore.RequestLoggingMiddleware HTTP OPTIONS /api/appointments/doctor/1/availability responded 204 in 0.2098 ms
[2026-07-15 18:10:16.482 +05:30 INF] Serilog.AspNetCore.RequestLoggingMiddleware HTTP GET /api/appointments/doctor/1/availability responded 200 in 183.9693 ms
[2026-07-15 18:10:17.790 +05:30 INF] HealthApp.Api.BackgroundServices.HeartbeatBackgroundService HealthAxis heartbeat running at "2026-07-15T18:10:17.7903267+05:30"------------
[2026-07-15 18:10:21.890 +05:30 INF] Serilog.AspNetCore.RequestLoggingMiddleware HTTP OPTIONS /api/appointments responded 204 in 0.3002 ms
[2026-07-15 18:10:22.894 +05:30 INF] HealthApp.Api.Messaging.Publisher.AppointmentEventPublisher AppointmentBookEvent published. AppointmentId: 37, Patient: S N K, Doctor: Vignesh Kumar, Date: "2026-08-01T00:00:00.0000000", Slot: 09:00 AM
[2026-07-15 18:10:22.903 +05:30 INF] Serilog.AspNetCore.RequestLoggingMiddleware HTTP POST /api/appointments responded 200 in 1000.9039 ms
[2026-07-15 18:10:24.315 +05:30 INF] Serilog.AspNetCore.RequestLoggingMiddleware HTTP OPTIONS /api/appointments/me responded 204 in 0.1471 ms
[2026-07-15 18:10:27.600 +05:30 ERR] HealthApp.Api.Middleware.GlobalExceptionHandler An unexpected Error Occured : Slot already booked
HealthApp.Api.Exceptions.AppointmentRuleException: Slot already booked
   at HealthApp.Api.Service.Impl.AppointmentService.Add(AppointmentDto dto, String identityUserId) in C:\Users\310208\source\repos\Sprint 4\UST-Live-01\HealthApp.Api\Service\Impl\AppointmentService.cs:line 73
   at HealthApp.Api.Controllers.AppointmentApiController.Add(AppointmentDto dto) in C:\Users\310208\source\repos\Sprint 4\UST-Live-01\HealthApp.Api\Controllers\AppointmentApiController.cs:line 39
   at Microsoft.AspNetCore.Mvc.Infrastructure.ActionMethodExecutor.TaskOfIActionResultExecutor.Execute(ActionContext actionContext, IActionResultTypeMapper mapper, ObjectMethodExecutor executor, Object controller, Object[] arguments)
   at Microsoft.AspNetCore.Mvc.Infrastructure.ControllerActionInvoker.<InvokeActionMethodAsync>g__Awaited|12_0(ControllerActionInvoker invoker, ValueTask`1 actionResultValueTask)
   at Microsoft.AspNetCore.Mvc.Infrastructure.ControllerActionInvoker.<InvokeNextActionFilterAsync>g__Awaited|10_0(ControllerActionInvoker invoker, Task lastTask, State next, Scope scope, Object state, Boolean isCompleted)
   at Microsoft.AspNetCore.Mvc.Infrastructure.ControllerActionInvoker.Rethrow(ActionExecutedContextSealed context)
   at Microsoft.AspNetCore.Mvc.Infrastructure.ControllerActionInvoker.Next(State& next, Scope& scope, Object& state, Boolean& isCompleted)
   at Microsoft.AspNetCore.Mvc.Infrastructure.ControllerActionInvoker.<InvokeInnerFilterAsync>g__Awaited|13_0(ControllerActionInvoker invoker, Task lastTask, State next, Scope scope, Object state, Boolean isCompleted)
   at Microsoft.AspNetCore.Mvc.Infrastructure.ResourceInvoker.<InvokeFilterPipelineAsync>g__Awaited|20_0(ResourceInvoker invoker, Task lastTask, State next, Scope scope, Object state, Boolean isCompleted)
   at Microsoft.AspNetCore.Mvc.Infrastructure.ResourceInvoker.<InvokeAsync>g__Awaited|17_0(ResourceInvoker invoker, Task task, IDisposable scope)
   at Microsoft.AspNetCore.Mvc.Infrastructure.ResourceInvoker.<InvokeAsync>g__Awaited|17_0(ResourceInvoker invoker, Task task, IDisposable scope)
   at Microsoft.AspNetCore.Authorization.AuthorizationMiddleware.Invoke(HttpContext context)
   at Microsoft.AspNetCore.Authentication.AuthenticationMiddleware.Invoke(HttpContext context)
   at Microsoft.AspNetCore.Diagnostics.ExceptionHandlerMiddlewareImpl.<Invoke>g__Awaited|10_0(ExceptionHandlerMiddlewareImpl middleware, HttpContext context, Task task)
[2026-07-15 18:10:27.614 +05:30 INF] Serilog.AspNetCore.RequestLoggingMiddleware HTTP GET /api/appointments/me responded 200 in 20.1670 ms
[2026-07-15 18:10:27.716 +05:30 INF] Serilog.AspNetCore.RequestLoggingMiddleware HTTP POST /api/appointments responded 400 in 3692.5040 ms
[2026-07-15 18:10:27.806 +05:30 INF] HealthApp.Api.BackgroundServices.HeartbeatBackgroundService HealthAxis heartbeat running at "2026-07-15T18:10:27.8059888+05:30"------------
[2026-07-15 18:10:37.818 +05:30 INF] HealthApp.Api.BackgroundServices.HeartbeatBackgroundService HealthAxis heartbeat running at "2026-07-15T18:10:37.8186820+05:30"------------
[2026-07-15 18:10:47.832 +05:30 INF] HealthApp.Api.BackgroundServices.HeartbeatBackgroundService HealthAxis heartbeat running at "2026-07-15T18:10:47.8324225+05:30"------------
[2026-07-15 18:10:57.845 +05:30 INF] HealthApp.Api.BackgroundServices.HeartbeatBackgroundService HealthAxis heartbeat running at "2026-07-15T18:10:57.8449739+05:30"------------
[2026-07-15 18:11:07.854 +05:30 INF] HealthApp.Api.BackgroundServices.HeartbeatBackgroundService HealthAxis heartbeat running at "2026-07-15T18:11:07.8546500+05:30"------------
[2026-07-15 18:11:17.875 +05:30 INF] HealthApp.Api.BackgroundServices.HeartbeatBackgroundService HealthAxis heartbeat running at "2026-07-15T18:11:17.8756219+05:30"------------
[2026-07-15 18:11:27.880 +05:30 INF] HealthApp.Api.BackgroundServices.HeartbeatBackgroundService HealthAxis heartbeat running at "2026-07-15T18:11:27.8804934+05:30"------------
[2026-07-15 18:11:37.896 +05:30 INF] HealthApp.Api.BackgroundServices.HeartbeatBackgroundService HealthAxis heartbeat running at "2026-07-15T18:11:37.8960518+05:30"------------
[2026-07-15 18:11:47.908 +05:30 INF] HealthApp.Api.BackgroundServices.HeartbeatBackgroundService HealthAxis heartbeat running at "2026-07-15T18:11:47.9085666+05:30"------------
[2026-07-15 18:11:57.925 +05:30 INF] HealthApp.Api.BackgroundServices.HeartbeatBackgroundService HealthAxis heartbeat running at "2026-07-15T18:11:57.9257991+05:30"------------
[2026-07-15 18:12:07.935 +05:30 INF] HealthApp.Api.BackgroundServices.HeartbeatBackgroundService HealthAxis heartbeat running at "2026-07-15T18:12:07.9350498+05:30"------------
[2026-07-15 18:12:17.940 +05:30 INF] HealthApp.Api.BackgroundServices.HeartbeatBackgroundService HealthAxis heartbeat running at "2026-07-15T18:12:17.9400242+05:30"------------
[2026-07-15 18:12:27.946 +05:30 INF] HealthApp.Api.BackgroundServices.HeartbeatBackgroundService HealthAxis heartbeat running at "2026-07-15T18:12:27.9462666+05:30"------------
[2026-07-15 18:12:33.180 +05:30 INF] Serilog.AspNetCore.RequestLoggingMiddleware HTTP OPTIONS /api/auth/login responded 204 in 1.0466 ms
[2026-07-15 18:12:33.303 +05:30 INF] Serilog.AspNetCore.RequestLoggingMiddleware HTTP POST /api/auth/login responded 200 in 115.9890 ms
[2026-07-15 18:12:33.315 +05:30 INF] Serilog.AspNetCore.RequestLoggingMiddleware HTTP OPTIONS /api/PatientApi/me responded 204 in 0.1162 ms
[2026-07-15 18:12:33.369 +05:30 INF] Serilog.AspNetCore.RequestLoggingMiddleware HTTP GET /api/PatientApi/me responded 200 in 37.3195 ms
[2026-07-15 18:12:33.381 +05:30 INF] Serilog.AspNetCore.RequestLoggingMiddleware HTTP OPTIONS /api/appointments/me responded 204 in 0.2002 ms
[2026-07-15 18:12:33.441 +05:30 INF] Serilog.AspNetCore.RequestLoggingMiddleware HTTP OPTIONS /api/HealthRecordApi/me responded 204 in 55.6524 ms
[2026-07-15 18:12:33.460 +05:30 INF] Serilog.AspNetCore.RequestLoggingMiddleware HTTP GET /api/HealthRecordApi/me responded 200 in 9.9314 ms
[2026-07-15 18:12:33.464 +05:30 INF] Serilog.AspNetCore.RequestLoggingMiddleware HTTP GET /api/appointments/me responded 200 in 17.1740 ms
[2026-07-15 18:12:37.435 +05:30 INF] Serilog.AspNetCore.RequestLoggingMiddleware HTTP OPTIONS /api/doctors/activedoctors responded 204 in 0.1338 ms
[2026-07-15 18:12:37.533 +05:30 INF] Serilog.AspNetCore.RequestLoggingMiddleware HTTP GET /api/doctors/activedoctors responded 200 in 83.3703 ms
[2026-07-15 18:12:37.964 +05:30 INF] HealthApp.Api.BackgroundServices.HeartbeatBackgroundService HealthAxis heartbeat running at "2026-07-15T18:12:37.9648908+05:30"------------
[2026-07-15 18:12:42.723 +05:30 INF] Serilog.AspNetCore.RequestLoggingMiddleware HTTP OPTIONS /api/appointments/me responded 204 in 0.1339 ms
[2026-07-15 18:12:42.748 +05:30 INF] Serilog.AspNetCore.RequestLoggingMiddleware HTTP GET /api/appointments/me responded 200 in 11.1718 ms
[2026-07-15 18:12:46.608 +05:30 INF] Serilog.AspNetCore.RequestLoggingMiddleware HTTP OPTIONS /api/appointments/doctor/6/availability responded 204 in 0.0806 ms
[2026-07-15 18:12:46.631 +05:30 INF] Serilog.AspNetCore.RequestLoggingMiddleware HTTP GET /api/appointments/doctor/6/availability responded 200 in 16.8169 ms
[2026-07-15 18:12:47.974 +05:30 INF] HealthApp.Api.BackgroundServices.HeartbeatBackgroundService HealthAxis heartbeat running at "2026-07-15T18:12:47.9740667+05:30"------------
[2026-07-15 18:12:55.089 +05:30 INF] Serilog.AspNetCore.RequestLoggingMiddleware HTTP OPTIONS /api/appointments responded 204 in 0.1580 ms
[2026-07-15 18:12:55.142 +05:30 INF] HealthApp.Api.Messaging.Publisher.AppointmentEventPublisher AppointmentBookEvent published. AppointmentId: 38, Patient: S N K, Doctor: Shiva, Date: "2026-07-31T00:00:00.0000000", Slot: 09:00 AM
[2026-07-15 18:12:55.145 +05:30 INF] Serilog.AspNetCore.RequestLoggingMiddleware HTTP POST /api/appointments responded 200 in 48.2891 ms
[2026-07-15 18:12:56.355 +05:30 INF] Serilog.AspNetCore.RequestLoggingMiddleware HTTP OPTIONS /api/appointments/me responded 204 in 0.0944 ms
[2026-07-15 18:12:56.381 +05:30 INF] Serilog.AspNetCore.RequestLoggingMiddleware HTTP GET /api/appointments/me responded 200 in 18.2361 ms
[2026-07-15 18:12:57.986 +05:30 INF] HealthApp.Api.BackgroundServices.HeartbeatBackgroundService HealthAxis heartbeat running at "2026-07-15T18:12:57.9868457+05:30"------------
[2026-07-15 18:13:07.994 +05:30 INF] HealthApp.Api.BackgroundServices.HeartbeatBackgroundService HealthAxis heartbeat running at "2026-07-15T18:13:07.9939995+05:30"------------
[2026-07-15 18:13:18.006 +05:30 INF] HealthApp.Api.BackgroundServices.HeartbeatBackgroundService HealthAxis heartbeat running at "2026-07-15T18:13:18.0065569+05:30"------------
[2026-07-15 18:13:28.024 +05:30 INF] HealthApp.Api.BackgroundServices.HeartbeatBackgroundService HealthAxis heartbeat running at "2026-07-15T18:13:28.0238888+05:30"------------
[2026-07-15 18:13:38.032 +05:30 INF] HealthApp.Api.BackgroundServices.HeartbeatBackgroundService HealthAxis heartbeat running at "2026-07-15T18:13:38.0321183+05:30"------------
[2026-07-15 18:13:48.041 +05:30 INF] HealthApp.Api.BackgroundServices.HeartbeatBackgroundService HealthAxis heartbeat running at "2026-07-15T18:13:48.0409387+05:30"------------
[2026-07-15 18:13:58.051 +05:30 INF] HealthApp.Api.BackgroundServices.HeartbeatBackgroundService HealthAxis heartbeat running at "2026-07-15T18:13:58.0514705+05:30"------------
[2026-07-15 18:14:08.105 +05:30 INF] HealthApp.Api.BackgroundServices.HeartbeatBackgroundService HealthAxis heartbeat running at "2026-07-15T18:14:08.1058459+05:30"------------
[2026-07-15 18:14:18.113 +05:30 INF] HealthApp.Api.BackgroundServices.HeartbeatBackgroundService HealthAxis heartbeat running at "2026-07-15T18:14:18.1130688+05:30"------------
[2026-07-15 18:14:28.133 +05:30 INF] HealthApp.Api.BackgroundServices.HeartbeatBackgroundService HealthAxis heartbeat running at "2026-07-15T18:14:28.1322152+05:30"------------
[2026-07-15 18:14:38.146 +05:30 INF] HealthApp.Api.BackgroundServices.HeartbeatBackgroundService HealthAxis heartbeat running at "2026-07-15T18:14:38.1462083+05:30"------------
[2026-07-15 18:14:48.152 +05:30 INF] HealthApp.Api.BackgroundServices.HeartbeatBackgroundService HealthAxis heartbeat running at "2026-07-15T18:14:48.1528377+05:30"------------
[2026-07-15 18:14:58.160 +05:30 INF] HealthApp.Api.BackgroundServices.HeartbeatBackgroundService HealthAxis heartbeat running at "2026-07-15T18:14:58.1608926+05:30"------------
[2026-07-15 18:15:08.179 +05:30 INF] HealthApp.Api.BackgroundServices.HeartbeatBackgroundService HealthAxis heartbeat running at "2026-07-15T18:15:08.1798784+05:30"------------
[2026-07-15 18:15:18.193 +05:30 INF] HealthApp.Api.BackgroundServices.HeartbeatBackgroundService HealthAxis heartbeat running at "2026-07-15T18:15:18.1933929+05:30"------------
[2026-07-15 18:15:28.203 +05:30 INF] HealthApp.Api.BackgroundServices.HeartbeatBackgroundService HealthAxis heartbeat running at "2026-07-15T18:15:28.2037047+05:30"------------
[2026-07-15 18:15:38.213 +05:30 INF] HealthApp.Api.BackgroundServices.HeartbeatBackgroundService HealthAxis heartbeat running at "2026-07-15T18:15:38.2128248+05:30"------------
[2026-07-15 18:15:48.247 +05:30 INF] HealthApp.Api.BackgroundServices.HeartbeatBackgroundService HealthAxis heartbeat running at "2026-07-15T18:15:48.2479577+05:30"------------
[2026-07-15 18:15:58.257 +05:30 INF] HealthApp.Api.BackgroundServices.HeartbeatBackgroundService HealthAxis heartbeat running at "2026-07-15T18:15:58.2577852+05:30"------------
[2026-07-15 18:16:08.273 +05:30 INF] HealthApp.Api.BackgroundServices.HeartbeatBackgroundService HealthAxis heartbeat running at "2026-07-15T18:16:08.2732834+05:30"------------
[2026-07-15 18:16:18.288 +05:30 INF] HealthApp.Api.BackgroundServices.HeartbeatBackgroundService HealthAxis heartbeat running at "2026-07-15T18:16:18.2880586+05:30"------------
[2026-07-15 18:16:28.300 +05:30 INF] HealthApp.Api.BackgroundServices.HeartbeatBackgroundService HealthAxis heartbeat running at "2026-07-15T18:16:28.3000038+05:30"------------
[2026-07-15 18:16:38.319 +05:30 INF] HealthApp.Api.BackgroundServices.HeartbeatBackgroundService HealthAxis heartbeat running at "2026-07-15T18:16:38.3193619+05:30"------------
[2026-07-15 18:16:48.329 +05:30 INF] HealthApp.Api.BackgroundServices.HeartbeatBackgroundService HealthAxis heartbeat running at "2026-07-15T18:16:48.3290932+05:30"------------
[2026-07-15 18:16:58.348 +05:30 INF] HealthApp.Api.BackgroundServices.HeartbeatBackgroundService HealthAxis heartbeat running at "2026-07-15T18:16:58.3483994+05:30"------------
[2026-07-15 18:17:08.365 +05:30 INF] HealthApp.Api.BackgroundServices.HeartbeatBackgroundService HealthAxis heartbeat running at "2026-07-15T18:17:08.3651394+05:30"------------
[2026-07-15 18:17:18.376 +05:30 INF] HealthApp.Api.BackgroundServices.HeartbeatBackgroundService HealthAxis heartbeat running at "2026-07-15T18:17:18.3765070+05:30"------------
[2026-07-15 18:17:28.389 +05:30 INF] HealthApp.Api.BackgroundServices.HeartbeatBackgroundService HealthAxis heartbeat running at "2026-07-15T18:17:28.3895226+05:30"------------
[2026-07-15 18:17:38.412 +05:30 INF] HealthApp.Api.BackgroundServices.HeartbeatBackgroundService HealthAxis heartbeat running at "2026-07-15T18:17:38.4119727+05:30"------------
[2026-07-15 18:17:48.433 +05:30 INF] HealthApp.Api.BackgroundServices.HeartbeatBackgroundService HealthAxis heartbeat running at "2026-07-15T18:17:48.4323033+05:30"------------
[2026-07-15 18:17:58.441 +05:30 INF] HealthApp.Api.BackgroundServices.HeartbeatBackgroundService HealthAxis heartbeat running at "2026-07-15T18:17:58.4417081+05:30"------------
[2026-07-15 18:18:08.455 +05:30 INF] HealthApp.Api.BackgroundServices.HeartbeatBackgroundService HealthAxis heartbeat running at "2026-07-15T18:18:08.4549936+05:30"------------
[2026-07-15 18:18:18.473 +05:30 INF] HealthApp.Api.BackgroundServices.HeartbeatBackgroundService HealthAxis heartbeat running at "2026-07-15T18:18:18.4725079+05:30"------------
[2026-07-15 18:18:28.493 +05:30 INF] HealthApp.Api.BackgroundServices.HeartbeatBackgroundService HealthAxis heartbeat running at "2026-07-15T18:18:28.4912636+05:30"------------
[2026-07-15 18:18:38.499 +05:30 INF] HealthApp.Api.BackgroundServices.HeartbeatBackgroundService HealthAxis heartbeat running at "2026-07-15T18:18:38.4991736+05:30"------------
[2026-07-15 18:18:48.505 +05:30 INF] HealthApp.Api.BackgroundServices.HeartbeatBackgroundService HealthAxis heartbeat running at "2026-07-15T18:18:48.5059427+05:30"------------
[2026-07-15 18:18:58.515 +05:30 INF] HealthApp.Api.BackgroundServices.HeartbeatBackgroundService HealthAxis heartbeat running at "2026-07-15T18:18:58.5158414+05:30"------------
[2026-07-15 18:19:08.529 +05:30 INF] HealthApp.Api.BackgroundServices.HeartbeatBackgroundService HealthAxis heartbeat running at "2026-07-15T18:19:08.5298098+05:30"------------
[2026-07-15 18:19:18.542 +05:30 INF] HealthApp.Api.BackgroundServices.HeartbeatBackgroundService HealthAxis heartbeat running at "2026-07-15T18:19:18.5420851+05:30"------------
[2026-07-15 18:19:28.561 +05:30 INF] HealthApp.Api.BackgroundServices.HeartbeatBackgroundService HealthAxis heartbeat running at "2026-07-15T18:19:28.5613691+05:30"------------
[2026-07-15 18:19:38.587 +05:30 INF] HealthApp.Api.BackgroundServices.HeartbeatBackgroundService HealthAxis heartbeat running at "2026-07-15T18:19:38.5876530+05:30"------------
[2026-07-15 18:19:48.593 +05:30 INF] HealthApp.Api.BackgroundServices.HeartbeatBackgroundService HealthAxis heartbeat running at "2026-07-15T18:19:48.5939243+05:30"------------
[2026-07-15 18:19:58.606 +05:30 INF] HealthApp.Api.BackgroundServices.HeartbeatBackgroundService HealthAxis heartbeat running at "2026-07-15T18:19:58.6060783+05:30"------------
[2026-07-15 18:20:08.625 +05:30 INF] HealthApp.Api.BackgroundServices.HeartbeatBackgroundService HealthAxis heartbeat running at "2026-07-15T18:20:08.6252004+05:30"------------
[2026-07-15 18:20:18.633 +05:30 INF] HealthApp.Api.BackgroundServices.HeartbeatBackgroundService HealthAxis heartbeat running at "2026-07-15T18:20:18.6329897+05:30"------------
[2026-07-15 18:20:28.645 +05:30 INF] HealthApp.Api.BackgroundServices.HeartbeatBackgroundService HealthAxis heartbeat running at "2026-07-15T18:20:28.6450819+05:30"------------
[2026-07-15 18:20:38.660 +05:30 INF] HealthApp.Api.BackgroundServices.HeartbeatBackgroundService HealthAxis heartbeat running at "2026-07-15T18:20:38.6605815+05:30"------------
[2026-07-15 18:20:48.678 +05:30 INF] HealthApp.Api.BackgroundServices.HeartbeatBackgroundService HealthAxis heartbeat running at "2026-07-15T18:20:48.6789390+05:30"------------
[2026-07-15 18:20:58.690 +05:30 INF] HealthApp.Api.BackgroundServices.HeartbeatBackgroundService HealthAxis heartbeat running at "2026-07-15T18:20:58.6906007+05:30"------------
[2026-07-15 18:21:08.704 +05:30 INF] HealthApp.Api.BackgroundServices.HeartbeatBackgroundService HealthAxis heartbeat running at "2026-07-15T18:21:08.7040321+05:30"------------
[2026-07-15 18:21:18.723 +05:30 INF] HealthApp.Api.BackgroundServices.HeartbeatBackgroundService HealthAxis heartbeat running at "2026-07-15T18:21:18.7233035+05:30"------------
[2026-07-15 18:21:28.737 +05:30 INF] HealthApp.Api.BackgroundServices.HeartbeatBackgroundService HealthAxis heartbeat running at "2026-07-15T18:21:28.7373801+05:30"------------
[2026-07-15 18:21:38.756 +05:30 INF] HealthApp.Api.BackgroundServices.HeartbeatBackgroundService HealthAxis heartbeat running at "2026-07-15T18:21:38.7565867+05:30"------------
[2026-07-15 18:21:48.766 +05:30 INF] HealthApp.Api.BackgroundServices.HeartbeatBackgroundService HealthAxis heartbeat running at "2026-07-15T18:21:48.7668730+05:30"------------
[2026-07-15 18:21:58.776 +05:30 INF] HealthApp.Api.BackgroundServices.HeartbeatBackgroundService HealthAxis heartbeat running at "2026-07-15T18:21:58.7768585+05:30"------------
[2026-07-15 18:22:08.787 +05:30 INF] HealthApp.Api.BackgroundServices.HeartbeatBackgroundService HealthAxis heartbeat running at "2026-07-15T18:22:08.7876689+05:30"------------
[2026-07-15 18:22:18.802 +05:30 INF] HealthApp.Api.BackgroundServices.HeartbeatBackgroundService HealthAxis heartbeat running at "2026-07-15T18:22:18.8019911+05:30"------------
[2026-07-15 18:22:28.813 +05:30 INF] HealthApp.Api.BackgroundServices.HeartbeatBackgroundService HealthAxis heartbeat running at "2026-07-15T18:22:28.8133645+05:30"------------
[2026-07-15 18:22:38.821 +05:30 INF] HealthApp.Api.BackgroundServices.HeartbeatBackgroundService HealthAxis heartbeat running at "2026-07-15T18:22:38.8212185+05:30"------------
[2026-07-15 18:22:48.827 +05:30 INF] HealthApp.Api.BackgroundServices.HeartbeatBackgroundService HealthAxis heartbeat running at "2026-07-15T18:22:48.8273272+05:30"------------
[2026-07-15 18:22:58.841 +05:30 INF] HealthApp.Api.BackgroundServices.HeartbeatBackgroundService HealthAxis heartbeat running at "2026-07-15T18:22:58.8410346+05:30"------------
[2026-07-15 18:23:08.857 +05:30 INF] HealthApp.Api.BackgroundServices.HeartbeatBackgroundService HealthAxis heartbeat running at "2026-07-15T18:23:08.8570287+05:30"------------
[2026-07-15 18:23:18.865 +05:30 INF] HealthApp.Api.BackgroundServices.HeartbeatBackgroundService HealthAxis heartbeat running at "2026-07-15T18:23:18.8658582+05:30"------------
[2026-07-15 18:23:28.872 +05:30 INF] HealthApp.Api.BackgroundServices.HeartbeatBackgroundService HealthAxis heartbeat running at "2026-07-15T18:23:28.8729007+05:30"------------
[2026-07-15 18:23:38.889 +05:30 INF] HealthApp.Api.BackgroundServices.HeartbeatBackgroundService HealthAxis heartbeat running at "2026-07-15T18:23:38.8893587+05:30"------------
[2026-07-15 18:23:48.902 +05:30 INF] HealthApp.Api.BackgroundServices.HeartbeatBackgroundService HealthAxis heartbeat running at "2026-07-15T18:23:48.9022409+05:30"------------
[2026-07-15 18:23:58.917 +05:30 INF] HealthApp.Api.BackgroundServices.HeartbeatBackgroundService HealthAxis heartbeat running at "2026-07-15T18:23:58.9175789+05:30"------------
[2026-07-15 18:24:08.932 +05:30 INF] HealthApp.Api.BackgroundServices.HeartbeatBackgroundService HealthAxis heartbeat running at "2026-07-15T18:24:08.9321321+05:30"------------
[2026-07-15 18:24:18.941 +05:30 INF] HealthApp.Api.BackgroundServices.HeartbeatBackgroundService HealthAxis heartbeat running at "2026-07-15T18:24:18.9411927+05:30"------------
[2026-07-15 18:24:28.950 +05:30 INF] HealthApp.Api.BackgroundServices.HeartbeatBackgroundService HealthAxis heartbeat running at "2026-07-15T18:24:28.9505670+05:30"------------
[2026-07-15 18:24:38.966 +05:30 INF] HealthApp.Api.BackgroundServices.HeartbeatBackgroundService HealthAxis heartbeat running at "2026-07-15T18:24:38.9662730+05:30"------------
[2026-07-15 18:24:48.981 +05:30 INF] HealthApp.Api.BackgroundServices.HeartbeatBackgroundService HealthAxis heartbeat running at "2026-07-15T18:24:48.9811330+05:30"------------
[2026-07-15 18:24:58.995 +05:30 INF] HealthApp.Api.BackgroundServices.HeartbeatBackgroundService HealthAxis heartbeat running at "2026-07-15T18:24:58.9957462+05:30"------------
[2026-07-15 18:25:09.011 +05:30 INF] HealthApp.Api.BackgroundServices.HeartbeatBackgroundService HealthAxis heartbeat running at "2026-07-15T18:25:09.0115057+05:30"------------
[2026-07-15 18:25:19.025 +05:30 INF] HealthApp.Api.BackgroundServices.HeartbeatBackgroundService HealthAxis heartbeat running at "2026-07-15T18:25:19.0253990+05:30"------------
[2026-07-15 18:25:29.034 +05:30 INF] HealthApp.Api.BackgroundServices.HeartbeatBackgroundService HealthAxis heartbeat running at "2026-07-15T18:25:29.0345286+05:30"------------
[2026-07-15 18:25:39.046 +05:30 INF] HealthApp.Api.BackgroundServices.HeartbeatBackgroundService HealthAxis heartbeat running at "2026-07-15T18:25:39.0464729+05:30"------------
[2026-07-15 18:25:49.056 +05:30 INF] HealthApp.Api.BackgroundServices.HeartbeatBackgroundService HealthAxis heartbeat running at "2026-07-15T18:25:49.0564604+05:30"------------
[2026-07-15 18:25:59.065 +05:30 INF] HealthApp.Api.BackgroundServices.HeartbeatBackgroundService HealthAxis heartbeat running at "2026-07-15T18:25:59.0659778+05:30"------------
[2026-07-15 18:26:09.090 +05:30 INF] HealthApp.Api.BackgroundServices.HeartbeatBackgroundService HealthAxis heartbeat running at "2026-07-15T18:26:09.0906676+05:30"------------
[2026-07-15 18:26:19.108 +05:30 INF] HealthApp.Api.BackgroundServices.HeartbeatBackgroundService HealthAxis heartbeat running at "2026-07-15T18:26:19.1083419+05:30"------------
[2026-07-15 18:26:29.128 +05:30 INF] HealthApp.Api.BackgroundServices.HeartbeatBackgroundService HealthAxis heartbeat running at "2026-07-15T18:26:29.1283374+05:30"------------
[2026-07-15 18:26:39.142 +05:30 INF] HealthApp.Api.BackgroundServices.HeartbeatBackgroundService HealthAxis heartbeat running at "2026-07-15T18:26:39.1419393+05:30"------------
[2026-07-15 18:26:49.157 +05:30 INF] HealthApp.Api.BackgroundServices.HeartbeatBackgroundService HealthAxis heartbeat running at "2026-07-15T18:26:49.1577885+05:30"------------
[2026-07-15 18:26:59.163 +05:30 INF] HealthApp.Api.BackgroundServices.HeartbeatBackgroundService HealthAxis heartbeat running at "2026-07-15T18:26:59.1639242+05:30"------------
[2026-07-15 18:27:09.182 +05:30 INF] HealthApp.Api.BackgroundServices.HeartbeatBackgroundService HealthAxis heartbeat running at "2026-07-15T18:27:09.1822156+05:30"------------
[2026-07-15 18:27:19.199 +05:30 INF] HealthApp.Api.BackgroundServices.HeartbeatBackgroundService HealthAxis heartbeat running at "2026-07-15T18:27:19.1989982+05:30"------------
[2026-07-15 18:27:29.204 +05:30 INF] HealthApp.Api.BackgroundServices.HeartbeatBackgroundService HealthAxis heartbeat running at "2026-07-15T18:27:29.2045334+05:30"------------
[2026-07-15 18:27:39.216 +05:30 INF] HealthApp.Api.BackgroundServices.HeartbeatBackgroundService HealthAxis heartbeat running at "2026-07-15T18:27:39.2164852+05:30"------------
[2026-07-15 18:27:49.224 +05:30 INF] HealthApp.Api.BackgroundServices.HeartbeatBackgroundService HealthAxis heartbeat running at "2026-07-15T18:27:49.2245692+05:30"------------
[2026-07-15 18:27:59.232 +05:30 INF] HealthApp.Api.BackgroundServices.HeartbeatBackgroundService HealthAxis heartbeat running at "2026-07-15T18:27:59.2327346+05:30"------------
[2026-07-15 18:28:09.242 +05:30 INF] HealthApp.Api.BackgroundServices.HeartbeatBackgroundService HealthAxis heartbeat running at "2026-07-15T18:28:09.2427843+05:30"------------
[2026-07-15 18:28:19.250 +05:30 INF] HealthApp.Api.BackgroundServices.HeartbeatBackgroundService HealthAxis heartbeat running at "2026-07-15T18:28:19.2500755+05:30"------------
[2026-07-15 18:28:29.271 +05:30 INF] HealthApp.Api.BackgroundServices.HeartbeatBackgroundService HealthAxis heartbeat running at "2026-07-15T18:28:29.2714230+05:30"------------
[2026-07-15 18:28:39.285 +05:30 INF] HealthApp.Api.BackgroundServices.HeartbeatBackgroundService HealthAxis heartbeat running at "2026-07-15T18:28:39.2853181+05:30"------------
[2026-07-15 18:28:49.305 +05:30 INF] HealthApp.Api.BackgroundServices.HeartbeatBackgroundService HealthAxis heartbeat running at "2026-07-15T18:28:49.3053922+05:30"------------
[2026-07-15 18:28:59.312 +05:30 INF] HealthApp.Api.BackgroundServices.HeartbeatBackgroundService HealthAxis heartbeat running at "2026-07-15T18:28:59.3120102+05:30"------------
[2026-07-15 18:29:09.326 +05:30 INF] HealthApp.Api.BackgroundServices.HeartbeatBackgroundService HealthAxis heartbeat running at "2026-07-15T18:29:09.3259842+05:30"------------
