[2026-07-16 08:59:11.861 +05:30 INF] HealthApp.Api.BackgroundServices.HeartbeatBackgroundService HealthAxis Heartbeat Background Service started.+++++++++++++
[2026-07-16 08:59:11.960 +05:30 INF] HealthApp.Api.BackgroundServices.HeartbeatBackgroundService HealthAxis heartbeat running at "2026-07-16T08:59:11.9577058+05:30"------------
[2026-07-16 08:59:11.998 +05:30 INF] Microsoft.Hosting.Lifetime Now listening on: http://localhost:5066
[2026-07-16 08:59:12.064 +05:30 INF] Microsoft.Hosting.Lifetime Application started. Press Ctrl+C to shut down.
[2026-07-16 08:59:12.066 +05:30 INF] Microsoft.Hosting.Lifetime Hosting environment: Development
[2026-07-16 08:59:12.069 +05:30 INF] Microsoft.Hosting.Lifetime Content root path: C:\Users\310208\source\repos\Sprint 4\UST-Live-01\HealthApp.Api
[2026-07-16 08:59:12.070 +05:30 INF] MassTransit Bus started: "rabbitmq://localhost/"
[2026-07-16 09:06:53.716 +05:30 INF] HealthApp.Api.BackgroundServices.HeartbeatBackgroundService HealthAxis Heartbeat Background Service started.+++++++++++++
[2026-07-16 09:06:53.825 +05:30 INF] HealthApp.Api.BackgroundServices.HeartbeatBackgroundService HealthAxis heartbeat running at "2026-07-16T09:06:53.8249540+05:30"------------
[2026-07-16 09:06:53.893 +05:30 INF] Microsoft.Hosting.Lifetime Now listening on: http://localhost:5066
[2026-07-16 09:06:53.977 +05:30 INF] MassTransit Bus started: "rabbitmq://localhost/"
[2026-07-16 09:06:54.020 +05:30 INF] Microsoft.Hosting.Lifetime Application started. Press Ctrl+C to shut down.
[2026-07-16 09:06:54.022 +05:30 INF] Microsoft.Hosting.Lifetime Hosting environment: Development
[2026-07-16 09:06:54.024 +05:30 INF] Microsoft.Hosting.Lifetime Content root path: C:\Users\310208\source\repos\Sprint 4\UST-Live-01\HealthApp.Api
[2026-07-16 09:07:03.846 +05:30 INF] HealthApp.Api.BackgroundServices.HeartbeatBackgroundService HealthAxis heartbeat running at "2026-07-16T09:07:03.8464841+05:30"------------
[2026-07-16 09:07:13.864 +05:30 INF] HealthApp.Api.BackgroundServices.HeartbeatBackgroundService HealthAxis heartbeat running at "2026-07-16T09:07:13.8636438+05:30"------------
[2026-07-16 09:07:23.884 +05:30 INF] HealthApp.Api.BackgroundServices.HeartbeatBackgroundService HealthAxis heartbeat running at "2026-07-16T09:07:23.8848950+05:30"------------
[2026-07-16 09:07:33.454 +05:30 INF] Serilog.AspNetCore.RequestLoggingMiddleware HTTP OPTIONS /api/auth/login responded 204 in 19.6216 ms
[2026-07-16 09:07:33.490 +05:30 WRN] Microsoft.AspNetCore.HttpsPolicy.HttpsRedirectionMiddleware Failed to determine the https port for redirect.
[2026-07-16 09:07:33.892 +05:30 INF] HealthApp.Api.BackgroundServices.HeartbeatBackgroundService HealthAxis heartbeat running at "2026-07-16T09:07:33.8925946+05:30"------------
[2026-07-16 09:07:34.108 +05:30 INF] Serilog.AspNetCore.RequestLoggingMiddleware HTTP POST /api/auth/login responded 200 in 621.5319 ms
[2026-07-16 09:07:34.178 +05:30 INF] Serilog.AspNetCore.RequestLoggingMiddleware HTTP OPTIONS /api/PatientApi/me responded 204 in 0.6812 ms
[2026-07-16 09:07:34.506 +05:30 WRN] LuckyPennySoftware.AutoMapper.License You do not have a valid license key for the Lucky Penny software AutoMapper. This is allowed for development and testing scenarios. If you are running in production you are required to have a licensed version. Please visit https://luckypennysoftware.com to obtain a valid license.
[2026-07-16 09:07:34.626 +05:30 INF] Serilog.AspNetCore.RequestLoggingMiddleware HTTP GET /api/PatientApi/me responded 200 in 443.3514 ms
[2026-07-16 09:07:34.631 +05:30 INF] Serilog.AspNetCore.RequestLoggingMiddleware HTTP OPTIONS /api/appointments/me responded 204 in 0.1172 ms
[2026-07-16 09:07:34.632 +05:30 INF] Serilog.AspNetCore.RequestLoggingMiddleware HTTP OPTIONS /api/HealthRecordApi/me responded 204 in 0.0701 ms
[2026-07-16 09:07:34.794 +05:30 INF] Serilog.AspNetCore.RequestLoggingMiddleware HTTP GET /api/HealthRecordApi/me responded 200 in 157.0700 ms
[2026-07-16 09:07:35.145 +05:30 INF] Serilog.AspNetCore.RequestLoggingMiddleware HTTP GET /api/appointments/me responded 200 in 509.3283 ms
[2026-07-16 09:07:38.381 +05:30 INF] Serilog.AspNetCore.RequestLoggingMiddleware HTTP GET /api/appointments/me responded 200 in 22.0153 ms
[2026-07-16 09:07:40.538 +05:30 INF] Serilog.AspNetCore.RequestLoggingMiddleware HTTP OPTIONS /api/doctors/activedoctors responded 204 in 0.1525 ms
[2026-07-16 09:07:41.142 +05:30 INF] Serilog.AspNetCore.RequestLoggingMiddleware HTTP GET /api/doctors/activedoctors responded 200 in 595.4505 ms
[2026-07-16 09:07:43.900 +05:30 INF] Serilog.AspNetCore.RequestLoggingMiddleware HTTP OPTIONS /api/appointments/me responded 204 in 0.1216 ms
[2026-07-16 09:07:43.907 +05:30 INF] HealthApp.Api.BackgroundServices.HeartbeatBackgroundService HealthAxis heartbeat running at "2026-07-16T09:07:43.9069679+05:30"------------
[2026-07-16 09:07:43.951 +05:30 INF] Serilog.AspNetCore.RequestLoggingMiddleware HTTP GET /api/appointments/me responded 200 in 46.7120 ms
[2026-07-16 09:07:53.912 +05:30 INF] HealthApp.Api.BackgroundServices.HeartbeatBackgroundService HealthAxis heartbeat running at "2026-07-16T09:07:53.9122844+05:30"------------
[2026-07-16 09:08:03.919 +05:30 INF] HealthApp.Api.BackgroundServices.HeartbeatBackgroundService HealthAxis heartbeat running at "2026-07-16T09:08:03.9190754+05:30"------------
[2026-07-16 09:08:13.933 +05:30 INF] HealthApp.Api.BackgroundServices.HeartbeatBackgroundService HealthAxis heartbeat running at "2026-07-16T09:08:13.9333224+05:30"------------
[2026-07-16 09:08:23.973 +05:30 INF] HealthApp.Api.BackgroundServices.HeartbeatBackgroundService HealthAxis heartbeat running at "2026-07-16T09:08:23.9416105+05:30"------------
[2026-07-16 09:08:33.986 +05:30 INF] HealthApp.Api.BackgroundServices.HeartbeatBackgroundService HealthAxis heartbeat running at "2026-07-16T09:08:33.9851151+05:30"------------
[2026-07-16 09:08:43.995 +05:30 INF] HealthApp.Api.BackgroundServices.HeartbeatBackgroundService HealthAxis heartbeat running at "2026-07-16T09:08:43.9953504+05:30"------------
[2026-07-16 09:08:54.004 +05:30 INF] HealthApp.Api.BackgroundServices.HeartbeatBackgroundService HealthAxis heartbeat running at "2026-07-16T09:08:54.0040260+05:30"------------
[2026-07-16 09:08:59.983 +05:30 INF] Serilog.AspNetCore.RequestLoggingMiddleware HTTP OPTIONS /api/appointments/doctor/6/availability responded 204 in 0.1725 ms
[2026-07-16 09:09:00.113 +05:30 INF] Serilog.AspNetCore.RequestLoggingMiddleware HTTP GET /api/appointments/doctor/6/availability responded 200 in 108.5883 ms
[2026-07-16 09:09:04.008 +05:30 INF] HealthApp.Api.BackgroundServices.HeartbeatBackgroundService HealthAxis heartbeat running at "2026-07-16T09:09:04.0086864+05:30"------------
[2026-07-16 09:09:04.807 +05:30 INF] Serilog.AspNetCore.RequestLoggingMiddleware HTTP OPTIONS /api/appointments responded 204 in 0.2490 ms
[2026-07-16 09:09:05.713 +05:30 INF] HealthApp.Api.Messaging.Publisher.AppointmentEventPublisher AppointmentBookEvent published. AppointmentId: 39, Patient: Rish, Doctor: Shiva, Date: "2026-07-31T00:00:00.0000000", Slot: 01:00 PM
[2026-07-16 09:09:05.718 +05:30 INF] Serilog.AspNetCore.RequestLoggingMiddleware HTTP POST /api/appointments responded 200 in 906.5887 ms
[2026-07-16 09:09:31.919 +05:30 INF] HealthApp.Api.BackgroundServices.HeartbeatBackgroundService HealthAxis heartbeat running at "2026-07-16T09:09:31.9193221+05:30"------------
[2026-07-16 09:09:31.952 +05:30 INF] Serilog.AspNetCore.RequestLoggingMiddleware HTTP OPTIONS /api/appointments/me responded 204 in 0.3492 ms
[2026-07-16 09:09:31.982 +05:30 INF] Serilog.AspNetCore.RequestLoggingMiddleware HTTP OPTIONS /api/doctors/activedoctors responded 204 in 0.0867 ms
[2026-07-16 09:09:31.982 +05:30 INF] Serilog.AspNetCore.RequestLoggingMiddleware HTTP OPTIONS /api/doctors/activedoctors responded 204 in 0.0561 ms
[2026-07-16 09:09:31.982 +05:30 INF] Serilog.AspNetCore.RequestLoggingMiddleware HTTP OPTIONS /api/appointments/me responded 204 in 0.0301 ms
[2026-07-16 09:09:31.990 +05:30 ERR] HealthApp.Api.Middleware.GlobalExceptionHandler An unexpected Error Occured : Slot already booked
HealthApp.Api.Exceptions.AppointmentRuleException: Slot already booked
   at HealthApp.Api.Service.Impl.AppointmentService.Add(AppointmentDto dto, String identityUserId) in C:\Users\310208\source\repos\Sprint 4\UST-Live-01\HealthApp.Api\Service\Impl\AppointmentService.cs:line 73
   at HealthApp.Api.Controllers.AppointmentApiController.Add(AppointmentDto dto) in C:\Users\310208\source\repos\Sprint 4\UST-Live-01\HealthApp.Api\Controllers\AppointmentApiController.cs:line 39
   at Microsoft.AspNetCore.Mvc.Infrastructure.ActionMethodExecutor.TaskOfIActionResultExecutor.Execute(ActionContext actionContext, IActionResultTypeMapper mapper, ObjectMethodExecutor executor, Object controller, Object[] arguments)
   at Microsoft.AspNetCore.Mvc.Infrastructure.ControllerActionInvoker.<InvokeActionMethodAsync>g__Awaited|12_0(ControllerActionInvoker invoker, ValueTask`1 actionResultValueTask)
   at Microsoft.AspNetCore.Mvc.Infrastructure.ControllerActionInvoker.<InvokeNextActionFilterAsync>g__Awaited|10_0(ControllerActionInvoker invoker, Task lastTask, State next, Scope scope, Object state, Boolean isCompleted)
   at Microsoft.AspNetCore.Mvc.Infrastructure.ControllerActionInvoker.Rethrow(ActionExecutedContextSealed context)
   at Microsoft.AspNetCore.Mvc.Infrastructure.ControllerActionInvoker.Next(State& next, Scope& scope, Object& state, Boolean& isCompleted)
   at Microsoft.AspNetCore.Mvc.Infrastructure.ControllerActionInvoker.<InvokeInnerFilterAsync>g__Awaited|13_0(ControllerActionInvoker invoker, Task lastTask, State next, Scope scope, Object state, Boolean isCompleted)
   at Microsoft.AspNetCore.Mvc.Infrastructure.ResourceInvoker.<InvokeFilterPipelineAsync>g__Awaited|20_0(ResourceInvoker invoker, Task lastTask, State next, Scope scope, Object state, Boolean isCompleted)
   at Microsoft.AspNetCore.Mvc.Infrastructure.ResourceInvoker.<InvokeAsync>g__Awaited|17_0(ResourceInvoker invoker, Task task, IDisposable scope)
   at Microsoft.AspNetCore.Mvc.Infrastructure.ResourceInvoker.<InvokeAsync>g__Awaited|17_0(ResourceInvoker invoker, Task task, IDisposable scope)
   at Microsoft.AspNetCore.Authorization.AuthorizationMiddleware.Invoke(HttpContext context)
   at Microsoft.AspNetCore.Authentication.AuthenticationMiddleware.Invoke(HttpContext context)
   at Microsoft.AspNetCore.Diagnostics.ExceptionHandlerMiddlewareImpl.<Invoke>g__Awaited|10_0(ExceptionHandlerMiddlewareImpl middleware, HttpContext context, Task task)
[2026-07-16 09:09:32.008 +05:30 INF] Serilog.AspNetCore.RequestLoggingMiddleware HTTP GET /api/appointments/me responded 200 in 19.5998 ms
[2026-07-16 09:09:32.014 +05:30 INF] Serilog.AspNetCore.RequestLoggingMiddleware HTTP GET /api/appointments/me responded 200 in 4.5872 ms
[2026-07-16 09:09:32.019 +05:30 INF] Serilog.AspNetCore.RequestLoggingMiddleware HTTP GET /api/doctors/activedoctors responded 200 in 29.2097 ms
[2026-07-16 09:09:32.026 +05:30 INF] Serilog.AspNetCore.RequestLoggingMiddleware HTTP GET /api/doctors/activedoctors responded 200 in 4.8222 ms
[2026-07-16 09:09:32.060 +05:30 INF] Serilog.AspNetCore.RequestLoggingMiddleware HTTP POST /api/appointments responded 400 in 25596.5381 ms
[2026-07-16 09:09:37.360 +05:30 INF] Serilog.AspNetCore.RequestLoggingMiddleware HTTP OPTIONS /api/appointments/me responded 204 in 0.1256 ms
[2026-07-16 09:09:37.392 +05:30 INF] Serilog.AspNetCore.RequestLoggingMiddleware HTTP GET /api/appointments/me responded 200 in 22.8231 ms
[2026-07-16 09:09:38.740 +05:30 INF] Serilog.AspNetCore.RequestLoggingMiddleware HTTP OPTIONS /api/doctors/activedoctors responded 204 in 0.0879 ms
[2026-07-16 09:09:38.748 +05:30 INF] Serilog.AspNetCore.RequestLoggingMiddleware HTTP GET /api/doctors/activedoctors responded 200 in 2.5427 ms
[2026-07-16 09:09:39.787 +05:30 INF] Serilog.AspNetCore.RequestLoggingMiddleware HTTP GET /api/appointments/me responded 200 in 13.6259 ms
[2026-07-16 09:09:41.992 +05:30 INF] HealthApp.Api.BackgroundServices.HeartbeatBackgroundService HealthAxis heartbeat running at "2026-07-16T09:09:41.9929006+05:30"------------
[2026-07-16 09:09:44.781 +05:30 INF] Serilog.AspNetCore.RequestLoggingMiddleware HTTP OPTIONS /api/PatientApi/me responded 204 in 0.0720 ms
[2026-07-16 09:09:44.796 +05:30 INF] Serilog.AspNetCore.RequestLoggingMiddleware HTTP GET /api/PatientApi/me responded 200 in 7.5103 ms
[2026-07-16 09:09:44.803 +05:30 INF] Serilog.AspNetCore.RequestLoggingMiddleware HTTP OPTIONS /api/appointments/me responded 204 in 0.0724 ms
[2026-07-16 09:09:44.803 +05:30 INF] Serilog.AspNetCore.RequestLoggingMiddleware HTTP OPTIONS /api/HealthRecordApi/me responded 204 in 0.0623 ms
[2026-07-16 09:09:44.817 +05:30 INF] Serilog.AspNetCore.RequestLoggingMiddleware HTTP GET /api/appointments/me responded 200 in 7.7045 ms
[2026-07-16 09:09:44.818 +05:30 INF] Serilog.AspNetCore.RequestLoggingMiddleware HTTP GET /api/HealthRecordApi/me responded 200 in 7.1475 ms
[2026-07-16 09:09:47.245 +05:30 INF] Serilog.AspNetCore.RequestLoggingMiddleware HTTP OPTIONS /api/doctors/activedoctors responded 204 in 0.0822 ms
[2026-07-16 09:09:47.254 +05:30 INF] Serilog.AspNetCore.RequestLoggingMiddleware HTTP GET /api/doctors/activedoctors responded 200 in 3.1494 ms
[2026-07-16 09:09:49.510 +05:30 INF] Serilog.AspNetCore.RequestLoggingMiddleware HTTP GET /api/appointments/me responded 200 in 12.4991 ms
[2026-07-16 09:09:52.037 +05:30 INF] HealthApp.Api.BackgroundServices.HeartbeatBackgroundService HealthAxis heartbeat running at "2026-07-16T09:09:52.0043113+05:30"------------
[2026-07-16 09:09:54.295 +05:30 INF] Serilog.AspNetCore.RequestLoggingMiddleware HTTP OPTIONS /api/HealthRecordApi/me responded 204 in 0.0942 ms
[2026-07-16 09:09:54.322 +05:30 INF] Serilog.AspNetCore.RequestLoggingMiddleware HTTP GET /api/HealthRecordApi/me responded 200 in 21.0779 ms
[2026-07-16 09:09:57.900 +05:30 INF] Serilog.AspNetCore.RequestLoggingMiddleware HTTP OPTIONS /api/PatientApi/me responded 204 in 0.0821 ms
[2026-07-16 09:09:57.913 +05:30 INF] Serilog.AspNetCore.RequestLoggingMiddleware HTTP GET /api/PatientApi/me responded 200 in 7.7987 ms
[2026-07-16 09:09:57.918 +05:30 INF] Serilog.AspNetCore.RequestLoggingMiddleware HTTP OPTIONS /api/appointments/me responded 204 in 0.0640 ms
[2026-07-16 09:09:57.934 +05:30 INF] Serilog.AspNetCore.RequestLoggingMiddleware HTTP GET /api/HealthRecordApi/me responded 200 in 14.7586 ms
[2026-07-16 09:09:57.935 +05:30 INF] Serilog.AspNetCore.RequestLoggingMiddleware HTTP GET /api/appointments/me responded 200 in 10.3683 ms
[2026-07-16 09:10:02.046 +05:30 INF] HealthApp.Api.BackgroundServices.HeartbeatBackgroundService HealthAxis heartbeat running at "2026-07-16T09:10:02.0463072+05:30"------------
[2026-07-16 09:10:12.051 +05:30 INF] HealthApp.Api.BackgroundServices.HeartbeatBackgroundService HealthAxis heartbeat running at "2026-07-16T09:10:12.0511099+05:30"------------
[2026-07-16 09:10:22.067 +05:30 INF] HealthApp.Api.BackgroundServices.HeartbeatBackgroundService HealthAxis heartbeat running at "2026-07-16T09:10:22.0675826+05:30"------------
[2026-07-16 09:10:32.084 +05:30 INF] HealthApp.Api.BackgroundServices.HeartbeatBackgroundService HealthAxis heartbeat running at "2026-07-16T09:10:32.0845659+05:30"------------
[2026-07-16 09:10:42.100 +05:30 INF] HealthApp.Api.BackgroundServices.HeartbeatBackgroundService HealthAxis heartbeat running at "2026-07-16T09:10:42.1003755+05:30"------------
[2026-07-16 09:10:52.104 +05:30 INF] HealthApp.Api.BackgroundServices.HeartbeatBackgroundService HealthAxis heartbeat running at "2026-07-16T09:10:52.1041478+05:30"------------
[2026-07-16 09:11:02.106 +05:30 INF] HealthApp.Api.BackgroundServices.HeartbeatBackgroundService HealthAxis heartbeat running at "2026-07-16T09:11:02.1064417+05:30"------------
[2026-07-16 09:11:12.117 +05:30 INF] HealthApp.Api.BackgroundServices.HeartbeatBackgroundService HealthAxis heartbeat running at "2026-07-16T09:11:12.1172033+05:30"------------
[2026-07-16 09:11:22.134 +05:30 INF] HealthApp.Api.BackgroundServices.HeartbeatBackgroundService HealthAxis heartbeat running at "2026-07-16T09:11:22.1345518+05:30"------------
[2026-07-16 09:11:32.153 +05:30 INF] HealthApp.Api.BackgroundServices.HeartbeatBackgroundService HealthAxis heartbeat running at "2026-07-16T09:11:32.1534503+05:30"------------
[2026-07-16 09:11:42.245 +05:30 INF] HealthApp.Api.BackgroundServices.HeartbeatBackgroundService HealthAxis heartbeat running at "2026-07-16T09:11:42.2450915+05:30"------------
[2026-07-16 09:11:52.251 +05:30 INF] HealthApp.Api.BackgroundServices.HeartbeatBackgroundService HealthAxis heartbeat running at "2026-07-16T09:11:52.2517481+05:30"------------
[2026-07-16 09:12:02.263 +05:30 INF] HealthApp.Api.BackgroundServices.HeartbeatBackgroundService HealthAxis heartbeat running at "2026-07-16T09:12:02.2637471+05:30"------------
[2026-07-16 09:12:12.275 +05:30 INF] HealthApp.Api.BackgroundServices.HeartbeatBackgroundService HealthAxis heartbeat running at "2026-07-16T09:12:12.2754555+05:30"------------
[2026-07-16 09:12:22.284 +05:30 INF] HealthApp.Api.BackgroundServices.HeartbeatBackgroundService HealthAxis heartbeat running at "2026-07-16T09:12:22.2848783+05:30"------------
[2026-07-16 09:12:32.299 +05:30 INF] HealthApp.Api.BackgroundServices.HeartbeatBackgroundService HealthAxis heartbeat running at "2026-07-16T09:12:32.2991322+05:30"------------
[2026-07-16 09:12:42.314 +05:30 INF] HealthApp.Api.BackgroundServices.HeartbeatBackgroundService HealthAxis heartbeat running at "2026-07-16T09:12:42.3139863+05:30"------------
[2026-07-16 09:12:52.333 +05:30 INF] HealthApp.Api.BackgroundServices.HeartbeatBackgroundService HealthAxis heartbeat running at "2026-07-16T09:12:52.3331638+05:30"------------
[2026-07-16 09:13:02.339 +05:30 INF] HealthApp.Api.BackgroundServices.HeartbeatBackgroundService HealthAxis heartbeat running at "2026-07-16T09:13:02.3395184+05:30"------------
[2026-07-16 09:13:12.343 +05:30 INF] HealthApp.Api.BackgroundServices.HeartbeatBackgroundService HealthAxis heartbeat running at "2026-07-16T09:13:12.3436332+05:30"------------
[2026-07-16 09:13:22.350 +05:30 INF] HealthApp.Api.BackgroundServices.HeartbeatBackgroundService HealthAxis heartbeat running at "2026-07-16T09:13:22.3506063+05:30"------------
[2026-07-16 09:13:32.367 +05:30 INF] HealthApp.Api.BackgroundServices.HeartbeatBackgroundService HealthAxis heartbeat running at "2026-07-16T09:13:32.3674841+05:30"------------
[2026-07-16 09:13:42.375 +05:30 INF] HealthApp.Api.BackgroundServices.HeartbeatBackgroundService HealthAxis heartbeat running at "2026-07-16T09:13:42.3752732+05:30"------------
[2026-07-16 09:13:52.382 +05:30 INF] HealthApp.Api.BackgroundServices.HeartbeatBackgroundService HealthAxis heartbeat running at "2026-07-16T09:13:52.3820631+05:30"------------
[2026-07-16 09:14:02.402 +05:30 INF] HealthApp.Api.BackgroundServices.HeartbeatBackgroundService HealthAxis heartbeat running at "2026-07-16T09:14:02.4019698+05:30"------------
[2026-07-16 09:14:12.411 +05:30 INF] HealthApp.Api.BackgroundServices.HeartbeatBackgroundService HealthAxis heartbeat running at "2026-07-16T09:14:12.4113060+05:30"------------
[2026-07-16 09:14:22.432 +05:30 INF] HealthApp.Api.BackgroundServices.HeartbeatBackgroundService HealthAxis heartbeat running at "2026-07-16T09:14:22.4320560+05:30"------------
[2026-07-16 09:14:32.440 +05:30 INF] HealthApp.Api.BackgroundServices.HeartbeatBackgroundService HealthAxis heartbeat running at "2026-07-16T09:14:32.4405605+05:30"------------
[2026-07-16 09:14:42.448 +05:30 INF] HealthApp.Api.BackgroundServices.HeartbeatBackgroundService HealthAxis heartbeat running at "2026-07-16T09:14:42.4487735+05:30"------------
[2026-07-16 09:14:52.454 +05:30 INF] HealthApp.Api.BackgroundServices.HeartbeatBackgroundService HealthAxis heartbeat running at "2026-07-16T09:14:52.4540393+05:30"------------
[2026-07-16 09:15:02.465 +05:30 INF] HealthApp.Api.BackgroundServices.HeartbeatBackgroundService HealthAxis heartbeat running at "2026-07-16T09:15:02.4650908+05:30"------------
[2026-07-16 09:15:12.474 +05:30 INF] HealthApp.Api.BackgroundServices.HeartbeatBackgroundService HealthAxis heartbeat running at "2026-07-16T09:15:12.4743975+05:30"------------
[2026-07-16 09:15:22.492 +05:30 INF] HealthApp.Api.BackgroundServices.HeartbeatBackgroundService HealthAxis heartbeat running at "2026-07-16T09:15:22.4926499+05:30"------------
[2026-07-16 09:15:32.498 +05:30 INF] HealthApp.Api.BackgroundServices.HeartbeatBackgroundService HealthAxis heartbeat running at "2026-07-16T09:15:32.4987790+05:30"------------
[2026-07-16 09:15:42.510 +05:30 INF] HealthApp.Api.BackgroundServices.HeartbeatBackgroundService HealthAxis heartbeat running at "2026-07-16T09:15:42.5104685+05:30"------------
[2026-07-16 09:15:52.517 +05:30 INF] HealthApp.Api.BackgroundServices.HeartbeatBackgroundService HealthAxis heartbeat running at "2026-07-16T09:15:52.5173594+05:30"------------
[2026-07-16 09:16:02.527 +05:30 INF] HealthApp.Api.BackgroundServices.HeartbeatBackgroundService HealthAxis heartbeat running at "2026-07-16T09:16:02.5279606+05:30"------------
[2026-07-16 09:16:12.536 +05:30 INF] HealthApp.Api.BackgroundServices.HeartbeatBackgroundService HealthAxis heartbeat running at "2026-07-16T09:16:12.5362462+05:30"------------
[2026-07-16 09:16:22.549 +05:30 INF] HealthApp.Api.BackgroundServices.HeartbeatBackgroundService HealthAxis heartbeat running at "2026-07-16T09:16:22.5499071+05:30"------------
[2026-07-16 09:16:32.559 +05:30 INF] HealthApp.Api.BackgroundServices.HeartbeatBackgroundService HealthAxis heartbeat running at "2026-07-16T09:16:32.5587446+05:30"------------
[2026-07-16 09:16:42.568 +05:30 INF] HealthApp.Api.BackgroundServices.HeartbeatBackgroundService HealthAxis heartbeat running at "2026-07-16T09:16:42.5679714+05:30"------------
[2026-07-16 09:16:52.583 +05:30 INF] HealthApp.Api.BackgroundServices.HeartbeatBackgroundService HealthAxis heartbeat running at "2026-07-16T09:16:52.5824836+05:30"------------
[2026-07-16 09:17:02.594 +05:30 INF] HealthApp.Api.BackgroundServices.HeartbeatBackgroundService HealthAxis heartbeat running at "2026-07-16T09:17:02.5946427+05:30"------------
[2026-07-16 09:17:12.600 +05:30 INF] HealthApp.Api.BackgroundServices.HeartbeatBackgroundService HealthAxis heartbeat running at "2026-07-16T09:17:12.6009514+05:30"------------
[2026-07-16 09:17:22.610 +05:30 INF] HealthApp.Api.BackgroundServices.HeartbeatBackgroundService HealthAxis heartbeat running at "2026-07-16T09:17:22.6109285+05:30"------------
[2026-07-16 09:17:32.613 +05:30 INF] HealthApp.Api.BackgroundServices.HeartbeatBackgroundService HealthAxis heartbeat running at "2026-07-16T09:17:32.6138923+05:30"------------
[2026-07-16 09:17:42.623 +05:30 INF] HealthApp.Api.BackgroundServices.HeartbeatBackgroundService HealthAxis heartbeat running at "2026-07-16T09:17:42.6234764+05:30"------------
[2026-07-16 09:17:52.639 +05:30 INF] HealthApp.Api.BackgroundServices.HeartbeatBackgroundService HealthAxis heartbeat running at "2026-07-16T09:17:52.6391464+05:30"------------
[2026-07-16 09:18:02.651 +05:30 INF] HealthApp.Api.BackgroundServices.HeartbeatBackgroundService HealthAxis heartbeat running at "2026-07-16T09:18:02.6514795+05:30"------------
[2026-07-16 09:18:12.668 +05:30 INF] HealthApp.Api.BackgroundServices.HeartbeatBackgroundService HealthAxis heartbeat running at "2026-07-16T09:18:12.6686840+05:30"------------
[2026-07-16 09:18:22.688 +05:30 INF] HealthApp.Api.BackgroundServices.HeartbeatBackgroundService HealthAxis heartbeat running at "2026-07-16T09:18:22.6881366+05:30"------------
[2026-07-16 09:18:32.716 +05:30 INF] HealthApp.Api.BackgroundServices.HeartbeatBackgroundService HealthAxis heartbeat running at "2026-07-16T09:18:32.7163671+05:30"------------
[2026-07-16 09:18:42.722 +05:30 INF] HealthApp.Api.BackgroundServices.HeartbeatBackgroundService HealthAxis heartbeat running at "2026-07-16T09:18:42.7219912+05:30"------------
[2026-07-16 09:18:52.738 +05:30 INF] HealthApp.Api.BackgroundServices.HeartbeatBackgroundService HealthAxis heartbeat running at "2026-07-16T09:18:52.7383608+05:30"------------
[2026-07-16 09:19:02.752 +05:30 INF] HealthApp.Api.BackgroundServices.HeartbeatBackgroundService HealthAxis heartbeat running at "2026-07-16T09:19:02.7527257+05:30"------------
[2026-07-16 09:19:12.769 +05:30 INF] HealthApp.Api.BackgroundServices.HeartbeatBackgroundService HealthAxis heartbeat running at "2026-07-16T09:19:12.7693262+05:30"------------
[2026-07-16 09:19:22.785 +05:30 INF] HealthApp.Api.BackgroundServices.HeartbeatBackgroundService HealthAxis heartbeat running at "2026-07-16T09:19:22.7855874+05:30"------------
[2026-07-16 09:19:32.797 +05:30 INF] HealthApp.Api.BackgroundServices.HeartbeatBackgroundService HealthAxis heartbeat running at "2026-07-16T09:19:32.7973814+05:30"------------
[2026-07-16 09:19:42.816 +05:30 INF] HealthApp.Api.BackgroundServices.HeartbeatBackgroundService HealthAxis heartbeat running at "2026-07-16T09:19:42.8160935+05:30"------------
[2026-07-16 09:19:52.825 +05:30 INF] HealthApp.Api.BackgroundServices.HeartbeatBackgroundService HealthAxis heartbeat running at "2026-07-16T09:19:52.8254629+05:30"------------
[2026-07-16 09:20:02.833 +05:30 INF] HealthApp.Api.BackgroundServices.HeartbeatBackgroundService HealthAxis heartbeat running at "2026-07-16T09:20:02.8332401+05:30"------------
[2026-07-16 09:20:12.846 +05:30 INF] HealthApp.Api.BackgroundServices.HeartbeatBackgroundService HealthAxis heartbeat running at "2026-07-16T09:20:12.8460941+05:30"------------
[2026-07-16 09:20:22.851 +05:30 INF] HealthApp.Api.BackgroundServices.HeartbeatBackgroundService HealthAxis heartbeat running at "2026-07-16T09:20:22.8512775+05:30"------------
[2026-07-16 09:20:32.865 +05:30 INF] HealthApp.Api.BackgroundServices.HeartbeatBackgroundService HealthAxis heartbeat running at "2026-07-16T09:20:32.8654845+05:30"------------
[2026-07-16 09:20:42.869 +05:30 INF] HealthApp.Api.BackgroundServices.HeartbeatBackgroundService HealthAxis heartbeat running at "2026-07-16T09:20:42.8691655+05:30"------------
[2026-07-16 09:20:52.885 +05:30 INF] HealthApp.Api.BackgroundServices.HeartbeatBackgroundService HealthAxis heartbeat running at "2026-07-16T09:20:52.8857576+05:30"------------
[2026-07-16 09:21:02.891 +05:30 INF] HealthApp.Api.BackgroundServices.HeartbeatBackgroundService HealthAxis heartbeat running at "2026-07-16T09:21:02.8912584+05:30"------------
[2026-07-16 09:21:12.907 +05:30 INF] HealthApp.Api.BackgroundServices.HeartbeatBackgroundService HealthAxis heartbeat running at "2026-07-16T09:21:12.9071227+05:30"------------
[2026-07-16 09:21:22.913 +05:30 INF] HealthApp.Api.BackgroundServices.HeartbeatBackgroundService HealthAxis heartbeat running at "2026-07-16T09:21:22.9135977+05:30"------------
[2026-07-16 09:21:32.929 +05:30 INF] HealthApp.Api.BackgroundServices.HeartbeatBackgroundService HealthAxis heartbeat running at "2026-07-16T09:21:32.9293700+05:30"------------
[2026-07-16 09:21:42.944 +05:30 INF] HealthApp.Api.BackgroundServices.HeartbeatBackgroundService HealthAxis heartbeat running at "2026-07-16T09:21:42.9440995+05:30"------------
[2026-07-16 09:21:52.958 +05:30 INF] HealthApp.Api.BackgroundServices.HeartbeatBackgroundService HealthAxis heartbeat running at "2026-07-16T09:21:52.9588212+05:30"------------
[2026-07-16 09:22:02.973 +05:30 INF] HealthApp.Api.BackgroundServices.HeartbeatBackgroundService HealthAxis heartbeat running at "2026-07-16T09:22:02.9732342+05:30"------------
[2026-07-16 09:22:12.982 +05:30 INF] HealthApp.Api.BackgroundServices.HeartbeatBackgroundService HealthAxis heartbeat running at "2026-07-16T09:22:12.9820411+05:30"------------
[2026-07-16 09:22:22.991 +05:30 INF] HealthApp.Api.BackgroundServices.HeartbeatBackgroundService HealthAxis heartbeat running at "2026-07-16T09:22:22.9916577+05:30"------------
[2026-07-16 09:22:33.007 +05:30 INF] HealthApp.Api.BackgroundServices.HeartbeatBackgroundService HealthAxis heartbeat running at "2026-07-16T09:22:33.0073948+05:30"------------
[2026-07-16 09:22:43.026 +05:30 INF] HealthApp.Api.BackgroundServices.HeartbeatBackgroundService HealthAxis heartbeat running at "2026-07-16T09:22:43.0267866+05:30"------------
[2026-07-16 09:22:53.043 +05:30 INF] HealthApp.Api.BackgroundServices.HeartbeatBackgroundService HealthAxis heartbeat running at "2026-07-16T09:22:53.0431157+05:30"------------
[2026-07-16 09:23:03.055 +05:30 INF] HealthApp.Api.BackgroundServices.HeartbeatBackgroundService HealthAxis heartbeat running at "2026-07-16T09:23:03.0551722+05:30"------------
[2026-07-16 09:23:13.061 +05:30 INF] HealthApp.Api.BackgroundServices.HeartbeatBackgroundService HealthAxis heartbeat running at "2026-07-16T09:23:13.0613449+05:30"------------
[2026-07-16 09:23:23.071 +05:30 INF] HealthApp.Api.BackgroundServices.HeartbeatBackgroundService HealthAxis heartbeat running at "2026-07-16T09:23:23.0711159+05:30"------------
[2026-07-16 09:23:33.085 +05:30 INF] HealthApp.Api.BackgroundServices.HeartbeatBackgroundService HealthAxis heartbeat running at "2026-07-16T09:23:33.0855689+05:30"------------
[2026-07-16 09:23:43.092 +05:30 INF] HealthApp.Api.BackgroundServices.HeartbeatBackgroundService HealthAxis heartbeat running at "2026-07-16T09:23:43.0927224+05:30"------------
[2026-07-16 09:23:53.097 +05:30 INF] HealthApp.Api.BackgroundServices.HeartbeatBackgroundService HealthAxis heartbeat running at "2026-07-16T09:23:53.0978124+05:30"------------
[2026-07-16 09:24:00.130 +05:30 INF] Serilog.AspNetCore.RequestLoggingMiddleware HTTP OPTIONS /api/PatientApi/me responded 204 in 0.2564 ms
[2026-07-16 09:24:00.500 +05:30 INF] Serilog.AspNetCore.RequestLoggingMiddleware HTTP GET /api/PatientApi/me responded 200 in 364.7274 ms
[2026-07-16 09:24:00.508 +05:30 INF] Serilog.AspNetCore.RequestLoggingMiddleware HTTP OPTIONS /api/appointments/me responded 204 in 0.0519 ms
[2026-07-16 09:24:00.510 +05:30 INF] Serilog.AspNetCore.RequestLoggingMiddleware HTTP OPTIONS /api/HealthRecordApi/me responded 204 in 0.0710 ms
[2026-07-16 09:24:00.531 +05:30 INF] Serilog.AspNetCore.RequestLoggingMiddleware HTTP GET /api/HealthRecordApi/me responded 200 in 13.9660 ms
[2026-07-16 09:24:00.766 +05:30 INF] Serilog.AspNetCore.RequestLoggingMiddleware HTTP GET /api/appointments/me responded 200 in 251.8742 ms
[2026-07-16 09:24:03.113 +05:30 INF] HealthApp.Api.BackgroundServices.HeartbeatBackgroundService HealthAxis heartbeat running at "2026-07-16T09:24:03.1131093+05:30"------------
[2026-07-16 09:24:13.127 +05:30 INF] HealthApp.Api.BackgroundServices.HeartbeatBackgroundService HealthAxis heartbeat running at "2026-07-16T09:24:13.1274620+05:30"------------
[2026-07-16 09:24:23.134 +05:30 INF] HealthApp.Api.BackgroundServices.HeartbeatBackgroundService HealthAxis heartbeat running at "2026-07-16T09:24:23.1349194+05:30"------------
[2026-07-16 09:24:33.140 +05:30 INF] HealthApp.Api.BackgroundServices.HeartbeatBackgroundService HealthAxis heartbeat running at "2026-07-16T09:24:33.1407305+05:30"------------
[2026-07-16 09:24:43.146 +05:30 INF] HealthApp.Api.BackgroundServices.HeartbeatBackgroundService HealthAxis heartbeat running at "2026-07-16T09:24:43.1467748+05:30"------------
[2026-07-16 09:24:53.153 +05:30 INF] HealthApp.Api.BackgroundServices.HeartbeatBackgroundService HealthAxis heartbeat running at "2026-07-16T09:24:53.1535546+05:30"------------
[2026-07-16 09:25:03.166 +05:30 INF] HealthApp.Api.BackgroundServices.HeartbeatBackgroundService HealthAxis heartbeat running at "2026-07-16T09:25:03.1665824+05:30"------------
[2026-07-16 09:25:13.171 +05:30 INF] HealthApp.Api.BackgroundServices.HeartbeatBackgroundService HealthAxis heartbeat running at "2026-07-16T09:25:13.1711969+05:30"------------
[2026-07-16 09:25:23.177 +05:30 INF] HealthApp.Api.BackgroundServices.HeartbeatBackgroundService HealthAxis heartbeat running at "2026-07-16T09:25:23.1777137+05:30"------------
[2026-07-16 09:25:33.182 +05:30 INF] HealthApp.Api.BackgroundServices.HeartbeatBackgroundService HealthAxis heartbeat running at "2026-07-16T09:25:33.1826403+05:30"------------
[2026-07-16 09:25:43.192 +05:30 INF] HealthApp.Api.BackgroundServices.HeartbeatBackgroundService HealthAxis heartbeat running at "2026-07-16T09:25:43.1926106+05:30"------------
[2026-07-16 09:25:53.199 +05:30 INF] HealthApp.Api.BackgroundServices.HeartbeatBackgroundService HealthAxis heartbeat running at "2026-07-16T09:25:53.1995508+05:30"------------
[2026-07-16 09:26:03.218 +05:30 INF] HealthApp.Api.BackgroundServices.HeartbeatBackgroundService HealthAxis heartbeat running at "2026-07-16T09:26:03.2188290+05:30"------------
[2026-07-16 09:26:13.234 +05:30 INF] HealthApp.Api.BackgroundServices.HeartbeatBackgroundService HealthAxis heartbeat running at "2026-07-16T09:26:13.2344238+05:30"------------
[2026-07-16 09:26:23.245 +05:30 INF] HealthApp.Api.BackgroundServices.HeartbeatBackgroundService HealthAxis heartbeat running at "2026-07-16T09:26:23.2457868+05:30"------------
[2026-07-16 09:26:33.256 +05:30 INF] HealthApp.Api.BackgroundServices.HeartbeatBackgroundService HealthAxis heartbeat running at "2026-07-16T09:26:33.2566291+05:30"------------
[2026-07-16 09:26:43.266 +05:30 INF] HealthApp.Api.BackgroundServices.HeartbeatBackgroundService HealthAxis heartbeat running at "2026-07-16T09:26:43.2666157+05:30"------------
[2026-07-16 09:26:53.284 +05:30 INF] HealthApp.Api.BackgroundServices.HeartbeatBackgroundService HealthAxis heartbeat running at "2026-07-16T09:26:53.2849839+05:30"------------
[2026-07-16 09:27:03.290 +05:30 INF] HealthApp.Api.BackgroundServices.HeartbeatBackgroundService HealthAxis heartbeat running at "2026-07-16T09:27:03.2903705+05:30"------------
[2026-07-16 09:27:13.307 +05:30 INF] HealthApp.Api.BackgroundServices.HeartbeatBackgroundService HealthAxis heartbeat running at "2026-07-16T09:27:13.3071242+05:30"------------
[2026-07-16 09:27:23.320 +05:30 INF] HealthApp.Api.BackgroundServices.HeartbeatBackgroundService HealthAxis heartbeat running at "2026-07-16T09:27:23.3207824+05:30"------------
[2026-07-16 09:27:33.327 +05:30 INF] HealthApp.Api.BackgroundServices.HeartbeatBackgroundService HealthAxis heartbeat running at "2026-07-16T09:27:33.3278320+05:30"------------
[2026-07-16 09:27:43.343 +05:30 INF] HealthApp.Api.BackgroundServices.HeartbeatBackgroundService HealthAxis heartbeat running at "2026-07-16T09:27:43.3433499+05:30"------------
[2026-07-16 09:27:53.352 +05:30 INF] HealthApp.Api.BackgroundServices.HeartbeatBackgroundService HealthAxis heartbeat running at "2026-07-16T09:27:53.3525733+05:30"------------
[2026-07-16 09:28:03.369 +05:30 INF] HealthApp.Api.BackgroundServices.HeartbeatBackgroundService HealthAxis heartbeat running at "2026-07-16T09:28:03.3699395+05:30"------------
[2026-07-16 09:28:13.381 +05:30 INF] HealthApp.Api.BackgroundServices.HeartbeatBackgroundService HealthAxis heartbeat running at "2026-07-16T09:28:13.3819638+05:30"------------
[2026-07-16 09:28:23.400 +05:30 INF] HealthApp.Api.BackgroundServices.HeartbeatBackgroundService HealthAxis heartbeat running at "2026-07-16T09:28:23.4007136+05:30"------------
[2026-07-16 09:28:33.409 +05:30 INF] HealthApp.Api.BackgroundServices.HeartbeatBackgroundService HealthAxis heartbeat running at "2026-07-16T09:28:33.4097382+05:30"------------
[2026-07-16 09:28:43.415 +05:30 INF] HealthApp.Api.BackgroundServices.HeartbeatBackgroundService HealthAxis heartbeat running at "2026-07-16T09:28:43.4155227+05:30"------------
[2026-07-16 09:28:53.429 +05:30 INF] HealthApp.Api.BackgroundServices.HeartbeatBackgroundService HealthAxis heartbeat running at "2026-07-16T09:28:53.4295723+05:30"------------
[2026-07-16 09:29:03.441 +05:30 INF] HealthApp.Api.BackgroundServices.HeartbeatBackgroundService HealthAxis heartbeat running at "2026-07-16T09:29:03.4409826+05:30"------------
[2026-07-16 09:29:13.447 +05:30 INF] HealthApp.Api.BackgroundServices.HeartbeatBackgroundService HealthAxis heartbeat running at "2026-07-16T09:29:13.4474812+05:30"------------
[2026-07-16 09:29:23.455 +05:30 INF] HealthApp.Api.BackgroundServices.HeartbeatBackgroundService HealthAxis heartbeat running at "2026-07-16T09:29:23.4554606+05:30"------------
[2026-07-16 09:29:33.465 +05:30 INF] HealthApp.Api.BackgroundServices.HeartbeatBackgroundService HealthAxis heartbeat running at "2026-07-16T09:29:33.4658449+05:30"------------
[2026-07-16 09:29:43.471 +05:30 INF] HealthApp.Api.BackgroundServices.HeartbeatBackgroundService HealthAxis heartbeat running at "2026-07-16T09:29:43.4715825+05:30"------------
[2026-07-16 09:29:53.496 +05:30 INF] HealthApp.Api.BackgroundServices.HeartbeatBackgroundService HealthAxis heartbeat running at "2026-07-16T09:29:53.4966784+05:30"------------
[2026-07-16 09:30:03.659 +05:30 INF] HealthApp.Api.BackgroundServices.HeartbeatBackgroundService HealthAxis heartbeat running at "2026-07-16T09:30:03.6595929+05:30"------------
[2026-07-16 09:30:13.670 +05:30 INF] HealthApp.Api.BackgroundServices.HeartbeatBackgroundService HealthAxis heartbeat running at "2026-07-16T09:30:13.6701202+05:30"------------
[2026-07-16 09:30:23.687 +05:30 INF] HealthApp.Api.BackgroundServices.HeartbeatBackgroundService HealthAxis heartbeat running at "2026-07-16T09:30:23.6877781+05:30"------------
[2026-07-16 09:30:33.705 +05:30 INF] HealthApp.Api.BackgroundServices.HeartbeatBackgroundService HealthAxis heartbeat running at "2026-07-16T09:30:33.7054637+05:30"------------
[2026-07-16 09:30:43.715 +05:30 INF] HealthApp.Api.BackgroundServices.HeartbeatBackgroundService HealthAxis heartbeat running at "2026-07-16T09:30:43.7153534+05:30"------------
[2026-07-16 09:30:53.725 +05:30 INF] HealthApp.Api.BackgroundServices.HeartbeatBackgroundService HealthAxis heartbeat running at "2026-07-16T09:30:53.7253778+05:30"------------
[2026-07-16 09:31:03.726 +05:30 INF] HealthApp.Api.BackgroundServices.HeartbeatBackgroundService HealthAxis heartbeat running at "2026-07-16T09:31:03.7267065+05:30"------------
[2026-07-16 09:31:13.729 +05:30 INF] HealthApp.Api.BackgroundServices.HeartbeatBackgroundService HealthAxis heartbeat running at "2026-07-16T09:31:13.7296740+05:30"------------
[2026-07-16 09:31:23.731 +05:30 INF] HealthApp.Api.BackgroundServices.HeartbeatBackgroundService HealthAxis heartbeat running at "2026-07-16T09:31:23.7319016+05:30"------------
[2026-07-16 09:31:33.735 +05:30 INF] HealthApp.Api.BackgroundServices.HeartbeatBackgroundService HealthAxis heartbeat running at "2026-07-16T09:31:33.7352014+05:30"------------
[2026-07-16 09:31:43.745 +05:30 INF] HealthApp.Api.BackgroundServices.HeartbeatBackgroundService HealthAxis heartbeat running at "2026-07-16T09:31:43.7456342+05:30"------------
[2026-07-16 09:31:53.746 +05:30 INF] HealthApp.Api.BackgroundServices.HeartbeatBackgroundService HealthAxis heartbeat running at "2026-07-16T09:31:53.7468487+05:30"------------
[2026-07-16 09:32:03.750 +05:30 INF] HealthApp.Api.BackgroundServices.HeartbeatBackgroundService HealthAxis heartbeat running at "2026-07-16T09:32:03.7506802+05:30"------------
[2026-07-16 09:32:13.754 +05:30 INF] HealthApp.Api.BackgroundServices.HeartbeatBackgroundService HealthAxis heartbeat running at "2026-07-16T09:32:13.7544488+05:30"------------
[2026-07-16 09:32:23.758 +05:30 INF] HealthApp.Api.BackgroundServices.HeartbeatBackgroundService HealthAxis heartbeat running at "2026-07-16T09:32:23.7588415+05:30"------------
[2026-07-16 09:32:33.761 +05:30 INF] HealthApp.Api.BackgroundServices.HeartbeatBackgroundService HealthAxis heartbeat running at "2026-07-16T09:32:33.7610493+05:30"------------
[2026-07-16 09:32:43.763 +05:30 INF] HealthApp.Api.BackgroundServices.HeartbeatBackgroundService HealthAxis heartbeat running at "2026-07-16T09:32:43.7634728+05:30"------------
[2026-07-16 09:32:53.767 +05:30 INF] HealthApp.Api.BackgroundServices.HeartbeatBackgroundService HealthAxis heartbeat running at "2026-07-16T09:32:53.7676101+05:30"------------
[2026-07-16 09:33:03.770 +05:30 INF] HealthApp.Api.BackgroundServices.HeartbeatBackgroundService HealthAxis heartbeat running at "2026-07-16T09:33:03.7701775+05:30"------------
[2026-07-16 09:33:13.770 +05:30 INF] HealthApp.Api.BackgroundServices.HeartbeatBackgroundService HealthAxis heartbeat running at "2026-07-16T09:33:13.7708890+05:30"------------
[2026-07-16 09:33:23.773 +05:30 INF] HealthApp.Api.BackgroundServices.HeartbeatBackgroundService HealthAxis heartbeat running at "2026-07-16T09:33:23.7731683+05:30"------------
[2026-07-16 09:33:33.775 +05:30 INF] HealthApp.Api.BackgroundServices.HeartbeatBackgroundService HealthAxis heartbeat running at "2026-07-16T09:33:33.7758991+05:30"------------
[2026-07-16 09:33:43.777 +05:30 INF] HealthApp.Api.BackgroundServices.HeartbeatBackgroundService HealthAxis heartbeat running at "2026-07-16T09:33:43.7775712+05:30"------------
[2026-07-16 09:33:53.783 +05:30 INF] HealthApp.Api.BackgroundServices.HeartbeatBackgroundService HealthAxis heartbeat running at "2026-07-16T09:33:53.7836371+05:30"------------
[2026-07-16 09:34:03.786 +05:30 INF] HealthApp.Api.BackgroundServices.HeartbeatBackgroundService HealthAxis heartbeat running at "2026-07-16T09:34:03.7867020+05:30"------------
[2026-07-16 09:34:13.789 +05:30 INF] HealthApp.Api.BackgroundServices.HeartbeatBackgroundService HealthAxis heartbeat running at "2026-07-16T09:34:13.7896304+05:30"------------
[2026-07-16 09:34:23.794 +05:30 INF] HealthApp.Api.BackgroundServices.HeartbeatBackgroundService HealthAxis heartbeat running at "2026-07-16T09:34:23.7945796+05:30"------------
[2026-07-16 09:34:33.797 +05:30 INF] HealthApp.Api.BackgroundServices.HeartbeatBackgroundService HealthAxis heartbeat running at "2026-07-16T09:34:33.7969952+05:30"------------
[2026-07-16 09:34:43.799 +05:30 INF] HealthApp.Api.BackgroundServices.HeartbeatBackgroundService HealthAxis heartbeat running at "2026-07-16T09:34:43.7997478+05:30"------------
[2026-07-16 09:34:53.801 +05:30 INF] HealthApp.Api.BackgroundServices.HeartbeatBackgroundService HealthAxis heartbeat running at "2026-07-16T09:34:53.8012707+05:30"------------
[2026-07-16 09:35:03.814 +05:30 INF] HealthApp.Api.BackgroundServices.HeartbeatBackgroundService HealthAxis heartbeat running at "2026-07-16T09:35:03.8148485+05:30"------------
[2026-07-16 09:35:13.817 +05:30 INF] HealthApp.Api.BackgroundServices.HeartbeatBackgroundService HealthAxis heartbeat running at "2026-07-16T09:35:13.8174341+05:30"------------
[2026-07-16 09:35:23.818 +05:30 INF] HealthApp.Api.BackgroundServices.HeartbeatBackgroundService HealthAxis heartbeat running at "2026-07-16T09:35:23.8187659+05:30"------------
[2026-07-16 09:35:33.821 +05:30 INF] HealthApp.Api.BackgroundServices.HeartbeatBackgroundService HealthAxis heartbeat running at "2026-07-16T09:35:33.8209977+05:30"------------
[2026-07-16 09:35:43.822 +05:30 INF] HealthApp.Api.BackgroundServices.HeartbeatBackgroundService HealthAxis heartbeat running at "2026-07-16T09:35:43.8221276+05:30"------------
[2026-07-16 09:35:53.824 +05:30 INF] HealthApp.Api.BackgroundServices.HeartbeatBackgroundService HealthAxis heartbeat running at "2026-07-16T09:35:53.8241758+05:30"------------
[2026-07-16 09:36:03.826 +05:30 INF] HealthApp.Api.BackgroundServices.HeartbeatBackgroundService HealthAxis heartbeat running at "2026-07-16T09:36:03.8267318+05:30"------------
[2026-07-16 09:36:13.829 +05:30 INF] HealthApp.Api.BackgroundServices.HeartbeatBackgroundService HealthAxis heartbeat running at "2026-07-16T09:36:13.8295303+05:30"------------
[2026-07-16 09:36:23.833 +05:30 INF] HealthApp.Api.BackgroundServices.HeartbeatBackgroundService HealthAxis heartbeat running at "2026-07-16T09:36:23.8332755+05:30"------------
[2026-07-16 09:36:33.834 +05:30 INF] HealthApp.Api.BackgroundServices.HeartbeatBackgroundService HealthAxis heartbeat running at "2026-07-16T09:36:33.8348951+05:30"------------
[2026-07-16 09:36:43.840 +05:30 INF] HealthApp.Api.BackgroundServices.HeartbeatBackgroundService HealthAxis heartbeat running at "2026-07-16T09:36:43.8407966+05:30"------------
[2026-07-16 09:36:53.843 +05:30 INF] HealthApp.Api.BackgroundServices.HeartbeatBackgroundService HealthAxis heartbeat running at "2026-07-16T09:36:53.8435962+05:30"------------
[2026-07-16 09:37:03.848 +05:30 INF] HealthApp.Api.BackgroundServices.HeartbeatBackgroundService HealthAxis heartbeat running at "2026-07-16T09:37:03.8482442+05:30"------------
[2026-07-16 09:37:13.849 +05:30 INF] HealthApp.Api.BackgroundServices.HeartbeatBackgroundService HealthAxis heartbeat running at "2026-07-16T09:37:13.8494827+05:30"------------
[2026-07-16 09:37:23.853 +05:30 INF] HealthApp.Api.BackgroundServices.HeartbeatBackgroundService HealthAxis heartbeat running at "2026-07-16T09:37:23.8536207+05:30"------------
[2026-07-16 09:37:33.858 +05:30 INF] HealthApp.Api.BackgroundServices.HeartbeatBackgroundService HealthAxis heartbeat running at "2026-07-16T09:37:33.8585311+05:30"------------
[2026-07-16 09:37:43.861 +05:30 INF] HealthApp.Api.BackgroundServices.HeartbeatBackgroundService HealthAxis heartbeat running at "2026-07-16T09:37:43.8615596+05:30"------------
[2026-07-16 09:37:53.863 +05:30 INF] HealthApp.Api.BackgroundServices.HeartbeatBackgroundService HealthAxis heartbeat running at "2026-07-16T09:37:53.8636737+05:30"------------
[2026-07-16 09:38:03.868 +05:30 INF] HealthApp.Api.BackgroundServices.HeartbeatBackgroundService HealthAxis heartbeat running at "2026-07-16T09:38:03.8679545+05:30"------------
[2026-07-16 09:38:13.873 +05:30 INF] HealthApp.Api.BackgroundServices.HeartbeatBackgroundService HealthAxis heartbeat running at "2026-07-16T09:38:13.8732887+05:30"------------
[2026-07-16 09:38:23.876 +05:30 INF] HealthApp.Api.BackgroundServices.HeartbeatBackgroundService HealthAxis heartbeat running at "2026-07-16T09:38:23.8765215+05:30"------------
[2026-07-16 09:38:33.878 +05:30 INF] HealthApp.Api.BackgroundServices.HeartbeatBackgroundService HealthAxis heartbeat running at "2026-07-16T09:38:33.8785487+05:30"------------
[2026-07-16 09:38:43.882 +05:30 INF] HealthApp.Api.BackgroundServices.HeartbeatBackgroundService HealthAxis heartbeat running at "2026-07-16T09:38:43.8824527+05:30"------------
[2026-07-16 09:38:53.883 +05:30 INF] HealthApp.Api.BackgroundServices.HeartbeatBackgroundService HealthAxis heartbeat running at "2026-07-16T09:38:53.8836780+05:30"------------
[2026-07-16 09:39:03.885 +05:30 INF] HealthApp.Api.BackgroundServices.HeartbeatBackgroundService HealthAxis heartbeat running at "2026-07-16T09:39:03.8853109+05:30"------------
[2026-07-16 09:39:13.888 +05:30 INF] HealthApp.Api.BackgroundServices.HeartbeatBackgroundService HealthAxis heartbeat running at "2026-07-16T09:39:13.8884198+05:30"------------
[2026-07-16 09:39:23.890 +05:30 INF] HealthApp.Api.BackgroundServices.HeartbeatBackgroundService HealthAxis heartbeat running at "2026-07-16T09:39:23.8906837+05:30"------------
[2026-07-16 09:39:33.893 +05:30 INF] HealthApp.Api.BackgroundServices.HeartbeatBackgroundService HealthAxis heartbeat running at "2026-07-16T09:39:33.8934459+05:30"------------
[2026-07-16 09:39:43.896 +05:30 INF] HealthApp.Api.BackgroundServices.HeartbeatBackgroundService HealthAxis heartbeat running at "2026-07-16T09:39:43.8963158+05:30"------------
[2026-07-16 09:39:53.897 +05:30 INF] HealthApp.Api.BackgroundServices.HeartbeatBackgroundService HealthAxis heartbeat running at "2026-07-16T09:39:53.8971740+05:30"------------
[2026-07-16 09:40:03.899 +05:30 INF] HealthApp.Api.BackgroundServices.HeartbeatBackgroundService HealthAxis heartbeat running at "2026-07-16T09:40:03.8994819+05:30"------------
[2026-07-16 09:40:13.902 +05:30 INF] HealthApp.Api.BackgroundServices.HeartbeatBackgroundService HealthAxis heartbeat running at "2026-07-16T09:40:13.9024605+05:30"------------
[2026-07-16 09:40:23.903 +05:30 INF] HealthApp.Api.BackgroundServices.HeartbeatBackgroundService HealthAxis heartbeat running at "2026-07-16T09:40:23.9038409+05:30"------------
[2026-07-16 09:40:33.906 +05:30 INF] HealthApp.Api.BackgroundServices.HeartbeatBackgroundService HealthAxis heartbeat running at "2026-07-16T09:40:33.9068823+05:30"------------
[2026-07-16 09:40:43.909 +05:30 INF] HealthApp.Api.BackgroundServices.HeartbeatBackgroundService HealthAxis heartbeat running at "2026-07-16T09:40:43.9098221+05:30"------------
[2026-07-16 09:40:53.912 +05:30 INF] HealthApp.Api.BackgroundServices.HeartbeatBackgroundService HealthAxis heartbeat running at "2026-07-16T09:40:53.9128180+05:30"------------
[2026-07-16 09:41:03.915 +05:30 INF] HealthApp.Api.BackgroundServices.HeartbeatBackgroundService HealthAxis heartbeat running at "2026-07-16T09:41:03.9154533+05:30"------------
[2026-07-16 09:41:13.920 +05:30 INF] HealthApp.Api.BackgroundServices.HeartbeatBackgroundService HealthAxis heartbeat running at "2026-07-16T09:41:13.9206366+05:30"------------
[2026-07-16 09:41:23.923 +05:30 INF] HealthApp.Api.BackgroundServices.HeartbeatBackgroundService HealthAxis heartbeat running at "2026-07-16T09:41:23.9232573+05:30"------------
[2026-07-16 09:41:33.925 +05:30 INF] HealthApp.Api.BackgroundServices.HeartbeatBackgroundService HealthAxis heartbeat running at "2026-07-16T09:41:33.9254501+05:30"------------
[2026-07-16 09:41:43.926 +05:30 INF] HealthApp.Api.BackgroundServices.HeartbeatBackgroundService HealthAxis heartbeat running at "2026-07-16T09:41:43.9260765+05:30"------------
[2026-07-16 09:41:53.926 +05:30 INF] HealthApp.Api.BackgroundServices.HeartbeatBackgroundService HealthAxis heartbeat running at "2026-07-16T09:41:53.9269668+05:30"------------
[2026-07-16 09:42:03.929 +05:30 INF] HealthApp.Api.BackgroundServices.HeartbeatBackgroundService HealthAxis heartbeat running at "2026-07-16T09:42:03.9293074+05:30"------------
[2026-07-16 09:42:13.931 +05:30 INF] HealthApp.Api.BackgroundServices.HeartbeatBackgroundService HealthAxis heartbeat running at "2026-07-16T09:42:13.9317853+05:30"------------
[2026-07-16 09:42:23.932 +05:30 INF] HealthApp.Api.BackgroundServices.HeartbeatBackgroundService HealthAxis heartbeat running at "2026-07-16T09:42:23.9325755+05:30"------------
[2026-07-16 09:42:33.936 +05:30 INF] HealthApp.Api.BackgroundServices.HeartbeatBackgroundService HealthAxis heartbeat running at "2026-07-16T09:42:33.9360805+05:30"------------
[2026-07-16 09:42:43.938 +05:30 INF] HealthApp.Api.BackgroundServices.HeartbeatBackgroundService HealthAxis heartbeat running at "2026-07-16T09:42:43.9387829+05:30"------------
[2026-07-16 09:42:53.942 +05:30 INF] HealthApp.Api.BackgroundServices.HeartbeatBackgroundService HealthAxis heartbeat running at "2026-07-16T09:42:53.9425387+05:30"------------
[2026-07-16 09:43:03.944 +05:30 INF] HealthApp.Api.BackgroundServices.HeartbeatBackgroundService HealthAxis heartbeat running at "2026-07-16T09:43:03.9444427+05:30"------------
[2026-07-16 09:43:13.946 +05:30 INF] HealthApp.Api.BackgroundServices.HeartbeatBackgroundService HealthAxis heartbeat running at "2026-07-16T09:43:13.9465039+05:30"------------
[2026-07-16 09:43:23.948 +05:30 INF] HealthApp.Api.BackgroundServices.HeartbeatBackgroundService HealthAxis heartbeat running at "2026-07-16T09:43:23.9487468+05:30"------------
[2026-07-16 09:43:33.952 +05:30 INF] HealthApp.Api.BackgroundServices.HeartbeatBackgroundService HealthAxis heartbeat running at "2026-07-16T09:43:33.9522300+05:30"------------
[2026-07-16 09:43:43.954 +05:30 INF] HealthApp.Api.BackgroundServices.HeartbeatBackgroundService HealthAxis heartbeat running at "2026-07-16T09:43:43.9544650+05:30"------------
[2026-07-16 09:43:53.956 +05:30 INF] HealthApp.Api.BackgroundServices.HeartbeatBackgroundService HealthAxis heartbeat running at "2026-07-16T09:43:53.9568995+05:30"------------
[2026-07-16 09:44:03.959 +05:30 INF] HealthApp.Api.BackgroundServices.HeartbeatBackgroundService HealthAxis heartbeat running at "2026-07-16T09:44:03.9592886+05:30"------------
[2026-07-16 09:44:13.962 +05:30 INF] HealthApp.Api.BackgroundServices.HeartbeatBackgroundService HealthAxis heartbeat running at "2026-07-16T09:44:13.9626459+05:30"------------
[2026-07-16 09:44:23.974 +05:30 INF] HealthApp.Api.BackgroundServices.HeartbeatBackgroundService HealthAxis heartbeat running at "2026-07-16T09:44:23.9747665+05:30"------------
[2026-07-16 09:44:33.976 +05:30 INF] HealthApp.Api.BackgroundServices.HeartbeatBackgroundService HealthAxis heartbeat running at "2026-07-16T09:44:33.9766812+05:30"------------
[2026-07-16 09:44:43.980 +05:30 INF] HealthApp.Api.BackgroundServices.HeartbeatBackgroundService HealthAxis heartbeat running at "2026-07-16T09:44:43.9803924+05:30"------------
[2026-07-16 09:44:53.983 +05:30 INF] HealthApp.Api.BackgroundServices.HeartbeatBackgroundService HealthAxis heartbeat running at "2026-07-16T09:44:53.9838358+05:30"------------
[2026-07-16 09:45:03.987 +05:30 INF] HealthApp.Api.BackgroundServices.HeartbeatBackgroundService HealthAxis heartbeat running at "2026-07-16T09:45:03.9878856+05:30"------------
[2026-07-16 09:45:13.991 +05:30 INF] HealthApp.Api.BackgroundServices.HeartbeatBackgroundService HealthAxis heartbeat running at "2026-07-16T09:45:13.9917081+05:30"------------
[2026-07-16 09:45:23.996 +05:30 INF] HealthApp.Api.BackgroundServices.HeartbeatBackgroundService HealthAxis heartbeat running at "2026-07-16T09:45:23.9963979+05:30"------------
[2026-07-16 09:45:34.000 +05:30 INF] HealthApp.Api.BackgroundServices.HeartbeatBackgroundService HealthAxis heartbeat running at "2026-07-16T09:45:34.0002902+05:30"------------
[2026-07-16 09:45:44.000 +05:30 INF] HealthApp.Api.BackgroundServices.HeartbeatBackgroundService HealthAxis heartbeat running at "2026-07-16T09:45:44.0009058+05:30"------------
[2026-07-16 09:45:54.003 +05:30 INF] HealthApp.Api.BackgroundServices.HeartbeatBackgroundService HealthAxis heartbeat running at "2026-07-16T09:45:54.0033116+05:30"------------
[2026-07-16 09:46:04.005 +05:30 INF] HealthApp.Api.BackgroundServices.HeartbeatBackgroundService HealthAxis heartbeat running at "2026-07-16T09:46:04.0057149+05:30"------------
[2026-07-16 09:46:14.008 +05:30 INF] HealthApp.Api.BackgroundServices.HeartbeatBackgroundService HealthAxis heartbeat running at "2026-07-16T09:46:14.0086675+05:30"------------
[2026-07-16 09:46:24.012 +05:30 INF] HealthApp.Api.BackgroundServices.HeartbeatBackgroundService HealthAxis heartbeat running at "2026-07-16T09:46:24.0123419+05:30"------------
[2026-07-16 09:46:34.014 +05:30 INF] HealthApp.Api.BackgroundServices.HeartbeatBackgroundService HealthAxis heartbeat running at "2026-07-16T09:46:34.0145653+05:30"------------
[2026-07-16 09:46:44.016 +05:30 INF] HealthApp.Api.BackgroundServices.HeartbeatBackgroundService HealthAxis heartbeat running at "2026-07-16T09:46:44.0166018+05:30"------------
[2026-07-16 09:46:54.019 +05:30 INF] HealthApp.Api.BackgroundServices.HeartbeatBackgroundService HealthAxis heartbeat running at "2026-07-16T09:46:54.0191939+05:30"------------
[2026-07-16 09:47:04.022 +05:30 INF] HealthApp.Api.BackgroundServices.HeartbeatBackgroundService HealthAxis heartbeat running at "2026-07-16T09:47:04.0226877+05:30"------------
[2026-07-16 09:47:14.027 +05:30 INF] HealthApp.Api.BackgroundServices.HeartbeatBackgroundService HealthAxis heartbeat running at "2026-07-16T09:47:14.0273396+05:30"------------
[2026-07-16 09:47:24.029 +05:30 INF] HealthApp.Api.BackgroundServices.HeartbeatBackgroundService HealthAxis heartbeat running at "2026-07-16T09:47:24.0294302+05:30"------------
[2026-07-16 09:47:34.031 +05:30 INF] HealthApp.Api.BackgroundServices.HeartbeatBackgroundService HealthAxis heartbeat running at "2026-07-16T09:47:34.0318714+05:30"------------
[2026-07-16 09:47:44.034 +05:30 INF] HealthApp.Api.BackgroundServices.HeartbeatBackgroundService HealthAxis heartbeat running at "2026-07-16T09:47:44.0345092+05:30"------------
[2026-07-16 09:47:54.036 +05:30 INF] HealthApp.Api.BackgroundServices.HeartbeatBackgroundService HealthAxis heartbeat running at "2026-07-16T09:47:54.0368298+05:30"------------
[2026-07-16 09:48:04.040 +05:30 INF] HealthApp.Api.BackgroundServices.HeartbeatBackgroundService HealthAxis heartbeat running at "2026-07-16T09:48:04.0400445+05:30"------------
[2026-07-16 09:48:14.043 +05:30 INF] HealthApp.Api.BackgroundServices.HeartbeatBackgroundService HealthAxis heartbeat running at "2026-07-16T09:48:14.0431832+05:30"------------
[2026-07-16 09:48:24.046 +05:30 INF] HealthApp.Api.BackgroundServices.HeartbeatBackgroundService HealthAxis heartbeat running at "2026-07-16T09:48:24.0460249+05:30"------------
[2026-07-16 09:48:34.050 +05:30 INF] HealthApp.Api.BackgroundServices.HeartbeatBackgroundService HealthAxis heartbeat running at "2026-07-16T09:48:34.0502279+05:30"------------
[2026-07-16 09:48:44.056 +05:30 INF] HealthApp.Api.BackgroundServices.HeartbeatBackgroundService HealthAxis heartbeat running at "2026-07-16T09:48:44.0560482+05:30"------------
[2026-07-16 09:48:54.059 +05:30 INF] HealthApp.Api.BackgroundServices.HeartbeatBackgroundService HealthAxis heartbeat running at "2026-07-16T09:48:54.0590250+05:30"------------
[2026-07-16 09:49:04.062 +05:30 INF] HealthApp.Api.BackgroundServices.HeartbeatBackgroundService HealthAxis heartbeat running at "2026-07-16T09:49:04.0629043+05:30"------------
[2026-07-16 09:49:14.070 +05:30 INF] HealthApp.Api.BackgroundServices.HeartbeatBackgroundService HealthAxis heartbeat running at "2026-07-16T09:49:14.0699937+05:30"------------
[2026-07-16 09:49:24.073 +05:30 INF] HealthApp.Api.BackgroundServices.HeartbeatBackgroundService HealthAxis heartbeat running at "2026-07-16T09:49:24.0734260+05:30"------------
[2026-07-16 09:49:34.075 +05:30 INF] HealthApp.Api.BackgroundServices.HeartbeatBackgroundService HealthAxis heartbeat running at "2026-07-16T09:49:34.0759029+05:30"------------
[2026-07-16 09:49:44.079 +05:30 INF] HealthApp.Api.BackgroundServices.HeartbeatBackgroundService HealthAxis heartbeat running at "2026-07-16T09:49:44.0795853+05:30"------------
[2026-07-16 09:49:54.081 +05:30 INF] HealthApp.Api.BackgroundServices.HeartbeatBackgroundService HealthAxis heartbeat running at "2026-07-16T09:49:54.0819732+05:30"------------
[2026-07-16 09:50:04.086 +05:30 INF] HealthApp.Api.BackgroundServices.HeartbeatBackgroundService HealthAxis heartbeat running at "2026-07-16T09:50:04.0868112+05:30"------------
[2026-07-16 09:50:14.090 +05:30 INF] HealthApp.Api.BackgroundServices.HeartbeatBackgroundService HealthAxis heartbeat running at "2026-07-16T09:50:14.0907721+05:30"------------
[2026-07-16 09:50:24.093 +05:30 INF] HealthApp.Api.BackgroundServices.HeartbeatBackgroundService HealthAxis heartbeat running at "2026-07-16T09:50:24.0937025+05:30"------------
[2026-07-16 09:50:34.096 +05:30 INF] HealthApp.Api.BackgroundServices.HeartbeatBackgroundService HealthAxis heartbeat running at "2026-07-16T09:50:34.0960235+05:30"------------
[2026-07-16 09:50:44.098 +05:30 INF] HealthApp.Api.BackgroundServices.HeartbeatBackgroundService HealthAxis heartbeat running at "2026-07-16T09:50:44.0981182+05:30"------------
[2026-07-16 09:50:54.101 +05:30 INF] HealthApp.Api.BackgroundServices.HeartbeatBackgroundService HealthAxis heartbeat running at "2026-07-16T09:50:54.1009969+05:30"------------
[2026-07-16 09:51:04.102 +05:30 INF] HealthApp.Api.BackgroundServices.HeartbeatBackgroundService HealthAxis heartbeat running at "2026-07-16T09:51:04.1028400+05:30"------------
[2026-07-16 09:51:14.104 +05:30 INF] HealthApp.Api.BackgroundServices.HeartbeatBackgroundService HealthAxis heartbeat running at "2026-07-16T09:51:14.1049678+05:30"------------
[2026-07-16 09:51:24.107 +05:30 INF] HealthApp.Api.BackgroundServices.HeartbeatBackgroundService HealthAxis heartbeat running at "2026-07-16T09:51:24.1072649+05:30"------------
[2026-07-16 09:51:34.109 +05:30 INF] HealthApp.Api.BackgroundServices.HeartbeatBackgroundService HealthAxis heartbeat running at "2026-07-16T09:51:34.1096052+05:30"------------
[2026-07-16 09:51:44.112 +05:30 INF] HealthApp.Api.BackgroundServices.HeartbeatBackgroundService HealthAxis heartbeat running at "2026-07-16T09:51:44.1121768+05:30"------------
[2026-07-16 09:51:54.114 +05:30 INF] HealthApp.Api.BackgroundServices.HeartbeatBackgroundService HealthAxis heartbeat running at "2026-07-16T09:51:54.1145277+05:30"------------
[2026-07-16 09:52:04.119 +05:30 INF] HealthApp.Api.BackgroundServices.HeartbeatBackgroundService HealthAxis heartbeat running at "2026-07-16T09:52:04.1194526+05:30"------------
[2026-07-16 09:52:14.122 +05:30 INF] HealthApp.Api.BackgroundServices.HeartbeatBackgroundService HealthAxis heartbeat running at "2026-07-16T09:52:14.1223134+05:30"------------
[2026-07-16 09:52:24.126 +05:30 INF] HealthApp.Api.BackgroundServices.HeartbeatBackgroundService HealthAxis heartbeat running at "2026-07-16T09:52:24.1265693+05:30"------------
[2026-07-16 09:52:34.136 +05:30 INF] HealthApp.Api.BackgroundServices.HeartbeatBackgroundService HealthAxis heartbeat running at "2026-07-16T09:52:34.1364698+05:30"------------
[2026-07-16 09:52:44.138 +05:30 INF] HealthApp.Api.BackgroundServices.HeartbeatBackgroundService HealthAxis heartbeat running at "2026-07-16T09:52:44.1385906+05:30"------------
[2026-07-16 09:52:54.141 +05:30 INF] HealthApp.Api.BackgroundServices.HeartbeatBackgroundService HealthAxis heartbeat running at "2026-07-16T09:52:54.1411634+05:30"------------
[2026-07-16 09:53:04.144 +05:30 INF] HealthApp.Api.BackgroundServices.HeartbeatBackgroundService HealthAxis heartbeat running at "2026-07-16T09:53:04.1440092+05:30"------------
[2026-07-16 09:53:14.146 +05:30 INF] HealthApp.Api.BackgroundServices.HeartbeatBackgroundService HealthAxis heartbeat running at "2026-07-16T09:53:14.1462137+05:30"------------
[2026-07-16 09:53:24.148 +05:30 INF] HealthApp.Api.BackgroundServices.HeartbeatBackgroundService HealthAxis heartbeat running at "2026-07-16T09:53:24.1488473+05:30"------------
[2026-07-16 09:53:34.152 +05:30 INF] HealthApp.Api.BackgroundServices.HeartbeatBackgroundService HealthAxis heartbeat running at "2026-07-16T09:53:34.1525955+05:30"------------
[2026-07-16 09:53:44.153 +05:30 INF] HealthApp.Api.BackgroundServices.HeartbeatBackgroundService HealthAxis heartbeat running at "2026-07-16T09:53:44.1539851+05:30"------------
[2026-07-16 09:53:54.157 +05:30 INF] HealthApp.Api.BackgroundServices.HeartbeatBackgroundService HealthAxis heartbeat running at "2026-07-16T09:53:54.1573316+05:30"------------
[2026-07-16 09:54:04.160 +05:30 INF] HealthApp.Api.BackgroundServices.HeartbeatBackgroundService HealthAxis heartbeat running at "2026-07-16T09:54:04.1608888+05:30"------------
[2026-07-16 09:54:14.163 +05:30 INF] HealthApp.Api.BackgroundServices.HeartbeatBackgroundService HealthAxis heartbeat running at "2026-07-16T09:54:14.1638223+05:30"------------
[2026-07-16 09:54:24.166 +05:30 INF] HealthApp.Api.BackgroundServices.HeartbeatBackgroundService HealthAxis heartbeat running at "2026-07-16T09:54:24.1661914+05:30"------------
[2026-07-16 09:54:34.168 +05:30 INF] HealthApp.Api.BackgroundServices.HeartbeatBackgroundService HealthAxis heartbeat running at "2026-07-16T09:54:34.1683639+05:30"------------
[2026-07-16 09:54:44.171 +05:30 INF] HealthApp.Api.BackgroundServices.HeartbeatBackgroundService HealthAxis heartbeat running at "2026-07-16T09:54:44.1710697+05:30"------------
[2026-07-16 09:54:54.175 +05:30 INF] HealthApp.Api.BackgroundServices.HeartbeatBackgroundService HealthAxis heartbeat running at "2026-07-16T09:54:54.1756424+05:30"------------
[2026-07-16 09:55:04.182 +05:30 INF] HealthApp.Api.BackgroundServices.HeartbeatBackgroundService HealthAxis heartbeat running at "2026-07-16T09:55:04.1829069+05:30"------------
[2026-07-16 09:55:14.186 +05:30 INF] HealthApp.Api.BackgroundServices.HeartbeatBackgroundService HealthAxis heartbeat running at "2026-07-16T09:55:14.1863353+05:30"------------
[2026-07-16 09:55:24.190 +05:30 INF] HealthApp.Api.BackgroundServices.HeartbeatBackgroundService HealthAxis heartbeat running at "2026-07-16T09:55:24.1907694+05:30"------------
[2026-07-16 09:55:34.194 +05:30 INF] HealthApp.Api.BackgroundServices.HeartbeatBackgroundService HealthAxis heartbeat running at "2026-07-16T09:55:34.1940130+05:30"------------
[2026-07-16 09:55:44.198 +05:30 INF] HealthApp.Api.BackgroundServices.HeartbeatBackgroundService HealthAxis heartbeat running at "2026-07-16T09:55:44.1987438+05:30"------------
[2026-07-16 09:55:54.201 +05:30 INF] HealthApp.Api.BackgroundServices.HeartbeatBackgroundService HealthAxis heartbeat running at "2026-07-16T09:55:54.2017467+05:30"------------
[2026-07-16 09:56:04.204 +05:30 INF] HealthApp.Api.BackgroundServices.HeartbeatBackgroundService HealthAxis heartbeat running at "2026-07-16T09:56:04.2044516+05:30"------------
[2026-07-16 09:56:14.206 +05:30 INF] HealthApp.Api.BackgroundServices.HeartbeatBackgroundService HealthAxis heartbeat running at "2026-07-16T09:56:14.2062104+05:30"------------
[2026-07-16 09:56:24.209 +05:30 INF] HealthApp.Api.BackgroundServices.HeartbeatBackgroundService HealthAxis heartbeat running at "2026-07-16T09:56:24.2091222+05:30"------------
[2026-07-16 09:56:34.211 +05:30 INF] HealthApp.Api.BackgroundServices.HeartbeatBackgroundService HealthAxis heartbeat running at "2026-07-16T09:56:34.2119456+05:30"------------
[2026-07-16 09:56:44.214 +05:30 INF] HealthApp.Api.BackgroundServices.HeartbeatBackgroundService HealthAxis heartbeat running at "2026-07-16T09:56:44.2146874+05:30"------------
[2026-07-16 09:56:54.217 +05:30 INF] HealthApp.Api.BackgroundServices.HeartbeatBackgroundService HealthAxis heartbeat running at "2026-07-16T09:56:54.2172755+05:30"------------
[2026-07-16 09:57:04.218 +05:30 INF] HealthApp.Api.BackgroundServices.HeartbeatBackgroundService HealthAxis heartbeat running at "2026-07-16T09:57:04.2188811+05:30"------------
[2026-07-16 09:57:14.221 +05:30 INF] HealthApp.Api.BackgroundServices.HeartbeatBackgroundService HealthAxis heartbeat running at "2026-07-16T09:57:14.2216448+05:30"------------
[2026-07-16 09:57:24.224 +05:30 INF] HealthApp.Api.BackgroundServices.HeartbeatBackgroundService HealthAxis heartbeat running at "2026-07-16T09:57:24.2240759+05:30"------------
[2026-07-16 09:57:34.228 +05:30 INF] HealthApp.Api.BackgroundServices.HeartbeatBackgroundService HealthAxis heartbeat running at "2026-07-16T09:57:34.2288062+05:30"------------
[2026-07-16 09:57:44.230 +05:30 INF] HealthApp.Api.BackgroundServices.HeartbeatBackgroundService HealthAxis heartbeat running at "2026-07-16T09:57:44.2307191+05:30"------------
[2026-07-16 09:57:54.232 +05:30 INF] HealthApp.Api.BackgroundServices.HeartbeatBackgroundService HealthAxis heartbeat running at "2026-07-16T09:57:54.2320654+05:30"------------
[2026-07-16 09:58:04.234 +05:30 INF] HealthApp.Api.BackgroundServices.HeartbeatBackgroundService HealthAxis heartbeat running at "2026-07-16T09:58:04.2345676+05:30"------------
[2026-07-16 09:58:14.237 +05:30 INF] HealthApp.Api.BackgroundServices.HeartbeatBackgroundService HealthAxis heartbeat running at "2026-07-16T09:58:14.2371241+05:30"------------
[2026-07-16 09:58:24.239 +05:30 INF] HealthApp.Api.BackgroundServices.HeartbeatBackgroundService HealthAxis heartbeat running at "2026-07-16T09:58:24.2394246+05:30"------------
[2026-07-16 09:58:34.241 +05:30 INF] HealthApp.Api.BackgroundServices.HeartbeatBackgroundService HealthAxis heartbeat running at "2026-07-16T09:58:34.2415136+05:30"------------
[2026-07-16 09:58:44.244 +05:30 INF] HealthApp.Api.BackgroundServices.HeartbeatBackgroundService HealthAxis heartbeat running at "2026-07-16T09:58:44.2444560+05:30"------------
[2026-07-16 09:58:54.274 +05:30 INF] HealthApp.Api.BackgroundServices.HeartbeatBackgroundService HealthAxis heartbeat running at "2026-07-16T09:58:54.2748313+05:30"------------
[2026-07-16 09:59:04.278 +05:30 INF] HealthApp.Api.BackgroundServices.HeartbeatBackgroundService HealthAxis heartbeat running at "2026-07-16T09:59:04.2782376+05:30"------------
[2026-07-16 09:59:14.280 +05:30 INF] HealthApp.Api.BackgroundServices.HeartbeatBackgroundService HealthAxis heartbeat running at "2026-07-16T09:59:14.2801400+05:30"------------
[2026-07-16 09:59:24.283 +05:30 INF] HealthApp.Api.BackgroundServices.HeartbeatBackgroundService HealthAxis heartbeat running at "2026-07-16T09:59:24.2830898+05:30"------------
[2026-07-16 09:59:34.286 +05:30 INF] HealthApp.Api.BackgroundServices.HeartbeatBackgroundService HealthAxis heartbeat running at "2026-07-16T09:59:34.2865785+05:30"------------
[2026-07-16 09:59:44.289 +05:30 INF] HealthApp.Api.BackgroundServices.HeartbeatBackgroundService HealthAxis heartbeat running at "2026-07-16T09:59:44.2891164+05:30"------------
[2026-07-16 09:59:54.291 +05:30 INF] HealthApp.Api.BackgroundServices.HeartbeatBackgroundService HealthAxis heartbeat running at "2026-07-16T09:59:54.2919126+05:30"------------
[2026-07-16 10:00:04.294 +05:30 INF] HealthApp.Api.BackgroundServices.HeartbeatBackgroundService HealthAxis heartbeat running at "2026-07-16T10:00:04.2942934+05:30"------------
[2026-07-16 10:00:14.297 +05:30 INF] HealthApp.Api.BackgroundServices.HeartbeatBackgroundService HealthAxis heartbeat running at "2026-07-16T10:00:14.2972469+05:30"------------
[2026-07-16 10:00:24.302 +05:30 INF] HealthApp.Api.BackgroundServices.HeartbeatBackgroundService HealthAxis heartbeat running at "2026-07-16T10:00:24.3029494+05:30"------------
[2026-07-16 10:00:34.304 +05:30 INF] HealthApp.Api.BackgroundServices.HeartbeatBackgroundService HealthAxis heartbeat running at "2026-07-16T10:00:34.3049055+05:30"------------
[2026-07-16 10:00:44.306 +05:30 INF] HealthApp.Api.BackgroundServices.HeartbeatBackgroundService HealthAxis heartbeat running at "2026-07-16T10:00:44.3064180+05:30"------------
[2026-07-16 10:00:54.308 +05:30 INF] HealthApp.Api.BackgroundServices.HeartbeatBackgroundService HealthAxis heartbeat running at "2026-07-16T10:00:54.3081841+05:30"------------
[2026-07-16 10:01:04.311 +05:30 INF] HealthApp.Api.BackgroundServices.HeartbeatBackgroundService HealthAxis heartbeat running at "2026-07-16T10:01:04.3117122+05:30"------------
[2026-07-16 10:01:14.316 +05:30 INF] HealthApp.Api.BackgroundServices.HeartbeatBackgroundService HealthAxis heartbeat running at "2026-07-16T10:01:14.3164880+05:30"------------
[2026-07-16 10:01:24.323 +05:30 INF] HealthApp.Api.BackgroundServices.HeartbeatBackgroundService HealthAxis heartbeat running at "2026-07-16T10:01:24.3230593+05:30"------------
[2026-07-16 10:01:34.467 +05:30 INF] HealthApp.Api.BackgroundServices.HeartbeatBackgroundService HealthAxis heartbeat running at "2026-07-16T10:01:34.4671957+05:30"------------
[2026-07-16 10:01:45.320 +05:30 INF] HealthApp.Api.BackgroundServices.HeartbeatBackgroundService HealthAxis heartbeat running at "2026-07-16T10:01:45.3203107+05:30"------------
[2026-07-16 10:01:55.324 +05:30 INF] HealthApp.Api.BackgroundServices.HeartbeatBackgroundService HealthAxis heartbeat running at "2026-07-16T10:01:55.3244302+05:30"------------
[2026-07-16 10:02:05.327 +05:30 INF] HealthApp.Api.BackgroundServices.HeartbeatBackgroundService HealthAxis heartbeat running at "2026-07-16T10:02:05.3272178+05:30"------------
[2026-07-16 10:02:15.331 +05:30 INF] HealthApp.Api.BackgroundServices.HeartbeatBackgroundService HealthAxis heartbeat running at "2026-07-16T10:02:15.3311529+05:30"------------
[2026-07-16 10:02:25.333 +05:30 INF] HealthApp.Api.BackgroundServices.HeartbeatBackgroundService HealthAxis heartbeat running at "2026-07-16T10:02:25.3332034+05:30"------------
[2026-07-16 10:02:35.342 +05:30 INF] HealthApp.Api.BackgroundServices.HeartbeatBackgroundService HealthAxis heartbeat running at "2026-07-16T10:02:35.3425193+05:30"------------
[2026-07-16 10:02:45.345 +05:30 INF] HealthApp.Api.BackgroundServices.HeartbeatBackgroundService HealthAxis heartbeat running at "2026-07-16T10:02:45.3458839+05:30"------------
[2026-07-16 10:02:55.350 +05:30 INF] HealthApp.Api.BackgroundServices.HeartbeatBackgroundService HealthAxis heartbeat running at "2026-07-16T10:02:55.3508223+05:30"------------
[2026-07-16 10:03:05.354 +05:30 INF] HealthApp.Api.BackgroundServices.HeartbeatBackgroundService HealthAxis heartbeat running at "2026-07-16T10:03:05.3544891+05:30"------------
[2026-07-16 10:03:15.359 +05:30 INF] HealthApp.Api.BackgroundServices.HeartbeatBackgroundService HealthAxis heartbeat running at "2026-07-16T10:03:15.3590404+05:30"------------
[2026-07-16 10:03:25.362 +05:30 INF] HealthApp.Api.BackgroundServices.HeartbeatBackgroundService HealthAxis heartbeat running at "2026-07-16T10:03:25.3627182+05:30"------------
[2026-07-16 10:03:35.366 +05:30 INF] HealthApp.Api.BackgroundServices.HeartbeatBackgroundService HealthAxis heartbeat running at "2026-07-16T10:03:35.3666768+05:30"------------
[2026-07-16 10:03:45.372 +05:30 INF] HealthApp.Api.BackgroundServices.HeartbeatBackgroundService HealthAxis heartbeat running at "2026-07-16T10:03:45.3728998+05:30"------------
[2026-07-16 10:03:55.376 +05:30 INF] HealthApp.Api.BackgroundServices.HeartbeatBackgroundService HealthAxis heartbeat running at "2026-07-16T10:03:55.3767365+05:30"------------
[2026-07-16 10:04:05.379 +05:30 INF] HealthApp.Api.BackgroundServices.HeartbeatBackgroundService HealthAxis heartbeat running at "2026-07-16T10:04:05.3797336+05:30"------------
[2026-07-16 10:04:15.383 +05:30 INF] HealthApp.Api.BackgroundServices.HeartbeatBackgroundService HealthAxis heartbeat running at "2026-07-16T10:04:15.3830352+05:30"------------
[2026-07-16 10:04:25.423 +05:30 INF] HealthApp.Api.BackgroundServices.HeartbeatBackgroundService HealthAxis heartbeat running at "2026-07-16T10:04:25.4232073+05:30"------------
[2026-07-16 10:04:35.427 +05:30 INF] HealthApp.Api.BackgroundServices.HeartbeatBackgroundService HealthAxis heartbeat running at "2026-07-16T10:04:35.4279502+05:30"------------
[2026-07-16 10:04:45.431 +05:30 INF] HealthApp.Api.BackgroundServices.HeartbeatBackgroundService HealthAxis heartbeat running at "2026-07-16T10:04:45.4314970+05:30"------------
[2026-07-16 10:04:55.435 +05:30 INF] HealthApp.Api.BackgroundServices.HeartbeatBackgroundService HealthAxis heartbeat running at "2026-07-16T10:04:55.4354825+05:30"------------
[2026-07-16 10:05:05.438 +05:30 INF] HealthApp.Api.BackgroundServices.HeartbeatBackgroundService HealthAxis heartbeat running at "2026-07-16T10:05:05.4389591+05:30"------------
[2026-07-16 10:05:15.441 +05:30 INF] HealthApp.Api.BackgroundServices.HeartbeatBackgroundService HealthAxis heartbeat running at "2026-07-16T10:05:15.4415514+05:30"------------
[2026-07-16 10:05:25.453 +05:30 INF] HealthApp.Api.BackgroundServices.HeartbeatBackgroundService HealthAxis heartbeat running at "2026-07-16T10:05:25.4538226+05:30"------------
[2026-07-16 10:05:35.455 +05:30 INF] HealthApp.Api.BackgroundServices.HeartbeatBackgroundService HealthAxis heartbeat running at "2026-07-16T10:05:35.4556178+05:30"------------
[2026-07-16 10:05:45.460 +05:30 INF] HealthApp.Api.BackgroundServices.HeartbeatBackgroundService HealthAxis heartbeat running at "2026-07-16T10:05:45.4601900+05:30"------------
[2026-07-16 10:05:55.465 +05:30 INF] HealthApp.Api.BackgroundServices.HeartbeatBackgroundService HealthAxis heartbeat running at "2026-07-16T10:05:55.4653096+05:30"------------
[2026-07-16 10:06:05.469 +05:30 INF] HealthApp.Api.BackgroundServices.HeartbeatBackgroundService HealthAxis heartbeat running at "2026-07-16T10:06:05.4689363+05:30"------------
[2026-07-16 10:06:15.477 +05:30 INF] HealthApp.Api.BackgroundServices.HeartbeatBackgroundService HealthAxis heartbeat running at "2026-07-16T10:06:15.4775970+05:30"------------
[2026-07-16 10:06:25.480 +05:30 INF] HealthApp.Api.BackgroundServices.HeartbeatBackgroundService HealthAxis heartbeat running at "2026-07-16T10:06:25.4800919+05:30"------------
[2026-07-16 10:06:35.484 +05:30 INF] HealthApp.Api.BackgroundServices.HeartbeatBackgroundService HealthAxis heartbeat running at "2026-07-16T10:06:35.4842910+05:30"------------
[2026-07-16 10:06:45.491 +05:30 INF] HealthApp.Api.BackgroundServices.HeartbeatBackgroundService HealthAxis heartbeat running at "2026-07-16T10:06:45.4913064+05:30"------------
[2026-07-16 10:06:55.494 +05:30 INF] HealthApp.Api.BackgroundServices.HeartbeatBackgroundService HealthAxis heartbeat running at "2026-07-16T10:06:55.4944800+05:30"------------
[2026-07-16 10:07:05.497 +05:30 INF] HealthApp.Api.BackgroundServices.HeartbeatBackgroundService HealthAxis heartbeat running at "2026-07-16T10:07:05.4976116+05:30"------------
[2026-07-16 10:07:15.501 +05:30 INF] HealthApp.Api.BackgroundServices.HeartbeatBackgroundService HealthAxis heartbeat running at "2026-07-16T10:07:15.5012886+05:30"------------
[2026-07-16 10:07:25.505 +05:30 INF] HealthApp.Api.BackgroundServices.HeartbeatBackgroundService HealthAxis heartbeat running at "2026-07-16T10:07:25.5052916+05:30"------------
[2026-07-16 10:07:35.508 +05:30 INF] HealthApp.Api.BackgroundServices.HeartbeatBackgroundService HealthAxis heartbeat running at "2026-07-16T10:07:35.5084438+05:30"------------
[2026-07-16 10:07:45.513 +05:30 INF] HealthApp.Api.BackgroundServices.HeartbeatBackgroundService HealthAxis heartbeat running at "2026-07-16T10:07:45.5133734+05:30"------------
[2026-07-16 10:07:55.515 +05:30 INF] HealthApp.Api.BackgroundServices.HeartbeatBackgroundService HealthAxis heartbeat running at "2026-07-16T10:07:55.5158678+05:30"------------
[2026-07-16 10:08:05.541 +05:30 INF] HealthApp.Api.BackgroundServices.HeartbeatBackgroundService HealthAxis heartbeat running at "2026-07-16T10:08:05.5410739+05:30"------------
[2026-07-16 10:08:15.545 +05:30 INF] HealthApp.Api.BackgroundServices.HeartbeatBackgroundService HealthAxis heartbeat running at "2026-07-16T10:08:15.5449676+05:30"------------
[2026-07-16 10:08:25.548 +05:30 INF] HealthApp.Api.BackgroundServices.HeartbeatBackgroundService HealthAxis heartbeat running at "2026-07-16T10:08:25.5483676+05:30"------------
[2026-07-16 10:08:35.551 +05:30 INF] HealthApp.Api.BackgroundServices.HeartbeatBackgroundService HealthAxis heartbeat running at "2026-07-16T10:08:35.5513729+05:30"------------
[2026-07-16 10:08:45.555 +05:30 INF] HealthApp.Api.BackgroundServices.HeartbeatBackgroundService HealthAxis heartbeat running at "2026-07-16T10:08:45.5550714+05:30"------------
[2026-07-16 10:08:55.558 +05:30 INF] HealthApp.Api.BackgroundServices.HeartbeatBackgroundService HealthAxis heartbeat running at "2026-07-16T10:08:55.5584656+05:30"------------
[2026-07-16 10:09:05.561 +05:30 INF] HealthApp.Api.BackgroundServices.HeartbeatBackgroundService HealthAxis heartbeat running at "2026-07-16T10:09:05.5613511+05:30"------------
[2026-07-16 10:09:15.563 +05:30 INF] HealthApp.Api.BackgroundServices.HeartbeatBackgroundService HealthAxis heartbeat running at "2026-07-16T10:09:15.5637144+05:30"------------
[2026-07-16 10:09:25.576 +05:30 INF] HealthApp.Api.BackgroundServices.HeartbeatBackgroundService HealthAxis heartbeat running at "2026-07-16T10:09:25.5762405+05:30"------------
[2026-07-16 10:09:35.579 +05:30 INF] HealthApp.Api.BackgroundServices.HeartbeatBackgroundService HealthAxis heartbeat running at "2026-07-16T10:09:35.5791342+05:30"------------
[2026-07-16 10:09:45.583 +05:30 INF] HealthApp.Api.BackgroundServices.HeartbeatBackgroundService HealthAxis heartbeat running at "2026-07-16T10:09:45.5835380+05:30"------------
[2026-07-16 10:09:55.586 +05:30 INF] HealthApp.Api.BackgroundServices.HeartbeatBackgroundService HealthAxis heartbeat running at "2026-07-16T10:09:55.5867347+05:30"------------
[2026-07-16 10:10:05.589 +05:30 INF] HealthApp.Api.BackgroundServices.HeartbeatBackgroundService HealthAxis heartbeat running at "2026-07-16T10:10:05.5897797+05:30"------------
[2026-07-16 10:10:15.592 +05:30 INF] HealthApp.Api.BackgroundServices.HeartbeatBackgroundService HealthAxis heartbeat running at "2026-07-16T10:10:15.5925361+05:30"------------
[2026-07-16 10:10:25.596 +05:30 INF] HealthApp.Api.BackgroundServices.HeartbeatBackgroundService HealthAxis heartbeat running at "2026-07-16T10:10:25.5963621+05:30"------------
[2026-07-16 10:10:35.598 +05:30 INF] HealthApp.Api.BackgroundServices.HeartbeatBackgroundService HealthAxis heartbeat running at "2026-07-16T10:10:35.5987367+05:30"------------
[2026-07-16 10:10:45.601 +05:30 INF] HealthApp.Api.BackgroundServices.HeartbeatBackgroundService HealthAxis heartbeat running at "2026-07-16T10:10:45.6015337+05:30"------------
[2026-07-16 10:10:55.605 +05:30 INF] HealthApp.Api.BackgroundServices.HeartbeatBackgroundService HealthAxis heartbeat running at "2026-07-16T10:10:55.6049845+05:30"------------
[2026-07-16 10:11:05.608 +05:30 INF] HealthApp.Api.BackgroundServices.HeartbeatBackgroundService HealthAxis heartbeat running at "2026-07-16T10:11:05.6084666+05:30"------------
[2026-07-16 10:11:15.611 +05:30 INF] HealthApp.Api.BackgroundServices.HeartbeatBackgroundService HealthAxis heartbeat running at "2026-07-16T10:11:15.6111508+05:30"------------
[2026-07-16 10:11:25.614 +05:30 INF] HealthApp.Api.BackgroundServices.HeartbeatBackgroundService HealthAxis heartbeat running at "2026-07-16T10:11:25.6141915+05:30"------------
[2026-07-16 10:11:35.616 +05:30 INF] HealthApp.Api.BackgroundServices.HeartbeatBackgroundService HealthAxis heartbeat running at "2026-07-16T10:11:35.6169195+05:30"------------
[2026-07-16 10:11:45.622 +05:30 INF] HealthApp.Api.BackgroundServices.HeartbeatBackgroundService HealthAxis heartbeat running at "2026-07-16T10:11:45.6225346+05:30"------------
[2026-07-16 10:11:55.625 +05:30 INF] HealthApp.Api.BackgroundServices.HeartbeatBackgroundService HealthAxis heartbeat running at "2026-07-16T10:11:55.6250788+05:30"------------
[2026-07-16 10:12:05.629 +05:30 INF] HealthApp.Api.BackgroundServices.HeartbeatBackgroundService HealthAxis heartbeat running at "2026-07-16T10:12:05.6291828+05:30"------------
[2026-07-16 10:12:15.638 +05:30 INF] HealthApp.Api.BackgroundServices.HeartbeatBackgroundService HealthAxis heartbeat running at "2026-07-16T10:12:15.6384738+05:30"------------
[2026-07-16 10:12:25.641 +05:30 INF] HealthApp.Api.BackgroundServices.HeartbeatBackgroundService HealthAxis heartbeat running at "2026-07-16T10:12:25.6413318+05:30"------------
[2026-07-16 10:12:35.642 +05:30 INF] HealthApp.Api.BackgroundServices.HeartbeatBackgroundService HealthAxis heartbeat running at "2026-07-16T10:12:35.6424870+05:30"------------
[2026-07-16 10:12:45.644 +05:30 INF] HealthApp.Api.BackgroundServices.HeartbeatBackgroundService HealthAxis heartbeat running at "2026-07-16T10:12:45.6447644+05:30"------------
[2026-07-16 10:12:55.646 +05:30 INF] HealthApp.Api.BackgroundServices.HeartbeatBackgroundService HealthAxis heartbeat running at "2026-07-16T10:12:55.6468634+05:30"------------
[2026-07-16 10:13:05.650 +05:30 INF] HealthApp.Api.BackgroundServices.HeartbeatBackgroundService HealthAxis heartbeat running at "2026-07-16T10:13:05.6501376+05:30"------------
[2026-07-16 10:13:15.652 +05:30 INF] HealthApp.Api.BackgroundServices.HeartbeatBackgroundService HealthAxis heartbeat running at "2026-07-16T10:13:15.6522699+05:30"------------
[2026-07-16 10:13:25.654 +05:30 INF] HealthApp.Api.BackgroundServices.HeartbeatBackgroundService HealthAxis heartbeat running at "2026-07-16T10:13:25.6544638+05:30"------------
[2026-07-16 10:13:35.658 +05:30 INF] HealthApp.Api.BackgroundServices.HeartbeatBackgroundService HealthAxis heartbeat running at "2026-07-16T10:13:35.6580039+05:30"------------
[2026-07-16 10:13:45.660 +05:30 INF] HealthApp.Api.BackgroundServices.HeartbeatBackgroundService HealthAxis heartbeat running at "2026-07-16T10:13:45.6601121+05:30"------------
[2026-07-16 10:13:55.661 +05:30 INF] HealthApp.Api.BackgroundServices.HeartbeatBackgroundService HealthAxis heartbeat running at "2026-07-16T10:13:55.6611438+05:30"------------
[2026-07-16 10:14:05.662 +05:30 INF] HealthApp.Api.BackgroundServices.HeartbeatBackgroundService HealthAxis heartbeat running at "2026-07-16T10:14:05.6624188+05:30"------------
[2026-07-16 10:14:15.664 +05:30 INF] HealthApp.Api.BackgroundServices.HeartbeatBackgroundService HealthAxis heartbeat running at "2026-07-16T10:14:15.6641480+05:30"------------
[2026-07-16 10:14:25.667 +05:30 INF] HealthApp.Api.BackgroundServices.HeartbeatBackgroundService HealthAxis heartbeat running at "2026-07-16T10:14:25.6669217+05:30"------------
[2026-07-16 10:14:35.671 +05:30 INF] HealthApp.Api.BackgroundServices.HeartbeatBackgroundService HealthAxis heartbeat running at "2026-07-16T10:14:35.6717625+05:30"------------
[2026-07-16 10:14:45.672 +05:30 INF] HealthApp.Api.BackgroundServices.HeartbeatBackgroundService HealthAxis heartbeat running at "2026-07-16T10:14:45.6729596+05:30"------------
[2026-07-16 10:14:55.674 +05:30 INF] HealthApp.Api.BackgroundServices.HeartbeatBackgroundService HealthAxis heartbeat running at "2026-07-16T10:14:55.6749056+05:30"------------
[2026-07-16 10:15:05.677 +05:30 INF] HealthApp.Api.BackgroundServices.HeartbeatBackgroundService HealthAxis heartbeat running at "2026-07-16T10:15:05.6770086+05:30"------------
[2026-07-16 10:15:15.679 +05:30 INF] HealthApp.Api.BackgroundServices.HeartbeatBackgroundService HealthAxis heartbeat running at "2026-07-16T10:15:15.6797660+05:30"------------
[2026-07-16 10:15:25.684 +05:30 INF] HealthApp.Api.BackgroundServices.HeartbeatBackgroundService HealthAxis heartbeat running at "2026-07-16T10:15:25.6849450+05:30"------------
[2026-07-16 10:15:35.687 +05:30 INF] HealthApp.Api.BackgroundServices.HeartbeatBackgroundService HealthAxis heartbeat running at "2026-07-16T10:15:35.6875543+05:30"------------
[2026-07-16 10:15:45.690 +05:30 INF] HealthApp.Api.BackgroundServices.HeartbeatBackgroundService HealthAxis heartbeat running at "2026-07-16T10:15:45.6905836+05:30"------------
[2026-07-16 10:15:55.692 +05:30 INF] HealthApp.Api.BackgroundServices.HeartbeatBackgroundService HealthAxis heartbeat running at "2026-07-16T10:15:55.6927102+05:30"------------
[2026-07-16 10:16:05.695 +05:30 INF] HealthApp.Api.BackgroundServices.HeartbeatBackgroundService HealthAxis heartbeat running at "2026-07-16T10:16:05.6954084+05:30"------------
[2026-07-16 10:16:15.700 +05:30 INF] HealthApp.Api.BackgroundServices.HeartbeatBackgroundService HealthAxis heartbeat running at "2026-07-16T10:16:15.7006645+05:30"------------
[2026-07-16 10:16:24.413 +05:30 INF] Serilog.AspNetCore.RequestLoggingMiddleware HTTP OPTIONS /api/PatientApi/me responded 204 in 1.6721 ms
[2026-07-16 10:16:24.490 +05:30 INF] Serilog.AspNetCore.RequestLoggingMiddleware HTTP OPTIONS /api/appointments/me responded 204 in 0.0840 ms
[2026-07-16 10:16:24.490 +05:30 INF] Serilog.AspNetCore.RequestLoggingMiddleware HTTP OPTIONS /api/HealthRecordApi/me responded 204 in 0.0472 ms
[2026-07-16 10:16:24.654 +05:30 INF] Serilog.AspNetCore.RequestLoggingMiddleware HTTP GET /api/appointments/me responded 401 in 146.9643 ms
[2026-07-16 10:16:24.654 +05:30 INF] Serilog.AspNetCore.RequestLoggingMiddleware HTTP GET /api/HealthRecordApi/me responded 401 in 112.3677 ms
[2026-07-16 10:16:25.704 +05:30 INF] HealthApp.Api.BackgroundServices.HeartbeatBackgroundService HealthAxis heartbeat running at "2026-07-16T10:16:25.7041873+05:30"------------
[2026-07-16 10:16:35.709 +05:30 INF] HealthApp.Api.BackgroundServices.HeartbeatBackgroundService HealthAxis heartbeat running at "2026-07-16T10:16:35.7097366+05:30"------------
[2026-07-16 10:16:45.716 +05:30 INF] HealthApp.Api.BackgroundServices.HeartbeatBackgroundService HealthAxis heartbeat running at "2026-07-16T10:16:45.7163430+05:30"------------
[2026-07-16 10:16:55.727 +05:30 INF] HealthApp.Api.BackgroundServices.HeartbeatBackgroundService HealthAxis heartbeat running at "2026-07-16T10:16:55.7279232+05:30"------------
[2026-07-16 10:17:05.737 +05:30 INF] HealthApp.Api.BackgroundServices.HeartbeatBackgroundService HealthAxis heartbeat running at "2026-07-16T10:17:05.7376128+05:30"------------
[2026-07-16 10:17:15.750 +05:30 INF] HealthApp.Api.BackgroundServices.HeartbeatBackgroundService HealthAxis heartbeat running at "2026-07-16T10:17:15.7506240+05:30"------------
[2026-07-16 10:17:25.759 +05:30 INF] HealthApp.Api.BackgroundServices.HeartbeatBackgroundService HealthAxis heartbeat running at "2026-07-16T10:17:25.7596839+05:30"------------
[2026-07-16 10:17:35.775 +05:30 INF] HealthApp.Api.BackgroundServices.HeartbeatBackgroundService HealthAxis heartbeat running at "2026-07-16T10:17:35.7755086+05:30"------------
[2026-07-16 10:17:45.792 +05:30 INF] HealthApp.Api.BackgroundServices.HeartbeatBackgroundService HealthAxis heartbeat running at "2026-07-16T10:17:45.7928092+05:30"------------
[2026-07-16 10:17:55.811 +05:30 INF] HealthApp.Api.BackgroundServices.HeartbeatBackgroundService HealthAxis heartbeat running at "2026-07-16T10:17:55.8116326+05:30"------------
[2026-07-16 10:18:05.830 +05:30 INF] HealthApp.Api.BackgroundServices.HeartbeatBackgroundService HealthAxis heartbeat running at "2026-07-16T10:18:05.8303993+05:30"------------
[2026-07-16 10:18:15.836 +05:30 INF] HealthApp.Api.BackgroundServices.HeartbeatBackgroundService HealthAxis heartbeat running at "2026-07-16T10:18:15.8367593+05:30"------------
[2026-07-16 10:18:25.850 +05:30 INF] HealthApp.Api.BackgroundServices.HeartbeatBackgroundService HealthAxis heartbeat running at "2026-07-16T10:18:25.8501933+05:30"------------
[2026-07-16 10:18:35.860 +05:30 INF] HealthApp.Api.BackgroundServices.HeartbeatBackgroundService HealthAxis heartbeat running at "2026-07-16T10:18:35.8601045+05:30"------------
[2026-07-16 10:18:45.867 +05:30 INF] HealthApp.Api.BackgroundServices.HeartbeatBackgroundService HealthAxis heartbeat running at "2026-07-16T10:18:45.8674499+05:30"------------
[2026-07-16 10:18:55.884 +05:30 INF] HealthApp.Api.BackgroundServices.HeartbeatBackgroundService HealthAxis heartbeat running at "2026-07-16T10:18:55.8849184+05:30"------------
[2026-07-16 10:19:05.893 +05:30 INF] HealthApp.Api.BackgroundServices.HeartbeatBackgroundService HealthAxis heartbeat running at "2026-07-16T10:19:05.8931273+05:30"------------
[2026-07-16 10:19:15.905 +05:30 INF] HealthApp.Api.BackgroundServices.HeartbeatBackgroundService HealthAxis heartbeat running at "2026-07-16T10:19:15.9059559+05:30"------------
[2026-07-16 10:19:25.916 +05:30 INF] HealthApp.Api.BackgroundServices.HeartbeatBackgroundService HealthAxis heartbeat running at "2026-07-16T10:19:25.9169429+05:30"------------
[2026-07-16 10:19:35.923 +05:30 INF] HealthApp.Api.BackgroundServices.HeartbeatBackgroundService HealthAxis heartbeat running at "2026-07-16T10:19:35.9239610+05:30"------------
[2026-07-16 10:19:45.928 +05:30 INF] HealthApp.Api.BackgroundServices.HeartbeatBackgroundService HealthAxis heartbeat running at "2026-07-16T10:19:45.9285245+05:30"------------
[2026-07-16 10:19:55.933 +05:30 INF] HealthApp.Api.BackgroundServices.HeartbeatBackgroundService HealthAxis heartbeat running at "2026-07-16T10:19:55.9339320+05:30"------------
[2026-07-16 10:20:05.946 +05:30 INF] HealthApp.Api.BackgroundServices.HeartbeatBackgroundService HealthAxis heartbeat running at "2026-07-16T10:20:05.9467053+05:30"------------
[2026-07-16 10:20:09.539 +05:30 INF] Serilog.AspNetCore.RequestLoggingMiddleware HTTP OPTIONS /api/appointments/me responded 204 in 0.1222 ms
[2026-07-16 10:20:09.547 +05:30 INF] Serilog.AspNetCore.RequestLoggingMiddleware HTTP GET /api/appointments/me responded 401 in 4.1462 ms
[2026-07-16 10:20:10.686 +05:30 INF] Serilog.AspNetCore.RequestLoggingMiddleware HTTP OPTIONS /api/doctors/activedoctors responded 204 in 0.1011 ms
[2026-07-16 10:20:11.081 +05:30 INF] Serilog.AspNetCore.RequestLoggingMiddleware HTTP GET /api/doctors/activedoctors responded 200 in 389.2417 ms
[2026-07-16 10:20:15.964 +05:30 INF] HealthApp.Api.BackgroundServices.HeartbeatBackgroundService HealthAxis heartbeat running at "2026-07-16T10:20:15.9641680+05:30"------------
[2026-07-16 10:20:25.978 +05:30 INF] HealthApp.Api.BackgroundServices.HeartbeatBackgroundService HealthAxis heartbeat running at "2026-07-16T10:20:25.9781606+05:30"------------
[2026-07-16 10:20:35.983 +05:30 INF] HealthApp.Api.BackgroundServices.HeartbeatBackgroundService HealthAxis heartbeat running at "2026-07-16T10:20:35.9836702+05:30"------------
[2026-07-16 10:20:45.996 +05:30 INF] HealthApp.Api.BackgroundServices.HeartbeatBackgroundService HealthAxis heartbeat running at "2026-07-16T10:20:45.9963668+05:30"------------
[2026-07-16 10:20:56.006 +05:30 INF] HealthApp.Api.BackgroundServices.HeartbeatBackgroundService HealthAxis heartbeat running at "2026-07-16T10:20:56.0064998+05:30"------------
[2026-07-16 10:21:06.015 +05:30 INF] HealthApp.Api.BackgroundServices.HeartbeatBackgroundService HealthAxis heartbeat running at "2026-07-16T10:21:06.0150024+05:30"------------
[2026-07-16 10:21:16.027 +05:30 INF] HealthApp.Api.BackgroundServices.HeartbeatBackgroundService HealthAxis heartbeat running at "2026-07-16T10:21:16.0278711+05:30"------------
[2026-07-16 10:21:26.043 +05:30 INF] HealthApp.Api.BackgroundServices.HeartbeatBackgroundService HealthAxis heartbeat running at "2026-07-16T10:21:26.0436590+05:30"------------
[2026-07-16 10:21:36.060 +05:30 INF] HealthApp.Api.BackgroundServices.HeartbeatBackgroundService HealthAxis heartbeat running at "2026-07-16T10:21:36.0599921+05:30"------------
[2026-07-16 10:21:46.074 +05:30 INF] HealthApp.Api.BackgroundServices.HeartbeatBackgroundService HealthAxis heartbeat running at "2026-07-16T10:21:46.0747135+05:30"------------
[2026-07-16 10:21:56.083 +05:30 INF] HealthApp.Api.BackgroundServices.HeartbeatBackgroundService HealthAxis heartbeat running at "2026-07-16T10:21:56.0830139+05:30"------------
[2026-07-16 10:22:06.101 +05:30 INF] HealthApp.Api.BackgroundServices.HeartbeatBackgroundService HealthAxis heartbeat running at "2026-07-16T10:22:06.1016147+05:30"------------
[2026-07-16 10:22:16.111 +05:30 INF] HealthApp.Api.BackgroundServices.HeartbeatBackgroundService HealthAxis heartbeat running at "2026-07-16T10:22:16.1115093+05:30"------------
[2026-07-16 10:22:26.128 +05:30 INF] HealthApp.Api.BackgroundServices.HeartbeatBackgroundService HealthAxis heartbeat running at "2026-07-16T10:22:26.1283301+05:30"------------
[2026-07-16 10:22:36.132 +05:30 INF] HealthApp.Api.BackgroundServices.HeartbeatBackgroundService HealthAxis heartbeat running at "2026-07-16T10:22:36.1328225+05:30"------------
[2026-07-16 10:22:46.143 +05:30 INF] HealthApp.Api.BackgroundServices.HeartbeatBackgroundService HealthAxis heartbeat running at "2026-07-16T10:22:46.1438272+05:30"------------
[2026-07-16 10:22:56.155 +05:30 INF] HealthApp.Api.BackgroundServices.HeartbeatBackgroundService HealthAxis heartbeat running at "2026-07-16T10:22:56.1557430+05:30"------------
[2026-07-16 10:23:06.175 +05:30 INF] HealthApp.Api.BackgroundServices.HeartbeatBackgroundService HealthAxis heartbeat running at "2026-07-16T10:23:06.1757360+05:30"------------
[2026-07-16 10:23:16.180 +05:30 INF] HealthApp.Api.BackgroundServices.HeartbeatBackgroundService HealthAxis heartbeat running at "2026-07-16T10:23:16.1808957+05:30"------------
[2026-07-16 10:23:26.200 +05:30 INF] HealthApp.Api.BackgroundServices.HeartbeatBackgroundService HealthAxis heartbeat running at "2026-07-16T10:23:26.2000252+05:30"------------
[2026-07-16 10:23:36.218 +05:30 INF] HealthApp.Api.BackgroundServices.HeartbeatBackgroundService HealthAxis heartbeat running at "2026-07-16T10:23:36.2188904+05:30"------------
[2026-07-16 10:23:46.227 +05:30 INF] HealthApp.Api.BackgroundServices.HeartbeatBackgroundService HealthAxis heartbeat running at "2026-07-16T10:23:46.2272601+05:30"------------
[2026-07-16 10:23:56.249 +05:30 INF] HealthApp.Api.BackgroundServices.HeartbeatBackgroundService HealthAxis heartbeat running at "2026-07-16T10:23:56.2497928+05:30"------------
[2026-07-16 10:24:06.258 +05:30 INF] HealthApp.Api.BackgroundServices.HeartbeatBackgroundService HealthAxis heartbeat running at "2026-07-16T10:24:06.2583672+05:30"------------
[2026-07-16 10:24:16.274 +05:30 INF] HealthApp.Api.BackgroundServices.HeartbeatBackgroundService HealthAxis heartbeat running at "2026-07-16T10:24:16.2747433+05:30"------------
[2026-07-16 10:24:26.287 +05:30 INF] HealthApp.Api.BackgroundServices.HeartbeatBackgroundService HealthAxis heartbeat running at "2026-07-16T10:24:26.2875204+05:30"------------
[2026-07-16 10:24:36.303 +05:30 INF] HealthApp.Api.BackgroundServices.HeartbeatBackgroundService HealthAxis heartbeat running at "2026-07-16T10:24:36.3035672+05:30"------------
[2026-07-16 10:24:46.307 +05:30 INF] HealthApp.Api.BackgroundServices.HeartbeatBackgroundService HealthAxis heartbeat running at "2026-07-16T10:24:46.3071056+05:30"------------
[2026-07-16 10:24:56.319 +05:30 INF] HealthApp.Api.BackgroundServices.HeartbeatBackgroundService HealthAxis heartbeat running at "2026-07-16T10:24:56.3194400+05:30"------------
[2026-07-16 10:25:06.327 +05:30 INF] HealthApp.Api.BackgroundServices.HeartbeatBackgroundService HealthAxis heartbeat running at "2026-07-16T10:25:06.3272959+05:30"------------
[2026-07-16 10:25:16.336 +05:30 INF] HealthApp.Api.BackgroundServices.HeartbeatBackgroundService HealthAxis heartbeat running at "2026-07-16T10:25:16.3362804+05:30"------------
[2026-07-16 10:25:26.345 +05:30 INF] HealthApp.Api.BackgroundServices.HeartbeatBackgroundService HealthAxis heartbeat running at "2026-07-16T10:25:26.3458304+05:30"------------
[2026-07-16 10:58:00.417 +05:30 INF] HealthApp.Api.BackgroundServices.HeartbeatBackgroundService HealthAxis heartbeat running at "2026-07-16T10:58:00.4175779+05:30"------------
[2026-07-16 10:58:12.288 +05:30 INF] HealthApp.Api.BackgroundServices.HeartbeatBackgroundService HealthAxis heartbeat running at "2026-07-16T10:58:12.2885518+05:30"------------
[2026-07-16 10:58:22.579 +05:30 INF] HealthApp.Api.BackgroundServices.HeartbeatBackgroundService HealthAxis heartbeat running at "2026-07-16T10:58:22.5793308+05:30"------------
[2026-07-16 10:58:32.592 +05:30 INF] HealthApp.Api.BackgroundServices.HeartbeatBackgroundService HealthAxis heartbeat running at "2026-07-16T10:58:32.5925399+05:30"------------
[2026-07-16 10:58:42.600 +05:30 INF] HealthApp.Api.BackgroundServices.HeartbeatBackgroundService HealthAxis heartbeat running at "2026-07-16T10:58:42.6007663+05:30"------------
[2026-07-16 10:58:52.610 +05:30 INF] HealthApp.Api.BackgroundServices.HeartbeatBackgroundService HealthAxis heartbeat running at "2026-07-16T10:58:52.6101774+05:30"------------
[2026-07-16 10:59:02.620 +05:30 INF] HealthApp.Api.BackgroundServices.HeartbeatBackgroundService HealthAxis heartbeat running at "2026-07-16T10:59:02.6206744+05:30"------------
[2026-07-16 10:59:12.634 +05:30 INF] HealthApp.Api.BackgroundServices.HeartbeatBackgroundService HealthAxis heartbeat running at "2026-07-16T10:59:12.6344716+05:30"------------
[2026-07-16 10:59:22.649 +05:30 INF] HealthApp.Api.BackgroundServices.HeartbeatBackgroundService HealthAxis heartbeat running at "2026-07-16T10:59:22.6492873+05:30"------------
[2026-07-16 10:59:32.669 +05:30 INF] HealthApp.Api.BackgroundServices.HeartbeatBackgroundService HealthAxis heartbeat running at "2026-07-16T10:59:32.6692531+05:30"------------
[2026-07-16 10:59:42.676 +05:30 INF] HealthApp.Api.BackgroundServices.HeartbeatBackgroundService HealthAxis heartbeat running at "2026-07-16T10:59:42.6767660+05:30"------------
[2026-07-16 10:59:52.686 +05:30 INF] HealthApp.Api.BackgroundServices.HeartbeatBackgroundService HealthAxis heartbeat running at "2026-07-16T10:59:52.6865800+05:30"------------
[2026-07-16 11:00:02.688 +05:30 INF] HealthApp.Api.BackgroundServices.HeartbeatBackgroundService HealthAxis heartbeat running at "2026-07-16T11:00:02.6881470+05:30"------------
[2026-07-16 11:00:12.698 +05:30 INF] HealthApp.Api.BackgroundServices.HeartbeatBackgroundService HealthAxis heartbeat running at "2026-07-16T11:00:12.6984418+05:30"------------
[2026-07-16 11:00:22.710 +05:30 INF] HealthApp.Api.BackgroundServices.HeartbeatBackgroundService HealthAxis heartbeat running at "2026-07-16T11:00:22.7101899+05:30"------------
[2026-07-16 11:00:32.728 +05:30 INF] HealthApp.Api.BackgroundServices.HeartbeatBackgroundService HealthAxis heartbeat running at "2026-07-16T11:00:32.7280132+05:30"------------
[2026-07-16 11:00:42.743 +05:30 INF] HealthApp.Api.BackgroundServices.HeartbeatBackgroundService HealthAxis heartbeat running at "2026-07-16T11:00:42.7433698+05:30"------------
[2026-07-16 11:00:52.756 +05:30 INF] HealthApp.Api.BackgroundServices.HeartbeatBackgroundService HealthAxis heartbeat running at "2026-07-16T11:00:52.7561825+05:30"------------
[2026-07-16 11:01:02.774 +05:30 INF] HealthApp.Api.BackgroundServices.HeartbeatBackgroundService HealthAxis heartbeat running at "2026-07-16T11:01:02.7743963+05:30"------------
[2026-07-16 11:01:12.799 +05:30 INF] HealthApp.Api.BackgroundServices.HeartbeatBackgroundService HealthAxis heartbeat running at "2026-07-16T11:01:12.7986264+05:30"------------
[2026-07-16 11:01:22.989 +05:30 INF] HealthApp.Api.BackgroundServices.HeartbeatBackgroundService HealthAxis heartbeat running at "2026-07-16T11:01:22.9898482+05:30"------------
[2026-07-16 11:01:33.006 +05:30 INF] HealthApp.Api.BackgroundServices.HeartbeatBackgroundService HealthAxis heartbeat running at "2026-07-16T11:01:33.0059918+05:30"------------
[2026-07-16 11:01:43.016 +05:30 INF] HealthApp.Api.BackgroundServices.HeartbeatBackgroundService HealthAxis heartbeat running at "2026-07-16T11:01:43.0160439+05:30"------------
[2026-07-16 11:01:53.025 +05:30 INF] HealthApp.Api.BackgroundServices.HeartbeatBackgroundService HealthAxis heartbeat running at "2026-07-16T11:01:53.0251902+05:30"------------
[2026-07-16 11:02:03.038 +05:30 INF] HealthApp.Api.BackgroundServices.HeartbeatBackgroundService HealthAxis heartbeat running at "2026-07-16T11:02:03.0383180+05:30"------------
[2026-07-16 11:02:13.046 +05:30 INF] HealthApp.Api.BackgroundServices.HeartbeatBackgroundService HealthAxis heartbeat running at "2026-07-16T11:02:13.0467498+05:30"------------
[2026-07-16 11:02:23.056 +05:30 INF] HealthApp.Api.BackgroundServices.HeartbeatBackgroundService HealthAxis heartbeat running at "2026-07-16T11:02:23.0565375+05:30"------------
[2026-07-16 11:02:33.061 +05:30 INF] HealthApp.Api.BackgroundServices.HeartbeatBackgroundService HealthAxis heartbeat running at "2026-07-16T11:02:33.0613203+05:30"------------
[2026-07-16 11:02:43.071 +05:30 INF] HealthApp.Api.BackgroundServices.HeartbeatBackgroundService HealthAxis heartbeat running at "2026-07-16T11:02:43.0719175+05:30"------------
[2026-07-16 11:02:53.083 +05:30 INF] HealthApp.Api.BackgroundServices.HeartbeatBackgroundService HealthAxis heartbeat running at "2026-07-16T11:02:53.0831584+05:30"------------
[2026-07-16 11:03:03.101 +05:30 INF] HealthApp.Api.BackgroundServices.HeartbeatBackgroundService HealthAxis heartbeat running at "2026-07-16T11:03:03.1015490+05:30"------------
[2026-07-16 11:03:13.113 +05:30 INF] HealthApp.Api.BackgroundServices.HeartbeatBackgroundService HealthAxis heartbeat running at "2026-07-16T11:03:13.1139594+05:30"------------
[2026-07-16 11:03:23.158 +05:30 INF] HealthApp.Api.BackgroundServices.HeartbeatBackgroundService HealthAxis heartbeat running at "2026-07-16T11:03:23.1584352+05:30"------------
[2026-07-16 11:03:33.176 +05:30 INF] HealthApp.Api.BackgroundServices.HeartbeatBackgroundService HealthAxis heartbeat running at "2026-07-16T11:03:33.1764591+05:30"------------
[2026-07-16 11:03:43.196 +05:30 INF] HealthApp.Api.BackgroundServices.HeartbeatBackgroundService HealthAxis heartbeat running at "2026-07-16T11:03:43.1967967+05:30"------------
[2026-07-16 11:03:53.208 +05:30 INF] HealthApp.Api.BackgroundServices.HeartbeatBackgroundService HealthAxis heartbeat running at "2026-07-16T11:03:53.2081617+05:30"------------
[2026-07-16 11:04:03.237 +05:30 INF] HealthApp.Api.BackgroundServices.HeartbeatBackgroundService HealthAxis heartbeat running at "2026-07-16T11:04:03.2372035+05:30"------------
[2026-07-16 11:04:13.253 +05:30 INF] HealthApp.Api.BackgroundServices.HeartbeatBackgroundService HealthAxis heartbeat running at "2026-07-16T11:04:13.2530321+05:30"------------
[2026-07-16 11:04:23.268 +05:30 INF] HealthApp.Api.BackgroundServices.HeartbeatBackgroundService HealthAxis heartbeat running at "2026-07-16T11:04:23.2688717+05:30"------------
[2026-07-16 11:04:33.282 +05:30 INF] HealthApp.Api.BackgroundServices.HeartbeatBackgroundService HealthAxis heartbeat running at "2026-07-16T11:04:33.2828157+05:30"------------
[2026-07-16 11:04:43.286 +05:30 INF] HealthApp.Api.BackgroundServices.HeartbeatBackgroundService HealthAxis heartbeat running at "2026-07-16T11:04:43.2864253+05:30"------------
[2026-07-16 11:04:53.300 +05:30 INF] HealthApp.Api.BackgroundServices.HeartbeatBackgroundService HealthAxis heartbeat running at "2026-07-16T11:04:53.3007278+05:30"------------
[2026-07-16 11:05:03.340 +05:30 INF] HealthApp.Api.BackgroundServices.HeartbeatBackgroundService HealthAxis heartbeat running at "2026-07-16T11:05:03.3407458+05:30"------------
[2026-07-16 11:05:13.347 +05:30 INF] HealthApp.Api.BackgroundServices.HeartbeatBackgroundService HealthAxis heartbeat running at "2026-07-16T11:05:13.3473752+05:30"------------
[2026-07-16 11:05:23.354 +05:30 INF] HealthApp.Api.BackgroundServices.HeartbeatBackgroundService HealthAxis heartbeat running at "2026-07-16T11:05:23.3544828+05:30"------------
[2026-07-16 11:05:33.358 +05:30 INF] HealthApp.Api.BackgroundServices.HeartbeatBackgroundService HealthAxis heartbeat running at "2026-07-16T11:05:33.3579930+05:30"------------
[2026-07-16 11:05:43.373 +05:30 INF] HealthApp.Api.BackgroundServices.HeartbeatBackgroundService HealthAxis heartbeat running at "2026-07-16T11:05:43.3729915+05:30"------------
[2026-07-16 11:05:53.384 +05:30 INF] HealthApp.Api.BackgroundServices.HeartbeatBackgroundService HealthAxis heartbeat running at "2026-07-16T11:05:53.3849722+05:30"------------
[2026-07-16 11:06:03.392 +05:30 INF] HealthApp.Api.BackgroundServices.HeartbeatBackgroundService HealthAxis heartbeat running at "2026-07-16T11:06:03.3920777+05:30"------------
[2026-07-16 11:06:13.405 +05:30 INF] HealthApp.Api.BackgroundServices.HeartbeatBackgroundService HealthAxis heartbeat running at "2026-07-16T11:06:13.4051615+05:30"------------
[2026-07-16 11:06:23.419 +05:30 INF] HealthApp.Api.BackgroundServices.HeartbeatBackgroundService HealthAxis heartbeat running at "2026-07-16T11:06:23.4195652+05:30"------------
[2026-07-16 11:06:33.436 +05:30 INF] HealthApp.Api.BackgroundServices.HeartbeatBackgroundService HealthAxis heartbeat running at "2026-07-16T11:06:33.4361375+05:30"------------
[2026-07-16 11:06:43.448 +05:30 INF] HealthApp.Api.BackgroundServices.HeartbeatBackgroundService HealthAxis heartbeat running at "2026-07-16T11:06:43.4480056+05:30"------------
[2026-07-16 11:06:53.458 +05:30 INF] HealthApp.Api.BackgroundServices.HeartbeatBackgroundService HealthAxis heartbeat running at "2026-07-16T11:06:53.4583577+05:30"------------
[2026-07-16 11:07:03.473 +05:30 INF] HealthApp.Api.BackgroundServices.HeartbeatBackgroundService HealthAxis heartbeat running at "2026-07-16T11:07:03.4731422+05:30"------------
[2026-07-16 11:07:13.487 +05:30 INF] HealthApp.Api.BackgroundServices.HeartbeatBackgroundService HealthAxis heartbeat running at "2026-07-16T11:07:13.4873542+05:30"------------
[2026-07-16 11:07:23.503 +05:30 INF] HealthApp.Api.BackgroundServices.HeartbeatBackgroundService HealthAxis heartbeat running at "2026-07-16T11:07:23.5032985+05:30"------------
[2026-07-16 11:07:33.508 +05:30 INF] HealthApp.Api.BackgroundServices.HeartbeatBackgroundService HealthAxis heartbeat running at "2026-07-16T11:07:33.5084162+05:30"------------
[2026-07-16 11:07:43.526 +05:30 INF] HealthApp.Api.BackgroundServices.HeartbeatBackgroundService HealthAxis heartbeat running at "2026-07-16T11:07:43.5269009+05:30"------------
[2026-07-16 11:07:53.530 +05:30 INF] HealthApp.Api.BackgroundServices.HeartbeatBackgroundService HealthAxis heartbeat running at "2026-07-16T11:07:53.5305703+05:30"------------
[2026-07-16 11:08:03.540 +05:30 INF] HealthApp.Api.BackgroundServices.HeartbeatBackgroundService HealthAxis heartbeat running at "2026-07-16T11:08:03.5406568+05:30"------------
[2026-07-16 11:08:13.544 +05:30 INF] HealthApp.Api.BackgroundServices.HeartbeatBackgroundService HealthAxis heartbeat running at "2026-07-16T11:08:13.5441616+05:30"------------
[2026-07-16 11:08:23.553 +05:30 INF] HealthApp.Api.BackgroundServices.HeartbeatBackgroundService HealthAxis heartbeat running at "2026-07-16T11:08:23.5530372+05:30"------------
[2026-07-16 11:08:33.559 +05:30 INF] HealthApp.Api.BackgroundServices.HeartbeatBackgroundService HealthAxis heartbeat running at "2026-07-16T11:08:33.5594846+05:30"------------
[2026-07-16 11:08:43.575 +05:30 INF] HealthApp.Api.BackgroundServices.HeartbeatBackgroundService HealthAxis heartbeat running at "2026-07-16T11:08:43.5751478+05:30"------------
[2026-07-16 11:08:53.588 +05:30 INF] HealthApp.Api.BackgroundServices.HeartbeatBackgroundService HealthAxis heartbeat running at "2026-07-16T11:08:53.5889142+05:30"------------
[2026-07-16 11:09:03.604 +05:30 INF] HealthApp.Api.BackgroundServices.HeartbeatBackgroundService HealthAxis heartbeat running at "2026-07-16T11:09:03.6048341+05:30"------------
[2026-07-16 11:09:13.613 +05:30 INF] HealthApp.Api.BackgroundServices.HeartbeatBackgroundService HealthAxis heartbeat running at "2026-07-16T11:09:13.6135522+05:30"------------
[2026-07-16 11:09:23.617 +05:30 INF] HealthApp.Api.BackgroundServices.HeartbeatBackgroundService HealthAxis heartbeat running at "2026-07-16T11:09:23.6179074+05:30"------------
[2026-07-16 11:09:33.622 +05:30 INF] HealthApp.Api.BackgroundServices.HeartbeatBackgroundService HealthAxis heartbeat running at "2026-07-16T11:09:33.6220441+05:30"------------
[2026-07-16 11:09:43.632 +05:30 INF] HealthApp.Api.BackgroundServices.HeartbeatBackgroundService HealthAxis heartbeat running at "2026-07-16T11:09:43.6327417+05:30"------------
[2026-07-16 11:09:53.645 +05:30 INF] HealthApp.Api.BackgroundServices.HeartbeatBackgroundService HealthAxis heartbeat running at "2026-07-16T11:09:53.6451604+05:30"------------
[2026-07-16 11:10:03.660 +05:30 INF] HealthApp.Api.BackgroundServices.HeartbeatBackgroundService HealthAxis heartbeat running at "2026-07-16T11:10:03.6604473+05:30"------------
[2026-07-16 11:10:13.662 +05:30 INF] HealthApp.Api.BackgroundServices.HeartbeatBackgroundService HealthAxis heartbeat running at "2026-07-16T11:10:13.6629277+05:30"------------
[2026-07-16 11:10:23.676 +05:30 INF] HealthApp.Api.BackgroundServices.HeartbeatBackgroundService HealthAxis heartbeat running at "2026-07-16T11:10:23.6764118+05:30"------------
[2026-07-16 11:10:33.694 +05:30 INF] HealthApp.Api.BackgroundServices.HeartbeatBackgroundService HealthAxis heartbeat running at "2026-07-16T11:10:33.6947782+05:30"------------
[2026-07-16 11:10:43.699 +05:30 INF] HealthApp.Api.BackgroundServices.HeartbeatBackgroundService HealthAxis heartbeat running at "2026-07-16T11:10:43.6997147+05:30"------------
[2026-07-16 11:10:53.711 +05:30 INF] HealthApp.Api.BackgroundServices.HeartbeatBackgroundService HealthAxis heartbeat running at "2026-07-16T11:10:53.7118363+05:30"------------
[2026-07-16 11:11:03.716 +05:30 INF] HealthApp.Api.BackgroundServices.HeartbeatBackgroundService HealthAxis heartbeat running at "2026-07-16T11:11:03.7168802+05:30"------------
[2026-07-16 11:11:13.729 +05:30 INF] HealthApp.Api.BackgroundServices.HeartbeatBackgroundService HealthAxis heartbeat running at "2026-07-16T11:11:13.7299044+05:30"------------
[2026-07-16 11:11:23.742 +05:30 INF] HealthApp.Api.BackgroundServices.HeartbeatBackgroundService HealthAxis heartbeat running at "2026-07-16T11:11:23.7424139+05:30"------------
[2026-07-16 11:11:33.756 +05:30 INF] HealthApp.Api.BackgroundServices.HeartbeatBackgroundService HealthAxis heartbeat running at "2026-07-16T11:11:33.7564149+05:30"------------
[2026-07-16 11:11:43.760 +05:30 INF] HealthApp.Api.BackgroundServices.HeartbeatBackgroundService HealthAxis heartbeat running at "2026-07-16T11:11:43.7606605+05:30"------------
[2026-07-16 11:11:53.771 +05:30 INF] HealthApp.Api.BackgroundServices.HeartbeatBackgroundService HealthAxis heartbeat running at "2026-07-16T11:11:53.7719029+05:30"------------
[2026-07-16 11:12:03.782 +05:30 INF] HealthApp.Api.BackgroundServices.HeartbeatBackgroundService HealthAxis heartbeat running at "2026-07-16T11:12:03.7827662+05:30"------------
[2026-07-16 11:12:13.811 +05:30 INF] HealthApp.Api.BackgroundServices.HeartbeatBackgroundService HealthAxis heartbeat running at "2026-07-16T11:12:13.8112849+05:30"------------
[2026-07-16 11:12:23.849 +05:30 INF] HealthApp.Api.BackgroundServices.HeartbeatBackgroundService HealthAxis heartbeat running at "2026-07-16T11:12:23.8489875+05:30"------------
[2026-07-16 11:12:33.859 +05:30 INF] HealthApp.Api.BackgroundServices.HeartbeatBackgroundService HealthAxis heartbeat running at "2026-07-16T11:12:33.8593743+05:30"------------
[2026-07-16 11:12:43.868 +05:30 INF] HealthApp.Api.BackgroundServices.HeartbeatBackgroundService HealthAxis heartbeat running at "2026-07-16T11:12:43.8685271+05:30"------------
[2026-07-16 11:12:53.873 +05:30 INF] HealthApp.Api.BackgroundServices.HeartbeatBackgroundService HealthAxis heartbeat running at "2026-07-16T11:12:53.8734379+05:30"------------
[2026-07-16 11:13:03.890 +05:30 INF] HealthApp.Api.BackgroundServices.HeartbeatBackgroundService HealthAxis heartbeat running at "2026-07-16T11:13:03.8906297+05:30"------------
[2026-07-16 11:13:13.900 +05:30 INF] HealthApp.Api.BackgroundServices.HeartbeatBackgroundService HealthAxis heartbeat running at "2026-07-16T11:13:13.9002915+05:30"------------
[2026-07-16 11:13:23.909 +05:30 INF] HealthApp.Api.BackgroundServices.HeartbeatBackgroundService HealthAxis heartbeat running at "2026-07-16T11:13:23.9094674+05:30"------------
[2026-07-16 11:13:33.923 +05:30 INF] HealthApp.Api.BackgroundServices.HeartbeatBackgroundService HealthAxis heartbeat running at "2026-07-16T11:13:33.9238321+05:30"------------
[2026-07-16 11:13:43.927 +05:30 INF] HealthApp.Api.BackgroundServices.HeartbeatBackgroundService HealthAxis heartbeat running at "2026-07-16T11:13:43.9277115+05:30"------------
[2026-07-16 11:13:53.937 +05:30 INF] HealthApp.Api.BackgroundServices.HeartbeatBackgroundService HealthAxis heartbeat running at "2026-07-16T11:13:53.9371411+05:30"------------
[2026-07-16 11:14:03.949 +05:30 INF] HealthApp.Api.BackgroundServices.HeartbeatBackgroundService HealthAxis heartbeat running at "2026-07-16T11:14:03.9495136+05:30"------------
[2026-07-16 11:14:13.964 +05:30 INF] HealthApp.Api.BackgroundServices.HeartbeatBackgroundService HealthAxis heartbeat running at "2026-07-16T11:14:13.9643590+05:30"------------
[2026-07-16 11:14:23.983 +05:30 INF] HealthApp.Api.BackgroundServices.HeartbeatBackgroundService HealthAxis heartbeat running at "2026-07-16T11:14:23.9831302+05:30"------------
[2026-07-16 11:14:34.008 +05:30 INF] HealthApp.Api.BackgroundServices.HeartbeatBackgroundService HealthAxis heartbeat running at "2026-07-16T11:14:34.0088172+05:30"------------
[2026-07-16 11:14:44.017 +05:30 INF] HealthApp.Api.BackgroundServices.HeartbeatBackgroundService HealthAxis heartbeat running at "2026-07-16T11:14:44.0170785+05:30"------------
[2026-07-16 11:14:54.027 +05:30 INF] HealthApp.Api.BackgroundServices.HeartbeatBackgroundService HealthAxis heartbeat running at "2026-07-16T11:14:54.0272471+05:30"------------
[2026-07-16 11:15:04.039 +05:30 INF] HealthApp.Api.BackgroundServices.HeartbeatBackgroundService HealthAxis heartbeat running at "2026-07-16T11:15:04.0389993+05:30"------------
[2026-07-16 11:15:14.052 +05:30 INF] HealthApp.Api.BackgroundServices.HeartbeatBackgroundService HealthAxis heartbeat running at "2026-07-16T11:15:14.0522196+05:30"------------
[2026-07-16 11:15:24.062 +05:30 INF] HealthApp.Api.BackgroundServices.HeartbeatBackgroundService HealthAxis heartbeat running at "2026-07-16T11:15:24.0623448+05:30"------------
[2026-07-16 11:15:34.079 +05:30 INF] HealthApp.Api.BackgroundServices.HeartbeatBackgroundService HealthAxis heartbeat running at "2026-07-16T11:15:34.0799309+05:30"------------
[2026-07-16 11:15:44.084 +05:30 INF] HealthApp.Api.BackgroundServices.HeartbeatBackgroundService HealthAxis heartbeat running at "2026-07-16T11:15:44.0840836+05:30"------------
[2026-07-16 11:15:54.087 +05:30 INF] HealthApp.Api.BackgroundServices.HeartbeatBackgroundService HealthAxis heartbeat running at "2026-07-16T11:15:54.0872931+05:30"------------
[2026-07-16 11:16:04.099 +05:30 INF] HealthApp.Api.BackgroundServices.HeartbeatBackgroundService HealthAxis heartbeat running at "2026-07-16T11:16:04.0990564+05:30"------------
[2026-07-16 11:16:14.106 +05:30 INF] HealthApp.Api.BackgroundServices.HeartbeatBackgroundService HealthAxis heartbeat running at "2026-07-16T11:16:14.1065105+05:30"------------
[2026-07-16 11:16:24.114 +05:30 INF] HealthApp.Api.BackgroundServices.HeartbeatBackgroundService HealthAxis heartbeat running at "2026-07-16T11:16:24.1146229+05:30"------------
[2026-07-16 11:16:34.132 +05:30 INF] HealthApp.Api.BackgroundServices.HeartbeatBackgroundService HealthAxis heartbeat running at "2026-07-16T11:16:34.1325270+05:30"------------
[2026-07-16 11:16:44.137 +05:30 INF] HealthApp.Api.BackgroundServices.HeartbeatBackgroundService HealthAxis heartbeat running at "2026-07-16T11:16:44.1377920+05:30"------------
[2026-07-16 11:16:54.145 +05:30 INF] HealthApp.Api.BackgroundServices.HeartbeatBackgroundService HealthAxis heartbeat running at "2026-07-16T11:16:54.1453243+05:30"------------
[2026-07-16 11:17:04.153 +05:30 INF] HealthApp.Api.BackgroundServices.HeartbeatBackgroundService HealthAxis heartbeat running at "2026-07-16T11:17:04.1539084+05:30"------------
[2026-07-16 11:17:14.157 +05:30 INF] HealthApp.Api.BackgroundServices.HeartbeatBackgroundService HealthAxis heartbeat running at "2026-07-16T11:17:14.1578873+05:30"------------
[2026-07-16 11:17:24.168 +05:30 INF] HealthApp.Api.BackgroundServices.HeartbeatBackgroundService HealthAxis heartbeat running at "2026-07-16T11:17:24.1683874+05:30"------------
[2026-07-16 11:17:34.176 +05:30 INF] HealthApp.Api.BackgroundServices.HeartbeatBackgroundService HealthAxis heartbeat running at "2026-07-16T11:17:34.1767819+05:30"------------
[2026-07-16 11:17:44.187 +05:30 INF] HealthApp.Api.BackgroundServices.HeartbeatBackgroundService HealthAxis heartbeat running at "2026-07-16T11:17:44.1872196+05:30"------------
[2026-07-16 11:17:54.191 +05:30 INF] HealthApp.Api.BackgroundServices.HeartbeatBackgroundService HealthAxis heartbeat running at "2026-07-16T11:17:54.1910234+05:30"------------
[2026-07-16 11:18:04.209 +05:30 INF] HealthApp.Api.BackgroundServices.HeartbeatBackgroundService HealthAxis heartbeat running at "2026-07-16T11:18:04.2098712+05:30"------------
[2026-07-16 11:18:14.217 +05:30 INF] HealthApp.Api.BackgroundServices.HeartbeatBackgroundService HealthAxis heartbeat running at "2026-07-16T11:18:14.2173888+05:30"------------
[2026-07-16 11:18:24.235 +05:30 INF] HealthApp.Api.BackgroundServices.HeartbeatBackgroundService HealthAxis heartbeat running at "2026-07-16T11:18:24.2358386+05:30"------------
[2026-07-16 11:18:34.244 +05:30 INF] HealthApp.Api.BackgroundServices.HeartbeatBackgroundService HealthAxis heartbeat running at "2026-07-16T11:18:34.2439893+05:30"------------
[2026-07-16 11:18:44.248 +05:30 INF] HealthApp.Api.BackgroundServices.HeartbeatBackgroundService HealthAxis heartbeat running at "2026-07-16T11:18:44.2482550+05:30"------------
[2026-07-16 11:18:54.265 +05:30 INF] HealthApp.Api.BackgroundServices.HeartbeatBackgroundService HealthAxis heartbeat running at "2026-07-16T11:18:54.2659146+05:30"------------
[2026-07-16 11:19:04.277 +05:30 INF] HealthApp.Api.BackgroundServices.HeartbeatBackgroundService HealthAxis heartbeat running at "2026-07-16T11:19:04.2773498+05:30"------------
[2026-07-16 11:19:14.283 +05:30 INF] HealthApp.Api.BackgroundServices.HeartbeatBackgroundService HealthAxis heartbeat running at "2026-07-16T11:19:14.2832456+05:30"------------
[2026-07-16 11:19:24.288 +05:30 INF] HealthApp.Api.BackgroundServices.HeartbeatBackgroundService HealthAxis heartbeat running at "2026-07-16T11:19:24.2885645+05:30"------------
[2026-07-16 11:19:56.477 +05:30 INF] HealthApp.Api.BackgroundServices.HeartbeatBackgroundService HealthAxis Heartbeat Background Service started.+++++++++++++
[2026-07-16 11:19:56.782 +05:30 INF] Microsoft.Hosting.Lifetime Now listening on: http://localhost:5066
[2026-07-16 11:19:56.818 +05:30 INF] HealthApp.Api.BackgroundServices.HeartbeatBackgroundService HealthAxis heartbeat running at "2026-07-16T11:19:56.8169179+05:30"------------
[2026-07-16 11:19:56.970 +05:30 INF] MassTransit Bus started: "rabbitmq://localhost/"
[2026-07-16 11:19:57.034 +05:30 INF] Microsoft.Hosting.Lifetime Application started. Press Ctrl+C to shut down.
[2026-07-16 11:19:57.045 +05:30 INF] Microsoft.Hosting.Lifetime Hosting environment: Development
[2026-07-16 11:19:57.049 +05:30 INF] Microsoft.Hosting.Lifetime Content root path: C:\Users\310208\source\repos\Sprint 4\UST-Live-01\HealthApp.Api
[2026-07-16 11:20:06.836 +05:30 INF] HealthApp.Api.BackgroundServices.HeartbeatBackgroundService HealthAxis heartbeat running at "2026-07-16T11:20:06.8364299+05:30"------------
[2026-07-16 11:20:16.853 +05:30 INF] HealthApp.Api.BackgroundServices.HeartbeatBackgroundService HealthAxis heartbeat running at "2026-07-16T11:20:16.8536186+05:30"------------
[2026-07-16 11:20:26.868 +05:30 INF] HealthApp.Api.BackgroundServices.HeartbeatBackgroundService HealthAxis heartbeat running at "2026-07-16T11:20:26.8682577+05:30"------------
[2026-07-16 11:20:36.442 +05:30 INF] Serilog.AspNetCore.RequestLoggingMiddleware HTTP OPTIONS /api/doctors/activedoctors responded 204 in 16.6306 ms
[2026-07-16 11:20:36.873 +05:30 INF] HealthApp.Api.BackgroundServices.HeartbeatBackgroundService HealthAxis heartbeat running at "2026-07-16T11:20:36.8737530+05:30"------------
[2026-07-16 11:20:37.906 +05:30 INF] Serilog.AspNetCore.RequestLoggingMiddleware HTTP OPTIONS /api/appointments/me responded 204 in 1.2207 ms
[2026-07-16 11:20:37.925 +05:30 WRN] Microsoft.AspNetCore.HttpsPolicy.HttpsRedirectionMiddleware Failed to determine the https port for redirect.
[2026-07-16 11:20:38.187 +05:30 INF] Serilog.AspNetCore.RequestLoggingMiddleware HTTP GET /api/appointments/me responded 401 in 269.9309 ms
[2026-07-16 11:20:46.886 +05:30 INF] HealthApp.Api.BackgroundServices.HeartbeatBackgroundService HealthAxis heartbeat running at "2026-07-16T11:20:46.8858333+05:30"------------
[2026-07-16 11:20:56.893 +05:30 INF] HealthApp.Api.BackgroundServices.HeartbeatBackgroundService HealthAxis heartbeat running at "2026-07-16T11:20:56.8932318+05:30"------------
[2026-07-16 11:21:06.900 +05:30 INF] HealthApp.Api.BackgroundServices.HeartbeatBackgroundService HealthAxis heartbeat running at "2026-07-16T11:21:06.9000658+05:30"------------
[2026-07-16 11:21:16.911 +05:30 INF] HealthApp.Api.BackgroundServices.HeartbeatBackgroundService HealthAxis heartbeat running at "2026-07-16T11:21:16.9118605+05:30"------------
[2026-07-16 11:21:26.921 +05:30 INF] HealthApp.Api.BackgroundServices.HeartbeatBackgroundService HealthAxis heartbeat running at "2026-07-16T11:21:26.9217102+05:30"------------
[2026-07-16 11:21:36.935 +05:30 INF] HealthApp.Api.BackgroundServices.HeartbeatBackgroundService HealthAxis heartbeat running at "2026-07-16T11:21:36.9345645+05:30"------------
[2026-07-16 11:21:38.359 +05:30 INF] Serilog.AspNetCore.RequestLoggingMiddleware HTTP OPTIONS /api/auth/login responded 204 in 0.1708 ms
[2026-07-16 11:21:38.901 +05:30 INF] Serilog.AspNetCore.RequestLoggingMiddleware HTTP POST /api/auth/login responded 200 in 534.2471 ms
[2026-07-16 11:21:38.950 +05:30 INF] Serilog.AspNetCore.RequestLoggingMiddleware HTTP OPTIONS /api/appointments/doctor/me responded 204 in 0.1126 ms
[2026-07-16 11:21:38.954 +05:30 INF] Serilog.AspNetCore.RequestLoggingMiddleware HTTP OPTIONS /api/doctor-leaves/my responded 204 in 0.1123 ms
[2026-07-16 11:21:38.954 +05:30 INF] Serilog.AspNetCore.RequestLoggingMiddleware HTTP OPTIONS /api/doctors/me responded 204 in 0.1186 ms
[2026-07-16 11:21:39.142 +05:30 WRN] LuckyPennySoftware.AutoMapper.License You do not have a valid license key for the Lucky Penny software AutoMapper. This is allowed for development and testing scenarios. If you are running in production you are required to have a licensed version. Please visit https://luckypennysoftware.com to obtain a valid license.
[2026-07-16 11:21:39.352 +05:30 INF] Serilog.AspNetCore.RequestLoggingMiddleware HTTP GET /api/doctors/me responded 200 in 392.9592 ms
[2026-07-16 11:21:39.574 +05:30 INF] Serilog.AspNetCore.RequestLoggingMiddleware HTTP GET /api/doctor-leaves/my responded 200 in 615.6611 ms
[2026-07-16 11:21:39.655 +05:30 INF] Serilog.AspNetCore.RequestLoggingMiddleware HTTP GET /api/appointments/doctor/me responded 200 in 697.7343 ms
[2026-07-16 11:21:46.941 +05:30 INF] HealthApp.Api.BackgroundServices.HeartbeatBackgroundService HealthAxis heartbeat running at "2026-07-16T11:21:46.9414333+05:30"------------
[2026-07-16 11:21:56.957 +05:30 INF] HealthApp.Api.BackgroundServices.HeartbeatBackgroundService HealthAxis heartbeat running at "2026-07-16T11:21:56.9570669+05:30"------------
[2026-07-16 11:22:06.963 +05:30 INF] HealthApp.Api.BackgroundServices.HeartbeatBackgroundService HealthAxis heartbeat running at "2026-07-16T11:22:06.9639396+05:30"------------
[2026-07-16 11:22:14.832 +05:30 INF] Serilog.AspNetCore.RequestLoggingMiddleware HTTP OPTIONS /api/HealthRecordApi/doctor/me responded 204 in 0.1399 ms
[2026-07-16 11:22:14.835 +05:30 INF] Serilog.AspNetCore.RequestLoggingMiddleware HTTP OPTIONS /api/doctors/me responded 204 in 0.1728 ms
[2026-07-16 11:22:14.869 +05:30 INF] Serilog.AspNetCore.RequestLoggingMiddleware HTTP GET /api/doctors/me responded 200 in 22.9175 ms
[2026-07-16 11:22:14.918 +05:30 INF] Serilog.AspNetCore.RequestLoggingMiddleware HTTP GET /api/HealthRecordApi/doctor/me responded 200 in 72.5568 ms
[2026-07-16 11:22:16.980 +05:30 INF] HealthApp.Api.BackgroundServices.HeartbeatBackgroundService HealthAxis heartbeat running at "2026-07-16T11:22:16.9801075+05:30"------------
[2026-07-16 11:22:26.992 +05:30 INF] HealthApp.Api.BackgroundServices.HeartbeatBackgroundService HealthAxis heartbeat running at "2026-07-16T11:22:26.9925760+05:30"------------
[2026-07-16 11:22:28.092 +05:30 INF] Serilog.AspNetCore.RequestLoggingMiddleware HTTP OPTIONS /api/doctor-leaves/my responded 204 in 0.3497 ms
[2026-07-16 11:22:28.119 +05:30 INF] Serilog.AspNetCore.RequestLoggingMiddleware HTTP GET /api/doctor-leaves/my responded 200 in 21.1550 ms
[2026-07-16 11:22:37.010 +05:30 INF] HealthApp.Api.BackgroundServices.HeartbeatBackgroundService HealthAxis heartbeat running at "2026-07-16T11:22:37.0103380+05:30"------------
[2026-07-16 11:22:47.026 +05:30 INF] HealthApp.Api.BackgroundServices.HeartbeatBackgroundService HealthAxis heartbeat running at "2026-07-16T11:22:47.0266196+05:30"------------
[2026-07-16 11:22:50.734 +05:30 INF] Serilog.AspNetCore.RequestLoggingMiddleware HTTP OPTIONS /api/appointments/doctor/me responded 204 in 0.1818 ms
[2026-07-16 11:22:50.769 +05:30 INF] Serilog.AspNetCore.RequestLoggingMiddleware HTTP GET /api/appointments/doctor/me responded 200 in 28.8255 ms
[2026-07-16 11:22:57.032 +05:30 INF] HealthApp.Api.BackgroundServices.HeartbeatBackgroundService HealthAxis heartbeat running at "2026-07-16T11:22:57.0325085+05:30"------------
[2026-07-16 11:23:07.042 +05:30 INF] HealthApp.Api.BackgroundServices.HeartbeatBackgroundService HealthAxis heartbeat running at "2026-07-16T11:23:07.0429275+05:30"------------
[2026-07-16 11:23:17.060 +05:30 INF] HealthApp.Api.BackgroundServices.HeartbeatBackgroundService HealthAxis heartbeat running at "2026-07-16T11:23:17.0598149+05:30"------------
[2026-07-16 11:23:27.067 +05:30 INF] HealthApp.Api.BackgroundServices.HeartbeatBackgroundService HealthAxis heartbeat running at "2026-07-16T11:23:27.0677628+05:30"------------
[2026-07-16 11:23:37.088 +05:30 INF] HealthApp.Api.BackgroundServices.HeartbeatBackgroundService HealthAxis heartbeat running at "2026-07-16T11:23:37.0885678+05:30"------------
[2026-07-16 11:23:47.101 +05:30 INF] HealthApp.Api.BackgroundServices.HeartbeatBackgroundService HealthAxis heartbeat running at "2026-07-16T11:23:47.1009406+05:30"------------
[2026-07-16 11:23:57.112 +05:30 INF] HealthApp.Api.BackgroundServices.HeartbeatBackgroundService HealthAxis heartbeat running at "2026-07-16T11:23:57.1124560+05:30"------------
[2026-07-16 11:24:07.152 +05:30 INF] HealthApp.Api.BackgroundServices.HeartbeatBackgroundService HealthAxis heartbeat running at "2026-07-16T11:24:07.1527528+05:30"------------
[2026-07-16 11:24:17.172 +05:30 INF] HealthApp.Api.BackgroundServices.HeartbeatBackgroundService HealthAxis heartbeat running at "2026-07-16T11:24:17.1723548+05:30"------------
[2026-07-16 11:24:27.191 +05:30 INF] HealthApp.Api.BackgroundServices.HeartbeatBackgroundService HealthAxis heartbeat running at "2026-07-16T11:24:27.1913915+05:30"------------
[2026-07-16 11:24:37.197 +05:30 INF] HealthApp.Api.BackgroundServices.HeartbeatBackgroundService HealthAxis heartbeat running at "2026-07-16T11:24:37.1967650+05:30"------------
[2026-07-16 11:24:47.213 +05:30 INF] HealthApp.Api.BackgroundServices.HeartbeatBackgroundService HealthAxis heartbeat running at "2026-07-16T11:24:47.2129352+05:30"------------
[2026-07-16 11:24:57.219 +05:30 INF] HealthApp.Api.BackgroundServices.HeartbeatBackgroundService HealthAxis heartbeat running at "2026-07-16T11:24:57.2190198+05:30"------------
[2026-07-16 11:25:07.230 +05:30 INF] HealthApp.Api.BackgroundServices.HeartbeatBackgroundService HealthAxis heartbeat running at "2026-07-16T11:25:07.2308731+05:30"------------
[2026-07-16 11:25:17.237 +05:30 INF] HealthApp.Api.BackgroundServices.HeartbeatBackgroundService HealthAxis heartbeat running at "2026-07-16T11:25:17.2369976+05:30"------------
[2026-07-16 11:25:27.255 +05:30 INF] HealthApp.Api.BackgroundServices.HeartbeatBackgroundService HealthAxis heartbeat running at "2026-07-16T11:25:27.2550790+05:30"------------
[2026-07-16 11:25:37.267 +05:30 INF] HealthApp.Api.BackgroundServices.HeartbeatBackgroundService HealthAxis heartbeat running at "2026-07-16T11:25:37.2677098+05:30"------------
[2026-07-16 11:25:47.274 +05:30 INF] HealthApp.Api.BackgroundServices.HeartbeatBackgroundService HealthAxis heartbeat running at "2026-07-16T11:25:47.2744734+05:30"------------
[2026-07-16 11:25:57.282 +05:30 INF] HealthApp.Api.BackgroundServices.HeartbeatBackgroundService HealthAxis heartbeat running at "2026-07-16T11:25:57.2828083+05:30"------------
[2026-07-16 11:26:07.294 +05:30 INF] HealthApp.Api.BackgroundServices.HeartbeatBackgroundService HealthAxis heartbeat running at "2026-07-16T11:26:07.2945819+05:30"------------
[2026-07-16 11:26:17.318 +05:30 INF] HealthApp.Api.BackgroundServices.HeartbeatBackgroundService HealthAxis heartbeat running at "2026-07-16T11:26:17.3185840+05:30"------------
[2026-07-16 11:26:27.329 +05:30 INF] HealthApp.Api.BackgroundServices.HeartbeatBackgroundService HealthAxis heartbeat running at "2026-07-16T11:26:27.3297872+05:30"------------
[2026-07-16 11:26:37.349 +05:30 INF] HealthApp.Api.BackgroundServices.HeartbeatBackgroundService HealthAxis heartbeat running at "2026-07-16T11:26:37.3490198+05:30"------------
[2026-07-16 11:26:47.353 +05:30 INF] HealthApp.Api.BackgroundServices.HeartbeatBackgroundService HealthAxis heartbeat running at "2026-07-16T11:26:47.3539386+05:30"------------
[2026-07-16 11:26:57.362 +05:30 INF] HealthApp.Api.BackgroundServices.HeartbeatBackgroundService HealthAxis heartbeat running at "2026-07-16T11:26:57.3622298+05:30"------------
[2026-07-16 11:27:07.368 +05:30 INF] HealthApp.Api.BackgroundServices.HeartbeatBackgroundService HealthAxis heartbeat running at "2026-07-16T11:27:07.3686627+05:30"------------
[2026-07-16 11:27:17.373 +05:30 INF] HealthApp.Api.BackgroundServices.HeartbeatBackgroundService HealthAxis heartbeat running at "2026-07-16T11:27:17.3736081+05:30"------------
[2026-07-16 11:27:27.384 +05:30 INF] HealthApp.Api.BackgroundServices.HeartbeatBackgroundService HealthAxis heartbeat running at "2026-07-16T11:27:27.3847247+05:30"------------
[2026-07-16 11:27:37.396 +05:30 INF] HealthApp.Api.BackgroundServices.HeartbeatBackgroundService HealthAxis heartbeat running at "2026-07-16T11:27:37.3961440+05:30"------------
[2026-07-16 11:27:47.405 +05:30 INF] HealthApp.Api.BackgroundServices.HeartbeatBackgroundService HealthAxis heartbeat running at "2026-07-16T11:27:47.4059157+05:30"------------
[2026-07-16 11:27:57.417 +05:30 INF] HealthApp.Api.BackgroundServices.HeartbeatBackgroundService HealthAxis heartbeat running at "2026-07-16T11:27:57.4177434+05:30"------------
[2026-07-16 11:28:07.429 +05:30 INF] HealthApp.Api.BackgroundServices.HeartbeatBackgroundService HealthAxis heartbeat running at "2026-07-16T11:28:07.4296979+05:30"------------
[2026-07-16 11:28:17.433 +05:30 INF] HealthApp.Api.BackgroundServices.HeartbeatBackgroundService HealthAxis heartbeat running at "2026-07-16T11:28:17.4334846+05:30"------------
[2026-07-16 11:28:27.445 +05:30 INF] HealthApp.Api.BackgroundServices.HeartbeatBackgroundService HealthAxis heartbeat running at "2026-07-16T11:28:27.4456261+05:30"------------
[2026-07-16 11:28:37.463 +05:30 INF] HealthApp.Api.BackgroundServices.HeartbeatBackgroundService HealthAxis heartbeat running at "2026-07-16T11:28:37.4632703+05:30"------------
[2026-07-16 11:28:47.482 +05:30 INF] HealthApp.Api.BackgroundServices.HeartbeatBackgroundService HealthAxis heartbeat running at "2026-07-16T11:28:47.4826826+05:30"------------
[2026-07-16 11:28:57.495 +05:30 INF] HealthApp.Api.BackgroundServices.HeartbeatBackgroundService HealthAxis heartbeat running at "2026-07-16T11:28:57.4950690+05:30"------------
[2026-07-16 11:29:07.509 +05:30 INF] HealthApp.Api.BackgroundServices.HeartbeatBackgroundService HealthAxis heartbeat running at "2026-07-16T11:29:07.5096313+05:30"------------
[2026-07-16 11:29:17.515 +05:30 INF] HealthApp.Api.BackgroundServices.HeartbeatBackgroundService HealthAxis heartbeat running at "2026-07-16T11:29:17.5158290+05:30"------------
[2026-07-16 11:29:27.530 +05:30 INF] HealthApp.Api.BackgroundServices.HeartbeatBackgroundService HealthAxis heartbeat running at "2026-07-16T11:29:27.5308603+05:30"------------
[2026-07-16 11:29:37.537 +05:30 INF] HealthApp.Api.BackgroundServices.HeartbeatBackgroundService HealthAxis heartbeat running at "2026-07-16T11:29:37.5371181+05:30"------------
[2026-07-16 11:29:47.547 +05:30 INF] HealthApp.Api.BackgroundServices.HeartbeatBackgroundService HealthAxis heartbeat running at "2026-07-16T11:29:47.5469011+05:30"------------
[2026-07-16 11:29:57.553 +05:30 INF] HealthApp.Api.BackgroundServices.HeartbeatBackgroundService HealthAxis heartbeat running at "2026-07-16T11:29:57.5537394+05:30"------------
[2026-07-16 11:30:07.567 +05:30 INF] HealthApp.Api.BackgroundServices.HeartbeatBackgroundService HealthAxis heartbeat running at "2026-07-16T11:30:07.5670672+05:30"------------
[2026-07-16 11:30:17.580 +05:30 INF] HealthApp.Api.BackgroundServices.HeartbeatBackgroundService HealthAxis heartbeat running at "2026-07-16T11:30:17.5808786+05:30"------------
[2026-07-16 11:30:27.583 +05:30 INF] HealthApp.Api.BackgroundServices.HeartbeatBackgroundService HealthAxis heartbeat running at "2026-07-16T11:30:27.5836600+05:30"------------
[2026-07-16 11:30:37.599 +05:30 INF] HealthApp.Api.BackgroundServices.HeartbeatBackgroundService HealthAxis heartbeat running at "2026-07-16T11:30:37.5998167+05:30"------------
[2026-07-16 11:30:47.619 +05:30 INF] HealthApp.Api.BackgroundServices.HeartbeatBackgroundService HealthAxis heartbeat running at "2026-07-16T11:30:47.6190556+05:30"------------
[2026-07-16 11:30:57.633 +05:30 INF] HealthApp.Api.BackgroundServices.HeartbeatBackgroundService HealthAxis heartbeat running at "2026-07-16T11:30:57.6335711+05:30"------------
[2026-07-16 11:31:07.636 +05:30 INF] HealthApp.Api.BackgroundServices.HeartbeatBackgroundService HealthAxis heartbeat running at "2026-07-16T11:31:07.6366319+05:30"------------
[2026-07-16 11:31:17.646 +05:30 INF] HealthApp.Api.BackgroundServices.HeartbeatBackgroundService HealthAxis heartbeat running at "2026-07-16T11:31:17.6464821+05:30"------------
[2026-07-16 11:31:27.658 +05:30 INF] HealthApp.Api.BackgroundServices.HeartbeatBackgroundService HealthAxis heartbeat running at "2026-07-16T11:31:27.6587723+05:30"------------
[2026-07-16 11:31:37.677 +05:30 INF] HealthApp.Api.BackgroundServices.HeartbeatBackgroundService HealthAxis heartbeat running at "2026-07-16T11:31:37.6772061+05:30"------------
[2026-07-16 11:31:47.694 +05:30 INF] HealthApp.Api.BackgroundServices.HeartbeatBackgroundService HealthAxis heartbeat running at "2026-07-16T11:31:47.6944938+05:30"------------
[2026-07-16 11:31:57.697 +05:30 INF] HealthApp.Api.BackgroundServices.HeartbeatBackgroundService HealthAxis heartbeat running at "2026-07-16T11:31:57.6971096+05:30"------------
[2026-07-16 11:32:07.706 +05:30 INF] HealthApp.Api.BackgroundServices.HeartbeatBackgroundService HealthAxis heartbeat running at "2026-07-16T11:32:07.7062410+05:30"------------
[2026-07-16 11:32:17.719 +05:30 INF] HealthApp.Api.BackgroundServices.HeartbeatBackgroundService HealthAxis heartbeat running at "2026-07-16T11:32:17.7196740+05:30"------------
[2026-07-16 11:32:27.723 +05:30 INF] HealthApp.Api.BackgroundServices.HeartbeatBackgroundService HealthAxis heartbeat running at "2026-07-16T11:32:27.7237539+05:30"------------
[2026-07-16 11:32:37.735 +05:30 INF] HealthApp.Api.BackgroundServices.HeartbeatBackgroundService HealthAxis heartbeat running at "2026-07-16T11:32:37.7356064+05:30"------------
[2026-07-16 11:32:47.751 +05:30 INF] HealthApp.Api.BackgroundServices.HeartbeatBackgroundService HealthAxis heartbeat running at "2026-07-16T11:32:47.7515962+05:30"------------
[2026-07-16 11:32:57.783 +05:30 INF] HealthApp.Api.BackgroundServices.HeartbeatBackgroundService HealthAxis heartbeat running at "2026-07-16T11:32:57.7832657+05:30"------------
[2026-07-16 11:33:07.790 +05:30 INF] HealthApp.Api.BackgroundServices.HeartbeatBackgroundService HealthAxis heartbeat running at "2026-07-16T11:33:07.7906590+05:30"------------
[2026-07-16 11:33:17.810 +05:30 INF] HealthApp.Api.BackgroundServices.HeartbeatBackgroundService HealthAxis heartbeat running at "2026-07-16T11:33:17.8102894+05:30"------------
[2026-07-16 11:33:27.824 +05:30 INF] HealthApp.Api.BackgroundServices.HeartbeatBackgroundService HealthAxis heartbeat running at "2026-07-16T11:33:27.8240417+05:30"------------
[2026-07-16 11:33:37.829 +05:30 INF] HealthApp.Api.BackgroundServices.HeartbeatBackgroundService HealthAxis heartbeat running at "2026-07-16T11:33:37.8295186+05:30"------------
[2026-07-16 11:33:47.831 +05:30 INF] HealthApp.Api.BackgroundServices.HeartbeatBackgroundService HealthAxis heartbeat running at "2026-07-16T11:33:47.8316028+05:30"------------
[2026-07-16 11:33:57.849 +05:30 INF] HealthApp.Api.BackgroundServices.HeartbeatBackgroundService HealthAxis heartbeat running at "2026-07-16T11:33:57.8497008+05:30"------------
[2026-07-16 11:34:07.853 +05:30 INF] HealthApp.Api.BackgroundServices.HeartbeatBackgroundService HealthAxis heartbeat running at "2026-07-16T11:34:07.8531334+05:30"------------
[2026-07-16 11:34:17.860 +05:30 INF] HealthApp.Api.BackgroundServices.HeartbeatBackgroundService HealthAxis heartbeat running at "2026-07-16T11:34:17.8609033+05:30"------------
[2026-07-16 11:34:27.879 +05:30 INF] HealthApp.Api.BackgroundServices.HeartbeatBackgroundService HealthAxis heartbeat running at "2026-07-16T11:34:27.8794258+05:30"------------
[2026-07-16 11:34:37.888 +05:30 INF] HealthApp.Api.BackgroundServices.HeartbeatBackgroundService HealthAxis heartbeat running at "2026-07-16T11:34:37.8884528+05:30"------------
[2026-07-16 11:34:47.895 +05:30 INF] HealthApp.Api.BackgroundServices.HeartbeatBackgroundService HealthAxis heartbeat running at "2026-07-16T11:34:47.8951643+05:30"------------
[2026-07-16 11:34:57.910 +05:30 INF] HealthApp.Api.BackgroundServices.HeartbeatBackgroundService HealthAxis heartbeat running at "2026-07-16T11:34:57.9106714+05:30"------------
[2026-07-16 11:35:07.920 +05:30 INF] HealthApp.Api.BackgroundServices.HeartbeatBackgroundService HealthAxis heartbeat running at "2026-07-16T11:35:07.9206864+05:30"------------
[2026-07-16 11:35:17.931 +05:30 INF] HealthApp.Api.BackgroundServices.HeartbeatBackgroundService HealthAxis heartbeat running at "2026-07-16T11:35:17.9319225+05:30"------------
[2026-07-16 11:35:27.934 +05:30 INF] HealthApp.Api.BackgroundServices.HeartbeatBackgroundService HealthAxis heartbeat running at "2026-07-16T11:35:27.9340899+05:30"------------
[2026-07-16 11:35:37.938 +05:30 INF] HealthApp.Api.BackgroundServices.HeartbeatBackgroundService HealthAxis heartbeat running at "2026-07-16T11:35:37.9380472+05:30"------------
[2026-07-16 11:35:47.952 +05:30 INF] HealthApp.Api.BackgroundServices.HeartbeatBackgroundService HealthAxis heartbeat running at "2026-07-16T11:35:47.9526745+05:30"------------
[2026-07-16 11:35:57.967 +05:30 INF] HealthApp.Api.BackgroundServices.HeartbeatBackgroundService HealthAxis heartbeat running at "2026-07-16T11:35:57.9671799+05:30"------------
[2026-07-16 11:36:07.986 +05:30 INF] HealthApp.Api.BackgroundServices.HeartbeatBackgroundService HealthAxis heartbeat running at "2026-07-16T11:36:07.9860170+05:30"------------
[2026-07-16 11:36:17.990 +05:30 INF] HealthApp.Api.BackgroundServices.HeartbeatBackgroundService HealthAxis heartbeat running at "2026-07-16T11:36:17.9905127+05:30"------------
[2026-07-16 11:36:28.004 +05:30 INF] HealthApp.Api.BackgroundServices.HeartbeatBackgroundService HealthAxis heartbeat running at "2026-07-16T11:36:28.0043535+05:30"------------
[2026-07-16 11:36:38.013 +05:30 INF] HealthApp.Api.BackgroundServices.HeartbeatBackgroundService HealthAxis heartbeat running at "2026-07-16T11:36:38.0133531+05:30"------------
[2026-07-16 11:36:48.028 +05:30 INF] HealthApp.Api.BackgroundServices.HeartbeatBackgroundService HealthAxis heartbeat running at "2026-07-16T11:36:48.0284269+05:30"------------
[2026-07-16 11:36:58.039 +05:30 INF] HealthApp.Api.BackgroundServices.HeartbeatBackgroundService HealthAxis heartbeat running at "2026-07-16T11:36:58.0397876+05:30"------------
[2026-07-16 11:37:08.055 +05:30 INF] HealthApp.Api.BackgroundServices.HeartbeatBackgroundService HealthAxis heartbeat running at "2026-07-16T11:37:08.0555528+05:30"------------
[2026-07-16 11:37:18.068 +05:30 INF] HealthApp.Api.BackgroundServices.HeartbeatBackgroundService HealthAxis heartbeat running at "2026-07-16T11:37:18.0682660+05:30"------------
[2026-07-16 11:37:28.076 +05:30 INF] HealthApp.Api.BackgroundServices.HeartbeatBackgroundService HealthAxis heartbeat running at "2026-07-16T11:37:28.0761018+05:30"------------
[2026-07-16 11:37:38.084 +05:30 INF] HealthApp.Api.BackgroundServices.HeartbeatBackgroundService HealthAxis heartbeat running at "2026-07-16T11:37:38.0847950+05:30"------------
[2026-07-16 11:37:48.102 +05:30 INF] HealthApp.Api.BackgroundServices.HeartbeatBackgroundService HealthAxis heartbeat running at "2026-07-16T11:37:48.1025040+05:30"------------
[2026-07-16 11:37:58.111 +05:30 INF] HealthApp.Api.BackgroundServices.HeartbeatBackgroundService HealthAxis heartbeat running at "2026-07-16T11:37:58.1114362+05:30"------------
[2026-07-16 11:38:08.117 +05:30 INF] HealthApp.Api.BackgroundServices.HeartbeatBackgroundService HealthAxis heartbeat running at "2026-07-16T11:38:08.1170148+05:30"------------
[2026-07-16 11:38:18.128 +05:30 INF] HealthApp.Api.BackgroundServices.HeartbeatBackgroundService HealthAxis heartbeat running at "2026-07-16T11:38:18.1285183+05:30"------------
[2026-07-16 11:38:28.135 +05:30 INF] HealthApp.Api.BackgroundServices.HeartbeatBackgroundService HealthAxis heartbeat running at "2026-07-16T11:38:28.1352225+05:30"------------
[2026-07-16 11:38:38.149 +05:30 INF] HealthApp.Api.BackgroundServices.HeartbeatBackgroundService HealthAxis heartbeat running at "2026-07-16T11:38:38.1497946+05:30"------------
[2026-07-16 11:38:48.158 +05:30 INF] HealthApp.Api.BackgroundServices.HeartbeatBackgroundService HealthAxis heartbeat running at "2026-07-16T11:38:48.1583144+05:30"------------
[2026-07-16 11:38:58.169 +05:30 INF] HealthApp.Api.BackgroundServices.HeartbeatBackgroundService HealthAxis heartbeat running at "2026-07-16T11:38:58.1693544+05:30"------------
[2026-07-16 11:39:08.179 +05:30 INF] HealthApp.Api.BackgroundServices.HeartbeatBackgroundService HealthAxis heartbeat running at "2026-07-16T11:39:08.1791625+05:30"------------
[2026-07-16 11:39:18.182 +05:30 INF] HealthApp.Api.BackgroundServices.HeartbeatBackgroundService HealthAxis heartbeat running at "2026-07-16T11:39:18.1823914+05:30"------------
[2026-07-16 11:39:28.197 +05:30 INF] HealthApp.Api.BackgroundServices.HeartbeatBackgroundService HealthAxis heartbeat running at "2026-07-16T11:39:28.1977491+05:30"------------
[2026-07-16 11:39:38.212 +05:30 INF] HealthApp.Api.BackgroundServices.HeartbeatBackgroundService HealthAxis heartbeat running at "2026-07-16T11:39:38.2120818+05:30"------------
[2026-07-16 11:39:48.217 +05:30 INF] HealthApp.Api.BackgroundServices.HeartbeatBackgroundService HealthAxis heartbeat running at "2026-07-16T11:39:48.2170290+05:30"------------
[2026-07-16 11:39:58.220 +05:30 INF] HealthApp.Api.BackgroundServices.HeartbeatBackgroundService HealthAxis heartbeat running at "2026-07-16T11:39:58.2204274+05:30"------------
[2026-07-16 11:40:08.230 +05:30 INF] HealthApp.Api.BackgroundServices.HeartbeatBackgroundService HealthAxis heartbeat running at "2026-07-16T11:40:08.2303795+05:30"------------
[2026-07-16 11:40:18.241 +05:30 INF] HealthApp.Api.BackgroundServices.HeartbeatBackgroundService HealthAxis heartbeat running at "2026-07-16T11:40:18.2411805+05:30"------------
[2026-07-16 11:40:28.246 +05:30 INF] HealthApp.Api.BackgroundServices.HeartbeatBackgroundService HealthAxis heartbeat running at "2026-07-16T11:40:28.2464945+05:30"------------
[2026-07-16 11:40:38.259 +05:30 INF] HealthApp.Api.BackgroundServices.HeartbeatBackgroundService HealthAxis heartbeat running at "2026-07-16T11:40:38.2593212+05:30"------------
[2026-07-16 11:40:48.266 +05:30 INF] HealthApp.Api.BackgroundServices.HeartbeatBackgroundService HealthAxis heartbeat running at "2026-07-16T11:40:48.2669752+05:30"------------
[2026-07-16 11:40:58.277 +05:30 INF] HealthApp.Api.BackgroundServices.HeartbeatBackgroundService HealthAxis heartbeat running at "2026-07-16T11:40:58.2774017+05:30"------------
[2026-07-16 11:41:08.401 +05:30 INF] HealthApp.Api.BackgroundServices.HeartbeatBackgroundService HealthAxis heartbeat running at "2026-07-16T11:41:08.4016308+05:30"------------
[2026-07-16 11:41:18.415 +05:30 INF] HealthApp.Api.BackgroundServices.HeartbeatBackgroundService HealthAxis heartbeat running at "2026-07-16T11:41:18.4152322+05:30"------------
[2026-07-16 11:41:28.432 +05:30 INF] HealthApp.Api.BackgroundServices.HeartbeatBackgroundService HealthAxis heartbeat running at "2026-07-16T11:41:28.4328976+05:30"------------
[2026-07-16 11:41:38.445 +05:30 INF] HealthApp.Api.BackgroundServices.HeartbeatBackgroundService HealthAxis heartbeat running at "2026-07-16T11:41:38.4459473+05:30"------------
[2026-07-16 11:41:48.456 +05:30 INF] HealthApp.Api.BackgroundServices.HeartbeatBackgroundService HealthAxis heartbeat running at "2026-07-16T11:41:48.4560839+05:30"------------
[2026-07-16 11:41:58.466 +05:30 INF] HealthApp.Api.BackgroundServices.HeartbeatBackgroundService HealthAxis heartbeat running at "2026-07-16T11:41:58.4660446+05:30"------------
[2026-07-16 11:42:08.475 +05:30 INF] HealthApp.Api.BackgroundServices.HeartbeatBackgroundService HealthAxis heartbeat running at "2026-07-16T11:42:08.4753106+05:30"------------
[2026-07-16 11:42:18.476 +05:30 INF] HealthApp.Api.BackgroundServices.HeartbeatBackgroundService HealthAxis heartbeat running at "2026-07-16T11:42:18.4769385+05:30"------------
[2026-07-16 11:42:28.480 +05:30 INF] HealthApp.Api.BackgroundServices.HeartbeatBackgroundService HealthAxis heartbeat running at "2026-07-16T11:42:28.4800207+05:30"------------
[2026-07-16 11:42:38.489 +05:30 INF] HealthApp.Api.BackgroundServices.HeartbeatBackgroundService HealthAxis heartbeat running at "2026-07-16T11:42:38.4896437+05:30"------------
[2026-07-16 11:42:48.495 +05:30 INF] HealthApp.Api.BackgroundServices.HeartbeatBackgroundService HealthAxis heartbeat running at "2026-07-16T11:42:48.4958215+05:30"------------
[2026-07-16 11:42:58.503 +05:30 INF] HealthApp.Api.BackgroundServices.HeartbeatBackgroundService HealthAxis heartbeat running at "2026-07-16T11:42:58.5032597+05:30"------------
[2026-07-16 11:43:08.509 +05:30 INF] HealthApp.Api.BackgroundServices.HeartbeatBackgroundService HealthAxis heartbeat running at "2026-07-16T11:43:08.5097751+05:30"------------
[2026-07-16 11:43:18.528 +05:30 INF] HealthApp.Api.BackgroundServices.HeartbeatBackgroundService HealthAxis heartbeat running at "2026-07-16T11:43:18.5288800+05:30"------------
[2026-07-16 11:43:28.540 +05:30 INF] HealthApp.Api.BackgroundServices.HeartbeatBackgroundService HealthAxis heartbeat running at "2026-07-16T11:43:28.5407988+05:30"------------
[2026-07-16 11:43:38.554 +05:30 INF] HealthApp.Api.BackgroundServices.HeartbeatBackgroundService HealthAxis heartbeat running at "2026-07-16T11:43:38.5541008+05:30"------------
[2026-07-16 11:43:48.569 +05:30 INF] HealthApp.Api.BackgroundServices.HeartbeatBackgroundService HealthAxis heartbeat running at "2026-07-16T11:43:48.5690744+05:30"------------
[2026-07-16 11:43:58.578 +05:30 INF] HealthApp.Api.BackgroundServices.HeartbeatBackgroundService HealthAxis heartbeat running at "2026-07-16T11:43:58.5783318+05:30"------------
[2026-07-16 11:44:08.587 +05:30 INF] HealthApp.Api.BackgroundServices.HeartbeatBackgroundService HealthAxis heartbeat running at "2026-07-16T11:44:08.5875083+05:30"------------
[2026-07-16 11:44:18.629 +05:30 INF] HealthApp.Api.BackgroundServices.HeartbeatBackgroundService HealthAxis heartbeat running at "2026-07-16T11:44:18.6290506+05:30"------------
[2026-07-16 11:44:28.635 +05:30 INF] HealthApp.Api.BackgroundServices.HeartbeatBackgroundService HealthAxis heartbeat running at "2026-07-16T11:44:28.6356366+05:30"------------
[2026-07-16 11:44:38.661 +05:30 INF] HealthApp.Api.BackgroundServices.HeartbeatBackgroundService HealthAxis heartbeat running at "2026-07-16T11:44:38.6612533+05:30"------------
[2026-07-16 11:44:48.666 +05:30 INF] HealthApp.Api.BackgroundServices.HeartbeatBackgroundService HealthAxis heartbeat running at "2026-07-16T11:44:48.6666920+05:30"------------
[2026-07-16 11:44:58.683 +05:30 INF] HealthApp.Api.BackgroundServices.HeartbeatBackgroundService HealthAxis heartbeat running at "2026-07-16T11:44:58.6835114+05:30"------------
[2026-07-16 11:45:26.903 +05:30 INF] HealthApp.Api.BackgroundServices.HeartbeatBackgroundService HealthAxis Heartbeat Background Service started.+++++++++++++
[2026-07-16 11:45:27.230 +05:30 INF] Microsoft.Hosting.Lifetime Now listening on: http://localhost:5066
[2026-07-16 11:45:27.250 +05:30 INF] HealthApp.Api.BackgroundServices.HeartbeatBackgroundService HealthAxis heartbeat running at "2026-07-16T11:45:27.2488848+05:30"------------
[2026-07-16 11:45:27.369 +05:30 INF] MassTransit Bus started: "rabbitmq://localhost/"
[2026-07-16 11:45:27.433 +05:30 INF] Microsoft.Hosting.Lifetime Application started. Press Ctrl+C to shut down.
[2026-07-16 11:45:27.435 +05:30 INF] Microsoft.Hosting.Lifetime Hosting environment: Development
[2026-07-16 11:45:27.437 +05:30 INF] Microsoft.Hosting.Lifetime Content root path: C:\Users\310208\source\repos\Sprint 4\UST-Live-01\HealthApp.Api
[2026-07-16 11:45:37.259 +05:30 INF] HealthApp.Api.BackgroundServices.HeartbeatBackgroundService HealthAxis heartbeat running at "2026-07-16T11:45:37.2593345+05:30"------------
[2026-07-16 11:45:47.270 +05:30 INF] HealthApp.Api.BackgroundServices.HeartbeatBackgroundService HealthAxis heartbeat running at "2026-07-16T11:45:47.2700520+05:30"------------
[2026-07-16 11:45:57.281 +05:30 INF] HealthApp.Api.BackgroundServices.HeartbeatBackgroundService HealthAxis heartbeat running at "2026-07-16T11:45:57.2816760+05:30"------------
[2026-07-16 11:46:03.606 +05:30 INF] Serilog.AspNetCore.RequestLoggingMiddleware HTTP OPTIONS /api/appointments/doctor/me responded 204 in 22.2748 ms
[2026-07-16 11:46:03.606 +05:30 INF] Serilog.AspNetCore.RequestLoggingMiddleware HTTP OPTIONS /api/doctor-leaves/my responded 204 in 21.2937 ms
[2026-07-16 11:46:03.606 +05:30 INF] Serilog.AspNetCore.RequestLoggingMiddleware HTTP OPTIONS /api/doctors/me responded 204 in 21.2638 ms
[2026-07-16 11:46:03.656 +05:30 WRN] Microsoft.AspNetCore.HttpsPolicy.HttpsRedirectionMiddleware Failed to determine the https port for redirect.
[2026-07-16 11:46:04.248 +05:30 WRN] LuckyPennySoftware.AutoMapper.License You do not have a valid license key for the Lucky Penny software AutoMapper. This is allowed for development and testing scenarios. If you are running in production you are required to have a licensed version. Please visit https://luckypennysoftware.com to obtain a valid license.
[2026-07-16 11:46:04.718 +05:30 INF] Serilog.AspNetCore.RequestLoggingMiddleware HTTP GET /api/doctor-leaves/my responded 200 in 1069.8856 ms
[2026-07-16 11:46:04.806 +05:30 INF] Serilog.AspNetCore.RequestLoggingMiddleware HTTP GET /api/doctors/me responded 200 in 1158.4211 ms
[2026-07-16 11:46:04.981 +05:30 INF] Serilog.AspNetCore.RequestLoggingMiddleware HTTP GET /api/appointments/doctor/me responded 200 in 1332.6040 ms
[2026-07-16 11:46:07.294 +05:30 INF] HealthApp.Api.BackgroundServices.HeartbeatBackgroundService HealthAxis heartbeat running at "2026-07-16T11:46:07.2939169+05:30"------------
[2026-07-16 11:46:17.309 +05:30 INF] HealthApp.Api.BackgroundServices.HeartbeatBackgroundService HealthAxis heartbeat running at "2026-07-16T11:46:17.3093030+05:30"------------
[2026-07-16 11:46:18.110 +05:30 INF] Serilog.AspNetCore.RequestLoggingMiddleware HTTP OPTIONS /api/auth/login responded 204 in 0.2765 ms
[2026-07-16 11:46:18.535 +05:30 INF] Serilog.AspNetCore.RequestLoggingMiddleware HTTP POST /api/auth/login responded 200 in 419.1545 ms
[2026-07-16 11:46:18.571 +05:30 INF] Serilog.AspNetCore.RequestLoggingMiddleware HTTP OPTIONS /api/PatientApi/me responded 204 in 0.1558 ms
[2026-07-16 11:46:18.627 +05:30 INF] Serilog.AspNetCore.RequestLoggingMiddleware HTTP GET /api/PatientApi/me responded 200 in 50.5646 ms
[2026-07-16 11:46:18.632 +05:30 INF] Serilog.AspNetCore.RequestLoggingMiddleware HTTP OPTIONS /api/appointments/me responded 204 in 0.0911 ms
[2026-07-16 11:46:18.632 +05:30 INF] Serilog.AspNetCore.RequestLoggingMiddleware HTTP OPTIONS /api/HealthRecordApi/me responded 204 in 0.0296 ms
[2026-07-16 11:46:18.703 +05:30 INF] Serilog.AspNetCore.RequestLoggingMiddleware HTTP GET /api/appointments/me responded 200 in 68.2290 ms
[2026-07-16 11:46:18.746 +05:30 INF] Serilog.AspNetCore.RequestLoggingMiddleware HTTP GET /api/HealthRecordApi/me responded 200 in 107.3881 ms
[2026-07-16 11:46:27.322 +05:30 INF] HealthApp.Api.BackgroundServices.HeartbeatBackgroundService HealthAxis heartbeat running at "2026-07-16T11:46:27.3223207+05:30"------------
[2026-07-16 11:46:37.337 +05:30 INF] HealthApp.Api.BackgroundServices.HeartbeatBackgroundService HealthAxis heartbeat running at "2026-07-16T11:46:37.3372246+05:30"------------
[2026-07-16 11:46:47.342 +05:30 INF] HealthApp.Api.BackgroundServices.HeartbeatBackgroundService HealthAxis heartbeat running at "2026-07-16T11:46:47.3419369+05:30"------------
[2026-07-16 11:46:57.356 +05:30 INF] HealthApp.Api.BackgroundServices.HeartbeatBackgroundService HealthAxis heartbeat running at "2026-07-16T11:46:57.3566172+05:30"------------
[2026-07-16 11:47:07.372 +05:30 INF] HealthApp.Api.BackgroundServices.HeartbeatBackgroundService HealthAxis heartbeat running at "2026-07-16T11:47:07.3721262+05:30"------------
[2026-07-16 11:47:17.442 +05:30 INF] HealthApp.Api.BackgroundServices.HeartbeatBackgroundService HealthAxis heartbeat running at "2026-07-16T11:47:17.4423349+05:30"------------
[2026-07-16 11:47:27.490 +05:30 INF] HealthApp.Api.BackgroundServices.HeartbeatBackgroundService HealthAxis heartbeat running at "2026-07-16T11:47:27.4901867+05:30"------------
[2026-07-16 11:47:37.503 +05:30 INF] HealthApp.Api.BackgroundServices.HeartbeatBackgroundService HealthAxis heartbeat running at "2026-07-16T11:47:37.5031049+05:30"------------
[2026-07-16 11:47:47.510 +05:30 INF] HealthApp.Api.BackgroundServices.HeartbeatBackgroundService HealthAxis heartbeat running at "2026-07-16T11:47:47.5103130+05:30"------------
[2026-07-16 11:47:57.608 +05:30 INF] HealthApp.Api.BackgroundServices.HeartbeatBackgroundService HealthAxis heartbeat running at "2026-07-16T11:47:57.6084019+05:30"------------
[2026-07-16 11:48:07.769 +05:30 INF] HealthApp.Api.BackgroundServices.HeartbeatBackgroundService HealthAxis heartbeat running at "2026-07-16T11:48:07.7696390+05:30"------------
[2026-07-16 11:48:17.784 +05:30 INF] HealthApp.Api.BackgroundServices.HeartbeatBackgroundService HealthAxis heartbeat running at "2026-07-16T11:48:17.7848903+05:30"------------
[2026-07-16 11:48:27.798 +05:30 INF] HealthApp.Api.BackgroundServices.HeartbeatBackgroundService HealthAxis heartbeat running at "2026-07-16T11:48:27.7987829+05:30"------------
[2026-07-16 11:48:37.817 +05:30 INF] HealthApp.Api.BackgroundServices.HeartbeatBackgroundService HealthAxis heartbeat running at "2026-07-16T11:48:37.8170450+05:30"------------
[2026-07-16 11:48:47.829 +05:30 INF] HealthApp.Api.BackgroundServices.HeartbeatBackgroundService HealthAxis heartbeat running at "2026-07-16T11:48:47.8284404+05:30"------------
[2026-07-16 11:48:57.839 +05:30 INF] HealthApp.Api.BackgroundServices.HeartbeatBackgroundService HealthAxis heartbeat running at "2026-07-16T11:48:57.8398662+05:30"------------
[2026-07-16 11:49:07.844 +05:30 INF] HealthApp.Api.BackgroundServices.HeartbeatBackgroundService HealthAxis heartbeat running at "2026-07-16T11:49:07.8447793+05:30"------------
[2026-07-16 11:49:17.858 +05:30 INF] HealthApp.Api.BackgroundServices.HeartbeatBackgroundService HealthAxis heartbeat running at "2026-07-16T11:49:17.8580792+05:30"------------
[2026-07-16 11:49:27.875 +05:30 INF] HealthApp.Api.BackgroundServices.HeartbeatBackgroundService HealthAxis heartbeat running at "2026-07-16T11:49:27.8759355+05:30"------------
[2026-07-16 11:49:37.881 +05:30 INF] HealthApp.Api.BackgroundServices.HeartbeatBackgroundService HealthAxis heartbeat running at "2026-07-16T11:49:37.8810441+05:30"------------
[2026-07-16 11:49:47.889 +05:30 INF] HealthApp.Api.BackgroundServices.HeartbeatBackgroundService HealthAxis heartbeat running at "2026-07-16T11:49:47.8898997+05:30"------------
[2026-07-16 11:49:57.897 +05:30 INF] HealthApp.Api.BackgroundServices.HeartbeatBackgroundService HealthAxis heartbeat running at "2026-07-16T11:49:57.8978829+05:30"------------
[2026-07-16 11:50:07.920 +05:30 INF] HealthApp.Api.BackgroundServices.HeartbeatBackgroundService HealthAxis heartbeat running at "2026-07-16T11:50:07.9200764+05:30"------------
[2026-07-16 11:50:17.930 +05:30 INF] HealthApp.Api.BackgroundServices.HeartbeatBackgroundService HealthAxis heartbeat running at "2026-07-16T11:50:17.9297888+05:30"------------
[2026-07-16 11:50:27.939 +05:30 INF] HealthApp.Api.BackgroundServices.HeartbeatBackgroundService HealthAxis heartbeat running at "2026-07-16T11:50:27.9397783+05:30"------------
[2026-07-16 11:50:37.958 +05:30 INF] HealthApp.Api.BackgroundServices.HeartbeatBackgroundService HealthAxis heartbeat running at "2026-07-16T11:50:37.9584084+05:30"------------
[2026-07-16 11:50:47.968 +05:30 INF] HealthApp.Api.BackgroundServices.HeartbeatBackgroundService HealthAxis heartbeat running at "2026-07-16T11:50:47.9680916+05:30"------------
[2026-07-16 11:50:57.981 +05:30 INF] HealthApp.Api.BackgroundServices.HeartbeatBackgroundService HealthAxis heartbeat running at "2026-07-16T11:50:57.9819065+05:30"------------
[2026-07-16 11:51:07.995 +05:30 INF] HealthApp.Api.BackgroundServices.HeartbeatBackgroundService HealthAxis heartbeat running at "2026-07-16T11:51:07.9954051+05:30"------------
[2026-07-16 11:51:18.009 +05:30 INF] HealthApp.Api.BackgroundServices.HeartbeatBackgroundService HealthAxis heartbeat running at "2026-07-16T11:51:18.0095090+05:30"------------
[2026-07-16 11:51:28.021 +05:30 INF] HealthApp.Api.BackgroundServices.HeartbeatBackgroundService HealthAxis heartbeat running at "2026-07-16T11:51:28.0213467+05:30"------------
[2026-07-16 11:51:38.029 +05:30 INF] HealthApp.Api.BackgroundServices.HeartbeatBackgroundService HealthAxis heartbeat running at "2026-07-16T11:51:38.0289415+05:30"------------
[2026-07-16 11:51:48.046 +05:30 INF] HealthApp.Api.BackgroundServices.HeartbeatBackgroundService HealthAxis heartbeat running at "2026-07-16T11:51:48.0461165+05:30"------------
[2026-07-16 11:51:58.051 +05:30 INF] HealthApp.Api.BackgroundServices.HeartbeatBackgroundService HealthAxis heartbeat running at "2026-07-16T11:51:58.0519067+05:30"------------
[2026-07-16 11:52:08.060 +05:30 INF] HealthApp.Api.BackgroundServices.HeartbeatBackgroundService HealthAxis heartbeat running at "2026-07-16T11:52:08.0606774+05:30"------------
[2026-07-16 11:52:18.068 +05:30 INF] HealthApp.Api.BackgroundServices.HeartbeatBackgroundService HealthAxis heartbeat running at "2026-07-16T11:52:18.0688750+05:30"------------
[2026-07-16 11:52:28.074 +05:30 INF] HealthApp.Api.BackgroundServices.HeartbeatBackgroundService HealthAxis heartbeat running at "2026-07-16T11:52:28.0740792+05:30"------------
[2026-07-16 11:52:38.082 +05:30 INF] HealthApp.Api.BackgroundServices.HeartbeatBackgroundService HealthAxis heartbeat running at "2026-07-16T11:52:38.0829227+05:30"------------
[2026-07-16 11:52:48.086 +05:30 INF] HealthApp.Api.BackgroundServices.HeartbeatBackgroundService HealthAxis heartbeat running at "2026-07-16T11:52:48.0868628+05:30"------------
[2026-07-16 11:52:58.100 +05:30 INF] HealthApp.Api.BackgroundServices.HeartbeatBackgroundService HealthAxis heartbeat running at "2026-07-16T11:52:58.1006981+05:30"------------
[2026-07-16 11:53:08.107 +05:30 INF] HealthApp.Api.BackgroundServices.HeartbeatBackgroundService HealthAxis heartbeat running at "2026-07-16T11:53:08.1076402+05:30"------------
[2026-07-16 11:53:18.112 +05:30 INF] HealthApp.Api.BackgroundServices.HeartbeatBackgroundService HealthAxis heartbeat running at "2026-07-16T11:53:18.1126204+05:30"------------
[2026-07-16 11:53:28.123 +05:30 INF] HealthApp.Api.BackgroundServices.HeartbeatBackgroundService HealthAxis heartbeat running at "2026-07-16T11:53:28.1232761+05:30"------------
[2026-07-16 11:53:38.142 +05:30 INF] HealthApp.Api.BackgroundServices.HeartbeatBackgroundService HealthAxis heartbeat running at "2026-07-16T11:53:38.1422280+05:30"------------
[2026-07-16 11:53:48.158 +05:30 INF] HealthApp.Api.BackgroundServices.HeartbeatBackgroundService HealthAxis heartbeat running at "2026-07-16T11:53:48.1585895+05:30"------------
[2026-07-16 11:53:58.166 +05:30 INF] HealthApp.Api.BackgroundServices.HeartbeatBackgroundService HealthAxis heartbeat running at "2026-07-16T11:53:58.1662375+05:30"------------
[2026-07-16 11:54:08.174 +05:30 INF] HealthApp.Api.BackgroundServices.HeartbeatBackgroundService HealthAxis heartbeat running at "2026-07-16T11:54:08.1743990+05:30"------------
[2026-07-16 11:54:18.191 +05:30 INF] HealthApp.Api.BackgroundServices.HeartbeatBackgroundService HealthAxis heartbeat running at "2026-07-16T11:54:18.1919628+05:30"------------
[2026-07-16 11:54:28.201 +05:30 INF] HealthApp.Api.BackgroundServices.HeartbeatBackgroundService HealthAxis heartbeat running at "2026-07-16T11:54:28.2012893+05:30"------------
[2026-07-16 11:54:38.215 +05:30 INF] HealthApp.Api.BackgroundServices.HeartbeatBackgroundService HealthAxis heartbeat running at "2026-07-16T11:54:38.2156103+05:30"------------
[2026-07-16 11:54:48.235 +05:30 INF] HealthApp.Api.BackgroundServices.HeartbeatBackgroundService HealthAxis heartbeat running at "2026-07-16T11:54:48.2350890+05:30"------------
[2026-07-16 11:54:58.251 +05:30 INF] HealthApp.Api.BackgroundServices.HeartbeatBackgroundService HealthAxis heartbeat running at "2026-07-16T11:54:58.2515091+05:30"------------
[2026-07-16 11:55:08.265 +05:30 INF] HealthApp.Api.BackgroundServices.HeartbeatBackgroundService HealthAxis heartbeat running at "2026-07-16T11:55:08.2657429+05:30"------------
[2026-07-16 11:55:18.280 +05:30 INF] HealthApp.Api.BackgroundServices.HeartbeatBackgroundService HealthAxis heartbeat running at "2026-07-16T11:55:18.2795463+05:30"------------
[2026-07-16 11:55:28.284 +05:30 INF] HealthApp.Api.BackgroundServices.HeartbeatBackgroundService HealthAxis heartbeat running at "2026-07-16T11:55:28.2847815+05:30"------------
[2026-07-16 11:55:38.300 +05:30 INF] HealthApp.Api.BackgroundServices.HeartbeatBackgroundService HealthAxis heartbeat running at "2026-07-16T11:55:38.3006431+05:30"------------
[2026-07-16 11:55:48.304 +05:30 INF] HealthApp.Api.BackgroundServices.HeartbeatBackgroundService HealthAxis heartbeat running at "2026-07-16T11:55:48.3045939+05:30"------------
[2026-07-16 11:55:58.307 +05:30 INF] HealthApp.Api.BackgroundServices.HeartbeatBackgroundService HealthAxis heartbeat running at "2026-07-16T11:55:58.3073334+05:30"------------
[2026-07-16 11:56:08.317 +05:30 INF] HealthApp.Api.BackgroundServices.HeartbeatBackgroundService HealthAxis heartbeat running at "2026-07-16T11:56:08.3177128+05:30"------------
[2026-07-16 11:56:18.324 +05:30 INF] HealthApp.Api.BackgroundServices.HeartbeatBackgroundService HealthAxis heartbeat running at "2026-07-16T11:56:18.3246674+05:30"------------
[2026-07-16 11:56:28.330 +05:30 INF] HealthApp.Api.BackgroundServices.HeartbeatBackgroundService HealthAxis heartbeat running at "2026-07-16T11:56:28.3305335+05:30"------------
[2026-07-16 11:56:38.344 +05:30 INF] HealthApp.Api.BackgroundServices.HeartbeatBackgroundService HealthAxis heartbeat running at "2026-07-16T11:56:38.3441865+05:30"------------
[2026-07-16 11:56:48.350 +05:30 INF] HealthApp.Api.BackgroundServices.HeartbeatBackgroundService HealthAxis heartbeat running at "2026-07-16T11:56:48.3506934+05:30"------------
[2026-07-16 11:56:58.367 +05:30 INF] HealthApp.Api.BackgroundServices.HeartbeatBackgroundService HealthAxis heartbeat running at "2026-07-16T11:56:58.3674008+05:30"------------
[2026-07-16 11:57:08.376 +05:30 INF] HealthApp.Api.BackgroundServices.HeartbeatBackgroundService HealthAxis heartbeat running at "2026-07-16T11:57:08.3764828+05:30"------------
[2026-07-16 11:57:18.395 +05:30 INF] HealthApp.Api.BackgroundServices.HeartbeatBackgroundService HealthAxis heartbeat running at "2026-07-16T11:57:18.3953799+05:30"------------
[2026-07-16 11:57:28.399 +05:30 INF] HealthApp.Api.BackgroundServices.HeartbeatBackgroundService HealthAxis heartbeat running at "2026-07-16T11:57:28.3992934+05:30"------------
[2026-07-16 11:57:38.413 +05:30 INF] HealthApp.Api.BackgroundServices.HeartbeatBackgroundService HealthAxis heartbeat running at "2026-07-16T11:57:38.4137922+05:30"------------
[2026-07-16 11:57:48.425 +05:30 INF] HealthApp.Api.BackgroundServices.HeartbeatBackgroundService HealthAxis heartbeat running at "2026-07-16T11:57:48.4254415+05:30"------------
[2026-07-16 11:57:58.464 +05:30 INF] HealthApp.Api.BackgroundServices.HeartbeatBackgroundService HealthAxis heartbeat running at "2026-07-16T11:57:58.4641170+05:30"------------
[2026-07-16 11:58:08.469 +05:30 INF] HealthApp.Api.BackgroundServices.HeartbeatBackgroundService HealthAxis heartbeat running at "2026-07-16T11:58:08.4694402+05:30"------------
[2026-07-16 11:58:18.481 +05:30 INF] HealthApp.Api.BackgroundServices.HeartbeatBackgroundService HealthAxis heartbeat running at "2026-07-16T11:58:18.4811705+05:30"------------
[2026-07-16 11:58:28.485 +05:30 INF] HealthApp.Api.BackgroundServices.HeartbeatBackgroundService HealthAxis heartbeat running at "2026-07-16T11:58:28.4855331+05:30"------------
[2026-07-16 11:58:38.498 +05:30 INF] HealthApp.Api.BackgroundServices.HeartbeatBackgroundService HealthAxis heartbeat running at "2026-07-16T11:58:38.4985078+05:30"------------
[2026-07-16 11:58:48.514 +05:30 INF] HealthApp.Api.BackgroundServices.HeartbeatBackgroundService HealthAxis heartbeat running at "2026-07-16T11:58:48.5142389+05:30"------------
[2026-07-16 11:58:58.526 +05:30 INF] HealthApp.Api.BackgroundServices.HeartbeatBackgroundService HealthAxis heartbeat running at "2026-07-16T11:58:58.5265002+05:30"------------
[2026-07-16 11:59:08.535 +05:30 INF] HealthApp.Api.BackgroundServices.HeartbeatBackgroundService HealthAxis heartbeat running at "2026-07-16T11:59:08.5358241+05:30"------------
[2026-07-16 11:59:18.539 +05:30 INF] HealthApp.Api.BackgroundServices.HeartbeatBackgroundService HealthAxis heartbeat running at "2026-07-16T11:59:18.5398943+05:30"------------
[2026-07-16 11:59:28.544 +05:30 INF] HealthApp.Api.BackgroundServices.HeartbeatBackgroundService HealthAxis heartbeat running at "2026-07-16T11:59:28.5448275+05:30"------------
[2026-07-16 11:59:38.552 +05:30 INF] HealthApp.Api.BackgroundServices.HeartbeatBackgroundService HealthAxis heartbeat running at "2026-07-16T11:59:38.5524376+05:30"------------
[2026-07-16 11:59:48.560 +05:30 INF] HealthApp.Api.BackgroundServices.HeartbeatBackgroundService HealthAxis heartbeat running at "2026-07-16T11:59:48.5606664+05:30"------------
[2026-07-16 11:59:58.572 +05:30 INF] HealthApp.Api.BackgroundServices.HeartbeatBackgroundService HealthAxis heartbeat running at "2026-07-16T11:59:58.5723078+05:30"------------
[2026-07-16 12:00:08.576 +05:30 INF] HealthApp.Api.BackgroundServices.HeartbeatBackgroundService HealthAxis heartbeat running at "2026-07-16T12:00:08.5765894+05:30"------------
[2026-07-16 12:00:18.598 +05:30 INF] HealthApp.Api.BackgroundServices.HeartbeatBackgroundService HealthAxis heartbeat running at "2026-07-16T12:00:18.5983441+05:30"------------
[2026-07-16 12:00:28.607 +05:30 INF] HealthApp.Api.BackgroundServices.HeartbeatBackgroundService HealthAxis heartbeat running at "2026-07-16T12:00:28.6072861+05:30"------------
[2026-07-16 12:00:38.625 +05:30 INF] HealthApp.Api.BackgroundServices.HeartbeatBackgroundService HealthAxis heartbeat running at "2026-07-16T12:00:38.6251156+05:30"------------
[2026-07-16 12:00:48.634 +05:30 INF] HealthApp.Api.BackgroundServices.HeartbeatBackgroundService HealthAxis heartbeat running at "2026-07-16T12:00:48.6345876+05:30"------------
[2026-07-16 12:00:58.638 +05:30 INF] HealthApp.Api.BackgroundServices.HeartbeatBackgroundService HealthAxis heartbeat running at "2026-07-16T12:00:58.6385957+05:30"------------
[2026-07-16 12:01:08.648 +05:30 INF] HealthApp.Api.BackgroundServices.HeartbeatBackgroundService HealthAxis heartbeat running at "2026-07-16T12:01:08.6487083+05:30"------------
[2026-07-16 12:01:18.666 +05:30 INF] HealthApp.Api.BackgroundServices.HeartbeatBackgroundService HealthAxis heartbeat running at "2026-07-16T12:01:18.6664242+05:30"------------
[2026-07-16 12:01:28.670 +05:30 INF] HealthApp.Api.BackgroundServices.HeartbeatBackgroundService HealthAxis heartbeat running at "2026-07-16T12:01:28.6707930+05:30"------------
[2026-07-16 12:01:38.683 +05:30 INF] HealthApp.Api.BackgroundServices.HeartbeatBackgroundService HealthAxis heartbeat running at "2026-07-16T12:01:38.6835676+05:30"------------
[2026-07-16 12:01:48.695 +05:30 INF] HealthApp.Api.BackgroundServices.HeartbeatBackgroundService HealthAxis heartbeat running at "2026-07-16T12:01:48.6955142+05:30"------------
[2026-07-16 12:01:58.706 +05:30 INF] HealthApp.Api.BackgroundServices.HeartbeatBackgroundService HealthAxis heartbeat running at "2026-07-16T12:01:58.7068823+05:30"------------
[2026-07-16 12:02:08.709 +05:30 INF] HealthApp.Api.BackgroundServices.HeartbeatBackgroundService HealthAxis heartbeat running at "2026-07-16T12:02:08.7095358+05:30"------------
[2026-07-16 12:02:18.718 +05:30 INF] HealthApp.Api.BackgroundServices.HeartbeatBackgroundService HealthAxis heartbeat running at "2026-07-16T12:02:18.7185265+05:30"------------
[2026-07-16 12:02:28.728 +05:30 INF] HealthApp.Api.BackgroundServices.HeartbeatBackgroundService HealthAxis heartbeat running at "2026-07-16T12:02:28.7283063+05:30"------------
[2026-07-16 12:02:38.742 +05:30 INF] HealthApp.Api.BackgroundServices.HeartbeatBackgroundService HealthAxis heartbeat running at "2026-07-16T12:02:38.7420214+05:30"------------
[2026-07-16 12:02:48.753 +05:30 INF] HealthApp.Api.BackgroundServices.HeartbeatBackgroundService HealthAxis heartbeat running at "2026-07-16T12:02:48.7530828+05:30"------------
[2026-07-16 12:02:58.769 +05:30 INF] HealthApp.Api.BackgroundServices.HeartbeatBackgroundService HealthAxis heartbeat running at "2026-07-16T12:02:58.7692389+05:30"------------
[2026-07-16 12:03:08.785 +05:30 INF] HealthApp.Api.BackgroundServices.HeartbeatBackgroundService HealthAxis heartbeat running at "2026-07-16T12:03:08.7854474+05:30"------------
[2026-07-16 12:03:18.804 +05:30 INF] HealthApp.Api.BackgroundServices.HeartbeatBackgroundService HealthAxis heartbeat running at "2026-07-16T12:03:18.8048225+05:30"------------
[2026-07-16 12:03:28.813 +05:30 INF] HealthApp.Api.BackgroundServices.HeartbeatBackgroundService HealthAxis heartbeat running at "2026-07-16T12:03:28.8134793+05:30"------------
[2026-07-16 12:03:38.823 +05:30 INF] HealthApp.Api.BackgroundServices.HeartbeatBackgroundService HealthAxis heartbeat running at "2026-07-16T12:03:38.8235679+05:30"------------
[2026-07-16 12:03:48.831 +05:30 INF] HealthApp.Api.BackgroundServices.HeartbeatBackgroundService HealthAxis heartbeat running at "2026-07-16T12:03:48.8315934+05:30"------------
[2026-07-16 12:03:58.845 +05:30 INF] HealthApp.Api.BackgroundServices.HeartbeatBackgroundService HealthAxis heartbeat running at "2026-07-16T12:03:58.8455544+05:30"------------
[2026-07-16 12:04:08.847 +05:30 INF] HealthApp.Api.BackgroundServices.HeartbeatBackgroundService HealthAxis heartbeat running at "2026-07-16T12:04:08.8475141+05:30"------------
[2026-07-16 12:04:18.861 +05:30 INF] HealthApp.Api.BackgroundServices.HeartbeatBackgroundService HealthAxis heartbeat running at "2026-07-16T12:04:18.8614457+05:30"------------
[2026-07-16 12:04:28.868 +05:30 INF] HealthApp.Api.BackgroundServices.HeartbeatBackgroundService HealthAxis heartbeat running at "2026-07-16T12:04:28.8683287+05:30"------------
[2026-07-16 12:04:38.876 +05:30 INF] HealthApp.Api.BackgroundServices.HeartbeatBackgroundService HealthAxis heartbeat running at "2026-07-16T12:04:38.8766822+05:30"------------
[2026-07-16 12:04:48.895 +05:30 INF] HealthApp.Api.BackgroundServices.HeartbeatBackgroundService HealthAxis heartbeat running at "2026-07-16T12:04:48.8949315+05:30"------------
[2026-07-16 12:04:58.901 +05:30 INF] HealthApp.Api.BackgroundServices.HeartbeatBackgroundService HealthAxis heartbeat running at "2026-07-16T12:04:58.9019488+05:30"------------
[2026-07-16 12:05:08.917 +05:30 INF] HealthApp.Api.BackgroundServices.HeartbeatBackgroundService HealthAxis heartbeat running at "2026-07-16T12:05:08.9172193+05:30"------------
[2026-07-16 12:05:18.928 +05:30 INF] HealthApp.Api.BackgroundServices.HeartbeatBackgroundService HealthAxis heartbeat running at "2026-07-16T12:05:18.9289400+05:30"------------
[2026-07-16 12:05:28.938 +05:30 INF] HealthApp.Api.BackgroundServices.HeartbeatBackgroundService HealthAxis heartbeat running at "2026-07-16T12:05:28.9380152+05:30"------------
[2026-07-16 12:05:38.953 +05:30 INF] HealthApp.Api.BackgroundServices.HeartbeatBackgroundService HealthAxis heartbeat running at "2026-07-16T12:05:38.9530402+05:30"------------
[2026-07-16 12:05:48.962 +05:30 INF] HealthApp.Api.BackgroundServices.HeartbeatBackgroundService HealthAxis heartbeat running at "2026-07-16T12:05:48.9620559+05:30"------------
[2026-07-16 12:05:58.976 +05:30 INF] HealthApp.Api.BackgroundServices.HeartbeatBackgroundService HealthAxis heartbeat running at "2026-07-16T12:05:58.9769367+05:30"------------
[2026-07-16 12:06:08.990 +05:30 INF] HealthApp.Api.BackgroundServices.HeartbeatBackgroundService HealthAxis heartbeat running at "2026-07-16T12:06:08.9902073+05:30"------------
[2026-07-16 12:06:19.009 +05:30 INF] HealthApp.Api.BackgroundServices.HeartbeatBackgroundService HealthAxis heartbeat running at "2026-07-16T12:06:19.0093902+05:30"------------
[2026-07-16 12:06:29.025 +05:30 INF] HealthApp.Api.BackgroundServices.HeartbeatBackgroundService HealthAxis heartbeat running at "2026-07-16T12:06:29.0258705+05:30"------------
[2026-07-16 12:06:39.042 +05:30 INF] HealthApp.Api.BackgroundServices.HeartbeatBackgroundService HealthAxis heartbeat running at "2026-07-16T12:06:39.0422804+05:30"------------
[2026-07-16 12:06:49.053 +05:30 INF] HealthApp.Api.BackgroundServices.HeartbeatBackgroundService HealthAxis heartbeat running at "2026-07-16T12:06:49.0531518+05:30"------------
[2026-07-16 12:06:59.063 +05:30 INF] HealthApp.Api.BackgroundServices.HeartbeatBackgroundService HealthAxis heartbeat running at "2026-07-16T12:06:59.0634743+05:30"------------
[2026-07-16 12:07:09.075 +05:30 INF] HealthApp.Api.BackgroundServices.HeartbeatBackgroundService HealthAxis heartbeat running at "2026-07-16T12:07:09.0751575+05:30"------------
[2026-07-16 12:07:19.093 +05:30 INF] HealthApp.Api.BackgroundServices.HeartbeatBackgroundService HealthAxis heartbeat running at "2026-07-16T12:07:19.0931284+05:30"------------
[2026-07-16 12:07:29.110 +05:30 INF] HealthApp.Api.BackgroundServices.HeartbeatBackgroundService HealthAxis heartbeat running at "2026-07-16T12:07:29.1102053+05:30"------------
[2026-07-16 12:07:39.125 +05:30 INF] HealthApp.Api.BackgroundServices.HeartbeatBackgroundService HealthAxis heartbeat running at "2026-07-16T12:07:39.1250006+05:30"------------
[2026-07-16 12:07:49.128 +05:30 INF] HealthApp.Api.BackgroundServices.HeartbeatBackgroundService HealthAxis heartbeat running at "2026-07-16T12:07:49.1283291+05:30"------------
[2026-07-16 12:07:59.138 +05:30 INF] HealthApp.Api.BackgroundServices.HeartbeatBackgroundService HealthAxis heartbeat running at "2026-07-16T12:07:59.1389211+05:30"------------
[2026-07-16 12:08:09.141 +05:30 INF] HealthApp.Api.BackgroundServices.HeartbeatBackgroundService HealthAxis heartbeat running at "2026-07-16T12:08:09.1414712+05:30"------------
[2026-07-16 12:08:19.151 +05:30 INF] HealthApp.Api.BackgroundServices.HeartbeatBackgroundService HealthAxis heartbeat running at "2026-07-16T12:08:19.1512822+05:30"------------
[2026-07-16 12:08:29.161 +05:30 INF] HealthApp.Api.BackgroundServices.HeartbeatBackgroundService HealthAxis heartbeat running at "2026-07-16T12:08:29.1612189+05:30"------------
[2026-07-16 12:08:39.166 +05:30 INF] HealthApp.Api.BackgroundServices.HeartbeatBackgroundService HealthAxis heartbeat running at "2026-07-16T12:08:39.1660558+05:30"------------
[2026-07-16 12:08:49.178 +05:30 INF] HealthApp.Api.BackgroundServices.HeartbeatBackgroundService HealthAxis heartbeat running at "2026-07-16T12:08:49.1788626+05:30"------------
[2026-07-16 12:08:59.190 +05:30 INF] HealthApp.Api.BackgroundServices.HeartbeatBackgroundService HealthAxis heartbeat running at "2026-07-16T12:08:59.1904298+05:30"------------
[2026-07-16 12:09:09.206 +05:30 INF] HealthApp.Api.BackgroundServices.HeartbeatBackgroundService HealthAxis heartbeat running at "2026-07-16T12:09:09.2062381+05:30"------------
[2026-07-16 12:09:19.215 +05:30 INF] HealthApp.Api.BackgroundServices.HeartbeatBackgroundService HealthAxis heartbeat running at "2026-07-16T12:09:19.2153631+05:30"------------
[2026-07-16 12:09:29.229 +05:30 INF] HealthApp.Api.BackgroundServices.HeartbeatBackgroundService HealthAxis heartbeat running at "2026-07-16T12:09:29.2294387+05:30"------------
[2026-07-16 12:09:39.236 +05:30 INF] HealthApp.Api.BackgroundServices.HeartbeatBackgroundService HealthAxis heartbeat running at "2026-07-16T12:09:39.2361931+05:30"------------
[2026-07-16 12:09:49.255 +05:30 INF] HealthApp.Api.BackgroundServices.HeartbeatBackgroundService HealthAxis heartbeat running at "2026-07-16T12:09:49.2551550+05:30"------------
[2026-07-16 12:09:59.272 +05:30 INF] HealthApp.Api.BackgroundServices.HeartbeatBackgroundService HealthAxis heartbeat running at "2026-07-16T12:09:59.2726145+05:30"------------
[2026-07-16 12:10:09.281 +05:30 INF] HealthApp.Api.BackgroundServices.HeartbeatBackgroundService HealthAxis heartbeat running at "2026-07-16T12:10:09.2819056+05:30"------------
[2026-07-16 12:10:19.288 +05:30 INF] HealthApp.Api.BackgroundServices.HeartbeatBackgroundService HealthAxis heartbeat running at "2026-07-16T12:10:19.2879217+05:30"------------
[2026-07-16 12:10:29.304 +05:30 INF] HealthApp.Api.BackgroundServices.HeartbeatBackgroundService HealthAxis heartbeat running at "2026-07-16T12:10:29.3040997+05:30"------------
[2026-07-16 12:10:39.318 +05:30 INF] HealthApp.Api.BackgroundServices.HeartbeatBackgroundService HealthAxis heartbeat running at "2026-07-16T12:10:39.3186279+05:30"------------
[2026-07-16 12:10:49.335 +05:30 INF] HealthApp.Api.BackgroundServices.HeartbeatBackgroundService HealthAxis heartbeat running at "2026-07-16T12:10:49.3354158+05:30"------------
[2026-07-16 12:10:59.347 +05:30 INF] HealthApp.Api.BackgroundServices.HeartbeatBackgroundService HealthAxis heartbeat running at "2026-07-16T12:10:59.3477387+05:30"------------
[2026-07-16 12:11:09.363 +05:30 INF] HealthApp.Api.BackgroundServices.HeartbeatBackgroundService HealthAxis heartbeat running at "2026-07-16T12:11:09.3637731+05:30"------------
[2026-07-16 12:11:19.377 +05:30 INF] HealthApp.Api.BackgroundServices.HeartbeatBackgroundService HealthAxis heartbeat running at "2026-07-16T12:11:19.3777979+05:30"------------
[2026-07-16 12:11:29.393 +05:30 INF] HealthApp.Api.BackgroundServices.HeartbeatBackgroundService HealthAxis heartbeat running at "2026-07-16T12:11:29.3936051+05:30"------------
[2026-07-16 12:11:39.409 +05:30 INF] HealthApp.Api.BackgroundServices.HeartbeatBackgroundService HealthAxis heartbeat running at "2026-07-16T12:11:39.4095853+05:30"------------
[2026-07-16 12:11:49.415 +05:30 INF] HealthApp.Api.BackgroundServices.HeartbeatBackgroundService HealthAxis heartbeat running at "2026-07-16T12:11:49.4154328+05:30"------------
[2026-07-16 12:11:59.431 +05:30 INF] HealthApp.Api.BackgroundServices.HeartbeatBackgroundService HealthAxis heartbeat running at "2026-07-16T12:11:59.4311388+05:30"------------
[2026-07-16 12:12:09.438 +05:30 INF] HealthApp.Api.BackgroundServices.HeartbeatBackgroundService HealthAxis heartbeat running at "2026-07-16T12:12:09.4387554+05:30"------------
[2026-07-16 12:12:19.445 +05:30 INF] HealthApp.Api.BackgroundServices.HeartbeatBackgroundService HealthAxis heartbeat running at "2026-07-16T12:12:19.4451981+05:30"------------
[2026-07-16 12:12:29.448 +05:30 INF] HealthApp.Api.BackgroundServices.HeartbeatBackgroundService HealthAxis heartbeat running at "2026-07-16T12:12:29.4487822+05:30"------------
[2026-07-16 12:12:39.461 +05:30 INF] HealthApp.Api.BackgroundServices.HeartbeatBackgroundService HealthAxis heartbeat running at "2026-07-16T12:12:39.4614890+05:30"------------
[2026-07-16 12:12:49.478 +05:30 INF] HealthApp.Api.BackgroundServices.HeartbeatBackgroundService HealthAxis heartbeat running at "2026-07-16T12:12:49.4781597+05:30"------------
[2026-07-16 12:12:59.484 +05:30 INF] HealthApp.Api.BackgroundServices.HeartbeatBackgroundService HealthAxis heartbeat running at "2026-07-16T12:12:59.4846532+05:30"------------
[2026-07-16 12:13:09.494 +05:30 INF] HealthApp.Api.BackgroundServices.HeartbeatBackgroundService HealthAxis heartbeat running at "2026-07-16T12:13:09.4946761+05:30"------------
[2026-07-16 12:13:19.502 +05:30 INF] HealthApp.Api.BackgroundServices.HeartbeatBackgroundService HealthAxis heartbeat running at "2026-07-16T12:13:19.5029580+05:30"------------
[2026-07-16 12:13:29.510 +05:30 INF] HealthApp.Api.BackgroundServices.HeartbeatBackgroundService HealthAxis heartbeat running at "2026-07-16T12:13:29.5103105+05:30"------------
[2026-07-16 12:13:39.521 +05:30 INF] HealthApp.Api.BackgroundServices.HeartbeatBackgroundService HealthAxis heartbeat running at "2026-07-16T12:13:39.5217395+05:30"------------
[2026-07-16 12:13:49.530 +05:30 INF] HealthApp.Api.BackgroundServices.HeartbeatBackgroundService HealthAxis heartbeat running at "2026-07-16T12:13:49.5306723+05:30"------------
[2026-07-16 12:13:59.541 +05:30 INF] HealthApp.Api.BackgroundServices.HeartbeatBackgroundService HealthAxis heartbeat running at "2026-07-16T12:13:59.5417390+05:30"------------
[2026-07-16 12:14:09.545 +05:30 INF] HealthApp.Api.BackgroundServices.HeartbeatBackgroundService HealthAxis heartbeat running at "2026-07-16T12:14:09.5456845+05:30"------------
[2026-07-16 12:14:19.549 +05:30 INF] HealthApp.Api.BackgroundServices.HeartbeatBackgroundService HealthAxis heartbeat running at "2026-07-16T12:14:19.5498539+05:30"------------
[2026-07-16 12:14:29.557 +05:30 INF] HealthApp.Api.BackgroundServices.HeartbeatBackgroundService HealthAxis heartbeat running at "2026-07-16T12:14:29.5574989+05:30"------------
[2026-07-16 12:14:39.564 +05:30 INF] HealthApp.Api.BackgroundServices.HeartbeatBackgroundService HealthAxis heartbeat running at "2026-07-16T12:14:39.5643414+05:30"------------
[2026-07-16 12:14:49.576 +05:30 INF] HealthApp.Api.BackgroundServices.HeartbeatBackgroundService HealthAxis heartbeat running at "2026-07-16T12:14:49.5761970+05:30"------------
[2026-07-16 12:14:59.585 +05:30 INF] HealthApp.Api.BackgroundServices.HeartbeatBackgroundService HealthAxis heartbeat running at "2026-07-16T12:14:59.5856624+05:30"------------
[2026-07-16 12:15:09.595 +05:30 INF] HealthApp.Api.BackgroundServices.HeartbeatBackgroundService HealthAxis heartbeat running at "2026-07-16T12:15:09.5954518+05:30"------------
[2026-07-16 12:15:19.612 +05:30 INF] HealthApp.Api.BackgroundServices.HeartbeatBackgroundService HealthAxis heartbeat running at "2026-07-16T12:15:19.6124508+05:30"------------
[2026-07-16 12:15:29.627 +05:30 INF] HealthApp.Api.BackgroundServices.HeartbeatBackgroundService HealthAxis heartbeat running at "2026-07-16T12:15:29.6279063+05:30"------------
[2026-07-16 12:15:39.635 +05:30 INF] HealthApp.Api.BackgroundServices.HeartbeatBackgroundService HealthAxis heartbeat running at "2026-07-16T12:15:39.6353803+05:30"------------
[2026-07-16 12:15:49.644 +05:30 INF] HealthApp.Api.BackgroundServices.HeartbeatBackgroundService HealthAxis heartbeat running at "2026-07-16T12:15:49.6448635+05:30"------------
[2026-07-16 12:15:59.651 +05:30 INF] HealthApp.Api.BackgroundServices.HeartbeatBackgroundService HealthAxis heartbeat running at "2026-07-16T12:15:59.6516684+05:30"------------
[2026-07-16 12:16:09.676 +05:30 INF] HealthApp.Api.BackgroundServices.HeartbeatBackgroundService HealthAxis heartbeat running at "2026-07-16T12:16:09.6763757+05:30"------------
[2026-07-16 12:16:19.682 +05:30 INF] HealthApp.Api.BackgroundServices.HeartbeatBackgroundService HealthAxis heartbeat running at "2026-07-16T12:16:19.6828480+05:30"------------
[2026-07-16 12:16:29.695 +05:30 INF] HealthApp.Api.BackgroundServices.HeartbeatBackgroundService HealthAxis heartbeat running at "2026-07-16T12:16:29.6952671+05:30"------------
[2026-07-16 12:16:39.707 +05:30 INF] HealthApp.Api.BackgroundServices.HeartbeatBackgroundService HealthAxis heartbeat running at "2026-07-16T12:16:39.7077096+05:30"------------
[2026-07-16 12:16:49.721 +05:30 INF] HealthApp.Api.BackgroundServices.HeartbeatBackgroundService HealthAxis heartbeat running at "2026-07-16T12:16:49.7210512+05:30"------------
[2026-07-16 12:16:59.738 +05:30 INF] HealthApp.Api.BackgroundServices.HeartbeatBackgroundService HealthAxis heartbeat running at "2026-07-16T12:16:59.7380627+05:30"------------
[2026-07-16 12:17:09.751 +05:30 INF] HealthApp.Api.BackgroundServices.HeartbeatBackgroundService HealthAxis heartbeat running at "2026-07-16T12:17:09.7515167+05:30"------------
[2026-07-16 12:17:19.769 +05:30 INF] HealthApp.Api.BackgroundServices.HeartbeatBackgroundService HealthAxis heartbeat running at "2026-07-16T12:17:19.7695730+05:30"------------
[2026-07-16 12:17:29.779 +05:30 INF] HealthApp.Api.BackgroundServices.HeartbeatBackgroundService HealthAxis heartbeat running at "2026-07-16T12:17:29.7795989+05:30"------------
[2026-07-16 12:17:39.798 +05:30 INF] HealthApp.Api.BackgroundServices.HeartbeatBackgroundService HealthAxis heartbeat running at "2026-07-16T12:17:39.7985266+05:30"------------
[2026-07-16 12:17:49.803 +05:30 INF] HealthApp.Api.BackgroundServices.HeartbeatBackgroundService HealthAxis heartbeat running at "2026-07-16T12:17:49.8035113+05:30"------------
[2026-07-16 12:17:59.807 +05:30 INF] HealthApp.Api.BackgroundServices.HeartbeatBackgroundService HealthAxis heartbeat running at "2026-07-16T12:17:59.8076097+05:30"------------
[2026-07-16 12:18:09.825 +05:30 INF] HealthApp.Api.BackgroundServices.HeartbeatBackgroundService HealthAxis heartbeat running at "2026-07-16T12:18:09.8257347+05:30"------------
[2026-07-16 12:18:19.840 +05:30 INF] HealthApp.Api.BackgroundServices.HeartbeatBackgroundService HealthAxis heartbeat running at "2026-07-16T12:18:19.8397320+05:30"------------
[2026-07-16 12:18:29.855 +05:30 INF] HealthApp.Api.BackgroundServices.HeartbeatBackgroundService HealthAxis heartbeat running at "2026-07-16T12:18:29.8557257+05:30"------------
[2026-07-16 12:18:39.871 +05:30 INF] HealthApp.Api.BackgroundServices.HeartbeatBackgroundService HealthAxis heartbeat running at "2026-07-16T12:18:39.8716853+05:30"------------
[2026-07-16 12:18:49.884 +05:30 INF] HealthApp.Api.BackgroundServices.HeartbeatBackgroundService HealthAxis heartbeat running at "2026-07-16T12:18:49.8845733+05:30"------------
[2026-07-16 12:18:59.893 +05:30 INF] HealthApp.Api.BackgroundServices.HeartbeatBackgroundService HealthAxis heartbeat running at "2026-07-16T12:18:59.8937270+05:30"------------
[2026-07-16 12:19:09.983 +05:30 INF] HealthApp.Api.BackgroundServices.HeartbeatBackgroundService HealthAxis heartbeat running at "2026-07-16T12:19:09.9833060+05:30"------------
[2026-07-16 12:19:20.002 +05:30 INF] HealthApp.Api.BackgroundServices.HeartbeatBackgroundService HealthAxis heartbeat running at "2026-07-16T12:19:20.0027906+05:30"------------
[2026-07-16 12:19:30.024 +05:30 INF] HealthApp.Api.BackgroundServices.HeartbeatBackgroundService HealthAxis heartbeat running at "2026-07-16T12:19:30.0243505+05:30"------------
[2026-07-16 12:19:40.032 +05:30 INF] HealthApp.Api.BackgroundServices.HeartbeatBackgroundService HealthAxis heartbeat running at "2026-07-16T12:19:40.0325134+05:30"------------
[2026-07-16 12:19:50.071 +05:30 INF] HealthApp.Api.BackgroundServices.HeartbeatBackgroundService HealthAxis heartbeat running at "2026-07-16T12:19:50.0715869+05:30"------------
[2026-07-16 12:20:00.089 +05:30 INF] HealthApp.Api.BackgroundServices.HeartbeatBackgroundService HealthAxis heartbeat running at "2026-07-16T12:20:00.0896225+05:30"------------
[2026-07-16 12:20:10.104 +05:30 INF] HealthApp.Api.BackgroundServices.HeartbeatBackgroundService HealthAxis heartbeat running at "2026-07-16T12:20:10.1043312+05:30"------------
[2026-07-16 12:20:20.118 +05:30 INF] HealthApp.Api.BackgroundServices.HeartbeatBackgroundService HealthAxis heartbeat running at "2026-07-16T12:20:20.1185170+05:30"------------
[2026-07-16 12:20:30.134 +05:30 INF] HealthApp.Api.BackgroundServices.HeartbeatBackgroundService HealthAxis heartbeat running at "2026-07-16T12:20:30.1342591+05:30"------------
[2026-07-16 12:20:40.141 +05:30 INF] HealthApp.Api.BackgroundServices.HeartbeatBackgroundService HealthAxis heartbeat running at "2026-07-16T12:20:40.1417445+05:30"------------
[2026-07-16 12:20:50.158 +05:30 INF] HealthApp.Api.BackgroundServices.HeartbeatBackgroundService HealthAxis heartbeat running at "2026-07-16T12:20:50.1580042+05:30"------------
[2026-07-16 12:21:00.169 +05:30 INF] HealthApp.Api.BackgroundServices.HeartbeatBackgroundService HealthAxis heartbeat running at "2026-07-16T12:21:00.1692795+05:30"------------
[2026-07-16 12:21:10.172 +05:30 INF] HealthApp.Api.BackgroundServices.HeartbeatBackgroundService HealthAxis heartbeat running at "2026-07-16T12:21:10.1726706+05:30"------------
[2026-07-16 12:21:20.191 +05:30 INF] HealthApp.Api.BackgroundServices.HeartbeatBackgroundService HealthAxis heartbeat running at "2026-07-16T12:21:20.1915259+05:30"------------
[2026-07-16 12:21:30.202 +05:30 INF] HealthApp.Api.BackgroundServices.HeartbeatBackgroundService HealthAxis heartbeat running at "2026-07-16T12:21:30.2024546+05:30"------------
[2026-07-16 12:21:40.204 +05:30 INF] HealthApp.Api.BackgroundServices.HeartbeatBackgroundService HealthAxis heartbeat running at "2026-07-16T12:21:40.2046602+05:30"------------
[2026-07-16 12:21:50.219 +05:30 INF] HealthApp.Api.BackgroundServices.HeartbeatBackgroundService HealthAxis heartbeat running at "2026-07-16T12:21:50.2199440+05:30"------------
[2026-07-16 12:22:00.267 +05:30 INF] HealthApp.Api.BackgroundServices.HeartbeatBackgroundService HealthAxis heartbeat running at "2026-07-16T12:22:00.2672533+05:30"------------
[2026-07-16 12:22:10.274 +05:30 INF] HealthApp.Api.BackgroundServices.HeartbeatBackgroundService HealthAxis heartbeat running at "2026-07-16T12:22:10.2743165+05:30"------------
[2026-07-16 12:22:20.287 +05:30 INF] HealthApp.Api.BackgroundServices.HeartbeatBackgroundService HealthAxis heartbeat running at "2026-07-16T12:22:20.2878154+05:30"------------
[2026-07-16 12:22:30.297 +05:30 INF] HealthApp.Api.BackgroundServices.HeartbeatBackgroundService HealthAxis heartbeat running at "2026-07-16T12:22:30.2976396+05:30"------------
[2026-07-16 12:22:40.324 +05:30 INF] HealthApp.Api.BackgroundServices.HeartbeatBackgroundService HealthAxis heartbeat running at "2026-07-16T12:22:40.3249180+05:30"------------
[2026-07-16 12:22:50.332 +05:30 INF] HealthApp.Api.BackgroundServices.HeartbeatBackgroundService HealthAxis heartbeat running at "2026-07-16T12:22:50.3328485+05:30"------------
[2026-07-16 12:23:00.349 +05:30 INF] HealthApp.Api.BackgroundServices.HeartbeatBackgroundService HealthAxis heartbeat running at "2026-07-16T12:23:00.3492040+05:30"------------
[2026-07-16 12:23:10.360 +05:30 INF] HealthApp.Api.BackgroundServices.HeartbeatBackgroundService HealthAxis heartbeat running at "2026-07-16T12:23:10.3604675+05:30"------------
[2026-07-16 12:23:20.373 +05:30 INF] HealthApp.Api.BackgroundServices.HeartbeatBackgroundService HealthAxis heartbeat running at "2026-07-16T12:23:20.3733136+05:30"------------
[2026-07-16 12:23:30.388 +05:30 INF] HealthApp.Api.BackgroundServices.HeartbeatBackgroundService HealthAxis heartbeat running at "2026-07-16T12:23:30.3885336+05:30"------------
[2026-07-16 12:23:40.403 +05:30 INF] HealthApp.Api.BackgroundServices.HeartbeatBackgroundService HealthAxis heartbeat running at "2026-07-16T12:23:40.4039406+05:30"------------
[2026-07-16 12:23:50.417 +05:30 INF] HealthApp.Api.BackgroundServices.HeartbeatBackgroundService HealthAxis heartbeat running at "2026-07-16T12:23:50.4177673+05:30"------------
[2026-07-16 12:24:00.431 +05:30 INF] HealthApp.Api.BackgroundServices.HeartbeatBackgroundService HealthAxis heartbeat running at "2026-07-16T12:24:00.4314206+05:30"------------
[2026-07-16 12:24:10.440 +05:30 INF] HealthApp.Api.BackgroundServices.HeartbeatBackgroundService HealthAxis heartbeat running at "2026-07-16T12:24:10.4408538+05:30"------------
[2026-07-16 12:24:20.452 +05:30 INF] HealthApp.Api.BackgroundServices.HeartbeatBackgroundService HealthAxis heartbeat running at "2026-07-16T12:24:20.4525074+05:30"------------
[2026-07-16 12:24:30.460 +05:30 INF] HealthApp.Api.BackgroundServices.HeartbeatBackgroundService HealthAxis heartbeat running at "2026-07-16T12:24:30.4603906+05:30"------------
[2026-07-16 12:24:40.470 +05:30 INF] HealthApp.Api.BackgroundServices.HeartbeatBackgroundService HealthAxis heartbeat running at "2026-07-16T12:24:40.4701057+05:30"------------
[2026-07-16 12:24:50.474 +05:30 INF] HealthApp.Api.BackgroundServices.HeartbeatBackgroundService HealthAxis heartbeat running at "2026-07-16T12:24:50.4746750+05:30"------------
[2026-07-16 12:25:00.481 +05:30 INF] HealthApp.Api.BackgroundServices.HeartbeatBackgroundService HealthAxis heartbeat running at "2026-07-16T12:25:00.4814406+05:30"------------
[2026-07-16 12:25:10.484 +05:30 INF] HealthApp.Api.BackgroundServices.HeartbeatBackgroundService HealthAxis heartbeat running at "2026-07-16T12:25:10.4847945+05:30"------------
[2026-07-16 12:25:20.503 +05:30 INF] HealthApp.Api.BackgroundServices.HeartbeatBackgroundService HealthAxis heartbeat running at "2026-07-16T12:25:20.5033536+05:30"------------
[2026-07-16 12:25:30.527 +05:30 INF] HealthApp.Api.BackgroundServices.HeartbeatBackgroundService HealthAxis heartbeat running at "2026-07-16T12:25:30.5279674+05:30"------------
[2026-07-16 12:25:40.543 +05:30 INF] HealthApp.Api.BackgroundServices.HeartbeatBackgroundService HealthAxis heartbeat running at "2026-07-16T12:25:40.5436525+05:30"------------
[2026-07-16 12:25:50.560 +05:30 INF] HealthApp.Api.BackgroundServices.HeartbeatBackgroundService HealthAxis heartbeat running at "2026-07-16T12:25:50.5603281+05:30"------------
[2026-07-16 12:26:00.577 +05:30 INF] HealthApp.Api.BackgroundServices.HeartbeatBackgroundService HealthAxis heartbeat running at "2026-07-16T12:26:00.5777563+05:30"------------
[2026-07-16 12:26:10.588 +05:30 INF] HealthApp.Api.BackgroundServices.HeartbeatBackgroundService HealthAxis heartbeat running at "2026-07-16T12:26:10.5889177+05:30"------------
[2026-07-16 12:26:20.604 +05:30 INF] HealthApp.Api.BackgroundServices.HeartbeatBackgroundService HealthAxis heartbeat running at "2026-07-16T12:26:20.6043674+05:30"------------
[2026-07-16 12:26:30.631 +05:30 INF] HealthApp.Api.BackgroundServices.HeartbeatBackgroundService HealthAxis heartbeat running at "2026-07-16T12:26:30.6312427+05:30"------------
[2026-07-16 12:26:40.636 +05:30 INF] HealthApp.Api.BackgroundServices.HeartbeatBackgroundService HealthAxis heartbeat running at "2026-07-16T12:26:40.6361653+05:30"------------
[2026-07-16 12:26:50.646 +05:30 INF] HealthApp.Api.BackgroundServices.HeartbeatBackgroundService HealthAxis heartbeat running at "2026-07-16T12:26:50.6461182+05:30"------------
[2026-07-16 12:27:00.658 +05:30 INF] HealthApp.Api.BackgroundServices.HeartbeatBackgroundService HealthAxis heartbeat running at "2026-07-16T12:27:00.6581660+05:30"------------
[2026-07-16 12:27:10.677 +05:30 INF] HealthApp.Api.BackgroundServices.HeartbeatBackgroundService HealthAxis heartbeat running at "2026-07-16T12:27:10.6778949+05:30"------------
[2026-07-16 12:27:20.698 +05:30 INF] HealthApp.Api.BackgroundServices.HeartbeatBackgroundService HealthAxis heartbeat running at "2026-07-16T12:27:20.6981249+05:30"------------
[2026-07-16 12:27:30.715 +05:30 INF] HealthApp.Api.BackgroundServices.HeartbeatBackgroundService HealthAxis heartbeat running at "2026-07-16T12:27:30.7150926+05:30"------------
[2026-07-16 12:27:40.723 +05:30 INF] HealthApp.Api.BackgroundServices.HeartbeatBackgroundService HealthAxis heartbeat running at "2026-07-16T12:27:40.7235384+05:30"------------
[2026-07-16 12:27:50.739 +05:30 INF] HealthApp.Api.BackgroundServices.HeartbeatBackgroundService HealthAxis heartbeat running at "2026-07-16T12:27:50.7396183+05:30"------------
[2026-07-16 12:28:00.750 +05:30 INF] HealthApp.Api.BackgroundServices.HeartbeatBackgroundService HealthAxis heartbeat running at "2026-07-16T12:28:00.7508927+05:30"------------
[2026-07-16 12:28:10.763 +05:30 INF] HealthApp.Api.BackgroundServices.HeartbeatBackgroundService HealthAxis heartbeat running at "2026-07-16T12:28:10.7638863+05:30"------------
[2026-07-16 12:28:20.772 +05:30 INF] HealthApp.Api.BackgroundServices.HeartbeatBackgroundService HealthAxis heartbeat running at "2026-07-16T12:28:20.7721630+05:30"------------
[2026-07-16 12:36:52.928 +05:30 INF] HealthApp.Api.BackgroundServices.HeartbeatBackgroundService HealthAxis Heartbeat Background Service started.+++++++++++++
[2026-07-16 12:36:53.255 +05:30 INF] Microsoft.Hosting.Lifetime Now listening on: http://localhost:5066
[2026-07-16 12:36:53.273 +05:30 INF] HealthApp.Api.BackgroundServices.HeartbeatBackgroundService HealthAxis heartbeat running at "2026-07-16T12:36:53.2720264+05:30"------------
[2026-07-16 12:36:53.363 +05:30 INF] MassTransit Bus started: "rabbitmq://localhost/"
[2026-07-16 12:36:53.448 +05:30 INF] Microsoft.Hosting.Lifetime Application started. Press Ctrl+C to shut down.
[2026-07-16 12:36:53.450 +05:30 INF] Microsoft.Hosting.Lifetime Hosting environment: Development
[2026-07-16 12:36:53.455 +05:30 INF] Microsoft.Hosting.Lifetime Content root path: C:\Users\310208\source\repos\Sprint 4\UST-Live-01\HealthApp.Api
[2026-07-16 12:37:03.297 +05:30 INF] HealthApp.Api.BackgroundServices.HeartbeatBackgroundService HealthAxis heartbeat running at "2026-07-16T12:37:03.2976588+05:30"------------
[2026-07-16 12:37:13.312 +05:30 INF] HealthApp.Api.BackgroundServices.HeartbeatBackgroundService HealthAxis heartbeat running at "2026-07-16T12:37:13.3119867+05:30"------------
[2026-07-16 12:37:23.320 +05:30 INF] HealthApp.Api.BackgroundServices.HeartbeatBackgroundService HealthAxis heartbeat running at "2026-07-16T12:37:23.3206641+05:30"------------
[2026-07-16 12:37:24.375 +05:30 INF] Serilog.AspNetCore.RequestLoggingMiddleware HTTP OPTIONS /api/auth/login responded 204 in 21.0401 ms
[2026-07-16 12:37:24.421 +05:30 WRN] Microsoft.AspNetCore.HttpsPolicy.HttpsRedirectionMiddleware Failed to determine the https port for redirect.
[2026-07-16 12:37:25.104 +05:30 INF] Serilog.AspNetCore.RequestLoggingMiddleware HTTP POST /api/auth/login responded 200 in 689.1965 ms
[2026-07-16 12:37:25.143 +05:30 INF] Serilog.AspNetCore.RequestLoggingMiddleware HTTP OPTIONS /api/appointments/doctor/me responded 204 in 5.2780 ms
[2026-07-16 12:37:25.144 +05:30 INF] Serilog.AspNetCore.RequestLoggingMiddleware HTTP OPTIONS /api/doctor-leaves/my responded 204 in 0.0489 ms
[2026-07-16 12:37:25.144 +05:30 INF] Serilog.AspNetCore.RequestLoggingMiddleware HTTP OPTIONS /api/doctors/me responded 204 in 0.1007 ms
[2026-07-16 12:37:25.520 +05:30 WRN] LuckyPennySoftware.AutoMapper.License You do not have a valid license key for the Lucky Penny software AutoMapper. This is allowed for development and testing scenarios. If you are running in production you are required to have a licensed version. Please visit https://luckypennysoftware.com to obtain a valid license.
[2026-07-16 12:37:25.752 +05:30 INF] Serilog.AspNetCore.RequestLoggingMiddleware HTTP GET /api/doctors/me responded 200 in 559.4686 ms
[2026-07-16 12:37:26.178 +05:30 INF] Serilog.AspNetCore.RequestLoggingMiddleware HTTP GET /api/doctor-leaves/my responded 200 in 989.0347 ms
[2026-07-16 12:37:26.261 +05:30 INF] Serilog.AspNetCore.RequestLoggingMiddleware HTTP GET /api/appointments/doctor/me responded 200 in 1072.1629 ms
[2026-07-16 12:37:33.328 +05:30 INF] HealthApp.Api.BackgroundServices.HeartbeatBackgroundService HealthAxis heartbeat running at "2026-07-16T12:37:33.3284244+05:30"------------
[2026-07-16 12:37:43.342 +05:30 INF] HealthApp.Api.BackgroundServices.HeartbeatBackgroundService HealthAxis heartbeat running at "2026-07-16T12:37:43.3427368+05:30"------------
[2026-07-16 12:37:53.345 +05:30 INF] HealthApp.Api.BackgroundServices.HeartbeatBackgroundService HealthAxis heartbeat running at "2026-07-16T12:37:53.3452533+05:30"------------
[2026-07-16 12:38:03.354 +05:30 INF] HealthApp.Api.BackgroundServices.HeartbeatBackgroundService HealthAxis heartbeat running at "2026-07-16T12:38:03.3546763+05:30"------------
[2026-07-16 12:38:13.364 +05:30 INF] HealthApp.Api.BackgroundServices.HeartbeatBackgroundService HealthAxis heartbeat running at "2026-07-16T12:38:13.3648744+05:30"------------
[2026-07-16 12:38:23.368 +05:30 INF] HealthApp.Api.BackgroundServices.HeartbeatBackgroundService HealthAxis heartbeat running at "2026-07-16T12:38:23.3685775+05:30"------------
[2026-07-16 12:38:33.383 +05:30 INF] HealthApp.Api.BackgroundServices.HeartbeatBackgroundService HealthAxis heartbeat running at "2026-07-16T12:38:33.3828182+05:30"------------
[2026-07-16 12:38:43.399 +05:30 INF] HealthApp.Api.BackgroundServices.HeartbeatBackgroundService HealthAxis heartbeat running at "2026-07-16T12:38:43.3990449+05:30"------------
[2026-07-16 12:38:53.408 +05:30 INF] HealthApp.Api.BackgroundServices.HeartbeatBackgroundService HealthAxis heartbeat running at "2026-07-16T12:38:53.4087484+05:30"------------
[2026-07-16 12:39:03.421 +05:30 INF] HealthApp.Api.BackgroundServices.HeartbeatBackgroundService HealthAxis heartbeat running at "2026-07-16T12:39:03.4216847+05:30"------------
[2026-07-16 12:39:13.439 +05:30 INF] HealthApp.Api.BackgroundServices.HeartbeatBackgroundService HealthAxis heartbeat running at "2026-07-16T12:39:13.4397324+05:30"------------
[2026-07-16 12:39:23.459 +05:30 INF] HealthApp.Api.BackgroundServices.HeartbeatBackgroundService HealthAxis heartbeat running at "2026-07-16T12:39:23.4594002+05:30"------------
[2026-07-16 12:39:33.478 +05:30 INF] HealthApp.Api.BackgroundServices.HeartbeatBackgroundService HealthAxis heartbeat running at "2026-07-16T12:39:33.4787517+05:30"------------
[2026-07-16 12:39:43.487 +05:30 INF] HealthApp.Api.BackgroundServices.HeartbeatBackgroundService HealthAxis heartbeat running at "2026-07-16T12:39:43.4879547+05:30"------------
[2026-07-16 12:39:53.494 +05:30 INF] HealthApp.Api.BackgroundServices.HeartbeatBackgroundService HealthAxis heartbeat running at "2026-07-16T12:39:53.4948094+05:30"------------
[2026-07-16 12:40:03.508 +05:30 INF] HealthApp.Api.BackgroundServices.HeartbeatBackgroundService HealthAxis heartbeat running at "2026-07-16T12:40:03.5089376+05:30"------------
[2026-07-16 12:40:13.522 +05:30 INF] HealthApp.Api.BackgroundServices.HeartbeatBackgroundService HealthAxis heartbeat running at "2026-07-16T12:40:13.5218180+05:30"------------
[2026-07-16 12:40:18.074 +05:30 INF] Serilog.AspNetCore.RequestLoggingMiddleware HTTP GET /swagger responded 301 in 1.1859 ms
[2026-07-16 12:40:18.277 +05:30 INF] Serilog.AspNetCore.RequestLoggingMiddleware HTTP GET /swagger/index.html responded 200 in 183.9808 ms
[2026-07-16 12:40:18.326 +05:30 INF] Serilog.AspNetCore.RequestLoggingMiddleware HTTP GET /swagger/index.js responded 200 in 5.5120 ms
[2026-07-16 12:40:18.340 +05:30 INF] Serilog.AspNetCore.RequestLoggingMiddleware HTTP GET /swagger/swagger-ui.css responded 200 in 52.2236 ms
[2026-07-16 12:40:18.340 +05:30 INF] Serilog.AspNetCore.RequestLoggingMiddleware HTTP GET /swagger/index.css responded 200 in 48.2677 ms
[2026-07-16 12:40:18.369 +05:30 INF] Serilog.AspNetCore.RequestLoggingMiddleware HTTP GET /swagger/swagger-ui-standalone-preset.js responded 200 in 50.0676 ms
[2026-07-16 12:40:18.372 +05:30 INF] Serilog.AspNetCore.RequestLoggingMiddleware HTTP GET /swagger/swagger-ui-bundle.js responded 200 in 52.5391 ms
[2026-07-16 12:40:18.634 +05:30 INF] Serilog.AspNetCore.RequestLoggingMiddleware HTTP GET /swagger/favicon-32x32.png responded 200 in 2.8237 ms
[2026-07-16 12:40:18.671 +05:30 INF] Serilog.AspNetCore.RequestLoggingMiddleware HTTP GET /swagger/v1/swagger.json responded 200 in 54.1121 ms
[2026-07-16 12:40:23.524 +05:30 INF] HealthApp.Api.BackgroundServices.HeartbeatBackgroundService HealthAxis heartbeat running at "2026-07-16T12:40:23.5245045+05:30"------------
[2026-07-16 12:40:33.538 +05:30 INF] HealthApp.Api.BackgroundServices.HeartbeatBackgroundService HealthAxis heartbeat running at "2026-07-16T12:40:33.5389451+05:30"------------
[2026-07-16 12:40:43.556 +05:30 INF] HealthApp.Api.BackgroundServices.HeartbeatBackgroundService HealthAxis heartbeat running at "2026-07-16T12:40:43.5563433+05:30"------------
[2026-07-16 12:40:53.568 +05:30 INF] HealthApp.Api.BackgroundServices.HeartbeatBackgroundService HealthAxis heartbeat running at "2026-07-16T12:40:53.5687449+05:30"------------
[2026-07-16 12:41:03.585 +05:30 INF] HealthApp.Api.BackgroundServices.HeartbeatBackgroundService HealthAxis heartbeat running at "2026-07-16T12:41:03.5854371+05:30"------------
[2026-07-16 12:41:13.597 +05:30 INF] HealthApp.Api.BackgroundServices.HeartbeatBackgroundService HealthAxis heartbeat running at "2026-07-16T12:41:13.5975114+05:30"------------
[2026-07-16 12:41:45.390 +05:30 INF] HealthApp.Api.BackgroundServices.HeartbeatBackgroundService HealthAxis Heartbeat Background Service started.+++++++++++++
[2026-07-16 12:41:45.871 +05:30 INF] HealthApp.Api.BackgroundServices.HeartbeatBackgroundService HealthAxis heartbeat running at "2026-07-16T12:41:45.8697494+05:30"------------
[2026-07-16 12:41:46.008 +05:30 INF] Microsoft.Hosting.Lifetime Now listening on: http://localhost:5066
[2026-07-16 12:41:46.048 +05:30 INF] MassTransit Bus started: "rabbitmq://localhost/"
[2026-07-16 12:41:46.201 +05:30 INF] Microsoft.Hosting.Lifetime Application started. Press Ctrl+C to shut down.
[2026-07-16 12:41:46.204 +05:30 INF] Microsoft.Hosting.Lifetime Hosting environment: Development
[2026-07-16 12:41:46.207 +05:30 INF] Microsoft.Hosting.Lifetime Content root path: C:\Users\310208\source\repos\Sprint 4\UST-Live-01\HealthApp.Api
[2026-07-16 12:41:46.716 +05:30 INF] Serilog.AspNetCore.RequestLoggingMiddleware HTTP GET /swagger/index.html responded 304 in 174.1358 ms
[2026-07-16 12:41:46.775 +05:30 INF] Serilog.AspNetCore.RequestLoggingMiddleware HTTP GET /swagger/index.js responded 304 in 1.9655 ms
[2026-07-16 12:41:46.793 +05:30 INF] Serilog.AspNetCore.RequestLoggingMiddleware HTTP GET /swagger/index.css responded 304 in 20.2613 ms
[2026-07-16 12:41:46.793 +05:30 INF] Serilog.AspNetCore.RequestLoggingMiddleware HTTP GET /swagger/swagger-ui.css responded 304 in 22.0769 ms
[2026-07-16 12:41:46.793 +05:30 INF] Serilog.AspNetCore.RequestLoggingMiddleware HTTP GET /swagger/swagger-ui-standalone-preset.js responded 304 in 10.6638 ms
[2026-07-16 12:41:46.807 +05:30 INF] Serilog.AspNetCore.RequestLoggingMiddleware HTTP GET /swagger/swagger-ui-bundle.js responded 304 in 33.5580 ms
[2026-07-16 12:41:47.133 +05:30 INF] Serilog.AspNetCore.RequestLoggingMiddleware HTTP GET /swagger/favicon-32x32.png responded 304 in 0.4307 ms
[2026-07-16 12:41:47.211 +05:30 INF] Serilog.AspNetCore.RequestLoggingMiddleware HTTP GET /swagger/v1/swagger.json responded 200 in 100.8026 ms
[2026-07-16 12:41:56.006 +05:30 INF] HealthApp.Api.BackgroundServices.HeartbeatBackgroundService HealthAxis heartbeat running at "2026-07-16T12:41:56.0063613+05:30"------------
[2026-07-16 12:42:05.439 +05:30 WRN] Microsoft.AspNetCore.HttpsPolicy.HttpsRedirectionMiddleware Failed to determine the https port for redirect.
[2026-07-16 12:42:05.488 +05:30 INF] Program TEST LOG TO ELASTICSEARCH at "2026-07-16T12:42:05.4877770+05:30"
[2026-07-16 12:42:05.515 +05:30 INF] Serilog.AspNetCore.RequestLoggingMiddleware HTTP GET /log-test responded 200 in 81.6900 ms
[2026-07-16 12:42:05.553 +05:30 INF] Serilog.AspNetCore.RequestLoggingMiddleware HTTP GET /favicon.ico responded 404 in 1.4252 ms
[2026-07-16 12:42:06.027 +05:30 INF] HealthApp.Api.BackgroundServices.HeartbeatBackgroundService HealthAxis heartbeat running at "2026-07-16T12:42:06.0270513+05:30"------------
[2026-07-16 12:42:16.039 +05:30 INF] HealthApp.Api.BackgroundServices.HeartbeatBackgroundService HealthAxis heartbeat running at "2026-07-16T12:42:16.0398484+05:30"------------
[2026-07-16 12:42:26.051 +05:30 INF] HealthApp.Api.BackgroundServices.HeartbeatBackgroundService HealthAxis heartbeat running at "2026-07-16T12:42:26.0519215+05:30"------------
[2026-07-16 12:42:36.058 +05:30 INF] HealthApp.Api.BackgroundServices.HeartbeatBackgroundService HealthAxis heartbeat running at "2026-07-16T12:42:36.0588267+05:30"------------
[2026-07-16 12:42:46.069 +05:30 INF] HealthApp.Api.BackgroundServices.HeartbeatBackgroundService HealthAxis heartbeat running at "2026-07-16T12:42:46.0691602+05:30"------------
[2026-07-16 12:42:56.091 +05:30 INF] HealthApp.Api.BackgroundServices.HeartbeatBackgroundService HealthAxis heartbeat running at "2026-07-16T12:42:56.0911767+05:30"------------
[2026-07-16 12:43:06.105 +05:30 INF] HealthApp.Api.BackgroundServices.HeartbeatBackgroundService HealthAxis heartbeat running at "2026-07-16T12:43:06.1049015+05:30"------------
[2026-07-16 12:43:16.136 +05:30 INF] HealthApp.Api.BackgroundServices.HeartbeatBackgroundService HealthAxis heartbeat running at "2026-07-16T12:43:16.1362825+05:30"------------
[2026-07-16 12:43:26.150 +05:30 INF] HealthApp.Api.BackgroundServices.HeartbeatBackgroundService HealthAxis heartbeat running at "2026-07-16T12:43:26.1504119+05:30"------------
[2026-07-16 12:43:36.154 +05:30 INF] HealthApp.Api.BackgroundServices.HeartbeatBackgroundService HealthAxis heartbeat running at "2026-07-16T12:43:36.1540459+05:30"------------
[2026-07-16 12:43:46.167 +05:30 INF] HealthApp.Api.BackgroundServices.HeartbeatBackgroundService HealthAxis heartbeat running at "2026-07-16T12:43:46.1676860+05:30"------------
[2026-07-16 12:44:11.307 +05:30 INF] HealthApp.Api.BackgroundServices.HeartbeatBackgroundService HealthAxis Heartbeat Background Service started.+++++++++++++
[2026-07-16 12:44:11.618 +05:30 INF] HealthApp.Api.BackgroundServices.HeartbeatBackgroundService HealthAxis heartbeat running at "2026-07-16T12:44:11.6171067+05:30"------------
[2026-07-16 12:44:11.634 +05:30 INF] Microsoft.Hosting.Lifetime Now listening on: http://localhost:5066
[2026-07-16 12:44:11.656 +05:30 INF] MassTransit Bus started: "rabbitmq://localhost/"
[2026-07-16 12:44:11.829 +05:30 INF] Microsoft.Hosting.Lifetime Application started. Press Ctrl+C to shut down.
[2026-07-16 12:44:11.832 +05:30 INF] Microsoft.Hosting.Lifetime Hosting environment: Development
[2026-07-16 12:44:11.837 +05:30 INF] Microsoft.Hosting.Lifetime Content root path: C:\Users\310208\source\repos\Sprint 4\UST-Live-01\HealthApp.Api
[2026-07-16 12:44:12.063 +05:30 WRN] Microsoft.AspNetCore.HttpsPolicy.HttpsRedirectionMiddleware Failed to determine the https port for redirect.
[2026-07-16 12:44:12.193 +05:30 INF] Program TEST LOG TO ELASTICSEARCH at "2026-07-16T12:44:12.1928815+05:30"
[2026-07-16 12:44:12.291 +05:30 INF] Serilog.AspNetCore.RequestLoggingMiddleware HTTP GET /log-test responded 200 in 259.5531 ms
[2026-07-16 12:44:21.634 +05:30 INF] HealthApp.Api.BackgroundServices.HeartbeatBackgroundService HealthAxis heartbeat running at "2026-07-16T12:44:21.6342674+05:30"------------
[2026-07-16 12:44:25.321 +05:30 INF] Program TEST LOG TO ELASTICSEARCH at "2026-07-16T12:44:25.3213518+05:30"
[2026-07-16 12:44:25.323 +05:30 INF] Serilog.AspNetCore.RequestLoggingMiddleware HTTP GET /log-test responded 200 in 5.9565 ms
[2026-07-16 12:44:26.935 +05:30 INF] Program TEST LOG TO ELASTICSEARCH at "2026-07-16T12:44:26.9357768+05:30"
[2026-07-16 12:44:26.938 +05:30 INF] Serilog.AspNetCore.RequestLoggingMiddleware HTTP GET /log-test responded 200 in 8.9054 ms
[2026-07-16 12:44:31.638 +05:30 INF] HealthApp.Api.BackgroundServices.HeartbeatBackgroundService HealthAxis heartbeat running at "2026-07-16T12:44:31.6383180+05:30"------------
[2026-07-16 12:44:41.656 +05:30 INF] HealthApp.Api.BackgroundServices.HeartbeatBackgroundService HealthAxis heartbeat running at "2026-07-16T12:44:41.6568085+05:30"------------
[2026-07-16 12:44:51.677 +05:30 INF] HealthApp.Api.BackgroundServices.HeartbeatBackgroundService HealthAxis heartbeat running at "2026-07-16T12:44:51.6770193+05:30"------------
[2026-07-16 12:44:51.723 +05:30 INF] Serilog.AspNetCore.RequestLoggingMiddleware HTTP OPTIONS /api/auth/login responded 204 in 2.6119 ms
[2026-07-16 12:44:52.332 +05:30 INF] Serilog.AspNetCore.RequestLoggingMiddleware HTTP POST /api/auth/login responded 200 in 600.1824 ms
[2026-07-16 12:44:52.357 +05:30 INF] Serilog.AspNetCore.RequestLoggingMiddleware HTTP OPTIONS /api/PatientApi/me responded 204 in 0.2260 ms
[2026-07-16 12:44:52.685 +05:30 WRN] LuckyPennySoftware.AutoMapper.License You do not have a valid license key for the Lucky Penny software AutoMapper. This is allowed for development and testing scenarios. If you are running in production you are required to have a licensed version. Please visit https://luckypennysoftware.com to obtain a valid license.
[2026-07-16 12:44:52.777 +05:30 INF] Serilog.AspNetCore.RequestLoggingMiddleware HTTP GET /api/PatientApi/me responded 200 in 414.4069 ms
[2026-07-16 12:44:52.782 +05:30 INF] Serilog.AspNetCore.RequestLoggingMiddleware HTTP OPTIONS /api/appointments/me responded 204 in 0.1876 ms
[2026-07-16 12:44:52.788 +05:30 INF] Serilog.AspNetCore.RequestLoggingMiddleware HTTP OPTIONS /api/HealthRecordApi/me responded 204 in 0.1415 ms
[2026-07-16 12:44:53.004 +05:30 INF] Serilog.AspNetCore.RequestLoggingMiddleware HTTP GET /api/HealthRecordApi/me responded 200 in 210.6966 ms
[2026-07-16 12:44:53.190 +05:30 INF] Serilog.AspNetCore.RequestLoggingMiddleware HTTP GET /api/appointments/me responded 200 in 398.7652 ms
[2026-07-16 12:45:01.696 +05:30 INF] HealthApp.Api.BackgroundServices.HeartbeatBackgroundService HealthAxis heartbeat running at "2026-07-16T12:45:01.6960913+05:30"------------
[2026-07-16 12:45:11.715 +05:30 INF] HealthApp.Api.BackgroundServices.HeartbeatBackgroundService HealthAxis heartbeat running at "2026-07-16T12:45:11.7157045+05:30"------------
[2026-07-16 12:45:21.728 +05:30 INF] HealthApp.Api.BackgroundServices.HeartbeatBackgroundService HealthAxis heartbeat running at "2026-07-16T12:45:21.7282286+05:30"------------
[2026-07-16 12:45:31.746 +05:30 INF] HealthApp.Api.BackgroundServices.HeartbeatBackgroundService HealthAxis heartbeat running at "2026-07-16T12:45:31.7466090+05:30"------------
[2026-07-16 12:45:41.764 +05:30 INF] HealthApp.Api.BackgroundServices.HeartbeatBackgroundService HealthAxis heartbeat running at "2026-07-16T12:45:41.7642297+05:30"------------
[2026-07-16 12:45:51.786 +05:30 INF] HealthApp.Api.BackgroundServices.HeartbeatBackgroundService HealthAxis heartbeat running at "2026-07-16T12:45:51.7860742+05:30"------------
[2026-07-16 12:46:01.858 +05:30 INF] HealthApp.Api.BackgroundServices.HeartbeatBackgroundService HealthAxis heartbeat running at "2026-07-16T12:46:01.8586796+05:30"------------
[2026-07-16 12:46:11.870 +05:30 INF] HealthApp.Api.BackgroundServices.HeartbeatBackgroundService HealthAxis heartbeat running at "2026-07-16T12:46:11.8700570+05:30"------------
[2026-07-16 12:46:21.889 +05:30 INF] HealthApp.Api.BackgroundServices.HeartbeatBackgroundService HealthAxis heartbeat running at "2026-07-16T12:46:21.8889897+05:30"------------
[2026-07-16 12:46:31.953 +05:30 INF] HealthApp.Api.BackgroundServices.HeartbeatBackgroundService HealthAxis heartbeat running at "2026-07-16T12:46:31.9533067+05:30"------------
[2026-07-16 12:46:41.988 +05:30 INF] HealthApp.Api.BackgroundServices.HeartbeatBackgroundService HealthAxis heartbeat running at "2026-07-16T12:46:41.9878890+05:30"------------
[2026-07-16 12:46:51.997 +05:30 INF] HealthApp.Api.BackgroundServices.HeartbeatBackgroundService HealthAxis heartbeat running at "2026-07-16T12:46:51.9969945+05:30"------------
[2026-07-16 12:47:02.009 +05:30 INF] HealthApp.Api.BackgroundServices.HeartbeatBackgroundService HealthAxis heartbeat running at "2026-07-16T12:47:02.0090062+05:30"------------
[2026-07-16 12:47:12.037 +05:30 INF] HealthApp.Api.BackgroundServices.HeartbeatBackgroundService HealthAxis heartbeat running at "2026-07-16T12:47:12.0369923+05:30"------------
[2026-07-16 12:47:22.061 +05:30 INF] HealthApp.Api.BackgroundServices.HeartbeatBackgroundService HealthAxis heartbeat running at "2026-07-16T12:47:22.0618235+05:30"------------
[2026-07-16 12:47:32.097 +05:30 INF] HealthApp.Api.BackgroundServices.HeartbeatBackgroundService HealthAxis heartbeat running at "2026-07-16T12:47:32.0950434+05:30"------------
[2026-07-16 12:47:42.141 +05:30 INF] HealthApp.Api.BackgroundServices.HeartbeatBackgroundService HealthAxis heartbeat running at "2026-07-16T12:47:42.1413126+05:30"------------
[2026-07-16 12:47:52.153 +05:30 INF] HealthApp.Api.BackgroundServices.HeartbeatBackgroundService HealthAxis heartbeat running at "2026-07-16T12:47:52.1533545+05:30"------------
[2026-07-16 12:48:02.166 +05:30 INF] HealthApp.Api.BackgroundServices.HeartbeatBackgroundService HealthAxis heartbeat running at "2026-07-16T12:48:02.1665485+05:30"------------
[2026-07-16 12:48:12.170 +05:30 INF] HealthApp.Api.BackgroundServices.HeartbeatBackgroundService HealthAxis heartbeat running at "2026-07-16T12:48:12.1706361+05:30"------------
[2026-07-16 12:48:22.177 +05:30 INF] HealthApp.Api.BackgroundServices.HeartbeatBackgroundService HealthAxis heartbeat running at "2026-07-16T12:48:22.1774698+05:30"------------
[2026-07-16 12:48:32.213 +05:30 INF] HealthApp.Api.BackgroundServices.HeartbeatBackgroundService HealthAxis heartbeat running at "2026-07-16T12:48:32.2132649+05:30"------------
[2026-07-16 12:48:42.241 +05:30 INF] HealthApp.Api.BackgroundServices.HeartbeatBackgroundService HealthAxis heartbeat running at "2026-07-16T12:48:42.2414332+05:30"------------
[2026-07-16 12:48:52.262 +05:30 INF] HealthApp.Api.BackgroundServices.HeartbeatBackgroundService HealthAxis heartbeat running at "2026-07-16T12:48:52.2618674+05:30"------------
[2026-07-16 12:49:02.278 +05:30 INF] HealthApp.Api.BackgroundServices.HeartbeatBackgroundService HealthAxis heartbeat running at "2026-07-16T12:49:02.2788635+05:30"------------
[2026-07-16 12:49:12.290 +05:30 INF] HealthApp.Api.BackgroundServices.HeartbeatBackgroundService HealthAxis heartbeat running at "2026-07-16T12:49:12.2908793+05:30"------------
[2026-07-16 12:49:22.310 +05:30 INF] HealthApp.Api.BackgroundServices.HeartbeatBackgroundService HealthAxis heartbeat running at "2026-07-16T12:49:22.3102477+05:30"------------
[2026-07-16 12:49:32.328 +05:30 INF] HealthApp.Api.BackgroundServices.HeartbeatBackgroundService HealthAxis heartbeat running at "2026-07-16T12:49:32.3285611+05:30"------------
[2026-07-16 12:49:42.336 +05:30 INF] HealthApp.Api.BackgroundServices.HeartbeatBackgroundService HealthAxis heartbeat running at "2026-07-16T12:49:42.3368570+05:30"------------
[2026-07-16 12:49:52.354 +05:30 INF] HealthApp.Api.BackgroundServices.HeartbeatBackgroundService HealthAxis heartbeat running at "2026-07-16T12:49:52.3540802+05:30"------------
[2026-07-16 12:50:02.369 +05:30 INF] HealthApp.Api.BackgroundServices.HeartbeatBackgroundService HealthAxis heartbeat running at "2026-07-16T12:50:02.3689679+05:30"------------
[2026-07-16 12:50:12.374 +05:30 INF] HealthApp.Api.BackgroundServices.HeartbeatBackgroundService HealthAxis heartbeat running at "2026-07-16T12:50:12.3739328+05:30"------------
[2026-07-16 12:50:22.384 +05:30 INF] HealthApp.Api.BackgroundServices.HeartbeatBackgroundService HealthAxis heartbeat running at "2026-07-16T12:50:22.3844202+05:30"------------
[2026-07-16 12:50:32.397 +05:30 INF] HealthApp.Api.BackgroundServices.HeartbeatBackgroundService HealthAxis heartbeat running at "2026-07-16T12:50:32.3972656+05:30"------------
[2026-07-16 12:50:42.408 +05:30 INF] HealthApp.Api.BackgroundServices.HeartbeatBackgroundService HealthAxis heartbeat running at "2026-07-16T12:50:42.4080922+05:30"------------
[2026-07-16 12:50:52.412 +05:30 INF] HealthApp.Api.BackgroundServices.HeartbeatBackgroundService HealthAxis heartbeat running at "2026-07-16T12:50:52.4123074+05:30"------------
[2026-07-16 12:51:02.428 +05:30 INF] HealthApp.Api.BackgroundServices.HeartbeatBackgroundService HealthAxis heartbeat running at "2026-07-16T12:51:02.4281742+05:30"------------
[2026-07-16 12:51:12.444 +05:30 INF] HealthApp.Api.BackgroundServices.HeartbeatBackgroundService HealthAxis heartbeat running at "2026-07-16T12:51:12.4445591+05:30"------------
[2026-07-16 12:51:22.452 +05:30 INF] HealthApp.Api.BackgroundServices.HeartbeatBackgroundService HealthAxis heartbeat running at "2026-07-16T12:51:22.4526959+05:30"------------
[2026-07-16 12:51:32.459 +05:30 INF] HealthApp.Api.BackgroundServices.HeartbeatBackgroundService HealthAxis heartbeat running at "2026-07-16T12:51:32.4599589+05:30"------------
[2026-07-16 12:51:42.463 +05:30 INF] HealthApp.Api.BackgroundServices.HeartbeatBackgroundService HealthAxis heartbeat running at "2026-07-16T12:51:42.4630589+05:30"------------
[2026-07-16 12:51:52.467 +05:30 INF] HealthApp.Api.BackgroundServices.HeartbeatBackgroundService HealthAxis heartbeat running at "2026-07-16T12:51:52.4671254+05:30"------------
[2026-07-16 12:52:02.476 +05:30 INF] HealthApp.Api.BackgroundServices.HeartbeatBackgroundService HealthAxis heartbeat running at "2026-07-16T12:52:02.4760112+05:30"------------
[2026-07-16 12:52:12.491 +05:30 INF] HealthApp.Api.BackgroundServices.HeartbeatBackgroundService HealthAxis heartbeat running at "2026-07-16T12:52:12.4911270+05:30"------------
[2026-07-16 12:52:22.502 +05:30 INF] HealthApp.Api.BackgroundServices.HeartbeatBackgroundService HealthAxis heartbeat running at "2026-07-16T12:52:22.5022697+05:30"------------
[2026-07-16 12:52:32.722 +05:30 INF] HealthApp.Api.BackgroundServices.HeartbeatBackgroundService HealthAxis heartbeat running at "2026-07-16T12:52:32.7219614+05:30"------------
[2026-07-16 12:52:42.805 +05:30 INF] HealthApp.Api.BackgroundServices.HeartbeatBackgroundService HealthAxis heartbeat running at "2026-07-16T12:52:42.8051628+05:30"------------
[2026-07-16 12:52:52.818 +05:30 INF] HealthApp.Api.BackgroundServices.HeartbeatBackgroundService HealthAxis heartbeat running at "2026-07-16T12:52:52.8184097+05:30"------------
[2026-07-16 12:53:02.824 +05:30 INF] HealthApp.Api.BackgroundServices.HeartbeatBackgroundService HealthAxis heartbeat running at "2026-07-16T12:53:02.8245640+05:30"------------
[2026-07-16 12:53:12.837 +05:30 INF] HealthApp.Api.BackgroundServices.HeartbeatBackgroundService HealthAxis heartbeat running at "2026-07-16T12:53:12.8371458+05:30"------------
[2026-07-16 12:53:40.809 +05:30 INF] HealthApp.Api.BackgroundServices.HeartbeatBackgroundService HealthAxis Heartbeat Background Service started.+++++++++++++
[2026-07-16 12:53:41.023 +05:30 INF] Microsoft.Hosting.Lifetime Now listening on: http://localhost:5066
[2026-07-16 12:53:41.025 +05:30 INF] MassTransit Bus started: "rabbitmq://localhost/"
[2026-07-16 12:53:41.079 +05:30 INF] Microsoft.Hosting.Lifetime Application started. Press Ctrl+C to shut down.
[2026-07-16 12:53:41.081 +05:30 INF] Microsoft.Hosting.Lifetime Hosting environment: Development
[2026-07-16 12:53:41.083 +05:30 INF] Microsoft.Hosting.Lifetime Content root path: C:\Users\310208\source\repos\Sprint 4\UST-Live-01\HealthApp.Api
[2026-07-16 12:53:41.366 +05:30 INF] HealthApp.Api.BackgroundServices.HeartbeatBackgroundService HealthAxis heartbeat running at "2026-07-16T12:53:41.3662386+05:30"------------
[2026-07-16 12:53:51.379 +05:30 INF] HealthApp.Api.BackgroundServices.HeartbeatBackgroundService HealthAxis heartbeat running at "2026-07-16T12:53:51.3788816+05:30"------------
[2026-07-16 12:54:01.388 +05:30 INF] HealthApp.Api.BackgroundServices.HeartbeatBackgroundService HealthAxis heartbeat running at "2026-07-16T12:54:01.3879840+05:30"------------
[2026-07-16 12:54:11.401 +05:30 INF] HealthApp.Api.BackgroundServices.HeartbeatBackgroundService HealthAxis heartbeat running at "2026-07-16T12:54:11.4018563+05:30"------------
[2026-07-16 12:54:21.408 +05:30 INF] HealthApp.Api.BackgroundServices.HeartbeatBackgroundService HealthAxis heartbeat running at "2026-07-16T12:54:21.4083206+05:30"------------
[2026-07-16 12:54:29.291 +05:30 INF] Serilog.AspNetCore.RequestLoggingMiddleware HTTP OPTIONS /api/auth/login responded 204 in 15.5792 ms
[2026-07-16 12:54:29.332 +05:30 WRN] Microsoft.AspNetCore.HttpsPolicy.HttpsRedirectionMiddleware Failed to determine the https port for redirect.
[2026-07-16 12:54:29.994 +05:30 INF] Serilog.AspNetCore.RequestLoggingMiddleware HTTP POST /api/auth/login responded 200 in 667.4896 ms
[2026-07-16 12:54:30.012 +05:30 INF] Serilog.AspNetCore.RequestLoggingMiddleware HTTP OPTIONS /api/PatientApi/me responded 204 in 1.7917 ms
[2026-07-16 12:54:30.356 +05:30 WRN] LuckyPennySoftware.AutoMapper.License You do not have a valid license key for the Lucky Penny software AutoMapper. This is allowed for development and testing scenarios. If you are running in production you are required to have a licensed version. Please visit https://luckypennysoftware.com to obtain a valid license.
[2026-07-16 12:54:30.439 +05:30 INF] Serilog.AspNetCore.RequestLoggingMiddleware HTTP GET /api/PatientApi/me responded 200 in 421.0102 ms
[2026-07-16 12:54:30.444 +05:30 INF] Serilog.AspNetCore.RequestLoggingMiddleware HTTP OPTIONS /api/appointments/me responded 204 in 0.0911 ms
[2026-07-16 12:54:30.445 +05:30 INF] Serilog.AspNetCore.RequestLoggingMiddleware HTTP OPTIONS /api/HealthRecordApi/me responded 204 in 0.0806 ms
[2026-07-16 12:54:30.675 +05:30 INF] Serilog.AspNetCore.RequestLoggingMiddleware HTTP GET /api/HealthRecordApi/me responded 200 in 224.5714 ms
[2026-07-16 12:54:30.885 +05:30 INF] Serilog.AspNetCore.RequestLoggingMiddleware HTTP GET /api/appointments/me responded 200 in 435.6804 ms
[2026-07-16 12:54:31.429 +05:30 INF] HealthApp.Api.BackgroundServices.HeartbeatBackgroundService HealthAxis heartbeat running at "2026-07-16T12:54:31.4296983+05:30"------------
[2026-07-16 12:54:41.435 +05:30 INF] HealthApp.Api.BackgroundServices.HeartbeatBackgroundService HealthAxis heartbeat running at "2026-07-16T12:54:41.4352450+05:30"------------
[2026-07-16 12:54:51.454 +05:30 INF] HealthApp.Api.BackgroundServices.HeartbeatBackgroundService HealthAxis heartbeat running at "2026-07-16T12:54:51.4539924+05:30"------------
[2026-07-16 12:55:01.467 +05:30 INF] HealthApp.Api.BackgroundServices.HeartbeatBackgroundService HealthAxis heartbeat running at "2026-07-16T12:55:01.4677426+05:30"------------
[2026-07-16 12:55:11.478 +05:30 INF] HealthApp.Api.BackgroundServices.HeartbeatBackgroundService HealthAxis heartbeat running at "2026-07-16T12:55:11.4782552+05:30"------------
[2026-07-16 12:55:16.506 +05:30 INF] Serilog.AspNetCore.RequestLoggingMiddleware HTTP OPTIONS /api/auth/login responded 204 in 0.1933 ms
[2026-07-16 12:55:16.647 +05:30 INF] Serilog.AspNetCore.RequestLoggingMiddleware HTTP POST /api/auth/login responded 200 in 134.5093 ms
[2026-07-16 12:55:16.659 +05:30 INF] Serilog.AspNetCore.RequestLoggingMiddleware HTTP OPTIONS /api/PatientApi/me responded 204 in 0.1276 ms
[2026-07-16 12:55:16.682 +05:30 INF] Serilog.AspNetCore.RequestLoggingMiddleware HTTP GET /api/PatientApi/me responded 200 in 19.2930 ms
[2026-07-16 12:55:16.690 +05:30 INF] Serilog.AspNetCore.RequestLoggingMiddleware HTTP OPTIONS /api/HealthRecordApi/me responded 204 in 0.0486 ms
[2026-07-16 12:55:16.690 +05:30 INF] Serilog.AspNetCore.RequestLoggingMiddleware HTTP OPTIONS /api/appointments/me responded 204 in 0.0849 ms
[2026-07-16 12:55:16.704 +05:30 INF] Serilog.AspNetCore.RequestLoggingMiddleware HTTP GET /api/HealthRecordApi/me responded 200 in 10.9346 ms
[2026-07-16 12:55:16.706 +05:30 INF] Serilog.AspNetCore.RequestLoggingMiddleware HTTP GET /api/appointments/me responded 200 in 10.7761 ms
[2026-07-16 12:55:21.491 +05:30 INF] HealthApp.Api.BackgroundServices.HeartbeatBackgroundService HealthAxis heartbeat running at "2026-07-16T12:55:21.4917127+05:30"------------
[2026-07-16 12:55:31.505 +05:30 INF] HealthApp.Api.BackgroundServices.HeartbeatBackgroundService HealthAxis heartbeat running at "2026-07-16T12:55:31.5056180+05:30"------------
[2026-07-16 12:55:40.393 +05:30 INF] Serilog.AspNetCore.RequestLoggingMiddleware HTTP OPTIONS /api/doctors/activedoctors responded 204 in 0.1894 ms
[2026-07-16 12:55:41.097 +05:30 INF] Serilog.AspNetCore.RequestLoggingMiddleware HTTP GET /api/doctors/activedoctors responded 200 in 688.3745 ms
[2026-07-16 12:55:41.515 +05:30 INF] HealthApp.Api.BackgroundServices.HeartbeatBackgroundService HealthAxis heartbeat running at "2026-07-16T12:55:41.5159241+05:30"------------
[2026-07-16 12:55:43.672 +05:30 INF] Serilog.AspNetCore.RequestLoggingMiddleware HTTP OPTIONS /api/appointments/me responded 204 in 0.1658 ms
[2026-07-16 12:55:43.710 +05:30 INF] Serilog.AspNetCore.RequestLoggingMiddleware HTTP GET /api/appointments/me responded 200 in 30.2492 ms
[2026-07-16 12:55:47.910 +05:30 INF] Serilog.AspNetCore.RequestLoggingMiddleware HTTP OPTIONS /api/appointments/doctor/2/availability responded 204 in 0.1155 ms
[2026-07-16 12:55:48.045 +05:30 INF] Serilog.AspNetCore.RequestLoggingMiddleware HTTP GET /api/appointments/doctor/2/availability responded 200 in 125.2541 ms
[2026-07-16 12:55:51.021 +05:30 INF] Serilog.AspNetCore.RequestLoggingMiddleware HTTP OPTIONS /api/appointments responded 204 in 0.1293 ms
[2026-07-16 12:55:51.535 +05:30 INF] HealthApp.Api.BackgroundServices.HeartbeatBackgroundService HealthAxis heartbeat running at "2026-07-16T12:55:51.5343522+05:30"------------
[2026-07-16 12:55:52.033 +05:30 INF] HealthApp.Api.Messaging.Publisher.AppointmentEventPublisher AppointmentBookEvent published. AppointmentId: 40, Patient: Rish, Doctor: Sneha Paul, Date: "2026-07-31T00:00:00.0000000", Slot: 04:00 PM
[2026-07-16 12:55:52.041 +05:30 INF] Serilog.AspNetCore.RequestLoggingMiddleware HTTP POST /api/appointments responded 200 in 1013.4975 ms
[2026-07-16 12:55:53.253 +05:30 INF] Serilog.AspNetCore.RequestLoggingMiddleware HTTP OPTIONS /api/appointments/me responded 204 in 0.1015 ms
[2026-07-16 12:55:53.301 +05:30 INF] Serilog.AspNetCore.RequestLoggingMiddleware HTTP GET /api/appointments/me responded 200 in 31.8579 ms
[2026-07-16 12:56:01.548 +05:30 INF] HealthApp.Api.BackgroundServices.HeartbeatBackgroundService HealthAxis heartbeat running at "2026-07-16T12:56:01.5480018+05:30"------------
[2026-07-16 12:56:11.550 +05:30 INF] HealthApp.Api.BackgroundServices.HeartbeatBackgroundService HealthAxis heartbeat running at "2026-07-16T12:56:11.5506873+05:30"------------
[2026-07-16 12:56:21.555 +05:30 INF] HealthApp.Api.BackgroundServices.HeartbeatBackgroundService HealthAxis heartbeat running at "2026-07-16T12:56:21.5558907+05:30"------------
[2026-07-16 12:56:31.569 +05:30 INF] HealthApp.Api.BackgroundServices.HeartbeatBackgroundService HealthAxis heartbeat running at "2026-07-16T12:56:31.5691100+05:30"------------
[2026-07-16 12:56:36.935 +05:30 INF] Microsoft.Hosting.Lifetime Application is shutting down...
[2026-07-16 12:56:39.761 +05:30 INF] MassTransit Bus stopped: "rabbitmq://localhost/"
[2026-07-16 13:04:38.096 +05:30 INF] HealthApp.Api.BackgroundServices.HeartbeatBackgroundService HealthAxis Heartbeat Background Service started.+++++++++++++
[2026-07-16 13:04:38.433 +05:30 INF] Microsoft.Hosting.Lifetime Now listening on: http://localhost:5066
[2026-07-16 13:04:38.485 +05:30 INF] MassTransit Bus started: "rabbitmq://localhost/"
[2026-07-16 13:04:38.558 +05:30 INF] Microsoft.Hosting.Lifetime Application started. Press Ctrl+C to shut down.
[2026-07-16 13:04:38.562 +05:30 INF] Microsoft.Hosting.Lifetime Hosting environment: Development
[2026-07-16 13:04:38.565 +05:30 INF] Microsoft.Hosting.Lifetime Content root path: C:\Users\310208\source\repos\Sprint 4\UST-Live-01\HealthApp.Api
[2026-07-16 13:04:39.145 +05:30 INF] HealthApp.Api.BackgroundServices.HeartbeatBackgroundService HealthAxis heartbeat running at "2026-07-16T13:04:39.1452683+05:30"------------
[2026-07-16 13:04:46.184 +05:30 INF] Serilog.AspNetCore.RequestLoggingMiddleware HTTP OPTIONS /api/auth/login responded 204 in 24.8221 ms
[2026-07-16 13:04:46.243 +05:30 WRN] Microsoft.AspNetCore.HttpsPolicy.HttpsRedirectionMiddleware Failed to determine the https port for redirect.
[2026-07-16 13:04:46.865 +05:30 INF] Serilog.AspNetCore.RequestLoggingMiddleware HTTP POST /api/auth/login responded 200 in 632.4042 ms
[2026-07-16 13:04:49.148 +05:30 INF] HealthApp.Api.BackgroundServices.HeartbeatBackgroundService HealthAxis heartbeat running at "2026-07-16T13:04:49.1483070+05:30"------------
[2026-07-16 13:04:58.626 +05:30 INF] Serilog.AspNetCore.RequestLoggingMiddleware HTTP OPTIONS /api/auth/patientregister responded 204 in 0.8516 ms
[2026-07-16 13:04:58.719 +05:30 INF] Serilog.AspNetCore.RequestLoggingMiddleware HTTP POST /api/auth/patientregister responded 400 in 85.9951 ms
[2026-07-16 13:04:59.163 +05:30 INF] HealthApp.Api.BackgroundServices.HeartbeatBackgroundService HealthAxis heartbeat running at "2026-07-16T13:04:59.1636810+05:30"------------
[2026-07-16 13:05:03.548 +05:30 INF] Serilog.AspNetCore.RequestLoggingMiddleware HTTP POST /api/auth/patientregister responded 400 in 35.8901 ms
[2026-07-16 13:05:06.921 +05:30 INF] Serilog.AspNetCore.RequestLoggingMiddleware HTTP OPTIONS /api/auth/patientregister responded 204 in 0.1539 ms
[2026-07-16 13:05:06.930 +05:30 INF] Serilog.AspNetCore.RequestLoggingMiddleware HTTP POST /api/auth/patientregister responded 400 in 3.9911 ms
[2026-07-16 13:05:08.241 +05:30 INF] Serilog.AspNetCore.RequestLoggingMiddleware HTTP POST /api/auth/patientregister responded 400 in 2.3372 ms
[2026-07-16 13:05:09.171 +05:30 INF] HealthApp.Api.BackgroundServices.HeartbeatBackgroundService HealthAxis heartbeat running at "2026-07-16T13:05:09.1709554+05:30"------------
[2026-07-16 13:05:12.386 +05:30 INF] Serilog.AspNetCore.RequestLoggingMiddleware HTTP OPTIONS /api/auth/patientregister responded 204 in 0.2248 ms
[2026-07-16 13:05:12.395 +05:30 INF] Serilog.AspNetCore.RequestLoggingMiddleware HTTP POST /api/auth/patientregister responded 400 in 4.8377 ms
[2026-07-16 13:05:13.565 +05:30 INF] Serilog.AspNetCore.RequestLoggingMiddleware HTTP POST /api/auth/patientregister responded 400 in 1.5062 ms
[2026-07-16 13:05:19.183 +05:30 INF] HealthApp.Api.BackgroundServices.HeartbeatBackgroundService HealthAxis heartbeat running at "2026-07-16T13:05:19.1834323+05:30"------------
[2026-07-16 13:05:29.198 +05:30 INF] HealthApp.Api.BackgroundServices.HeartbeatBackgroundService HealthAxis heartbeat running at "2026-07-16T13:05:29.1988469+05:30"------------
[2026-07-16 13:05:39.208 +05:30 INF] HealthApp.Api.BackgroundServices.HeartbeatBackgroundService HealthAxis heartbeat running at "2026-07-16T13:05:39.2089114+05:30"------------
[2026-07-16 13:05:48.090 +05:30 INF] Serilog.AspNetCore.RequestLoggingMiddleware HTTP OPTIONS /api/auth/login responded 204 in 0.1101 ms
[2026-07-16 13:05:48.373 +05:30 INF] Serilog.AspNetCore.RequestLoggingMiddleware HTTP POST /api/auth/login responded 200 in 276.7121 ms
[2026-07-16 13:05:48.435 +05:30 INF] Serilog.AspNetCore.RequestLoggingMiddleware HTTP OPTIONS /api/appointments/doctor/me responded 204 in 0.1657 ms
[2026-07-16 13:05:48.439 +05:30 INF] Serilog.AspNetCore.RequestLoggingMiddleware HTTP OPTIONS /api/doctors/me responded 204 in 0.0786 ms
[2026-07-16 13:05:48.439 +05:30 INF] Serilog.AspNetCore.RequestLoggingMiddleware HTTP OPTIONS /api/doctor-leaves/my responded 204 in 0.0810 ms
[2026-07-16 13:05:48.730 +05:30 WRN] LuckyPennySoftware.AutoMapper.License You do not have a valid license key for the Lucky Penny software AutoMapper. This is allowed for development and testing scenarios. If you are running in production you are required to have a licensed version. Please visit https://luckypennysoftware.com to obtain a valid license.
[2026-07-16 13:05:48.963 +05:30 INF] Serilog.AspNetCore.RequestLoggingMiddleware HTTP GET /api/doctor-leaves/my responded 200 in 516.9621 ms
[2026-07-16 13:05:49.215 +05:30 INF] HealthApp.Api.BackgroundServices.HeartbeatBackgroundService HealthAxis heartbeat running at "2026-07-16T13:05:49.2155099+05:30"------------
[2026-07-16 13:05:49.237 +05:30 INF] Serilog.AspNetCore.RequestLoggingMiddleware HTTP GET /api/doctors/me responded 200 in 790.9030 ms
[2026-07-16 13:05:49.348 +05:30 INF] Serilog.AspNetCore.RequestLoggingMiddleware HTTP GET /api/appointments/doctor/me responded 200 in 904.6833 ms
[2026-07-16 13:05:50.720 +05:30 INF] Serilog.AspNetCore.RequestLoggingMiddleware HTTP GET /api/appointments/doctor/me responded 200 in 31.7466 ms
[2026-07-16 13:05:51.713 +05:30 INF] Serilog.AspNetCore.RequestLoggingMiddleware HTTP OPTIONS /api/HealthRecordApi/doctor/me responded 204 in 0.2339 ms
[2026-07-16 13:05:51.720 +05:30 INF] Serilog.AspNetCore.RequestLoggingMiddleware HTTP GET /api/doctors/me responded 200 in 7.1176 ms
[2026-07-16 13:05:51.799 +05:30 INF] Serilog.AspNetCore.RequestLoggingMiddleware HTTP GET /api/HealthRecordApi/doctor/me responded 200 in 76.2438 ms
[2026-07-16 13:05:53.571 +05:30 INF] Serilog.AspNetCore.RequestLoggingMiddleware HTTP OPTIONS /api/doctor-leaves/my responded 204 in 0.1867 ms
[2026-07-16 13:05:53.586 +05:30 INF] Serilog.AspNetCore.RequestLoggingMiddleware HTTP GET /api/doctor-leaves/my responded 200 in 9.2554 ms
[2026-07-16 13:05:55.000 +05:30 INF] Serilog.AspNetCore.RequestLoggingMiddleware HTTP OPTIONS /api/appointments/doctor/me responded 204 in 0.1089 ms
[2026-07-16 13:05:55.001 +05:30 INF] Serilog.AspNetCore.RequestLoggingMiddleware HTTP OPTIONS /api/doctors/me responded 204 in 0.1042 ms
[2026-07-16 13:05:55.015 +05:30 INF] Serilog.AspNetCore.RequestLoggingMiddleware HTTP GET /api/doctor-leaves/my responded 200 in 13.4405 ms
[2026-07-16 13:05:55.028 +05:30 INF] Serilog.AspNetCore.RequestLoggingMiddleware HTTP GET /api/doctors/me responded 200 in 14.6839 ms
[2026-07-16 13:05:55.033 +05:30 INF] Serilog.AspNetCore.RequestLoggingMiddleware HTTP GET /api/appointments/doctor/me responded 200 in 25.6881 ms
[2026-07-16 13:05:59.219 +05:30 INF] HealthApp.Api.BackgroundServices.HeartbeatBackgroundService HealthAxis heartbeat running at "2026-07-16T13:05:59.2192560+05:30"------------
[2026-07-16 13:06:09.228 +05:30 INF] HealthApp.Api.BackgroundServices.HeartbeatBackgroundService HealthAxis heartbeat running at "2026-07-16T13:06:09.2283857+05:30"------------
[2026-07-16 13:06:19.246 +05:30 INF] HealthApp.Api.BackgroundServices.HeartbeatBackgroundService HealthAxis heartbeat running at "2026-07-16T13:06:19.2460977+05:30"------------
[2026-07-16 13:06:29.252 +05:30 INF] HealthApp.Api.BackgroundServices.HeartbeatBackgroundService HealthAxis heartbeat running at "2026-07-16T13:06:29.2526863+05:30"------------
[2026-07-16 13:06:35.410 +05:30 INF] Serilog.AspNetCore.RequestLoggingMiddleware HTTP OPTIONS /api/appointments/doctor/me responded 204 in 0.1817 ms
[2026-07-16 13:06:35.411 +05:30 INF] Serilog.AspNetCore.RequestLoggingMiddleware HTTP OPTIONS /api/doctors/me responded 204 in 0.1041 ms
[2026-07-16 13:06:35.439 +05:30 INF] Serilog.AspNetCore.RequestLoggingMiddleware HTTP OPTIONS /api/doctor-leaves/my responded 204 in 0.1038 ms
[2026-07-16 13:06:35.514 +05:30 INF] Serilog.AspNetCore.RequestLoggingMiddleware HTTP GET /api/doctors/me responded 200 in 45.3016 ms
[2026-07-16 13:06:35.523 +05:30 INF] Serilog.AspNetCore.RequestLoggingMiddleware HTTP GET /api/appointments/doctor/me responded 200 in 60.7628 ms
[2026-07-16 13:06:35.528 +05:30 INF] Serilog.AspNetCore.RequestLoggingMiddleware HTTP GET /api/doctor-leaves/my responded 200 in 6.0213 ms
[2026-07-16 13:06:39.261 +05:30 INF] HealthApp.Api.BackgroundServices.HeartbeatBackgroundService HealthAxis heartbeat running at "2026-07-16T13:06:39.2617164+05:30"------------
[2026-07-16 13:06:43.921 +05:30 INF] Serilog.AspNetCore.RequestLoggingMiddleware HTTP OPTIONS /api/appointments/doctor/me responded 204 in 0.1837 ms
[2026-07-16 13:06:43.934 +05:30 INF] Serilog.AspNetCore.RequestLoggingMiddleware HTTP GET /api/appointments/doctor/me responded 200 in 7.6619 ms
[2026-07-16 13:06:49.263 +05:30 INF] HealthApp.Api.BackgroundServices.HeartbeatBackgroundService HealthAxis heartbeat running at "2026-07-16T13:06:49.2632173+05:30"------------
[2026-07-16 13:06:59.281 +05:30 INF] HealthApp.Api.BackgroundServices.HeartbeatBackgroundService HealthAxis heartbeat running at "2026-07-16T13:06:59.2819129+05:30"------------
[2026-07-16 13:07:09.290 +05:30 INF] HealthApp.Api.BackgroundServices.HeartbeatBackgroundService HealthAxis heartbeat running at "2026-07-16T13:07:09.2909007+05:30"------------
[2026-07-16 13:07:09.623 +05:30 INF] Serilog.AspNetCore.RequestLoggingMiddleware HTTP OPTIONS /api/HealthRecordApi/doctor/me responded 204 in 0.2116 ms
[2026-07-16 13:07:09.623 +05:30 INF] Serilog.AspNetCore.RequestLoggingMiddleware HTTP OPTIONS /api/doctors/me responded 204 in 0.1449 ms
[2026-07-16 13:07:09.671 +05:30 INF] Serilog.AspNetCore.RequestLoggingMiddleware HTTP GET /api/doctors/me responded 200 in 17.6397 ms
[2026-07-16 13:07:09.687 +05:30 INF] Serilog.AspNetCore.RequestLoggingMiddleware HTTP GET /api/HealthRecordApi/doctor/me responded 200 in 44.5085 ms
[2026-07-16 13:07:10.724 +05:30 INF] Serilog.AspNetCore.RequestLoggingMiddleware HTTP OPTIONS /api/appointments/doctor/me responded 204 in 0.1018 ms
[2026-07-16 13:07:10.750 +05:30 INF] Serilog.AspNetCore.RequestLoggingMiddleware HTTP GET /api/appointments/doctor/me responded 200 in 19.0582 ms
[2026-07-16 13:07:13.404 +05:30 INF] Serilog.AspNetCore.RequestLoggingMiddleware HTTP OPTIONS /api/doctor-leaves/my responded 204 in 0.0891 ms
[2026-07-16 13:07:13.438 +05:30 INF] Serilog.AspNetCore.RequestLoggingMiddleware HTTP GET /api/doctor-leaves/my responded 200 in 28.7652 ms
[2026-07-16 13:07:17.200 +05:30 INF] Serilog.AspNetCore.RequestLoggingMiddleware HTTP OPTIONS /api/appointments/doctor/me responded 204 in 0.2590 ms
[2026-07-16 13:07:17.200 +05:30 INF] Serilog.AspNetCore.RequestLoggingMiddleware HTTP OPTIONS /api/doctors/me responded 204 in 0.0359 ms
[2026-07-16 13:07:17.211 +05:30 INF] Serilog.AspNetCore.RequestLoggingMiddleware HTTP GET /api/doctor-leaves/my responded 200 in 10.5173 ms
[2026-07-16 13:07:17.217 +05:30 INF] Serilog.AspNetCore.RequestLoggingMiddleware HTTP GET /api/appointments/doctor/me responded 200 in 9.1085 ms
[2026-07-16 13:07:17.218 +05:30 INF] Serilog.AspNetCore.RequestLoggingMiddleware HTTP GET /api/doctors/me responded 200 in 6.1343 ms
[2026-07-16 13:07:19.300 +05:30 INF] HealthApp.Api.BackgroundServices.HeartbeatBackgroundService HealthAxis heartbeat running at "2026-07-16T13:07:19.3002441+05:30"------------
[2026-07-16 13:07:29.305 +05:30 INF] HealthApp.Api.BackgroundServices.HeartbeatBackgroundService HealthAxis heartbeat running at "2026-07-16T13:07:29.3051336+05:30"------------
[2026-07-16 13:07:39.319 +05:30 INF] HealthApp.Api.BackgroundServices.HeartbeatBackgroundService HealthAxis heartbeat running at "2026-07-16T13:07:39.3192912+05:30"------------
[2026-07-16 13:07:49.331 +05:30 INF] HealthApp.Api.BackgroundServices.HeartbeatBackgroundService HealthAxis heartbeat running at "2026-07-16T13:07:49.3312599+05:30"------------
[2026-07-16 13:07:59.347 +05:30 INF] HealthApp.Api.BackgroundServices.HeartbeatBackgroundService HealthAxis heartbeat running at "2026-07-16T13:07:59.3472518+05:30"------------
[2026-07-16 13:08:09.361 +05:30 INF] HealthApp.Api.BackgroundServices.HeartbeatBackgroundService HealthAxis heartbeat running at "2026-07-16T13:08:09.3618317+05:30"------------
[2026-07-16 13:08:19.370 +05:30 INF] HealthApp.Api.BackgroundServices.HeartbeatBackgroundService HealthAxis heartbeat running at "2026-07-16T13:08:19.3706832+05:30"------------
[2026-07-16 13:08:24.931 +05:30 INF] Serilog.AspNetCore.RequestLoggingMiddleware HTTP OPTIONS /api/appointments/doctor/me responded 204 in 0.1004 ms
[2026-07-16 13:08:24.954 +05:30 INF] Serilog.AspNetCore.RequestLoggingMiddleware HTTP GET /api/appointments/doctor/me responded 200 in 17.3915 ms
[2026-07-16 13:08:25.855 +05:30 INF] Serilog.AspNetCore.RequestLoggingMiddleware HTTP OPTIONS /api/HealthRecordApi/doctor/me responded 204 in 0.0817 ms
[2026-07-16 13:08:25.855 +05:30 INF] Serilog.AspNetCore.RequestLoggingMiddleware HTTP OPTIONS /api/doctors/me responded 204 in 0.1412 ms
[2026-07-16 13:08:25.876 +05:30 INF] Serilog.AspNetCore.RequestLoggingMiddleware HTTP GET /api/doctors/me responded 200 in 11.5196 ms
[2026-07-16 13:08:25.889 +05:30 INF] Serilog.AspNetCore.RequestLoggingMiddleware HTTP GET /api/HealthRecordApi/doctor/me responded 200 in 26.2453 ms
[2026-07-16 13:08:29.455 +05:30 INF] HealthApp.Api.BackgroundServices.HeartbeatBackgroundService HealthAxis heartbeat running at "2026-07-16T13:08:29.4549749+05:30"------------
[2026-07-16 13:08:33.768 +05:30 INF] Serilog.AspNetCore.RequestLoggingMiddleware HTTP OPTIONS /api/appointments/doctor/me responded 204 in 0.0853 ms
[2026-07-16 13:08:33.792 +05:30 INF] Serilog.AspNetCore.RequestLoggingMiddleware HTTP GET /api/appointments/doctor/me responded 200 in 18.9112 ms
[2026-07-16 13:08:39.473 +05:30 INF] HealthApp.Api.BackgroundServices.HeartbeatBackgroundService HealthAxis heartbeat running at "2026-07-16T13:08:39.4735143+05:30"------------
[2026-07-16 13:08:49.478 +05:30 INF] HealthApp.Api.BackgroundServices.HeartbeatBackgroundService HealthAxis heartbeat running at "2026-07-16T13:08:49.4782759+05:30"------------
[2026-07-16 13:08:59.495 +05:30 INF] HealthApp.Api.BackgroundServices.HeartbeatBackgroundService HealthAxis heartbeat running at "2026-07-16T13:08:59.4956633+05:30"------------
[2026-07-16 13:09:09.507 +05:30 INF] HealthApp.Api.BackgroundServices.HeartbeatBackgroundService HealthAxis heartbeat running at "2026-07-16T13:09:09.5076496+05:30"------------
[2026-07-16 13:09:19.525 +05:30 INF] HealthApp.Api.BackgroundServices.HeartbeatBackgroundService HealthAxis heartbeat running at "2026-07-16T13:09:19.5251370+05:30"------------
[2026-07-16 13:09:29.539 +05:30 INF] HealthApp.Api.BackgroundServices.HeartbeatBackgroundService HealthAxis heartbeat running at "2026-07-16T13:09:29.5382718+05:30"------------
[2026-07-16 13:09:39.552 +05:30 INF] HealthApp.Api.BackgroundServices.HeartbeatBackgroundService HealthAxis heartbeat running at "2026-07-16T13:09:39.5523076+05:30"------------
[2026-07-16 13:09:49.561 +05:30 INF] HealthApp.Api.BackgroundServices.HeartbeatBackgroundService HealthAxis heartbeat running at "2026-07-16T13:09:49.5609651+05:30"------------
[2026-07-16 13:09:59.573 +05:30 INF] HealthApp.Api.BackgroundServices.HeartbeatBackgroundService HealthAxis heartbeat running at "2026-07-16T13:09:59.5737687+05:30"------------
[2026-07-16 13:10:09.577 +05:30 INF] HealthApp.Api.BackgroundServices.HeartbeatBackgroundService HealthAxis heartbeat running at "2026-07-16T13:10:09.5775476+05:30"------------
[2026-07-16 13:10:16.673 +05:30 INF] Serilog.AspNetCore.RequestLoggingMiddleware HTTP OPTIONS /api/auth/login responded 204 in 0.1369 ms
[2026-07-16 13:10:16.796 +05:30 INF] Serilog.AspNetCore.RequestLoggingMiddleware HTTP POST /api/auth/login responded 200 in 117.4213 ms
[2026-07-16 13:10:16.807 +05:30 INF] Serilog.AspNetCore.RequestLoggingMiddleware HTTP OPTIONS /api/appointments/doctor/me responded 204 in 0.1631 ms
[2026-07-16 13:10:16.807 +05:30 INF] Serilog.AspNetCore.RequestLoggingMiddleware HTTP OPTIONS /api/doctors/me responded 204 in 0.0702 ms
[2026-07-16 13:10:16.807 +05:30 INF] Serilog.AspNetCore.RequestLoggingMiddleware HTTP OPTIONS /api/doctor-leaves/my responded 204 in 0.0229 ms
[2026-07-16 13:10:16.842 +05:30 INF] Serilog.AspNetCore.RequestLoggingMiddleware HTTP GET /api/doctors/me responded 200 in 9.5949 ms
[2026-07-16 13:10:16.849 +05:30 INF] Serilog.AspNetCore.RequestLoggingMiddleware HTTP GET /api/appointments/doctor/me responded 200 in 36.0570 ms
[2026-07-16 13:10:16.869 +05:30 INF] Serilog.AspNetCore.RequestLoggingMiddleware HTTP GET /api/doctor-leaves/my responded 200 in 28.7454 ms
[2026-07-16 13:10:19.591 +05:30 INF] HealthApp.Api.BackgroundServices.HeartbeatBackgroundService HealthAxis heartbeat running at "2026-07-16T13:10:19.5916354+05:30"------------
[2026-07-16 13:10:28.014 +05:30 INF] Serilog.AspNetCore.RequestLoggingMiddleware HTTP OPTIONS /api/appointments/doctor/me responded 204 in 0.7233 ms
[2026-07-16 13:10:28.038 +05:30 INF] Serilog.AspNetCore.RequestLoggingMiddleware HTTP GET /api/appointments/doctor/me responded 200 in 16.0117 ms
[2026-07-16 13:10:29.608 +05:30 INF] HealthApp.Api.BackgroundServices.HeartbeatBackgroundService HealthAxis heartbeat running at "2026-07-16T13:10:29.6088568+05:30"------------
[2026-07-16 13:10:30.348 +05:30 INF] Serilog.AspNetCore.RequestLoggingMiddleware HTTP OPTIONS /api/doctors/me responded 204 in 0.0669 ms
[2026-07-16 13:10:30.348 +05:30 INF] Serilog.AspNetCore.RequestLoggingMiddleware HTTP OPTIONS /api/doctor-leaves/my responded 204 in 0.0657 ms
[2026-07-16 13:10:30.355 +05:30 INF] Serilog.AspNetCore.RequestLoggingMiddleware HTTP GET /api/appointments/doctor/me responded 200 in 6.8472 ms
[2026-07-16 13:10:30.359 +05:30 INF] Serilog.AspNetCore.RequestLoggingMiddleware HTTP GET /api/doctors/me responded 200 in 6.7243 ms
[2026-07-16 13:10:30.367 +05:30 INF] Serilog.AspNetCore.RequestLoggingMiddleware HTTP GET /api/doctor-leaves/my responded 200 in 10.2396 ms
[2026-07-16 13:10:32.911 +05:30 INF] Serilog.AspNetCore.RequestLoggingMiddleware HTTP GET /api/appointments/doctor/me responded 200 in 4.9265 ms
[2026-07-16 13:10:34.557 +05:30 INF] Serilog.AspNetCore.RequestLoggingMiddleware HTTP OPTIONS /api/HealthRecordApi/doctor/me responded 204 in 0.0866 ms
[2026-07-16 13:10:34.561 +05:30 INF] Serilog.AspNetCore.RequestLoggingMiddleware HTTP GET /api/doctors/me responded 200 in 4.0438 ms
[2026-07-16 13:10:34.586 +05:30 INF] Serilog.AspNetCore.RequestLoggingMiddleware HTTP GET /api/HealthRecordApi/doctor/me responded 200 in 24.8187 ms
[2026-07-16 13:10:36.742 +05:30 INF] Serilog.AspNetCore.RequestLoggingMiddleware HTTP OPTIONS /api/appointments/doctor/me responded 204 in 0.0488 ms
[2026-07-16 13:10:36.849 +05:30 INF] Serilog.AspNetCore.RequestLoggingMiddleware HTTP GET /api/appointments/doctor/me responded 200 in 8.8614 ms
[2026-07-16 13:10:37.578 +05:30 INF] Serilog.AspNetCore.RequestLoggingMiddleware HTTP OPTIONS /api/doctor-leaves/my responded 204 in 0.0473 ms
[2026-07-16 13:10:37.578 +05:30 INF] Serilog.AspNetCore.RequestLoggingMiddleware HTTP OPTIONS /api/doctors/me responded 204 in 0.0446 ms
[2026-07-16 13:10:37.589 +05:30 INF] Serilog.AspNetCore.RequestLoggingMiddleware HTTP GET /api/appointments/doctor/me responded 200 in 10.8784 ms
[2026-07-16 13:10:37.598 +05:30 INF] Serilog.AspNetCore.RequestLoggingMiddleware HTTP GET /api/doctors/me responded 200 in 2.2869 ms
[2026-07-16 13:10:37.599 +05:30 INF] Serilog.AspNetCore.RequestLoggingMiddleware HTTP GET /api/doctor-leaves/my responded 200 in 4.7778 ms
[2026-07-16 13:10:39.615 +05:30 INF] HealthApp.Api.BackgroundServices.HeartbeatBackgroundService HealthAxis heartbeat running at "2026-07-16T13:10:39.6158173+05:30"------------
[2026-07-16 13:10:49.621 +05:30 INF] HealthApp.Api.BackgroundServices.HeartbeatBackgroundService HealthAxis heartbeat running at "2026-07-16T13:10:49.6217042+05:30"------------
[2026-07-16 13:10:59.633 +05:30 INF] HealthApp.Api.BackgroundServices.HeartbeatBackgroundService HealthAxis heartbeat running at "2026-07-16T13:10:59.6331971+05:30"------------
[2026-07-16 13:11:09.648 +05:30 INF] HealthApp.Api.BackgroundServices.HeartbeatBackgroundService HealthAxis heartbeat running at "2026-07-16T13:11:09.6489367+05:30"------------
[2026-07-16 13:11:19.659 +05:30 INF] HealthApp.Api.BackgroundServices.HeartbeatBackgroundService HealthAxis heartbeat running at "2026-07-16T13:11:19.6592572+05:30"------------
[2026-07-16 13:11:29.670 +05:30 INF] HealthApp.Api.BackgroundServices.HeartbeatBackgroundService HealthAxis heartbeat running at "2026-07-16T13:11:29.6700135+05:30"------------
[2026-07-16 13:11:33.641 +05:30 INF] Serilog.AspNetCore.RequestLoggingMiddleware HTTP OPTIONS /api/appointments/doctor/me responded 204 in 0.0502 ms
[2026-07-16 13:11:33.645 +05:30 INF] Serilog.AspNetCore.RequestLoggingMiddleware HTTP OPTIONS /api/doctors/me responded 204 in 0.0488 ms
[2026-07-16 13:11:33.647 +05:30 INF] Serilog.AspNetCore.RequestLoggingMiddleware HTTP OPTIONS /api/doctor-leaves/my responded 204 in 0.1410 ms
[2026-07-16 13:11:33.660 +05:30 INF] Serilog.AspNetCore.RequestLoggingMiddleware HTTP GET /api/doctor-leaves/my responded 200 in 7.4078 ms
[2026-07-16 13:11:33.662 +05:30 INF] Serilog.AspNetCore.RequestLoggingMiddleware HTTP GET /api/appointments/doctor/me responded 200 in 15.2645 ms
[2026-07-16 13:11:33.866 +05:30 INF] Serilog.AspNetCore.RequestLoggingMiddleware HTTP GET /api/doctors/me responded 200 in 213.6801 ms
[2026-07-16 13:11:41.659 +05:30 INF] HealthApp.Api.BackgroundServices.HeartbeatBackgroundService HealthAxis heartbeat running at "2026-07-16T13:11:41.6590580+05:30"------------
[2026-07-16 13:11:51.669 +05:30 INF] HealthApp.Api.BackgroundServices.HeartbeatBackgroundService HealthAxis heartbeat running at "2026-07-16T13:11:51.6693046+05:30"------------
[2026-07-16 13:12:01.691 +05:30 INF] HealthApp.Api.BackgroundServices.HeartbeatBackgroundService HealthAxis heartbeat running at "2026-07-16T13:12:01.6913633+05:30"------------
[2026-07-16 13:12:11.701 +05:30 INF] HealthApp.Api.BackgroundServices.HeartbeatBackgroundService HealthAxis heartbeat running at "2026-07-16T13:12:11.7009734+05:30"------------
[2026-07-16 13:12:21.714 +05:30 INF] HealthApp.Api.BackgroundServices.HeartbeatBackgroundService HealthAxis heartbeat running at "2026-07-16T13:12:21.7144162+05:30"------------
[2026-07-16 13:12:31.730 +05:30 INF] HealthApp.Api.BackgroundServices.HeartbeatBackgroundService HealthAxis heartbeat running at "2026-07-16T13:12:31.7308450+05:30"------------
[2026-07-16 13:12:41.748 +05:30 INF] HealthApp.Api.BackgroundServices.HeartbeatBackgroundService HealthAxis heartbeat running at "2026-07-16T13:12:41.7481926+05:30"------------
[2026-07-16 13:55:18.327 +05:30 INF] HealthApp.Api.BackgroundServices.HeartbeatBackgroundService HealthAxis heartbeat running at "2026-07-16T13:55:18.3274158+05:30"------------
[2026-07-16 13:55:28.437 +05:30 INF] HealthApp.Api.BackgroundServices.HeartbeatBackgroundService HealthAxis heartbeat running at "2026-07-16T13:55:28.4375677+05:30"------------
[2026-07-16 13:55:38.451 +05:30 INF] HealthApp.Api.BackgroundServices.HeartbeatBackgroundService HealthAxis heartbeat running at "2026-07-16T13:55:38.4518523+05:30"------------
[2026-07-16 13:55:48.458 +05:30 INF] HealthApp.Api.BackgroundServices.HeartbeatBackgroundService HealthAxis heartbeat running at "2026-07-16T13:55:48.4587463+05:30"------------
[2026-07-16 13:55:58.470 +05:30 INF] HealthApp.Api.BackgroundServices.HeartbeatBackgroundService HealthAxis heartbeat running at "2026-07-16T13:55:58.4705643+05:30"------------
[2026-07-16 13:56:08.485 +05:30 INF] HealthApp.Api.BackgroundServices.HeartbeatBackgroundService HealthAxis heartbeat running at "2026-07-16T13:56:08.4850643+05:30"------------
[2026-07-16 13:56:18.495 +05:30 INF] HealthApp.Api.BackgroundServices.HeartbeatBackgroundService HealthAxis heartbeat running at "2026-07-16T13:56:18.4955845+05:30"------------
[2026-07-16 13:56:28.515 +05:30 INF] HealthApp.Api.BackgroundServices.HeartbeatBackgroundService HealthAxis heartbeat running at "2026-07-16T13:56:28.5154459+05:30"------------
[2026-07-16 13:56:38.522 +05:30 INF] HealthApp.Api.BackgroundServices.HeartbeatBackgroundService HealthAxis heartbeat running at "2026-07-16T13:56:38.5229084+05:30"------------
[2026-07-16 13:56:48.535 +05:30 INF] HealthApp.Api.BackgroundServices.HeartbeatBackgroundService HealthAxis heartbeat running at "2026-07-16T13:56:48.5345222+05:30"------------
[2026-07-16 13:56:58.557 +05:30 INF] HealthApp.Api.BackgroundServices.HeartbeatBackgroundService HealthAxis heartbeat running at "2026-07-16T13:56:58.5568916+05:30"------------
[2026-07-16 13:57:08.565 +05:30 INF] HealthApp.Api.BackgroundServices.HeartbeatBackgroundService HealthAxis heartbeat running at "2026-07-16T13:57:08.5651976+05:30"------------
[2026-07-16 13:57:18.573 +05:30 INF] HealthApp.Api.BackgroundServices.HeartbeatBackgroundService HealthAxis heartbeat running at "2026-07-16T13:57:18.5733950+05:30"------------
[2026-07-16 13:57:28.604 +05:30 INF] HealthApp.Api.BackgroundServices.HeartbeatBackgroundService HealthAxis heartbeat running at "2026-07-16T13:57:28.6045782+05:30"------------
[2026-07-16 13:57:38.628 +05:30 INF] HealthApp.Api.BackgroundServices.HeartbeatBackgroundService HealthAxis heartbeat running at "2026-07-16T13:57:38.6281758+05:30"------------
[2026-07-16 13:57:48.644 +05:30 INF] HealthApp.Api.BackgroundServices.HeartbeatBackgroundService HealthAxis heartbeat running at "2026-07-16T13:57:48.6447089+05:30"------------
[2026-07-16 13:57:58.654 +05:30 INF] HealthApp.Api.BackgroundServices.HeartbeatBackgroundService HealthAxis heartbeat running at "2026-07-16T13:57:58.6544258+05:30"------------
[2026-07-16 13:58:08.666 +05:30 INF] HealthApp.Api.BackgroundServices.HeartbeatBackgroundService HealthAxis heartbeat running at "2026-07-16T13:58:08.6660001+05:30"------------
[2026-07-16 13:58:18.678 +05:30 INF] HealthApp.Api.BackgroundServices.HeartbeatBackgroundService HealthAxis heartbeat running at "2026-07-16T13:58:18.6781591+05:30"------------
[2026-07-16 13:58:28.693 +05:30 INF] HealthApp.Api.BackgroundServices.HeartbeatBackgroundService HealthAxis heartbeat running at "2026-07-16T13:58:28.6935331+05:30"------------
[2026-07-16 13:58:38.713 +05:30 INF] HealthApp.Api.BackgroundServices.HeartbeatBackgroundService HealthAxis heartbeat running at "2026-07-16T13:58:38.7137225+05:30"------------
[2026-07-16 13:58:48.723 +05:30 INF] HealthApp.Api.BackgroundServices.HeartbeatBackgroundService HealthAxis heartbeat running at "2026-07-16T13:58:48.7229859+05:30"------------
[2026-07-16 13:58:58.739 +05:30 INF] HealthApp.Api.BackgroundServices.HeartbeatBackgroundService HealthAxis heartbeat running at "2026-07-16T13:58:58.7395853+05:30"------------
[2026-07-16 13:59:08.752 +05:30 INF] HealthApp.Api.BackgroundServices.HeartbeatBackgroundService HealthAxis heartbeat running at "2026-07-16T13:59:08.7526534+05:30"------------
[2026-07-16 13:59:18.799 +05:30 INF] HealthApp.Api.BackgroundServices.HeartbeatBackgroundService HealthAxis heartbeat running at "2026-07-16T13:59:18.7683295+05:30"------------
[2026-07-16 13:59:28.815 +05:30 INF] HealthApp.Api.BackgroundServices.HeartbeatBackgroundService HealthAxis heartbeat running at "2026-07-16T13:59:28.8158502+05:30"------------
[2026-07-16 13:59:38.821 +05:30 INF] HealthApp.Api.BackgroundServices.HeartbeatBackgroundService HealthAxis heartbeat running at "2026-07-16T13:59:38.8217879+05:30"------------
[2026-07-16 13:59:48.829 +05:30 INF] HealthApp.Api.BackgroundServices.HeartbeatBackgroundService HealthAxis heartbeat running at "2026-07-16T13:59:48.8293959+05:30"------------
[2026-07-16 13:59:58.841 +05:30 INF] HealthApp.Api.BackgroundServices.HeartbeatBackgroundService HealthAxis heartbeat running at "2026-07-16T13:59:58.8413196+05:30"------------
[2026-07-16 14:00:08.855 +05:30 INF] HealthApp.Api.BackgroundServices.HeartbeatBackgroundService HealthAxis heartbeat running at "2026-07-16T14:00:08.8558386+05:30"------------
[2026-07-16 14:00:18.866 +05:30 INF] HealthApp.Api.BackgroundServices.HeartbeatBackgroundService HealthAxis heartbeat running at "2026-07-16T14:00:18.8661989+05:30"------------
[2026-07-16 14:00:28.881 +05:30 INF] HealthApp.Api.BackgroundServices.HeartbeatBackgroundService HealthAxis heartbeat running at "2026-07-16T14:00:28.8815444+05:30"------------
[2026-07-16 14:00:38.889 +05:30 INF] HealthApp.Api.BackgroundServices.HeartbeatBackgroundService HealthAxis heartbeat running at "2026-07-16T14:00:38.8896897+05:30"------------
[2026-07-16 14:00:48.899 +05:30 INF] HealthApp.Api.BackgroundServices.HeartbeatBackgroundService HealthAxis heartbeat running at "2026-07-16T14:00:48.8995794+05:30"------------
[2026-07-16 14:00:58.911 +05:30 INF] HealthApp.Api.BackgroundServices.HeartbeatBackgroundService HealthAxis heartbeat running at "2026-07-16T14:00:58.9118067+05:30"------------
[2026-07-16 14:01:08.916 +05:30 INF] HealthApp.Api.BackgroundServices.HeartbeatBackgroundService HealthAxis heartbeat running at "2026-07-16T14:01:08.9160491+05:30"------------
[2026-07-16 14:01:18.930 +05:30 INF] HealthApp.Api.BackgroundServices.HeartbeatBackgroundService HealthAxis heartbeat running at "2026-07-16T14:01:18.9299890+05:30"------------
[2026-07-16 14:01:28.942 +05:30 INF] HealthApp.Api.BackgroundServices.HeartbeatBackgroundService HealthAxis heartbeat running at "2026-07-16T14:01:28.9426017+05:30"------------
[2026-07-16 14:01:38.952 +05:30 INF] HealthApp.Api.BackgroundServices.HeartbeatBackgroundService HealthAxis heartbeat running at "2026-07-16T14:01:38.9524148+05:30"------------
[2026-07-16 14:01:48.969 +05:30 INF] HealthApp.Api.BackgroundServices.HeartbeatBackgroundService HealthAxis heartbeat running at "2026-07-16T14:01:48.9692125+05:30"------------
[2026-07-16 14:01:58.986 +05:30 INF] HealthApp.Api.BackgroundServices.HeartbeatBackgroundService HealthAxis heartbeat running at "2026-07-16T14:01:58.9864664+05:30"------------
[2026-07-16 14:02:08.989 +05:30 INF] HealthApp.Api.BackgroundServices.HeartbeatBackgroundService HealthAxis heartbeat running at "2026-07-16T14:02:08.9894792+05:30"------------
[2026-07-16 14:02:19.008 +05:30 INF] HealthApp.Api.BackgroundServices.HeartbeatBackgroundService HealthAxis heartbeat running at "2026-07-16T14:02:19.0084760+05:30"------------
[2026-07-16 14:02:29.012 +05:30 INF] HealthApp.Api.BackgroundServices.HeartbeatBackgroundService HealthAxis heartbeat running at "2026-07-16T14:02:29.0122522+05:30"------------
[2026-07-16 14:02:39.017 +05:30 INF] HealthApp.Api.BackgroundServices.HeartbeatBackgroundService HealthAxis heartbeat running at "2026-07-16T14:02:39.0172176+05:30"------------
[2026-07-16 14:02:49.031 +05:30 INF] HealthApp.Api.BackgroundServices.HeartbeatBackgroundService HealthAxis heartbeat running at "2026-07-16T14:02:49.0311412+05:30"------------
[2026-07-16 14:02:59.044 +05:30 INF] HealthApp.Api.BackgroundServices.HeartbeatBackgroundService HealthAxis heartbeat running at "2026-07-16T14:02:59.0441123+05:30"------------
[2026-07-16 14:03:09.051 +05:30 INF] HealthApp.Api.BackgroundServices.HeartbeatBackgroundService HealthAxis heartbeat running at "2026-07-16T14:03:09.0509692+05:30"------------
[2026-07-16 14:03:19.063 +05:30 INF] HealthApp.Api.BackgroundServices.HeartbeatBackgroundService HealthAxis heartbeat running at "2026-07-16T14:03:19.0634425+05:30"------------
[2026-07-16 14:03:29.070 +05:30 INF] HealthApp.Api.BackgroundServices.HeartbeatBackgroundService HealthAxis heartbeat running at "2026-07-16T14:03:29.0706067+05:30"------------
[2026-07-16 14:03:39.087 +05:30 INF] HealthApp.Api.BackgroundServices.HeartbeatBackgroundService HealthAxis heartbeat running at "2026-07-16T14:03:39.0872555+05:30"------------
[2026-07-16 14:03:49.105 +05:30 INF] HealthApp.Api.BackgroundServices.HeartbeatBackgroundService HealthAxis heartbeat running at "2026-07-16T14:03:49.1055588+05:30"------------
[2026-07-16 14:03:59.119 +05:30 INF] HealthApp.Api.BackgroundServices.HeartbeatBackgroundService HealthAxis heartbeat running at "2026-07-16T14:03:59.1193175+05:30"------------
[2026-07-16 14:04:09.137 +05:30 INF] HealthApp.Api.BackgroundServices.HeartbeatBackgroundService HealthAxis heartbeat running at "2026-07-16T14:04:09.1372737+05:30"------------
[2026-07-16 14:04:19.148 +05:30 INF] HealthApp.Api.BackgroundServices.HeartbeatBackgroundService HealthAxis heartbeat running at "2026-07-16T14:04:19.1487213+05:30"------------
[2026-07-16 14:04:29.157 +05:30 INF] HealthApp.Api.BackgroundServices.HeartbeatBackgroundService HealthAxis heartbeat running at "2026-07-16T14:04:29.1573013+05:30"------------
[2026-07-16 14:04:39.171 +05:30 INF] HealthApp.Api.BackgroundServices.HeartbeatBackgroundService HealthAxis heartbeat running at "2026-07-16T14:04:39.1717137+05:30"------------
[2026-07-16 14:04:49.193 +05:30 INF] HealthApp.Api.BackgroundServices.HeartbeatBackgroundService HealthAxis heartbeat running at "2026-07-16T14:04:49.1936050+05:30"------------
[2026-07-16 14:04:59.211 +05:30 INF] HealthApp.Api.BackgroundServices.HeartbeatBackgroundService HealthAxis heartbeat running at "2026-07-16T14:04:59.2114455+05:30"------------
[2026-07-16 14:05:09.224 +05:30 INF] HealthApp.Api.BackgroundServices.HeartbeatBackgroundService HealthAxis heartbeat running at "2026-07-16T14:05:09.2249321+05:30"------------
[2026-07-16 14:05:19.230 +05:30 INF] HealthApp.Api.BackgroundServices.HeartbeatBackgroundService HealthAxis heartbeat running at "2026-07-16T14:05:19.2308759+05:30"------------
[2026-07-16 14:05:29.252 +05:30 INF] HealthApp.Api.BackgroundServices.HeartbeatBackgroundService HealthAxis heartbeat running at "2026-07-16T14:05:29.2520193+05:30"------------
[2026-07-16 14:05:39.270 +05:30 INF] HealthApp.Api.BackgroundServices.HeartbeatBackgroundService HealthAxis heartbeat running at "2026-07-16T14:05:39.2706959+05:30"------------
[2026-07-16 14:05:49.278 +05:30 INF] HealthApp.Api.BackgroundServices.HeartbeatBackgroundService HealthAxis heartbeat running at "2026-07-16T14:05:49.2785319+05:30"------------
[2026-07-16 14:05:59.291 +05:30 INF] HealthApp.Api.BackgroundServices.HeartbeatBackgroundService HealthAxis heartbeat running at "2026-07-16T14:05:59.2917192+05:30"------------
[2026-07-16 14:06:09.307 +05:30 INF] HealthApp.Api.BackgroundServices.HeartbeatBackgroundService HealthAxis heartbeat running at "2026-07-16T14:06:09.3079748+05:30"------------
[2026-07-16 14:06:19.320 +05:30 INF] HealthApp.Api.BackgroundServices.HeartbeatBackgroundService HealthAxis heartbeat running at "2026-07-16T14:06:19.3202527+05:30"------------
[2026-07-16 14:06:29.334 +05:30 INF] HealthApp.Api.BackgroundServices.HeartbeatBackgroundService HealthAxis heartbeat running at "2026-07-16T14:06:29.3346503+05:30"------------
[2026-07-16 14:06:39.345 +05:30 INF] HealthApp.Api.BackgroundServices.HeartbeatBackgroundService HealthAxis heartbeat running at "2026-07-16T14:06:39.3451319+05:30"------------
[2026-07-16 14:06:49.350 +05:30 INF] HealthApp.Api.BackgroundServices.HeartbeatBackgroundService HealthAxis heartbeat running at "2026-07-16T14:06:49.3505303+05:30"------------
[2026-07-16 14:06:59.369 +05:30 INF] HealthApp.Api.BackgroundServices.HeartbeatBackgroundService HealthAxis heartbeat running at "2026-07-16T14:06:59.3692823+05:30"------------
[2026-07-16 14:07:09.379 +05:30 INF] HealthApp.Api.BackgroundServices.HeartbeatBackgroundService HealthAxis heartbeat running at "2026-07-16T14:07:09.3796247+05:30"------------
[2026-07-16 14:07:19.393 +05:30 INF] HealthApp.Api.BackgroundServices.HeartbeatBackgroundService HealthAxis heartbeat running at "2026-07-16T14:07:19.3929981+05:30"------------
[2026-07-16 14:07:29.405 +05:30 INF] HealthApp.Api.BackgroundServices.HeartbeatBackgroundService HealthAxis heartbeat running at "2026-07-16T14:07:29.4050691+05:30"------------
[2026-07-16 14:07:39.421 +05:30 INF] HealthApp.Api.BackgroundServices.HeartbeatBackgroundService HealthAxis heartbeat running at "2026-07-16T14:07:39.4212972+05:30"------------
[2026-07-16 14:07:49.447 +05:30 INF] HealthApp.Api.BackgroundServices.HeartbeatBackgroundService HealthAxis heartbeat running at "2026-07-16T14:07:49.4477402+05:30"------------
[2026-07-16 14:07:59.488 +05:30 INF] HealthApp.Api.BackgroundServices.HeartbeatBackgroundService HealthAxis heartbeat running at "2026-07-16T14:07:59.4883126+05:30"------------
[2026-07-16 14:08:09.496 +05:30 INF] HealthApp.Api.BackgroundServices.HeartbeatBackgroundService HealthAxis heartbeat running at "2026-07-16T14:08:09.4960277+05:30"------------
[2026-07-16 14:08:19.505 +05:30 INF] HealthApp.Api.BackgroundServices.HeartbeatBackgroundService HealthAxis heartbeat running at "2026-07-16T14:08:19.5057846+05:30"------------
[2026-07-16 14:08:29.520 +05:30 INF] HealthApp.Api.BackgroundServices.HeartbeatBackgroundService HealthAxis heartbeat running at "2026-07-16T14:08:29.5207105+05:30"------------
[2026-07-16 14:08:39.546 +05:30 INF] HealthApp.Api.BackgroundServices.HeartbeatBackgroundService HealthAxis heartbeat running at "2026-07-16T14:08:39.5464484+05:30"------------
[2026-07-16 14:08:49.565 +05:30 INF] HealthApp.Api.BackgroundServices.HeartbeatBackgroundService HealthAxis heartbeat running at "2026-07-16T14:08:49.5655445+05:30"------------
[2026-07-16 14:08:59.576 +05:30 INF] HealthApp.Api.BackgroundServices.HeartbeatBackgroundService HealthAxis heartbeat running at "2026-07-16T14:08:59.5760336+05:30"------------
[2026-07-16 14:09:09.590 +05:30 INF] HealthApp.Api.BackgroundServices.HeartbeatBackgroundService HealthAxis heartbeat running at "2026-07-16T14:09:09.5908326+05:30"------------
[2026-07-16 14:09:19.602 +05:30 INF] HealthApp.Api.BackgroundServices.HeartbeatBackgroundService HealthAxis heartbeat running at "2026-07-16T14:09:19.6022841+05:30"------------
[2026-07-16 14:09:29.613 +05:30 INF] HealthApp.Api.BackgroundServices.HeartbeatBackgroundService HealthAxis heartbeat running at "2026-07-16T14:09:29.6132399+05:30"------------
[2026-07-16 14:09:39.621 +05:30 INF] HealthApp.Api.BackgroundServices.HeartbeatBackgroundService HealthAxis heartbeat running at "2026-07-16T14:09:39.6211875+05:30"------------
[2026-07-16 14:09:49.626 +05:30 INF] HealthApp.Api.BackgroundServices.HeartbeatBackgroundService HealthAxis heartbeat running at "2026-07-16T14:09:49.6260345+05:30"------------
[2026-07-16 14:09:59.632 +05:30 INF] HealthApp.Api.BackgroundServices.HeartbeatBackgroundService HealthAxis heartbeat running at "2026-07-16T14:09:59.6320744+05:30"------------
[2026-07-16 14:10:09.651 +05:30 INF] HealthApp.Api.BackgroundServices.HeartbeatBackgroundService HealthAxis heartbeat running at "2026-07-16T14:10:09.6519075+05:30"------------
[2026-07-16 14:10:19.666 +05:30 INF] HealthApp.Api.BackgroundServices.HeartbeatBackgroundService HealthAxis heartbeat running at "2026-07-16T14:10:19.6661366+05:30"------------
[2026-07-16 14:10:29.684 +05:30 INF] HealthApp.Api.BackgroundServices.HeartbeatBackgroundService HealthAxis heartbeat running at "2026-07-16T14:10:29.6839822+05:30"------------
[2026-07-16 14:10:39.695 +05:30 INF] HealthApp.Api.BackgroundServices.HeartbeatBackgroundService HealthAxis heartbeat running at "2026-07-16T14:10:39.6958166+05:30"------------
[2026-07-16 14:10:49.704 +05:30 INF] HealthApp.Api.BackgroundServices.HeartbeatBackgroundService HealthAxis heartbeat running at "2026-07-16T14:10:49.7041230+05:30"------------
[2026-07-16 14:10:59.718 +05:30 INF] HealthApp.Api.BackgroundServices.HeartbeatBackgroundService HealthAxis heartbeat running at "2026-07-16T14:10:59.7179934+05:30"------------
[2026-07-16 14:11:09.724 +05:30 INF] HealthApp.Api.BackgroundServices.HeartbeatBackgroundService HealthAxis heartbeat running at "2026-07-16T14:11:09.7247087+05:30"------------
[2026-07-16 14:11:19.735 +05:30 INF] HealthApp.Api.BackgroundServices.HeartbeatBackgroundService HealthAxis heartbeat running at "2026-07-16T14:11:19.7358203+05:30"------------
[2026-07-16 14:11:29.782 +05:30 INF] HealthApp.Api.BackgroundServices.HeartbeatBackgroundService HealthAxis heartbeat running at "2026-07-16T14:11:29.7829654+05:30"------------
[2026-07-16 14:11:39.800 +05:30 INF] HealthApp.Api.BackgroundServices.HeartbeatBackgroundService HealthAxis heartbeat running at "2026-07-16T14:11:39.8001867+05:30"------------
[2026-07-16 14:11:49.808 +05:30 INF] HealthApp.Api.BackgroundServices.HeartbeatBackgroundService HealthAxis heartbeat running at "2026-07-16T14:11:49.8084827+05:30"------------
[2026-07-16 14:11:59.817 +05:30 INF] HealthApp.Api.BackgroundServices.HeartbeatBackgroundService HealthAxis heartbeat running at "2026-07-16T14:11:59.8175581+05:30"------------
[2026-07-16 14:12:09.821 +05:30 INF] HealthApp.Api.BackgroundServices.HeartbeatBackgroundService HealthAxis heartbeat running at "2026-07-16T14:12:09.8218493+05:30"------------
[2026-07-16 14:12:19.843 +05:30 INF] HealthApp.Api.BackgroundServices.HeartbeatBackgroundService HealthAxis heartbeat running at "2026-07-16T14:12:19.8435150+05:30"------------
[2026-07-16 14:12:29.847 +05:30 INF] HealthApp.Api.BackgroundServices.HeartbeatBackgroundService HealthAxis heartbeat running at "2026-07-16T14:12:29.8478540+05:30"------------
[2026-07-16 14:12:39.855 +05:30 INF] HealthApp.Api.BackgroundServices.HeartbeatBackgroundService HealthAxis heartbeat running at "2026-07-16T14:12:39.8551457+05:30"------------
[2026-07-16 14:12:49.871 +05:30 INF] HealthApp.Api.BackgroundServices.HeartbeatBackgroundService HealthAxis heartbeat running at "2026-07-16T14:12:49.8716215+05:30"------------
[2026-07-16 14:12:59.896 +05:30 INF] HealthApp.Api.BackgroundServices.HeartbeatBackgroundService HealthAxis heartbeat running at "2026-07-16T14:12:59.8969441+05:30"------------
[2026-07-16 14:13:09.902 +05:30 INF] HealthApp.Api.BackgroundServices.HeartbeatBackgroundService HealthAxis heartbeat running at "2026-07-16T14:13:09.9029146+05:30"------------
[2026-07-16 14:13:19.907 +05:30 INF] HealthApp.Api.BackgroundServices.HeartbeatBackgroundService HealthAxis heartbeat running at "2026-07-16T14:13:19.9076350+05:30"------------
[2026-07-16 14:13:29.922 +05:30 INF] HealthApp.Api.BackgroundServices.HeartbeatBackgroundService HealthAxis heartbeat running at "2026-07-16T14:13:29.9227195+05:30"------------
[2026-07-16 14:13:39.957 +05:30 INF] HealthApp.Api.BackgroundServices.HeartbeatBackgroundService HealthAxis heartbeat running at "2026-07-16T14:13:39.9573278+05:30"------------
[2026-07-16 14:13:49.962 +05:30 INF] HealthApp.Api.BackgroundServices.HeartbeatBackgroundService HealthAxis heartbeat running at "2026-07-16T14:13:49.9624348+05:30"------------
[2026-07-16 14:13:59.975 +05:30 INF] HealthApp.Api.BackgroundServices.HeartbeatBackgroundService HealthAxis heartbeat running at "2026-07-16T14:13:59.9758130+05:30"------------
[2026-07-16 14:14:09.996 +05:30 INF] HealthApp.Api.BackgroundServices.HeartbeatBackgroundService HealthAxis heartbeat running at "2026-07-16T14:14:09.9960937+05:30"------------
[2026-07-16 14:14:20.010 +05:30 INF] HealthApp.Api.BackgroundServices.HeartbeatBackgroundService HealthAxis heartbeat running at "2026-07-16T14:14:20.0105456+05:30"------------
[2026-07-16 14:14:30.029 +05:30 INF] HealthApp.Api.BackgroundServices.HeartbeatBackgroundService HealthAxis heartbeat running at "2026-07-16T14:14:30.0298540+05:30"------------
[2026-07-16 14:14:40.070 +05:30 INF] HealthApp.Api.BackgroundServices.HeartbeatBackgroundService HealthAxis heartbeat running at "2026-07-16T14:14:40.0701893+05:30"------------
[2026-07-16 14:14:50.091 +05:30 INF] HealthApp.Api.BackgroundServices.HeartbeatBackgroundService HealthAxis heartbeat running at "2026-07-16T14:14:50.0914969+05:30"------------
[2026-07-16 14:15:00.099 +05:30 INF] HealthApp.Api.BackgroundServices.HeartbeatBackgroundService HealthAxis heartbeat running at "2026-07-16T14:15:00.0994866+05:30"------------
[2026-07-16 14:15:10.117 +05:30 INF] HealthApp.Api.BackgroundServices.HeartbeatBackgroundService HealthAxis heartbeat running at "2026-07-16T14:15:10.1178154+05:30"------------
[2026-07-16 14:15:20.129 +05:30 INF] HealthApp.Api.BackgroundServices.HeartbeatBackgroundService HealthAxis heartbeat running at "2026-07-16T14:15:20.1290474+05:30"------------
[2026-07-16 14:15:30.140 +05:30 INF] HealthApp.Api.BackgroundServices.HeartbeatBackgroundService HealthAxis heartbeat running at "2026-07-16T14:15:30.1407138+05:30"------------
[2026-07-16 14:15:40.156 +05:30 INF] HealthApp.Api.BackgroundServices.HeartbeatBackgroundService HealthAxis heartbeat running at "2026-07-16T14:15:40.1567830+05:30"------------
[2026-07-16 14:15:50.170 +05:30 INF] HealthApp.Api.BackgroundServices.HeartbeatBackgroundService HealthAxis heartbeat running at "2026-07-16T14:15:50.1707532+05:30"------------
[2026-07-16 14:16:00.187 +05:30 INF] HealthApp.Api.BackgroundServices.HeartbeatBackgroundService HealthAxis heartbeat running at "2026-07-16T14:16:00.1870302+05:30"------------
[2026-07-16 14:16:10.196 +05:30 INF] HealthApp.Api.BackgroundServices.HeartbeatBackgroundService HealthAxis heartbeat running at "2026-07-16T14:16:10.1960612+05:30"------------
[2026-07-16 14:16:20.214 +05:30 INF] HealthApp.Api.BackgroundServices.HeartbeatBackgroundService HealthAxis heartbeat running at "2026-07-16T14:16:20.2145062+05:30"------------
[2026-07-16 14:16:30.228 +05:30 INF] HealthApp.Api.BackgroundServices.HeartbeatBackgroundService HealthAxis heartbeat running at "2026-07-16T14:16:30.2285246+05:30"------------
[2026-07-16 14:16:40.253 +05:30 INF] HealthApp.Api.BackgroundServices.HeartbeatBackgroundService HealthAxis heartbeat running at "2026-07-16T14:16:40.2530871+05:30"------------
[2026-07-16 14:16:50.262 +05:30 INF] HealthApp.Api.BackgroundServices.HeartbeatBackgroundService HealthAxis heartbeat running at "2026-07-16T14:16:50.2620281+05:30"------------
[2026-07-16 14:17:00.267 +05:30 INF] HealthApp.Api.BackgroundServices.HeartbeatBackgroundService HealthAxis heartbeat running at "2026-07-16T14:17:00.2675862+05:30"------------
[2026-07-16 14:17:10.273 +05:30 INF] HealthApp.Api.BackgroundServices.HeartbeatBackgroundService HealthAxis heartbeat running at "2026-07-16T14:17:10.2733593+05:30"------------
[2026-07-16 14:17:20.277 +05:30 INF] HealthApp.Api.BackgroundServices.HeartbeatBackgroundService HealthAxis heartbeat running at "2026-07-16T14:17:20.2778953+05:30"------------
[2026-07-16 14:17:30.288 +05:30 INF] HealthApp.Api.BackgroundServices.HeartbeatBackgroundService HealthAxis heartbeat running at "2026-07-16T14:17:30.2884128+05:30"------------
[2026-07-16 14:17:40.292 +05:30 INF] HealthApp.Api.BackgroundServices.HeartbeatBackgroundService HealthAxis heartbeat running at "2026-07-16T14:17:40.2929077+05:30"------------
[2026-07-16 14:17:50.300 +05:30 INF] HealthApp.Api.BackgroundServices.HeartbeatBackgroundService HealthAxis heartbeat running at "2026-07-16T14:17:50.3000214+05:30"------------
[2026-07-16 14:18:00.320 +05:30 INF] HealthApp.Api.BackgroundServices.HeartbeatBackgroundService HealthAxis heartbeat running at "2026-07-16T14:18:00.3209012+05:30"------------
[2026-07-16 14:18:10.335 +05:30 INF] HealthApp.Api.BackgroundServices.HeartbeatBackgroundService HealthAxis heartbeat running at "2026-07-16T14:18:10.3351543+05:30"------------
[2026-07-16 14:18:20.349 +05:30 INF] HealthApp.Api.BackgroundServices.HeartbeatBackgroundService HealthAxis heartbeat running at "2026-07-16T14:18:20.3499417+05:30"------------
[2026-07-16 14:18:30.365 +05:30 INF] HealthApp.Api.BackgroundServices.HeartbeatBackgroundService HealthAxis heartbeat running at "2026-07-16T14:18:30.3656334+05:30"------------
[2026-07-16 14:18:40.373 +05:30 INF] HealthApp.Api.BackgroundServices.HeartbeatBackgroundService HealthAxis heartbeat running at "2026-07-16T14:18:40.3730008+05:30"------------
[2026-07-16 14:18:50.379 +05:30 INF] HealthApp.Api.BackgroundServices.HeartbeatBackgroundService HealthAxis heartbeat running at "2026-07-16T14:18:50.3798161+05:30"------------
[2026-07-16 14:19:00.389 +05:30 INF] HealthApp.Api.BackgroundServices.HeartbeatBackgroundService HealthAxis heartbeat running at "2026-07-16T14:19:00.3895655+05:30"------------
[2026-07-16 14:19:10.405 +05:30 INF] HealthApp.Api.BackgroundServices.HeartbeatBackgroundService HealthAxis heartbeat running at "2026-07-16T14:19:10.4055678+05:30"------------
[2026-07-16 14:19:20.442 +05:30 INF] HealthApp.Api.BackgroundServices.HeartbeatBackgroundService HealthAxis heartbeat running at "2026-07-16T14:19:20.4429458+05:30"------------
[2026-07-16 14:19:30.448 +05:30 INF] HealthApp.Api.BackgroundServices.HeartbeatBackgroundService HealthAxis heartbeat running at "2026-07-16T14:19:30.4483820+05:30"------------
[2026-07-16 14:19:40.466 +05:30 INF] HealthApp.Api.BackgroundServices.HeartbeatBackgroundService HealthAxis heartbeat running at "2026-07-16T14:19:40.4665372+05:30"------------
[2026-07-16 14:19:50.473 +05:30 INF] HealthApp.Api.BackgroundServices.HeartbeatBackgroundService HealthAxis heartbeat running at "2026-07-16T14:19:50.4737550+05:30"------------
[2026-07-16 14:20:00.481 +05:30 INF] HealthApp.Api.BackgroundServices.HeartbeatBackgroundService HealthAxis heartbeat running at "2026-07-16T14:20:00.4810934+05:30"------------
[2026-07-16 14:20:10.485 +05:30 INF] HealthApp.Api.BackgroundServices.HeartbeatBackgroundService HealthAxis heartbeat running at "2026-07-16T14:20:10.4851939+05:30"------------
[2026-07-16 14:20:20.506 +05:30 INF] HealthApp.Api.BackgroundServices.HeartbeatBackgroundService HealthAxis heartbeat running at "2026-07-16T14:20:20.5061495+05:30"------------
[2026-07-16 14:20:30.522 +05:30 INF] HealthApp.Api.BackgroundServices.HeartbeatBackgroundService HealthAxis heartbeat running at "2026-07-16T14:20:30.5221414+05:30"------------
[2026-07-16 14:20:40.529 +05:30 INF] HealthApp.Api.BackgroundServices.HeartbeatBackgroundService HealthAxis heartbeat running at "2026-07-16T14:20:40.5298705+05:30"------------
[2026-07-16 14:20:50.541 +05:30 INF] HealthApp.Api.BackgroundServices.HeartbeatBackgroundService HealthAxis heartbeat running at "2026-07-16T14:20:50.5410770+05:30"------------
[2026-07-16 14:21:00.560 +05:30 INF] HealthApp.Api.BackgroundServices.HeartbeatBackgroundService HealthAxis heartbeat running at "2026-07-16T14:21:00.5603447+05:30"------------
[2026-07-16 14:21:10.571 +05:30 INF] HealthApp.Api.BackgroundServices.HeartbeatBackgroundService HealthAxis heartbeat running at "2026-07-16T14:21:10.5718615+05:30"------------
[2026-07-16 14:21:20.577 +05:30 INF] HealthApp.Api.BackgroundServices.HeartbeatBackgroundService HealthAxis heartbeat running at "2026-07-16T14:21:20.5770624+05:30"------------
[2026-07-16 14:21:30.587 +05:30 INF] HealthApp.Api.BackgroundServices.HeartbeatBackgroundService HealthAxis heartbeat running at "2026-07-16T14:21:30.5871844+05:30"------------
[2026-07-16 14:21:40.591 +05:30 INF] HealthApp.Api.BackgroundServices.HeartbeatBackgroundService HealthAxis heartbeat running at "2026-07-16T14:21:40.5919823+05:30"------------
[2026-07-16 14:21:50.598 +05:30 INF] HealthApp.Api.BackgroundServices.HeartbeatBackgroundService HealthAxis heartbeat running at "2026-07-16T14:21:50.5989514+05:30"------------
[2026-07-16 14:22:00.615 +05:30 INF] HealthApp.Api.BackgroundServices.HeartbeatBackgroundService HealthAxis heartbeat running at "2026-07-16T14:22:00.6151349+05:30"------------
[2026-07-16 14:22:10.632 +05:30 INF] HealthApp.Api.BackgroundServices.HeartbeatBackgroundService HealthAxis heartbeat running at "2026-07-16T14:22:10.6324294+05:30"------------
[2026-07-16 14:22:20.651 +05:30 INF] HealthApp.Api.BackgroundServices.HeartbeatBackgroundService HealthAxis heartbeat running at "2026-07-16T14:22:20.6512165+05:30"------------
[2026-07-16 14:22:30.669 +05:30 INF] HealthApp.Api.BackgroundServices.HeartbeatBackgroundService HealthAxis heartbeat running at "2026-07-16T14:22:30.6692041+05:30"------------
[2026-07-16 14:22:40.688 +05:30 INF] HealthApp.Api.BackgroundServices.HeartbeatBackgroundService HealthAxis heartbeat running at "2026-07-16T14:22:40.6881051+05:30"------------
[2026-07-16 14:22:50.697 +05:30 INF] HealthApp.Api.BackgroundServices.HeartbeatBackgroundService HealthAxis heartbeat running at "2026-07-16T14:22:50.6978339+05:30"------------
[2026-07-16 14:23:00.720 +05:30 INF] HealthApp.Api.BackgroundServices.HeartbeatBackgroundService HealthAxis heartbeat running at "2026-07-16T14:23:00.7205840+05:30"------------
[2026-07-16 14:23:10.734 +05:30 INF] HealthApp.Api.BackgroundServices.HeartbeatBackgroundService HealthAxis heartbeat running at "2026-07-16T14:23:10.7346630+05:30"------------
[2026-07-16 14:23:20.754 +05:30 INF] HealthApp.Api.BackgroundServices.HeartbeatBackgroundService HealthAxis heartbeat running at "2026-07-16T14:23:20.7540271+05:30"------------
[2026-07-16 14:23:30.773 +05:30 INF] HealthApp.Api.BackgroundServices.HeartbeatBackgroundService HealthAxis heartbeat running at "2026-07-16T14:23:30.7733926+05:30"------------
[2026-07-16 14:23:40.781 +05:30 INF] HealthApp.Api.BackgroundServices.HeartbeatBackgroundService HealthAxis heartbeat running at "2026-07-16T14:23:40.7812749+05:30"------------
[2026-07-16 14:23:50.792 +05:30 INF] HealthApp.Api.BackgroundServices.HeartbeatBackgroundService HealthAxis heartbeat running at "2026-07-16T14:23:50.7926378+05:30"------------
[2026-07-16 14:24:00.804 +05:30 INF] HealthApp.Api.BackgroundServices.HeartbeatBackgroundService HealthAxis heartbeat running at "2026-07-16T14:24:00.8048604+05:30"------------
[2026-07-16 14:24:10.815 +05:30 INF] HealthApp.Api.BackgroundServices.HeartbeatBackgroundService HealthAxis heartbeat running at "2026-07-16T14:24:10.8156049+05:30"------------
[2026-07-16 14:24:12.573 +05:30 INF] Serilog.AspNetCore.RequestLoggingMiddleware HTTP OPTIONS /api/appointments/doctor/me responded 204 in 0.3572 ms
[2026-07-16 14:24:12.573 +05:30 INF] Serilog.AspNetCore.RequestLoggingMiddleware HTTP OPTIONS /api/doctors/me responded 204 in 0.0316 ms
[2026-07-16 14:24:12.621 +05:30 INF] Serilog.AspNetCore.RequestLoggingMiddleware HTTP OPTIONS /api/doctor-leaves/my responded 204 in 0.0432 ms
[2026-07-16 14:24:12.652 +05:30 INF] Serilog.AspNetCore.RequestLoggingMiddleware HTTP GET /api/doctors/me responded 401 in 23.5082 ms
[2026-07-16 14:24:12.652 +05:30 INF] Serilog.AspNetCore.RequestLoggingMiddleware HTTP GET /api/appointments/doctor/me responded 401 in 25.3825 ms
[2026-07-16 14:24:12.652 +05:30 INF] Serilog.AspNetCore.RequestLoggingMiddleware HTTP GET /api/doctor-leaves/my responded 401 in 10.1556 ms
[2026-07-16 14:24:14.082 +05:30 INF] Serilog.AspNetCore.RequestLoggingMiddleware HTTP GET /api/appointments/doctor/me responded 401 in 1.0570 ms
[2026-07-16 14:24:20.833 +05:30 INF] HealthApp.Api.BackgroundServices.HeartbeatBackgroundService HealthAxis heartbeat running at "2026-07-16T14:24:20.8331461+05:30"------------
[2026-07-16 14:24:26.935 +05:30 INF] Serilog.AspNetCore.RequestLoggingMiddleware HTTP OPTIONS /api/auth/login responded 204 in 0.2824 ms
[2026-07-16 14:24:27.255 +05:30 INF] Serilog.AspNetCore.RequestLoggingMiddleware HTTP POST /api/auth/login responded 200 in 311.6359 ms
[2026-07-16 14:24:27.292 +05:30 INF] Serilog.AspNetCore.RequestLoggingMiddleware HTTP OPTIONS /api/PatientApi/me responded 204 in 0.0504 ms
[2026-07-16 14:24:27.336 +05:30 INF] Serilog.AspNetCore.RequestLoggingMiddleware HTTP GET /api/PatientApi/me responded 200 in 37.6069 ms
[2026-07-16 14:24:27.342 +05:30 INF] Serilog.AspNetCore.RequestLoggingMiddleware HTTP OPTIONS /api/appointments/me responded 204 in 0.0503 ms
[2026-07-16 14:24:27.342 +05:30 INF] Serilog.AspNetCore.RequestLoggingMiddleware HTTP OPTIONS /api/HealthRecordApi/me responded 204 in 0.0222 ms
[2026-07-16 14:24:27.386 +05:30 INF] Serilog.AspNetCore.RequestLoggingMiddleware HTTP GET /api/appointments/me responded 200 in 40.9479 ms
[2026-07-16 14:24:27.583 +05:30 INF] Serilog.AspNetCore.RequestLoggingMiddleware HTTP GET /api/HealthRecordApi/me responded 200 in 236.6142 ms
[2026-07-16 14:24:29.639 +05:30 INF] Serilog.AspNetCore.RequestLoggingMiddleware HTTP GET /api/appointments/me responded 200 in 4.1545 ms
[2026-07-16 14:24:30.853 +05:30 INF] HealthApp.Api.BackgroundServices.HeartbeatBackgroundService HealthAxis heartbeat running at "2026-07-16T14:24:30.8531133+05:30"------------
[2026-07-16 14:24:32.130 +05:30 INF] Serilog.AspNetCore.RequestLoggingMiddleware HTTP GET /api/PatientApi/me responded 200 in 3.9505 ms
[2026-07-16 14:24:32.142 +05:30 INF] Serilog.AspNetCore.RequestLoggingMiddleware HTTP GET /api/HealthRecordApi/me responded 200 in 2.7953 ms
[2026-07-16 14:24:32.143 +05:30 INF] Serilog.AspNetCore.RequestLoggingMiddleware HTTP GET /api/appointments/me responded 200 in 3.5233 ms
[2026-07-16 14:24:33.569 +05:30 INF] Serilog.AspNetCore.RequestLoggingMiddleware HTTP OPTIONS /api/doctors/activedoctors responded 204 in 0.0385 ms
[2026-07-16 14:24:34.309 +05:30 INF] Serilog.AspNetCore.RequestLoggingMiddleware HTTP GET /api/doctors/activedoctors responded 200 in 736.1296 ms
[2026-07-16 14:24:34.945 +05:30 INF] Serilog.AspNetCore.RequestLoggingMiddleware HTTP OPTIONS /api/HealthRecordApi/me responded 204 in 0.0580 ms
[2026-07-16 14:24:34.956 +05:30 INF] Serilog.AspNetCore.RequestLoggingMiddleware HTTP GET /api/HealthRecordApi/me responded 200 in 3.4222 ms
[2026-07-16 14:24:38.520 +05:30 INF] Serilog.AspNetCore.RequestLoggingMiddleware HTTP GET /api/doctors/activedoctors responded 200 in 11.1962 ms
[2026-07-16 14:24:40.666 +05:30 INF] Serilog.AspNetCore.RequestLoggingMiddleware HTTP OPTIONS /api/appointments/me responded 204 in 0.0504 ms
[2026-07-16 14:24:40.679 +05:30 INF] Serilog.AspNetCore.RequestLoggingMiddleware HTTP GET /api/appointments/me responded 200 in 7.4019 ms
[2026-07-16 14:24:40.881 +05:30 INF] HealthApp.Api.BackgroundServices.HeartbeatBackgroundService HealthAxis heartbeat running at "2026-07-16T14:24:40.8815665+05:30"------------
[2026-07-16 14:24:41.731 +05:30 INF] Serilog.AspNetCore.RequestLoggingMiddleware HTTP OPTIONS /api/PatientApi/me responded 204 in 0.0462 ms
[2026-07-16 14:24:41.741 +05:30 INF] Serilog.AspNetCore.RequestLoggingMiddleware HTTP GET /api/PatientApi/me responded 200 in 5.7761 ms
[2026-07-16 14:24:41.747 +05:30 INF] Serilog.AspNetCore.RequestLoggingMiddleware HTTP OPTIONS /api/HealthRecordApi/me responded 204 in 0.0846 ms
[2026-07-16 14:24:41.755 +05:30 INF] Serilog.AspNetCore.RequestLoggingMiddleware HTTP GET /api/appointments/me responded 200 in 8.0015 ms
[2026-07-16 14:24:41.759 +05:30 INF] Serilog.AspNetCore.RequestLoggingMiddleware HTTP GET /api/HealthRecordApi/me responded 200 in 4.4106 ms
[2026-07-16 14:24:50.886 +05:30 INF] HealthApp.Api.BackgroundServices.HeartbeatBackgroundService HealthAxis heartbeat running at "2026-07-16T14:24:50.8869456+05:30"------------
[2026-07-16 14:25:00.899 +05:30 INF] HealthApp.Api.BackgroundServices.HeartbeatBackgroundService HealthAxis heartbeat running at "2026-07-16T14:25:00.8995982+05:30"------------
[2026-07-16 14:25:09.140 +05:30 INF] Serilog.AspNetCore.RequestLoggingMiddleware HTTP OPTIONS /api/auth/login responded 204 in 0.0537 ms
[2026-07-16 14:25:09.243 +05:30 INF] Serilog.AspNetCore.RequestLoggingMiddleware HTTP POST /api/auth/login responded 200 in 96.6444 ms
[2026-07-16 14:25:09.253 +05:30 INF] Serilog.AspNetCore.RequestLoggingMiddleware HTTP OPTIONS /api/appointments/doctor/me responded 204 in 0.0471 ms
[2026-07-16 14:25:09.255 +05:30 INF] Serilog.AspNetCore.RequestLoggingMiddleware HTTP OPTIONS /api/doctor-leaves/my responded 204 in 0.0274 ms
[2026-07-16 14:25:09.254 +05:30 INF] Serilog.AspNetCore.RequestLoggingMiddleware HTTP OPTIONS /api/doctors/me responded 204 in 0.0374 ms
[2026-07-16 14:25:09.273 +05:30 INF] Serilog.AspNetCore.RequestLoggingMiddleware HTTP GET /api/doctor-leaves/my responded 200 in 13.0074 ms
[2026-07-16 14:25:09.275 +05:30 INF] Serilog.AspNetCore.RequestLoggingMiddleware HTTP GET /api/appointments/doctor/me responded 200 in 15.0322 ms
[2026-07-16 14:25:09.447 +05:30 INF] Serilog.AspNetCore.RequestLoggingMiddleware HTTP GET /api/doctors/me responded 200 in 182.7028 ms
[2026-07-16 14:25:10.916 +05:30 INF] HealthApp.Api.BackgroundServices.HeartbeatBackgroundService HealthAxis heartbeat running at "2026-07-16T14:25:10.9166000+05:30"------------
[2026-07-16 14:25:20.927 +05:30 INF] HealthApp.Api.BackgroundServices.HeartbeatBackgroundService HealthAxis heartbeat running at "2026-07-16T14:25:20.9277212+05:30"------------
[2026-07-16 14:25:25.754 +05:30 INF] Serilog.AspNetCore.RequestLoggingMiddleware HTTP OPTIONS /api/appointments/doctor/me responded 204 in 0.0537 ms
[2026-07-16 14:25:25.771 +05:30 INF] Serilog.AspNetCore.RequestLoggingMiddleware HTTP GET /api/appointments/doctor/me responded 200 in 7.7845 ms
[2026-07-16 14:25:30.782 +05:30 INF] Serilog.AspNetCore.RequestLoggingMiddleware HTTP OPTIONS /api/doctors/me responded 204 in 0.0303 ms
[2026-07-16 14:25:30.782 +05:30 INF] Serilog.AspNetCore.RequestLoggingMiddleware HTTP OPTIONS /api/HealthRecordApi/doctor/me responded 204 in 0.2147 ms
[2026-07-16 14:25:30.788 +05:30 INF] Serilog.AspNetCore.RequestLoggingMiddleware HTTP GET /api/doctors/me responded 200 in 2.2184 ms
[2026-07-16 14:25:30.800 +05:30 INF] Serilog.AspNetCore.RequestLoggingMiddleware HTTP GET /api/HealthRecordApi/doctor/me responded 200 in 12.6413 ms
[2026-07-16 14:25:30.942 +05:30 INF] HealthApp.Api.BackgroundServices.HeartbeatBackgroundService HealthAxis heartbeat running at "2026-07-16T14:25:30.9421268+05:30"------------
[2026-07-16 14:25:34.079 +05:30 INF] Serilog.AspNetCore.RequestLoggingMiddleware HTTP OPTIONS /api/doctor-leaves/my responded 204 in 0.0615 ms
[2026-07-16 14:25:34.091 +05:30 INF] Serilog.AspNetCore.RequestLoggingMiddleware HTTP GET /api/doctor-leaves/my responded 200 in 3.8910 ms
[2026-07-16 14:25:35.455 +05:30 INF] Serilog.AspNetCore.RequestLoggingMiddleware HTTP GET /api/doctors/me responded 200 in 2.2546 ms
[2026-07-16 14:25:35.459 +05:30 INF] Serilog.AspNetCore.RequestLoggingMiddleware HTTP GET /api/HealthRecordApi/doctor/me responded 200 in 5.9323 ms
[2026-07-16 14:25:40.960 +05:30 INF] HealthApp.Api.BackgroundServices.HeartbeatBackgroundService HealthAxis heartbeat running at "2026-07-16T14:25:40.9601763+05:30"------------
[2026-07-16 14:25:50.967 +05:30 INF] HealthApp.Api.BackgroundServices.HeartbeatBackgroundService HealthAxis heartbeat running at "2026-07-16T14:25:50.9677437+05:30"------------
[2026-07-16 14:26:00.984 +05:30 INF] HealthApp.Api.BackgroundServices.HeartbeatBackgroundService HealthAxis heartbeat running at "2026-07-16T14:26:00.9841849+05:30"------------
[2026-07-16 14:26:10.992 +05:30 INF] HealthApp.Api.BackgroundServices.HeartbeatBackgroundService HealthAxis heartbeat running at "2026-07-16T14:26:10.9924264+05:30"------------
[2026-07-16 14:26:21.009 +05:30 INF] HealthApp.Api.BackgroundServices.HeartbeatBackgroundService HealthAxis heartbeat running at "2026-07-16T14:26:21.0097088+05:30"------------
[2026-07-16 14:26:31.023 +05:30 INF] HealthApp.Api.BackgroundServices.HeartbeatBackgroundService HealthAxis heartbeat running at "2026-07-16T14:26:31.0231531+05:30"------------
[2026-07-16 14:26:41.030 +05:30 INF] HealthApp.Api.BackgroundServices.HeartbeatBackgroundService HealthAxis heartbeat running at "2026-07-16T14:26:41.0303747+05:30"------------
[2026-07-16 14:26:51.041 +05:30 INF] HealthApp.Api.BackgroundServices.HeartbeatBackgroundService HealthAxis heartbeat running at "2026-07-16T14:26:51.0411995+05:30"------------
[2026-07-16 14:26:58.608 +05:30 INF] Serilog.AspNetCore.RequestLoggingMiddleware HTTP OPTIONS /api/doctor-leaves/my responded 204 in 0.4779 ms
[2026-07-16 14:26:58.633 +05:30 INF] Serilog.AspNetCore.RequestLoggingMiddleware HTTP GET /api/doctor-leaves/my responded 200 in 17.9839 ms
[2026-07-16 14:27:01.047 +05:30 INF] HealthApp.Api.BackgroundServices.HeartbeatBackgroundService HealthAxis heartbeat running at "2026-07-16T14:27:01.0476564+05:30"------------
[2026-07-16 14:27:11.060 +05:30 INF] HealthApp.Api.BackgroundServices.HeartbeatBackgroundService HealthAxis heartbeat running at "2026-07-16T14:27:11.0609070+05:30"------------
[2026-07-16 14:27:21.071 +05:30 INF] HealthApp.Api.BackgroundServices.HeartbeatBackgroundService HealthAxis heartbeat running at "2026-07-16T14:27:21.0719014+05:30"------------
[2026-07-16 14:27:25.973 +05:30 INF] Serilog.AspNetCore.RequestLoggingMiddleware HTTP OPTIONS /api/HealthRecordApi/doctor/me responded 204 in 0.0391 ms
[2026-07-16 14:27:25.973 +05:30 INF] Serilog.AspNetCore.RequestLoggingMiddleware HTTP OPTIONS /api/doctors/me responded 204 in 0.0273 ms
[2026-07-16 14:27:25.985 +05:30 INF] Serilog.AspNetCore.RequestLoggingMiddleware HTTP GET /api/doctors/me responded 200 in 6.7964 ms
[2026-07-16 14:27:26.001 +05:30 INF] Serilog.AspNetCore.RequestLoggingMiddleware HTTP GET /api/HealthRecordApi/doctor/me responded 200 in 24.1036 ms
[2026-07-16 14:27:27.460 +05:30 INF] Serilog.AspNetCore.RequestLoggingMiddleware HTTP OPTIONS /api/appointments/doctor/me responded 204 in 0.0438 ms
[2026-07-16 14:27:27.476 +05:30 INF] Serilog.AspNetCore.RequestLoggingMiddleware HTTP GET /api/appointments/doctor/me responded 200 in 11.4654 ms
[2026-07-16 14:27:28.493 +05:30 INF] Serilog.AspNetCore.RequestLoggingMiddleware HTTP OPTIONS /api/doctor-leaves/my responded 204 in 0.0396 ms
[2026-07-16 14:27:28.496 +05:30 INF] Serilog.AspNetCore.RequestLoggingMiddleware HTTP GET /api/doctors/me responded 200 in 2.8856 ms
[2026-07-16 14:27:28.498 +05:30 INF] Serilog.AspNetCore.RequestLoggingMiddleware HTTP GET /api/appointments/doctor/me responded 200 in 4.3125 ms
[2026-07-16 14:27:28.510 +05:30 INF] Serilog.AspNetCore.RequestLoggingMiddleware HTTP GET /api/doctor-leaves/my responded 200 in 10.6438 ms
[2026-07-16 14:27:30.304 +05:30 INF] Serilog.AspNetCore.RequestLoggingMiddleware HTTP GET /api/appointments/doctor/me responded 200 in 4.3157 ms
[2026-07-16 14:27:31.079 +05:30 INF] HealthApp.Api.BackgroundServices.HeartbeatBackgroundService HealthAxis heartbeat running at "2026-07-16T14:27:31.0799270+05:30"------------
[2026-07-16 14:27:31.471 +05:30 INF] Serilog.AspNetCore.RequestLoggingMiddleware HTTP OPTIONS /api/doctors/me responded 204 in 0.0672 ms
[2026-07-16 14:27:31.471 +05:30 INF] Serilog.AspNetCore.RequestLoggingMiddleware HTTP OPTIONS /api/HealthRecordApi/doctor/me responded 204 in 0.0674 ms
[2026-07-16 14:27:31.481 +05:30 INF] Serilog.AspNetCore.RequestLoggingMiddleware HTTP GET /api/doctors/me responded 200 in 1.6801 ms
[2026-07-16 14:27:31.482 +05:30 INF] Serilog.AspNetCore.RequestLoggingMiddleware HTTP GET /api/HealthRecordApi/doctor/me responded 200 in 3.4025 ms
[2026-07-16 14:27:32.369 +05:30 INF] Serilog.AspNetCore.RequestLoggingMiddleware HTTP GET /api/doctor-leaves/my responded 200 in 3.5289 ms
[2026-07-16 14:27:33.472 +05:30 INF] Serilog.AspNetCore.RequestLoggingMiddleware HTTP OPTIONS /api/appointments/doctor/me responded 204 in 0.0329 ms
[2026-07-16 14:27:33.476 +05:30 INF] Serilog.AspNetCore.RequestLoggingMiddleware HTTP GET /api/doctors/me responded 200 in 3.4455 ms
[2026-07-16 14:27:33.476 +05:30 INF] Serilog.AspNetCore.RequestLoggingMiddleware HTTP GET /api/doctor-leaves/my responded 200 in 3.3956 ms
[2026-07-16 14:27:33.510 +05:30 INF] Serilog.AspNetCore.RequestLoggingMiddleware HTTP GET /api/appointments/doctor/me responded 200 in 34.0581 ms
[2026-07-16 14:27:41.084 +05:30 INF] HealthApp.Api.BackgroundServices.HeartbeatBackgroundService HealthAxis heartbeat running at "2026-07-16T14:27:41.0842039+05:30"------------
[2026-07-16 14:27:51.099 +05:30 INF] HealthApp.Api.BackgroundServices.HeartbeatBackgroundService HealthAxis heartbeat running at "2026-07-16T14:27:51.0997375+05:30"------------
[2026-07-16 14:27:53.143 +05:30 INF] Serilog.AspNetCore.RequestLoggingMiddleware HTTP OPTIONS /api/appointments/doctor/me responded 204 in 0.0418 ms
[2026-07-16 14:27:53.152 +05:30 INF] Serilog.AspNetCore.RequestLoggingMiddleware HTTP GET /api/appointments/doctor/me responded 200 in 5.1821 ms
[2026-07-16 14:28:01.105 +05:30 INF] HealthApp.Api.BackgroundServices.HeartbeatBackgroundService HealthAxis heartbeat running at "2026-07-16T14:28:01.1057613+05:30"------------
[2026-07-16 14:28:05.044 +05:30 INF] Serilog.AspNetCore.RequestLoggingMiddleware HTTP OPTIONS /api/HealthRecordApi/doctor/me responded 204 in 0.0408 ms
[2026-07-16 14:28:05.044 +05:30 INF] Serilog.AspNetCore.RequestLoggingMiddleware HTTP OPTIONS /api/doctors/me responded 204 in 0.0448 ms
[2026-07-16 14:28:05.051 +05:30 INF] Serilog.AspNetCore.RequestLoggingMiddleware HTTP GET /api/doctors/me responded 200 in 1.8529 ms
[2026-07-16 14:28:05.055 +05:30 INF] Serilog.AspNetCore.RequestLoggingMiddleware HTTP GET /api/HealthRecordApi/doctor/me responded 200 in 6.7425 ms
[2026-07-16 14:28:11.121 +05:30 INF] HealthApp.Api.BackgroundServices.HeartbeatBackgroundService HealthAxis heartbeat running at "2026-07-16T14:28:11.1217427+05:30"------------
[2026-07-16 14:28:21.129 +05:30 INF] HealthApp.Api.BackgroundServices.HeartbeatBackgroundService HealthAxis heartbeat running at "2026-07-16T14:28:21.1293900+05:30"------------
[2026-07-16 14:28:27.197 +05:30 INF] Serilog.AspNetCore.RequestLoggingMiddleware HTTP OPTIONS /api/doctor-leaves/my responded 204 in 0.0525 ms
[2026-07-16 14:28:27.233 +05:30 INF] Serilog.AspNetCore.RequestLoggingMiddleware HTTP GET /api/doctor-leaves/my responded 200 in 25.1002 ms
[2026-07-16 14:28:31.135 +05:30 INF] HealthApp.Api.BackgroundServices.HeartbeatBackgroundService HealthAxis heartbeat running at "2026-07-16T14:28:31.1354290+05:30"------------
[2026-07-16 14:28:41.142 +05:30 INF] HealthApp.Api.BackgroundServices.HeartbeatBackgroundService HealthAxis heartbeat running at "2026-07-16T14:28:41.1429218+05:30"------------
[2026-07-16 14:28:51.156 +05:30 INF] HealthApp.Api.BackgroundServices.HeartbeatBackgroundService HealthAxis heartbeat running at "2026-07-16T14:28:51.1562593+05:30"------------
[2026-07-16 14:29:01.174 +05:30 INF] HealthApp.Api.BackgroundServices.HeartbeatBackgroundService HealthAxis heartbeat running at "2026-07-16T14:29:01.1748826+05:30"------------
[2026-07-16 14:29:11.183 +05:30 INF] HealthApp.Api.BackgroundServices.HeartbeatBackgroundService HealthAxis heartbeat running at "2026-07-16T14:29:11.1833935+05:30"------------
[2026-07-16 14:29:21.201 +05:30 INF] HealthApp.Api.BackgroundServices.HeartbeatBackgroundService HealthAxis heartbeat running at "2026-07-16T14:29:21.2014385+05:30"------------
[2026-07-16 14:29:31.215 +05:30 INF] HealthApp.Api.BackgroundServices.HeartbeatBackgroundService HealthAxis heartbeat running at "2026-07-16T14:29:31.2156502+05:30"------------
[2026-07-16 14:29:41.231 +05:30 INF] HealthApp.Api.BackgroundServices.HeartbeatBackgroundService HealthAxis heartbeat running at "2026-07-16T14:29:41.2318892+05:30"------------
[2026-07-16 14:29:51.247 +05:30 INF] HealthApp.Api.BackgroundServices.HeartbeatBackgroundService HealthAxis heartbeat running at "2026-07-16T14:29:51.2472521+05:30"------------
[2026-07-16 14:30:01.254 +05:30 INF] HealthApp.Api.BackgroundServices.HeartbeatBackgroundService HealthAxis heartbeat running at "2026-07-16T14:30:01.2541369+05:30"------------
[2026-07-16 14:30:11.259 +05:30 INF] HealthApp.Api.BackgroundServices.HeartbeatBackgroundService HealthAxis heartbeat running at "2026-07-16T14:30:11.2596288+05:30"------------
[2026-07-16 14:30:21.265 +05:30 INF] HealthApp.Api.BackgroundServices.HeartbeatBackgroundService HealthAxis heartbeat running at "2026-07-16T14:30:21.2651239+05:30"------------
[2026-07-16 14:30:31.275 +05:30 INF] HealthApp.Api.BackgroundServices.HeartbeatBackgroundService HealthAxis heartbeat running at "2026-07-16T14:30:31.2752418+05:30"------------
[2026-07-16 14:30:41.277 +05:30 INF] HealthApp.Api.BackgroundServices.HeartbeatBackgroundService HealthAxis heartbeat running at "2026-07-16T14:30:41.2777914+05:30"------------
[2026-07-16 14:30:51.285 +05:30 INF] HealthApp.Api.BackgroundServices.HeartbeatBackgroundService HealthAxis heartbeat running at "2026-07-16T14:30:51.2852823+05:30"------------
[2026-07-16 14:31:01.294 +05:30 INF] HealthApp.Api.BackgroundServices.HeartbeatBackgroundService HealthAxis heartbeat running at "2026-07-16T14:31:01.2943297+05:30"------------
[2026-07-16 14:31:11.308 +05:30 INF] HealthApp.Api.BackgroundServices.HeartbeatBackgroundService HealthAxis heartbeat running at "2026-07-16T14:31:11.3086474+05:30"------------
[2026-07-16 14:31:21.318 +05:30 INF] HealthApp.Api.BackgroundServices.HeartbeatBackgroundService HealthAxis heartbeat running at "2026-07-16T14:31:21.3183019+05:30"------------
[2026-07-16 14:31:31.328 +05:30 INF] HealthApp.Api.BackgroundServices.HeartbeatBackgroundService HealthAxis heartbeat running at "2026-07-16T14:31:31.3285252+05:30"------------
[2026-07-16 14:31:41.341 +05:30 INF] HealthApp.Api.BackgroundServices.HeartbeatBackgroundService HealthAxis heartbeat running at "2026-07-16T14:31:41.3413177+05:30"------------
[2026-07-16 14:31:51.345 +05:30 INF] HealthApp.Api.BackgroundServices.HeartbeatBackgroundService HealthAxis heartbeat running at "2026-07-16T14:31:51.3450986+05:30"------------
[2026-07-16 14:32:01.362 +05:30 INF] HealthApp.Api.BackgroundServices.HeartbeatBackgroundService HealthAxis heartbeat running at "2026-07-16T14:32:01.3620467+05:30"------------
[2026-07-16 14:32:11.370 +05:30 INF] HealthApp.Api.BackgroundServices.HeartbeatBackgroundService HealthAxis heartbeat running at "2026-07-16T14:32:11.3706988+05:30"------------
[2026-07-16 14:32:21.375 +05:30 INF] HealthApp.Api.BackgroundServices.HeartbeatBackgroundService HealthAxis heartbeat running at "2026-07-16T14:32:21.3751362+05:30"------------
[2026-07-16 14:32:31.378 +05:30 INF] HealthApp.Api.BackgroundServices.HeartbeatBackgroundService HealthAxis heartbeat running at "2026-07-16T14:32:31.3784869+05:30"------------
[2026-07-16 14:32:41.386 +05:30 INF] HealthApp.Api.BackgroundServices.HeartbeatBackgroundService HealthAxis heartbeat running at "2026-07-16T14:32:41.3863062+05:30"------------
[2026-07-16 14:32:51.400 +05:30 INF] HealthApp.Api.BackgroundServices.HeartbeatBackgroundService HealthAxis heartbeat running at "2026-07-16T14:32:51.4002197+05:30"------------
[2026-07-16 14:33:01.413 +05:30 INF] HealthApp.Api.BackgroundServices.HeartbeatBackgroundService HealthAxis heartbeat running at "2026-07-16T14:33:01.4131192+05:30"------------
[2026-07-16 14:33:11.422 +05:30 INF] HealthApp.Api.BackgroundServices.HeartbeatBackgroundService HealthAxis heartbeat running at "2026-07-16T14:33:11.4226605+05:30"------------
[2026-07-16 14:33:21.439 +05:30 INF] HealthApp.Api.BackgroundServices.HeartbeatBackgroundService HealthAxis heartbeat running at "2026-07-16T14:33:21.4393013+05:30"------------
[2026-07-16 14:33:31.453 +05:30 INF] HealthApp.Api.BackgroundServices.HeartbeatBackgroundService HealthAxis heartbeat running at "2026-07-16T14:33:31.4530631+05:30"------------
[2026-07-16 14:33:41.465 +05:30 INF] HealthApp.Api.BackgroundServices.HeartbeatBackgroundService HealthAxis heartbeat running at "2026-07-16T14:33:41.4655520+05:30"------------
[2026-07-16 14:33:51.473 +05:30 INF] HealthApp.Api.BackgroundServices.HeartbeatBackgroundService HealthAxis heartbeat running at "2026-07-16T14:33:51.4734031+05:30"------------
[2026-07-16 14:34:01.490 +05:30 INF] HealthApp.Api.BackgroundServices.HeartbeatBackgroundService HealthAxis heartbeat running at "2026-07-16T14:34:01.4906070+05:30"------------
[2026-07-16 14:34:11.497 +05:30 INF] HealthApp.Api.BackgroundServices.HeartbeatBackgroundService HealthAxis heartbeat running at "2026-07-16T14:34:11.4976649+05:30"------------
[2026-07-16 14:34:21.509 +05:30 INF] HealthApp.Api.BackgroundServices.HeartbeatBackgroundService HealthAxis heartbeat running at "2026-07-16T14:34:21.5097291+05:30"------------
[2026-07-16 14:34:31.521 +05:30 INF] HealthApp.Api.BackgroundServices.HeartbeatBackgroundService HealthAxis heartbeat running at "2026-07-16T14:34:31.5214393+05:30"------------
[2026-07-16 14:34:41.535 +05:30 INF] HealthApp.Api.BackgroundServices.HeartbeatBackgroundService HealthAxis heartbeat running at "2026-07-16T14:34:41.5356038+05:30"------------
[2026-07-16 14:34:51.545 +05:30 INF] HealthApp.Api.BackgroundServices.HeartbeatBackgroundService HealthAxis heartbeat running at "2026-07-16T14:34:51.5454699+05:30"------------
[2026-07-16 14:35:01.552 +05:30 INF] HealthApp.Api.BackgroundServices.HeartbeatBackgroundService HealthAxis heartbeat running at "2026-07-16T14:35:01.5526781+05:30"------------
[2026-07-16 14:35:11.561 +05:30 INF] HealthApp.Api.BackgroundServices.HeartbeatBackgroundService HealthAxis heartbeat running at "2026-07-16T14:35:11.5610979+05:30"------------
[2026-07-16 14:35:21.567 +05:30 INF] HealthApp.Api.BackgroundServices.HeartbeatBackgroundService HealthAxis heartbeat running at "2026-07-16T14:35:21.5674943+05:30"------------
[2026-07-16 14:35:27.950 +05:30 INF] Serilog.AspNetCore.RequestLoggingMiddleware HTTP OPTIONS /api/doctors/me responded 204 in 0.0622 ms
[2026-07-16 14:35:27.950 +05:30 INF] Serilog.AspNetCore.RequestLoggingMiddleware HTTP OPTIONS /api/HealthRecordApi/doctor/me responded 204 in 0.0368 ms
[2026-07-16 14:35:28.252 +05:30 INF] Serilog.AspNetCore.RequestLoggingMiddleware HTTP GET /api/HealthRecordApi/doctor/me responded 200 in 294.2247 ms
[2026-07-16 14:35:28.388 +05:30 INF] Serilog.AspNetCore.RequestLoggingMiddleware HTTP GET /api/doctors/me responded 200 in 430.2019 ms
[2026-07-16 14:35:30.751 +05:30 INF] Serilog.AspNetCore.RequestLoggingMiddleware HTTP OPTIONS /api/appointments/doctor/me responded 204 in 0.0500 ms
[2026-07-16 14:35:30.766 +05:30 INF] Serilog.AspNetCore.RequestLoggingMiddleware HTTP GET /api/appointments/doctor/me responded 200 in 9.8439 ms
[2026-07-16 14:35:31.571 +05:30 INF] HealthApp.Api.BackgroundServices.HeartbeatBackgroundService HealthAxis heartbeat running at "2026-07-16T14:35:31.5719359+05:30"------------
[2026-07-16 14:35:32.094 +05:30 INF] Serilog.AspNetCore.RequestLoggingMiddleware HTTP OPTIONS /api/doctor-leaves/my responded 204 in 0.0899 ms
[2026-07-16 14:35:32.100 +05:30 INF] Serilog.AspNetCore.RequestLoggingMiddleware HTTP GET /api/doctors/me responded 200 in 4.5750 ms
[2026-07-16 14:35:32.102 +05:30 INF] Serilog.AspNetCore.RequestLoggingMiddleware HTTP GET /api/appointments/doctor/me responded 200 in 7.6349 ms
[2026-07-16 14:35:32.110 +05:30 INF] Serilog.AspNetCore.RequestLoggingMiddleware HTTP GET /api/doctor-leaves/my responded 200 in 8.7384 ms
[2026-07-16 14:35:35.428 +05:30 INF] Serilog.AspNetCore.RequestLoggingMiddleware HTTP GET /api/appointments/doctor/me responded 200 in 6.2820 ms
[2026-07-16 14:35:36.747 +05:30 INF] Serilog.AspNetCore.RequestLoggingMiddleware HTTP OPTIONS /api/HealthRecordApi/doctor/me responded 204 in 0.0448 ms
[2026-07-16 14:35:36.747 +05:30 INF] Serilog.AspNetCore.RequestLoggingMiddleware HTTP OPTIONS /api/doctors/me responded 204 in 0.0580 ms
[2026-07-16 14:35:36.755 +05:30 INF] Serilog.AspNetCore.RequestLoggingMiddleware HTTP GET /api/doctors/me responded 200 in 1.9352 ms
[2026-07-16 14:35:36.756 +05:30 INF] Serilog.AspNetCore.RequestLoggingMiddleware HTTP GET /api/HealthRecordApi/doctor/me responded 200 in 4.5195 ms
[2026-07-16 14:35:38.163 +05:30 INF] Serilog.AspNetCore.RequestLoggingMiddleware HTTP OPTIONS /api/doctor-leaves/my responded 204 in 0.0397 ms
[2026-07-16 14:35:38.171 +05:30 INF] Serilog.AspNetCore.RequestLoggingMiddleware HTTP GET /api/doctor-leaves/my responded 200 in 3.0317 ms
[2026-07-16 14:35:39.332 +05:30 INF] Serilog.AspNetCore.RequestLoggingMiddleware HTTP GET /api/doctors/me responded 200 in 2.2916 ms
[2026-07-16 14:35:39.334 +05:30 INF] Serilog.AspNetCore.RequestLoggingMiddleware HTTP GET /api/HealthRecordApi/doctor/me responded 200 in 3.9755 ms
[2026-07-16 14:35:40.047 +05:30 INF] Serilog.AspNetCore.RequestLoggingMiddleware HTTP OPTIONS /api/appointments/doctor/me responded 204 in 0.0507 ms
[2026-07-16 14:35:40.051 +05:30 INF] Serilog.AspNetCore.RequestLoggingMiddleware HTTP GET /api/doctors/me responded 200 in 3.1467 ms
[2026-07-16 14:35:40.053 +05:30 INF] Serilog.AspNetCore.RequestLoggingMiddleware HTTP GET /api/doctor-leaves/my responded 200 in 4.7269 ms
[2026-07-16 14:35:40.065 +05:30 INF] Serilog.AspNetCore.RequestLoggingMiddleware HTTP GET /api/appointments/doctor/me responded 200 in 9.3135 ms
[2026-07-16 14:35:41.580 +05:30 INF] HealthApp.Api.BackgroundServices.HeartbeatBackgroundService HealthAxis heartbeat running at "2026-07-16T14:35:41.5805035+05:30"------------
[2026-07-16 14:35:51.585 +05:30 INF] HealthApp.Api.BackgroundServices.HeartbeatBackgroundService HealthAxis heartbeat running at "2026-07-16T14:35:51.5857715+05:30"------------
[2026-07-16 14:36:01.596 +05:30 INF] HealthApp.Api.BackgroundServices.HeartbeatBackgroundService HealthAxis heartbeat running at "2026-07-16T14:36:01.5962577+05:30"------------
[2026-07-16 14:36:11.601 +05:30 INF] HealthApp.Api.BackgroundServices.HeartbeatBackgroundService HealthAxis heartbeat running at "2026-07-16T14:36:11.6012346+05:30"------------
[2026-07-16 14:36:21.624 +05:30 INF] HealthApp.Api.BackgroundServices.HeartbeatBackgroundService HealthAxis heartbeat running at "2026-07-16T14:36:21.6249305+05:30"------------
[2026-07-16 14:36:28.150 +05:30 INF] Serilog.AspNetCore.RequestLoggingMiddleware HTTP OPTIONS /api/appointments/doctor/me responded 204 in 0.1078 ms
[2026-07-16 14:36:28.159 +05:30 INF] Serilog.AspNetCore.RequestLoggingMiddleware HTTP OPTIONS /api/doctor-leaves/my responded 204 in 0.1004 ms
[2026-07-16 14:36:28.151 +05:30 INF] Serilog.AspNetCore.RequestLoggingMiddleware HTTP OPTIONS /api/doctors/me responded 204 in 0.1185 ms
[2026-07-16 14:36:28.270 +05:30 INF] Serilog.AspNetCore.RequestLoggingMiddleware HTTP GET /api/doctor-leaves/my responded 200 in 19.0894 ms
[2026-07-16 14:36:28.273 +05:30 INF] Serilog.AspNetCore.RequestLoggingMiddleware HTTP GET /api/appointments/doctor/me responded 200 in 33.6661 ms
[2026-07-16 14:36:28.282 +05:30 INF] Serilog.AspNetCore.RequestLoggingMiddleware HTTP GET /api/doctors/me responded 200 in 20.0668 ms
[2026-07-16 14:36:31.640 +05:30 INF] HealthApp.Api.BackgroundServices.HeartbeatBackgroundService HealthAxis heartbeat running at "2026-07-16T14:36:31.6402033+05:30"------------
[2026-07-16 14:36:41.645 +05:30 INF] HealthApp.Api.BackgroundServices.HeartbeatBackgroundService HealthAxis heartbeat running at "2026-07-16T14:36:41.6457304+05:30"------------
[2026-07-16 14:36:51.649 +05:30 INF] HealthApp.Api.BackgroundServices.HeartbeatBackgroundService HealthAxis heartbeat running at "2026-07-16T14:36:51.6498634+05:30"------------
[2026-07-16 14:37:01.667 +05:30 INF] HealthApp.Api.BackgroundServices.HeartbeatBackgroundService HealthAxis heartbeat running at "2026-07-16T14:37:01.6675095+05:30"------------
[2026-07-16 14:37:11.686 +05:30 INF] HealthApp.Api.BackgroundServices.HeartbeatBackgroundService HealthAxis heartbeat running at "2026-07-16T14:37:11.6864466+05:30"------------
[2026-07-16 14:37:21.712 +05:30 INF] HealthApp.Api.BackgroundServices.HeartbeatBackgroundService HealthAxis heartbeat running at "2026-07-16T14:37:21.7128306+05:30"------------
[2026-07-16 14:37:31.729 +05:30 INF] HealthApp.Api.BackgroundServices.HeartbeatBackgroundService HealthAxis heartbeat running at "2026-07-16T14:37:31.7290183+05:30"------------
[2026-07-16 14:37:41.748 +05:30 INF] HealthApp.Api.BackgroundServices.HeartbeatBackgroundService HealthAxis heartbeat running at "2026-07-16T14:37:41.7479933+05:30"------------
[2026-07-16 14:37:51.763 +05:30 INF] HealthApp.Api.BackgroundServices.HeartbeatBackgroundService HealthAxis heartbeat running at "2026-07-16T14:37:51.7630261+05:30"------------
[2026-07-16 14:38:01.774 +05:30 INF] HealthApp.Api.BackgroundServices.HeartbeatBackgroundService HealthAxis heartbeat running at "2026-07-16T14:38:01.7746234+05:30"------------
[2026-07-16 14:38:11.787 +05:30 INF] HealthApp.Api.BackgroundServices.HeartbeatBackgroundService HealthAxis heartbeat running at "2026-07-16T14:38:11.7874197+05:30"------------
[2026-07-16 14:38:14.924 +05:30 INF] Serilog.AspNetCore.RequestLoggingMiddleware HTTP OPTIONS /api/appointments/doctor/me responded 204 in 0.0667 ms
[2026-07-16 14:38:14.948 +05:30 INF] Serilog.AspNetCore.RequestLoggingMiddleware HTTP GET /api/appointments/doctor/me responded 200 in 16.5631 ms
[2026-07-16 14:38:16.889 +05:30 INF] Serilog.AspNetCore.RequestLoggingMiddleware HTTP OPTIONS /api/doctors/me responded 204 in 0.0439 ms
[2026-07-16 14:38:16.889 +05:30 INF] Serilog.AspNetCore.RequestLoggingMiddleware HTTP OPTIONS /api/doctor-leaves/my responded 204 in 0.0358 ms
[2026-07-16 14:38:16.902 +05:30 INF] Serilog.AspNetCore.RequestLoggingMiddleware HTTP GET /api/doctors/me responded 200 in 7.1988 ms
[2026-07-16 14:38:16.910 +05:30 INF] Serilog.AspNetCore.RequestLoggingMiddleware HTTP GET /api/doctor-leaves/my responded 200 in 8.5607 ms
[2026-07-16 14:38:16.913 +05:30 INF] Serilog.AspNetCore.RequestLoggingMiddleware HTTP GET /api/appointments/doctor/me responded 200 in 24.0315 ms
[2026-07-16 14:38:17.622 +05:30 INF] Serilog.AspNetCore.RequestLoggingMiddleware HTTP GET /api/appointments/doctor/me responded 200 in 16.1291 ms
[2026-07-16 14:38:18.397 +05:30 INF] Serilog.AspNetCore.RequestLoggingMiddleware HTTP GET /api/appointments/doctor/me responded 200 in 23.8124 ms
[2026-07-16 14:38:18.398 +05:30 INF] Serilog.AspNetCore.RequestLoggingMiddleware HTTP GET /api/doctor-leaves/my responded 200 in 23.7957 ms
[2026-07-16 14:38:18.601 +05:30 INF] Serilog.AspNetCore.RequestLoggingMiddleware HTTP GET /api/doctors/me responded 200 in 227.3204 ms
[2026-07-16 14:38:21.796 +05:30 INF] HealthApp.Api.BackgroundServices.HeartbeatBackgroundService HealthAxis heartbeat running at "2026-07-16T14:38:21.7966947+05:30"------------
[2026-07-16 14:38:31.832 +05:30 INF] HealthApp.Api.BackgroundServices.HeartbeatBackgroundService HealthAxis heartbeat running at "2026-07-16T14:38:31.8328476+05:30"------------
[2026-07-16 14:38:41.847 +05:30 INF] HealthApp.Api.BackgroundServices.HeartbeatBackgroundService HealthAxis heartbeat running at "2026-07-16T14:38:41.8475571+05:30"------------
[2026-07-16 14:38:51.853 +05:30 INF] HealthApp.Api.BackgroundServices.HeartbeatBackgroundService HealthAxis heartbeat running at "2026-07-16T14:38:51.8538346+05:30"------------
[2026-07-16 14:39:01.868 +05:30 INF] HealthApp.Api.BackgroundServices.HeartbeatBackgroundService HealthAxis heartbeat running at "2026-07-16T14:39:01.8685116+05:30"------------
[2026-07-16 14:39:06.719 +05:30 INF] Serilog.AspNetCore.RequestLoggingMiddleware HTTP OPTIONS /api/appointments/doctor/me responded 204 in 0.0401 ms
[2026-07-16 14:39:06.739 +05:30 INF] Serilog.AspNetCore.RequestLoggingMiddleware HTTP GET /api/appointments/doctor/me responded 200 in 14.9525 ms
[2026-07-16 14:39:07.553 +05:30 INF] Serilog.AspNetCore.RequestLoggingMiddleware HTTP OPTIONS /api/doctor-leaves/my responded 204 in 0.0385 ms
[2026-07-16 14:39:07.553 +05:30 INF] Serilog.AspNetCore.RequestLoggingMiddleware HTTP OPTIONS /api/doctors/me responded 204 in 0.0401 ms
[2026-07-16 14:39:07.558 +05:30 INF] Serilog.AspNetCore.RequestLoggingMiddleware HTTP GET /api/appointments/doctor/me responded 200 in 4.9880 ms
[2026-07-16 14:39:07.564 +05:30 INF] Serilog.AspNetCore.RequestLoggingMiddleware HTTP GET /api/doctors/me responded 200 in 4.3230 ms
[2026-07-16 14:39:07.567 +05:30 INF] Serilog.AspNetCore.RequestLoggingMiddleware HTTP GET /api/doctor-leaves/my responded 200 in 9.6099 ms
[2026-07-16 14:39:11.872 +05:30 INF] HealthApp.Api.BackgroundServices.HeartbeatBackgroundService HealthAxis heartbeat running at "2026-07-16T14:39:11.8728023+05:30"------------
[2026-07-16 14:39:19.705 +05:30 INF] Serilog.AspNetCore.RequestLoggingMiddleware HTTP OPTIONS /api/appointments/doctor/me responded 204 in 0.0844 ms
[2026-07-16 14:39:19.724 +05:30 INF] Serilog.AspNetCore.RequestLoggingMiddleware HTTP GET /api/appointments/doctor/me responded 200 in 7.0547 ms
[2026-07-16 14:39:20.436 +05:30 INF] Serilog.AspNetCore.RequestLoggingMiddleware HTTP OPTIONS /api/doctors/me responded 204 in 0.0319 ms
[2026-07-16 14:39:20.436 +05:30 INF] Serilog.AspNetCore.RequestLoggingMiddleware HTTP OPTIONS /api/doctor-leaves/my responded 204 in 0.0302 ms
[2026-07-16 14:39:20.440 +05:30 INF] Serilog.AspNetCore.RequestLoggingMiddleware HTTP GET /api/appointments/doctor/me responded 200 in 4.4815 ms
[2026-07-16 14:39:20.443 +05:30 INF] Serilog.AspNetCore.RequestLoggingMiddleware HTTP GET /api/doctors/me responded 200 in 3.1610 ms
[2026-07-16 14:39:20.447 +05:30 INF] Serilog.AspNetCore.RequestLoggingMiddleware HTTP GET /api/doctor-leaves/my responded 200 in 4.5515 ms
[2026-07-16 14:39:21.891 +05:30 INF] HealthApp.Api.BackgroundServices.HeartbeatBackgroundService HealthAxis heartbeat running at "2026-07-16T14:39:21.8916525+05:30"------------
[2026-07-16 14:39:31.896 +05:30 INF] HealthApp.Api.BackgroundServices.HeartbeatBackgroundService HealthAxis heartbeat running at "2026-07-16T14:39:31.8961440+05:30"------------
[2026-07-16 14:39:31.977 +05:30 INF] Serilog.AspNetCore.RequestLoggingMiddleware HTTP OPTIONS /api/appointments/doctor/me responded 204 in 0.0308 ms
[2026-07-16 14:39:31.977 +05:30 INF] Serilog.AspNetCore.RequestLoggingMiddleware HTTP OPTIONS /api/doctor-leaves/my responded 204 in 0.0147 ms
[2026-07-16 14:39:31.977 +05:30 INF] Serilog.AspNetCore.RequestLoggingMiddleware HTTP OPTIONS /api/doctors/me responded 204 in 0.0207 ms
[2026-07-16 14:39:31.999 +05:30 INF] Serilog.AspNetCore.RequestLoggingMiddleware HTTP GET /api/doctors/me responded 200 in 11.7696 ms
[2026-07-16 14:39:32.008 +05:30 INF] Serilog.AspNetCore.RequestLoggingMiddleware HTTP GET /api/doctor-leaves/my responded 200 in 24.2199 ms
[2026-07-16 14:39:32.011 +05:30 INF] Serilog.AspNetCore.RequestLoggingMiddleware HTTP GET /api/appointments/doctor/me responded 200 in 26.9274 ms
[2026-07-16 14:39:41.908 +05:30 INF] HealthApp.Api.BackgroundServices.HeartbeatBackgroundService HealthAxis heartbeat running at "2026-07-16T14:39:41.9089714+05:30"------------
[2026-07-16 14:39:51.918 +05:30 INF] HealthApp.Api.BackgroundServices.HeartbeatBackgroundService HealthAxis heartbeat running at "2026-07-16T14:39:51.9188955+05:30"------------
[2026-07-16 14:40:01.940 +05:30 INF] HealthApp.Api.BackgroundServices.HeartbeatBackgroundService HealthAxis heartbeat running at "2026-07-16T14:40:01.9400315+05:30"------------
[2026-07-16 14:40:11.951 +05:30 INF] HealthApp.Api.BackgroundServices.HeartbeatBackgroundService HealthAxis heartbeat running at "2026-07-16T14:40:11.9512061+05:30"------------
[2026-07-16 14:40:21.992 +05:30 INF] HealthApp.Api.BackgroundServices.HeartbeatBackgroundService HealthAxis heartbeat running at "2026-07-16T14:40:21.9920378+05:30"------------
[2026-07-16 14:40:32.001 +05:30 INF] HealthApp.Api.BackgroundServices.HeartbeatBackgroundService HealthAxis heartbeat running at "2026-07-16T14:40:32.0016878+05:30"------------
[2026-07-16 14:40:42.020 +05:30 INF] HealthApp.Api.BackgroundServices.HeartbeatBackgroundService HealthAxis heartbeat running at "2026-07-16T14:40:42.0205901+05:30"------------
[2026-07-16 14:40:52.031 +05:30 INF] HealthApp.Api.BackgroundServices.HeartbeatBackgroundService HealthAxis heartbeat running at "2026-07-16T14:40:52.0317101+05:30"------------
[2026-07-16 14:41:02.050 +05:30 INF] HealthApp.Api.BackgroundServices.HeartbeatBackgroundService HealthAxis heartbeat running at "2026-07-16T14:41:02.0500995+05:30"------------
[2026-07-16 14:41:12.054 +05:30 INF] HealthApp.Api.BackgroundServices.HeartbeatBackgroundService HealthAxis heartbeat running at "2026-07-16T14:41:12.0546546+05:30"------------
[2026-07-16 14:41:22.060 +05:30 INF] HealthApp.Api.BackgroundServices.HeartbeatBackgroundService HealthAxis heartbeat running at "2026-07-16T14:41:22.0606300+05:30"------------
[2026-07-16 14:41:32.078 +05:30 INF] HealthApp.Api.BackgroundServices.HeartbeatBackgroundService HealthAxis heartbeat running at "2026-07-16T14:41:32.0788795+05:30"------------
[2026-07-16 14:41:42.084 +05:30 INF] HealthApp.Api.BackgroundServices.HeartbeatBackgroundService HealthAxis heartbeat running at "2026-07-16T14:41:42.0844397+05:30"------------
[2026-07-16 14:41:52.090 +05:30 INF] HealthApp.Api.BackgroundServices.HeartbeatBackgroundService HealthAxis heartbeat running at "2026-07-16T14:41:52.0904186+05:30"------------
[2026-07-16 14:42:02.106 +05:30 INF] HealthApp.Api.BackgroundServices.HeartbeatBackgroundService HealthAxis heartbeat running at "2026-07-16T14:42:02.1066485+05:30"------------
[2026-07-16 14:42:03.948 +05:30 INF] Serilog.AspNetCore.RequestLoggingMiddleware HTTP OPTIONS /api/appointments/doctor/me responded 204 in 0.0722 ms
[2026-07-16 14:42:03.968 +05:30 INF] Serilog.AspNetCore.RequestLoggingMiddleware HTTP GET /api/appointments/doctor/me responded 200 in 14.8536 ms
[2026-07-16 14:42:05.380 +05:30 INF] Serilog.AspNetCore.RequestLoggingMiddleware HTTP OPTIONS /api/HealthRecordApi/doctor/me responded 204 in 0.0352 ms
[2026-07-16 14:42:05.380 +05:30 INF] Serilog.AspNetCore.RequestLoggingMiddleware HTTP OPTIONS /api/doctors/me responded 204 in 0.0400 ms
[2026-07-16 14:42:05.387 +05:30 INF] Serilog.AspNetCore.RequestLoggingMiddleware HTTP GET /api/doctors/me responded 200 in 1.3110 ms
[2026-07-16 14:42:05.396 +05:30 INF] Serilog.AspNetCore.RequestLoggingMiddleware HTTP GET /api/HealthRecordApi/doctor/me responded 200 in 12.3412 ms
[2026-07-16 14:42:09.638 +05:30 INF] Serilog.AspNetCore.RequestLoggingMiddleware HTTP OPTIONS /api/doctor-leaves/my responded 204 in 0.0411 ms
[2026-07-16 14:42:09.651 +05:30 INF] Serilog.AspNetCore.RequestLoggingMiddleware HTTP GET /api/doctor-leaves/my responded 200 in 7.8204 ms
[2026-07-16 14:42:12.121 +05:30 INF] HealthApp.Api.BackgroundServices.HeartbeatBackgroundService HealthAxis heartbeat running at "2026-07-16T14:42:12.1215560+05:30"------------
[2026-07-16 14:42:12.661 +05:30 INF] Serilog.AspNetCore.RequestLoggingMiddleware HTTP OPTIONS /api/appointments/doctor/me responded 204 in 0.0561 ms
[2026-07-16 14:42:12.662 +05:30 INF] Serilog.AspNetCore.RequestLoggingMiddleware HTTP OPTIONS /api/doctors/me responded 204 in 0.0407 ms
[2026-07-16 14:42:12.666 +05:30 INF] Serilog.AspNetCore.RequestLoggingMiddleware HTTP GET /api/doctor-leaves/my responded 200 in 3.4463 ms
[2026-07-16 14:42:12.670 +05:30 INF] Serilog.AspNetCore.RequestLoggingMiddleware HTTP GET /api/doctors/me responded 200 in 2.1037 ms
[2026-07-16 14:42:12.672 +05:30 INF] Serilog.AspNetCore.RequestLoggingMiddleware HTTP GET /api/appointments/doctor/me responded 200 in 5.0490 ms
[2026-07-16 14:42:22.139 +05:30 INF] HealthApp.Api.BackgroundServices.HeartbeatBackgroundService HealthAxis heartbeat running at "2026-07-16T14:42:22.1394133+05:30"------------
[2026-07-16 14:42:32.153 +05:30 INF] HealthApp.Api.BackgroundServices.HeartbeatBackgroundService HealthAxis heartbeat running at "2026-07-16T14:42:32.1537665+05:30"------------
[2026-07-16 14:42:38.437 +05:30 INF] Serilog.AspNetCore.RequestLoggingMiddleware HTTP OPTIONS /api/appointments/doctor/me responded 204 in 0.0454 ms
[2026-07-16 14:42:38.471 +05:30 INF] Serilog.AspNetCore.RequestLoggingMiddleware HTTP GET /api/appointments/doctor/me responded 200 in 19.5858 ms
[2026-07-16 14:42:39.458 +05:30 INF] Serilog.AspNetCore.RequestLoggingMiddleware HTTP OPTIONS /api/HealthRecordApi/doctor/me responded 204 in 0.0555 ms
[2026-07-16 14:42:39.458 +05:30 INF] Serilog.AspNetCore.RequestLoggingMiddleware HTTP OPTIONS /api/doctors/me responded 204 in 0.0246 ms
[2026-07-16 14:42:39.466 +05:30 INF] Serilog.AspNetCore.RequestLoggingMiddleware HTTP GET /api/doctors/me responded 200 in 1.9528 ms
[2026-07-16 14:42:39.473 +05:30 INF] Serilog.AspNetCore.RequestLoggingMiddleware HTTP GET /api/HealthRecordApi/doctor/me responded 200 in 10.6743 ms
[2026-07-16 14:42:40.224 +05:30 INF] Serilog.AspNetCore.RequestLoggingMiddleware HTTP OPTIONS /api/doctor-leaves/my responded 204 in 0.0365 ms
[2026-07-16 14:42:40.241 +05:30 INF] Serilog.AspNetCore.RequestLoggingMiddleware HTTP GET /api/doctor-leaves/my responded 200 in 12.4768 ms
[2026-07-16 14:42:41.433 +05:30 INF] Serilog.AspNetCore.RequestLoggingMiddleware HTTP GET /api/doctors/me responded 200 in 2.9212 ms
[2026-07-16 14:42:41.434 +05:30 INF] Serilog.AspNetCore.RequestLoggingMiddleware HTTP GET /api/doctor-leaves/my responded 200 in 4.3452 ms
[2026-07-16 14:42:41.434 +05:30 INF] Serilog.AspNetCore.RequestLoggingMiddleware HTTP GET /api/appointments/doctor/me responded 200 in 4.4871 ms
[2026-07-16 14:42:42.172 +05:30 INF] HealthApp.Api.BackgroundServices.HeartbeatBackgroundService HealthAxis heartbeat running at "2026-07-16T14:42:42.1725650+05:30"------------
[2026-07-16 14:42:52.180 +05:30 INF] HealthApp.Api.BackgroundServices.HeartbeatBackgroundService HealthAxis heartbeat running at "2026-07-16T14:42:52.1801574+05:30"------------
[2026-07-16 14:43:00.056 +05:30 INF] Serilog.AspNetCore.RequestLoggingMiddleware HTTP OPTIONS /api/auth/login responded 204 in 0.0608 ms
[2026-07-16 14:43:00.175 +05:30 INF] Serilog.AspNetCore.RequestLoggingMiddleware HTTP POST /api/auth/login responded 200 in 113.7462 ms
[2026-07-16 14:43:00.196 +05:30 INF] Serilog.AspNetCore.RequestLoggingMiddleware HTTP OPTIONS /api/PatientApi/me responded 204 in 0.1984 ms
[2026-07-16 14:43:00.208 +05:30 INF] Serilog.AspNetCore.RequestLoggingMiddleware HTTP GET /api/PatientApi/me responded 200 in 7.9194 ms
[2026-07-16 14:43:00.214 +05:30 INF] Serilog.AspNetCore.RequestLoggingMiddleware HTTP OPTIONS /api/appointments/me responded 204 in 0.0485 ms
[2026-07-16 14:43:00.214 +05:30 INF] Serilog.AspNetCore.RequestLoggingMiddleware HTTP OPTIONS /api/HealthRecordApi/me responded 204 in 0.0460 ms
[2026-07-16 14:43:00.227 +05:30 INF] Serilog.AspNetCore.RequestLoggingMiddleware HTTP GET /api/HealthRecordApi/me responded 200 in 8.6709 ms
[2026-07-16 14:43:00.229 +05:30 INF] Serilog.AspNetCore.RequestLoggingMiddleware HTTP GET /api/appointments/me responded 200 in 11.1210 ms
[2026-07-16 14:43:02.192 +05:30 INF] HealthApp.Api.BackgroundServices.HeartbeatBackgroundService HealthAxis heartbeat running at "2026-07-16T14:43:02.1927979+05:30"------------
[2026-07-16 14:43:12.200 +05:30 INF] HealthApp.Api.BackgroundServices.HeartbeatBackgroundService HealthAxis heartbeat running at "2026-07-16T14:43:12.2004800+05:30"------------
[2026-07-16 14:43:22.214 +05:30 INF] HealthApp.Api.BackgroundServices.HeartbeatBackgroundService HealthAxis heartbeat running at "2026-07-16T14:43:22.2145538+05:30"------------
[2026-07-16 14:43:32.339 +05:30 INF] HealthApp.Api.BackgroundServices.HeartbeatBackgroundService HealthAxis heartbeat running at "2026-07-16T14:43:32.3393915+05:30"------------
[2026-07-16 14:43:42.356 +05:30 INF] HealthApp.Api.BackgroundServices.HeartbeatBackgroundService HealthAxis heartbeat running at "2026-07-16T14:43:42.3565603+05:30"------------
[2026-07-16 14:43:52.360 +05:30 INF] HealthApp.Api.BackgroundServices.HeartbeatBackgroundService HealthAxis heartbeat running at "2026-07-16T14:43:52.3605613+05:30"------------
[2026-07-16 14:44:02.371 +05:30 INF] HealthApp.Api.BackgroundServices.HeartbeatBackgroundService HealthAxis heartbeat running at "2026-07-16T14:44:02.3714073+05:30"------------
[2026-07-16 14:44:07.855 +05:30 INF] Serilog.AspNetCore.RequestLoggingMiddleware HTTP OPTIONS /api/appointments/me responded 204 in 0.0618 ms
[2026-07-16 14:44:07.877 +05:30 INF] Serilog.AspNetCore.RequestLoggingMiddleware HTTP GET /api/appointments/me responded 200 in 15.5639 ms
[2026-07-16 14:44:12.390 +05:30 INF] HealthApp.Api.BackgroundServices.HeartbeatBackgroundService HealthAxis heartbeat running at "2026-07-16T14:44:12.3902336+05:30"------------
[2026-07-16 14:44:22.392 +05:30 INF] HealthApp.Api.BackgroundServices.HeartbeatBackgroundService HealthAxis heartbeat running at "2026-07-16T14:44:22.3925014+05:30"------------
[2026-07-16 14:44:32.406 +05:30 INF] HealthApp.Api.BackgroundServices.HeartbeatBackgroundService HealthAxis heartbeat running at "2026-07-16T14:44:32.4063573+05:30"------------
[2026-07-16 14:44:42.416 +05:30 INF] HealthApp.Api.BackgroundServices.HeartbeatBackgroundService HealthAxis heartbeat running at "2026-07-16T14:44:42.4165779+05:30"------------
[2026-07-16 14:44:52.427 +05:30 INF] HealthApp.Api.BackgroundServices.HeartbeatBackgroundService HealthAxis heartbeat running at "2026-07-16T14:44:52.4271030+05:30"------------
[2026-07-16 14:45:02.433 +05:30 INF] HealthApp.Api.BackgroundServices.HeartbeatBackgroundService HealthAxis heartbeat running at "2026-07-16T14:45:02.4338863+05:30"------------
[2026-07-16 14:45:12.443 +05:30 INF] HealthApp.Api.BackgroundServices.HeartbeatBackgroundService HealthAxis heartbeat running at "2026-07-16T14:45:12.4435470+05:30"------------
[2026-07-16 14:45:22.449 +05:30 INF] HealthApp.Api.BackgroundServices.HeartbeatBackgroundService HealthAxis heartbeat running at "2026-07-16T14:45:22.4498147+05:30"------------
[2026-07-16 14:45:32.458 +05:30 INF] HealthApp.Api.BackgroundServices.HeartbeatBackgroundService HealthAxis heartbeat running at "2026-07-16T14:45:32.4580363+05:30"------------
[2026-07-16 14:45:42.477 +05:30 INF] HealthApp.Api.BackgroundServices.HeartbeatBackgroundService HealthAxis heartbeat running at "2026-07-16T14:45:42.4778524+05:30"------------
[2026-07-16 14:45:52.485 +05:30 INF] HealthApp.Api.BackgroundServices.HeartbeatBackgroundService HealthAxis heartbeat running at "2026-07-16T14:45:52.4854881+05:30"------------
[2026-07-16 14:46:02.499 +05:30 INF] HealthApp.Api.BackgroundServices.HeartbeatBackgroundService HealthAxis heartbeat running at "2026-07-16T14:46:02.4990273+05:30"------------
[2026-07-16 14:46:12.517 +05:30 INF] HealthApp.Api.BackgroundServices.HeartbeatBackgroundService HealthAxis heartbeat running at "2026-07-16T14:46:12.5178189+05:30"------------
[2026-07-16 14:46:22.536 +05:30 INF] HealthApp.Api.BackgroundServices.HeartbeatBackgroundService HealthAxis heartbeat running at "2026-07-16T14:46:22.5364507+05:30"------------
[2026-07-16 14:46:32.572 +05:30 INF] HealthApp.Api.BackgroundServices.HeartbeatBackgroundService HealthAxis heartbeat running at "2026-07-16T14:46:32.5720092+05:30"------------
[2026-07-16 14:46:42.582 +05:30 INF] HealthApp.Api.BackgroundServices.HeartbeatBackgroundService HealthAxis heartbeat running at "2026-07-16T14:46:42.5824113+05:30"------------
[2026-07-16 14:46:52.592 +05:30 INF] HealthApp.Api.BackgroundServices.HeartbeatBackgroundService HealthAxis heartbeat running at "2026-07-16T14:46:52.5919889+05:30"------------
[2026-07-16 14:47:02.606 +05:30 INF] HealthApp.Api.BackgroundServices.HeartbeatBackgroundService HealthAxis heartbeat running at "2026-07-16T14:47:02.6063359+05:30"------------
[2026-07-16 14:47:12.630 +05:30 INF] HealthApp.Api.BackgroundServices.HeartbeatBackgroundService HealthAxis heartbeat running at "2026-07-16T14:47:12.6307398+05:30"------------
[2026-07-16 14:47:14.944 +05:30 INF] Serilog.AspNetCore.RequestLoggingMiddleware HTTP OPTIONS /api/PatientApi/me responded 204 in 0.1002 ms
[2026-07-16 14:47:14.960 +05:30 INF] Serilog.AspNetCore.RequestLoggingMiddleware HTTP GET /api/PatientApi/me responded 200 in 10.1152 ms
[2026-07-16 14:47:14.964 +05:30 INF] Serilog.AspNetCore.RequestLoggingMiddleware HTTP OPTIONS /api/appointments/me responded 204 in 0.0395 ms
[2026-07-16 14:47:14.964 +05:30 INF] Serilog.AspNetCore.RequestLoggingMiddleware HTTP OPTIONS /api/HealthRecordApi/me responded 204 in 0.1065 ms
[2026-07-16 14:47:14.981 +05:30 INF] Serilog.AspNetCore.RequestLoggingMiddleware HTTP GET /api/HealthRecordApi/me responded 200 in 10.1133 ms
[2026-07-16 14:47:14.982 +05:30 INF] Serilog.AspNetCore.RequestLoggingMiddleware HTTP GET /api/appointments/me responded 200 in 11.6281 ms
[2026-07-16 14:47:15.861 +05:30 INF] Serilog.AspNetCore.RequestLoggingMiddleware HTTP OPTIONS /api/doctors/activedoctors responded 204 in 0.0446 ms
[2026-07-16 14:47:15.916 +05:30 INF] Serilog.AspNetCore.RequestLoggingMiddleware HTTP GET /api/doctors/activedoctors responded 200 in 48.2593 ms
[2026-07-16 14:47:17.266 +05:30 INF] Serilog.AspNetCore.RequestLoggingMiddleware HTTP GET /api/appointments/me responded 200 in 5.4080 ms
[2026-07-16 14:47:22.648 +05:30 INF] HealthApp.Api.BackgroundServices.HeartbeatBackgroundService HealthAxis heartbeat running at "2026-07-16T14:47:22.6485891+05:30"------------
[2026-07-16 14:47:32.659 +05:30 INF] HealthApp.Api.BackgroundServices.HeartbeatBackgroundService HealthAxis heartbeat running at "2026-07-16T14:47:32.6595957+05:30"------------
[2026-07-16 14:47:42.666 +05:30 INF] HealthApp.Api.BackgroundServices.HeartbeatBackgroundService HealthAxis heartbeat running at "2026-07-16T14:47:42.6664616+05:30"------------
[2026-07-16 14:47:52.678 +05:30 INF] HealthApp.Api.BackgroundServices.HeartbeatBackgroundService HealthAxis heartbeat running at "2026-07-16T14:47:52.6786508+05:30"------------
[2026-07-16 14:48:02.686 +05:30 INF] HealthApp.Api.BackgroundServices.HeartbeatBackgroundService HealthAxis heartbeat running at "2026-07-16T14:48:02.6861289+05:30"------------
[2026-07-16 14:48:12.696 +05:30 INF] HealthApp.Api.BackgroundServices.HeartbeatBackgroundService HealthAxis heartbeat running at "2026-07-16T14:48:12.6967849+05:30"------------
[2026-07-16 14:48:22.714 +05:30 INF] HealthApp.Api.BackgroundServices.HeartbeatBackgroundService HealthAxis heartbeat running at "2026-07-16T14:48:22.7143770+05:30"------------
[2026-07-16 14:48:32.726 +05:30 INF] HealthApp.Api.BackgroundServices.HeartbeatBackgroundService HealthAxis heartbeat running at "2026-07-16T14:48:32.7262790+05:30"------------
[2026-07-16 14:48:42.743 +05:30 INF] HealthApp.Api.BackgroundServices.HeartbeatBackgroundService HealthAxis heartbeat running at "2026-07-16T14:48:42.7436426+05:30"------------
[2026-07-16 14:48:44.555 +05:30 INF] Serilog.AspNetCore.RequestLoggingMiddleware HTTP OPTIONS /api/doctors/activedoctors responded 204 in 0.0590 ms
[2026-07-16 14:48:44.566 +05:30 INF] Serilog.AspNetCore.RequestLoggingMiddleware HTTP GET /api/doctors/activedoctors responded 200 in 5.9760 ms
[2026-07-16 14:48:52.757 +05:30 INF] HealthApp.Api.BackgroundServices.HeartbeatBackgroundService HealthAxis heartbeat running at "2026-07-16T14:48:52.7578459+05:30"------------
[2026-07-16 14:49:02.775 +05:30 INF] HealthApp.Api.BackgroundServices.HeartbeatBackgroundService HealthAxis heartbeat running at "2026-07-16T14:49:02.7757640+05:30"------------
[2026-07-16 14:49:12.795 +05:30 INF] HealthApp.Api.BackgroundServices.HeartbeatBackgroundService HealthAxis heartbeat running at "2026-07-16T14:49:12.7950657+05:30"------------
[2026-07-16 14:49:22.817 +05:30 INF] HealthApp.Api.BackgroundServices.HeartbeatBackgroundService HealthAxis heartbeat running at "2026-07-16T14:49:22.8171575+05:30"------------
[2026-07-16 14:49:32.828 +05:30 INF] HealthApp.Api.BackgroundServices.HeartbeatBackgroundService HealthAxis heartbeat running at "2026-07-16T14:49:32.8283337+05:30"------------
[2026-07-16 14:49:42.838 +05:30 INF] HealthApp.Api.BackgroundServices.HeartbeatBackgroundService HealthAxis heartbeat running at "2026-07-16T14:49:42.8382766+05:30"------------
[2026-07-16 14:49:52.856 +05:30 INF] HealthApp.Api.BackgroundServices.HeartbeatBackgroundService HealthAxis heartbeat running at "2026-07-16T14:49:52.8560808+05:30"------------
[2026-07-16 14:50:02.862 +05:30 INF] HealthApp.Api.BackgroundServices.HeartbeatBackgroundService HealthAxis heartbeat running at "2026-07-16T14:50:02.8621556+05:30"------------
[2026-07-16 14:50:12.879 +05:30 INF] HealthApp.Api.BackgroundServices.HeartbeatBackgroundService HealthAxis heartbeat running at "2026-07-16T14:50:12.8796404+05:30"------------
[2026-07-16 14:50:22.899 +05:30 INF] HealthApp.Api.BackgroundServices.HeartbeatBackgroundService HealthAxis heartbeat running at "2026-07-16T14:50:22.8990895+05:30"------------
[2026-07-16 14:50:32.916 +05:30 INF] HealthApp.Api.BackgroundServices.HeartbeatBackgroundService HealthAxis heartbeat running at "2026-07-16T14:50:32.9162846+05:30"------------
[2026-07-16 14:50:42.932 +05:30 INF] HealthApp.Api.BackgroundServices.HeartbeatBackgroundService HealthAxis heartbeat running at "2026-07-16T14:50:42.9326178+05:30"------------
[2026-07-16 14:50:52.949 +05:30 INF] HealthApp.Api.BackgroundServices.HeartbeatBackgroundService HealthAxis heartbeat running at "2026-07-16T14:50:52.9492172+05:30"------------
[2026-07-16 14:51:02.963 +05:30 INF] HealthApp.Api.BackgroundServices.HeartbeatBackgroundService HealthAxis heartbeat running at "2026-07-16T14:51:02.9635281+05:30"------------
[2026-07-16 14:51:09.208 +05:30 INF] Serilog.AspNetCore.RequestLoggingMiddleware HTTP OPTIONS /api/PatientApi/me responded 204 in 0.0620 ms
[2026-07-16 14:51:09.224 +05:30 INF] Serilog.AspNetCore.RequestLoggingMiddleware HTTP GET /api/PatientApi/me responded 200 in 7.1463 ms
[2026-07-16 14:51:09.232 +05:30 INF] Serilog.AspNetCore.RequestLoggingMiddleware HTTP OPTIONS /api/appointments/me responded 204 in 0.0528 ms
[2026-07-16 14:51:09.232 +05:30 INF] Serilog.AspNetCore.RequestLoggingMiddleware HTTP OPTIONS /api/HealthRecordApi/me responded 204 in 0.0345 ms
[2026-07-16 14:51:09.255 +05:30 INF] Serilog.AspNetCore.RequestLoggingMiddleware HTTP GET /api/HealthRecordApi/me responded 200 in 13.2545 ms
[2026-07-16 14:51:09.258 +05:30 INF] Serilog.AspNetCore.RequestLoggingMiddleware HTTP GET /api/appointments/me responded 200 in 20.0890 ms
[2026-07-16 14:51:13.010 +05:30 INF] HealthApp.Api.BackgroundServices.HeartbeatBackgroundService HealthAxis heartbeat running at "2026-07-16T14:51:13.0102189+05:30"------------
[2026-07-16 14:51:23.024 +05:30 INF] HealthApp.Api.BackgroundServices.HeartbeatBackgroundService HealthAxis heartbeat running at "2026-07-16T14:51:23.0244127+05:30"------------
[2026-07-16 14:51:29.181 +05:30 INF] Serilog.AspNetCore.RequestLoggingMiddleware HTTP OPTIONS /api/appointments/me responded 204 in 0.2513 ms
[2026-07-16 14:51:29.217 +05:30 INF] Serilog.AspNetCore.RequestLoggingMiddleware HTTP GET /api/appointments/me responded 200 in 27.8452 ms
[2026-07-16 14:51:30.521 +05:30 INF] Serilog.AspNetCore.RequestLoggingMiddleware HTTP OPTIONS /api/doctors/activedoctors responded 204 in 0.0334 ms
[2026-07-16 14:51:30.533 +05:30 INF] Serilog.AspNetCore.RequestLoggingMiddleware HTTP GET /api/doctors/activedoctors responded 200 in 7.4711 ms
[2026-07-16 14:51:32.364 +05:30 INF] Serilog.AspNetCore.RequestLoggingMiddleware HTTP OPTIONS /api/PatientApi/me responded 204 in 0.0630 ms
[2026-07-16 14:51:32.382 +05:30 INF] Serilog.AspNetCore.RequestLoggingMiddleware HTTP GET /api/PatientApi/me responded 200 in 11.2178 ms
[2026-07-16 14:51:32.390 +05:30 INF] Serilog.AspNetCore.RequestLoggingMiddleware HTTP OPTIONS /api/HealthRecordApi/me responded 204 in 0.0361 ms
[2026-07-16 14:51:32.407 +05:30 INF] Serilog.AspNetCore.RequestLoggingMiddleware HTTP GET /api/appointments/me responded 200 in 17.0931 ms
[2026-07-16 14:51:32.409 +05:30 INF] Serilog.AspNetCore.RequestLoggingMiddleware HTTP GET /api/HealthRecordApi/me responded 200 in 15.7512 ms
[2026-07-16 14:51:33.033 +05:30 INF] HealthApp.Api.BackgroundServices.HeartbeatBackgroundService HealthAxis heartbeat running at "2026-07-16T14:51:33.0337125+05:30"------------
[2026-07-16 14:51:43.038 +05:30 INF] HealthApp.Api.BackgroundServices.HeartbeatBackgroundService HealthAxis heartbeat running at "2026-07-16T14:51:43.0386601+05:30"------------
[2026-07-16 14:51:53.044 +05:30 INF] HealthApp.Api.BackgroundServices.HeartbeatBackgroundService HealthAxis heartbeat running at "2026-07-16T14:51:53.0440762+05:30"------------
[2026-07-16 14:52:03.059 +05:30 INF] HealthApp.Api.BackgroundServices.HeartbeatBackgroundService HealthAxis heartbeat running at "2026-07-16T14:52:03.0591471+05:30"------------
[2026-07-16 14:52:13.074 +05:30 INF] HealthApp.Api.BackgroundServices.HeartbeatBackgroundService HealthAxis heartbeat running at "2026-07-16T14:52:13.0739965+05:30"------------
[2026-07-16 14:52:23.088 +05:30 INF] HealthApp.Api.BackgroundServices.HeartbeatBackgroundService HealthAxis heartbeat running at "2026-07-16T14:52:23.0886188+05:30"------------
[2026-07-16 14:52:33.117 +05:30 INF] HealthApp.Api.BackgroundServices.HeartbeatBackgroundService HealthAxis heartbeat running at "2026-07-16T14:52:33.1177705+05:30"------------
[2026-07-16 14:52:43.134 +05:30 INF] HealthApp.Api.BackgroundServices.HeartbeatBackgroundService HealthAxis heartbeat running at "2026-07-16T14:52:43.1349425+05:30"------------
[2026-07-16 14:52:53.151 +05:30 INF] HealthApp.Api.BackgroundServices.HeartbeatBackgroundService HealthAxis heartbeat running at "2026-07-16T14:52:53.1515898+05:30"------------
[2026-07-16 14:53:03.164 +05:30 INF] HealthApp.Api.BackgroundServices.HeartbeatBackgroundService HealthAxis heartbeat running at "2026-07-16T14:53:03.1647808+05:30"------------
[2026-07-16 14:53:13.219 +05:30 INF] HealthApp.Api.BackgroundServices.HeartbeatBackgroundService HealthAxis heartbeat running at "2026-07-16T14:53:13.2195462+05:30"------------
[2026-07-16 14:53:23.241 +05:30 INF] HealthApp.Api.BackgroundServices.HeartbeatBackgroundService HealthAxis heartbeat running at "2026-07-16T14:53:23.2418600+05:30"------------
[2026-07-16 14:53:33.249 +05:30 INF] HealthApp.Api.BackgroundServices.HeartbeatBackgroundService HealthAxis heartbeat running at "2026-07-16T14:53:33.2491049+05:30"------------
[2026-07-16 14:53:43.265 +05:30 INF] HealthApp.Api.BackgroundServices.HeartbeatBackgroundService HealthAxis heartbeat running at "2026-07-16T14:53:43.2653170+05:30"------------
[2026-07-16 14:53:53.278 +05:30 INF] HealthApp.Api.BackgroundServices.HeartbeatBackgroundService HealthAxis heartbeat running at "2026-07-16T14:53:53.2783180+05:30"------------
[2026-07-16 14:54:03.295 +05:30 INF] HealthApp.Api.BackgroundServices.HeartbeatBackgroundService HealthAxis heartbeat running at "2026-07-16T14:54:03.2951094+05:30"------------
[2026-07-16 14:54:13.333 +05:30 INF] HealthApp.Api.BackgroundServices.HeartbeatBackgroundService HealthAxis heartbeat running at "2026-07-16T14:54:13.3333356+05:30"------------
[2026-07-16 14:54:23.343 +05:30 INF] HealthApp.Api.BackgroundServices.HeartbeatBackgroundService HealthAxis heartbeat running at "2026-07-16T14:54:23.3434133+05:30"------------
[2026-07-16 14:54:33.346 +05:30 INF] HealthApp.Api.BackgroundServices.HeartbeatBackgroundService HealthAxis heartbeat running at "2026-07-16T14:54:33.3465778+05:30"------------
[2026-07-16 14:54:33.426 +05:30 INF] Serilog.AspNetCore.RequestLoggingMiddleware HTTP OPTIONS /api/doctors/activedoctors responded 204 in 0.0587 ms
[2026-07-16 14:54:33.460 +05:30 INF] Serilog.AspNetCore.RequestLoggingMiddleware HTTP GET /api/doctors/activedoctors responded 200 in 28.9667 ms
[2026-07-16 14:54:43.362 +05:30 INF] HealthApp.Api.BackgroundServices.HeartbeatBackgroundService HealthAxis heartbeat running at "2026-07-16T14:54:43.3623974+05:30"------------
[2026-07-16 14:54:53.371 +05:30 INF] HealthApp.Api.BackgroundServices.HeartbeatBackgroundService HealthAxis heartbeat running at "2026-07-16T14:54:53.3718286+05:30"------------
[2026-07-16 14:54:55.020 +05:30 INF] Serilog.AspNetCore.RequestLoggingMiddleware HTTP OPTIONS /api/PatientApi/me responded 204 in 0.0516 ms
[2026-07-16 14:54:55.036 +05:30 INF] Serilog.AspNetCore.RequestLoggingMiddleware HTTP GET /api/PatientApi/me responded 200 in 10.0982 ms
[2026-07-16 14:54:55.041 +05:30 INF] Serilog.AspNetCore.RequestLoggingMiddleware HTTP OPTIONS /api/appointments/me responded 204 in 0.3252 ms
[2026-07-16 14:54:55.041 +05:30 INF] Serilog.AspNetCore.RequestLoggingMiddleware HTTP OPTIONS /api/HealthRecordApi/me responded 204 in 0.0407 ms
[2026-07-16 14:54:55.061 +05:30 INF] Serilog.AspNetCore.RequestLoggingMiddleware HTTP GET /api/HealthRecordApi/me responded 200 in 13.5224 ms
[2026-07-16 14:54:55.064 +05:30 INF] Serilog.AspNetCore.RequestLoggingMiddleware HTTP GET /api/appointments/me responded 200 in 18.1502 ms
[2026-07-16 14:54:55.939 +05:30 INF] Serilog.AspNetCore.RequestLoggingMiddleware HTTP GET /api/appointments/me responded 200 in 3.5877 ms
[2026-07-16 14:54:56.857 +05:30 INF] Serilog.AspNetCore.RequestLoggingMiddleware HTTP OPTIONS /api/doctors/activedoctors responded 204 in 0.0850 ms
[2026-07-16 14:54:56.870 +05:30 INF] Serilog.AspNetCore.RequestLoggingMiddleware HTTP GET /api/doctors/activedoctors responded 200 in 7.3106 ms
[2026-07-16 14:54:57.979 +05:30 INF] Serilog.AspNetCore.RequestLoggingMiddleware HTTP GET /api/HealthRecordApi/me responded 200 in 4.1233 ms
[2026-07-16 14:55:03.386 +05:30 INF] HealthApp.Api.BackgroundServices.HeartbeatBackgroundService HealthAxis heartbeat running at "2026-07-16T14:55:03.3866014+05:30"------------
[2026-07-16 14:55:13.433 +05:30 INF] HealthApp.Api.BackgroundServices.HeartbeatBackgroundService HealthAxis heartbeat running at "2026-07-16T14:55:13.4333099+05:30"------------
[2026-07-16 14:55:23.439 +05:30 INF] HealthApp.Api.BackgroundServices.HeartbeatBackgroundService HealthAxis heartbeat running at "2026-07-16T14:55:23.4393001+05:30"------------
[2026-07-16 14:55:33.448 +05:30 INF] HealthApp.Api.BackgroundServices.HeartbeatBackgroundService HealthAxis heartbeat running at "2026-07-16T14:55:33.4485265+05:30"------------
[2026-07-16 14:55:43.453 +05:30 INF] HealthApp.Api.BackgroundServices.HeartbeatBackgroundService HealthAxis heartbeat running at "2026-07-16T14:55:43.4534193+05:30"------------
[2026-07-16 14:55:52.809 +05:30 INF] Serilog.AspNetCore.RequestLoggingMiddleware HTTP OPTIONS /api/PatientApi/me responded 204 in 0.0902 ms
[2026-07-16 14:55:52.834 +05:30 INF] Serilog.AspNetCore.RequestLoggingMiddleware HTTP GET /api/PatientApi/me responded 200 in 10.9734 ms
[2026-07-16 14:55:52.843 +05:30 INF] Serilog.AspNetCore.RequestLoggingMiddleware HTTP OPTIONS /api/appointments/me responded 204 in 0.1459 ms
[2026-07-16 14:55:52.844 +05:30 INF] Serilog.AspNetCore.RequestLoggingMiddleware HTTP OPTIONS /api/HealthRecordApi/me responded 204 in 0.0367 ms
[2026-07-16 14:55:52.861 +05:30 INF] Serilog.AspNetCore.RequestLoggingMiddleware HTTP GET /api/HealthRecordApi/me responded 200 in 5.5530 ms
[2026-07-16 14:55:52.867 +05:30 INF] Serilog.AspNetCore.RequestLoggingMiddleware HTTP GET /api/appointments/me responded 200 in 11.0628 ms
[2026-07-16 14:55:53.469 +05:30 INF] HealthApp.Api.BackgroundServices.HeartbeatBackgroundService HealthAxis heartbeat running at "2026-07-16T14:55:53.4692219+05:30"------------
[2026-07-16 14:56:03.485 +05:30 INF] HealthApp.Api.BackgroundServices.HeartbeatBackgroundService HealthAxis heartbeat running at "2026-07-16T14:56:03.4857321+05:30"------------
[2026-07-16 14:56:12.216 +05:30 INF] Serilog.AspNetCore.RequestLoggingMiddleware HTTP OPTIONS /api/appointments/me responded 204 in 0.0416 ms
[2026-07-16 14:56:12.254 +05:30 INF] Serilog.AspNetCore.RequestLoggingMiddleware HTTP GET /api/appointments/me responded 200 in 28.6080 ms
[2026-07-16 14:56:13.500 +05:30 INF] HealthApp.Api.BackgroundServices.HeartbeatBackgroundService HealthAxis heartbeat running at "2026-07-16T14:56:13.5003056+05:30"------------
[2026-07-16 14:56:13.601 +05:30 INF] Serilog.AspNetCore.RequestLoggingMiddleware HTTP OPTIONS /api/doctors/activedoctors responded 204 in 0.0626 ms
[2026-07-16 14:56:13.623 +05:30 INF] Serilog.AspNetCore.RequestLoggingMiddleware HTTP GET /api/doctors/activedoctors responded 200 in 12.1435 ms
[2026-07-16 14:56:16.401 +05:30 INF] Serilog.AspNetCore.RequestLoggingMiddleware HTTP OPTIONS /api/HealthRecordApi/me responded 204 in 0.0527 ms
[2026-07-16 14:56:16.433 +05:30 INF] Serilog.AspNetCore.RequestLoggingMiddleware HTTP GET /api/HealthRecordApi/me responded 200 in 21.9448 ms
[2026-07-16 14:56:19.471 +05:30 INF] Serilog.AspNetCore.RequestLoggingMiddleware HTTP OPTIONS /api/PatientApi/me responded 204 in 0.0611 ms
[2026-07-16 14:56:19.481 +05:30 INF] Serilog.AspNetCore.RequestLoggingMiddleware HTTP GET /api/PatientApi/me responded 200 in 4.4606 ms
[2026-07-16 14:56:19.495 +05:30 INF] Serilog.AspNetCore.RequestLoggingMiddleware HTTP OPTIONS /api/appointments/me responded 204 in 0.0433 ms
[2026-07-16 14:56:19.504 +05:30 INF] Serilog.AspNetCore.RequestLoggingMiddleware HTTP GET /api/HealthRecordApi/me responded 200 in 6.7212 ms
[2026-07-16 14:56:19.513 +05:30 INF] Serilog.AspNetCore.RequestLoggingMiddleware HTTP GET /api/appointments/me responded 200 in 6.5903 ms
[2026-07-16 14:56:23.507 +05:30 INF] HealthApp.Api.BackgroundServices.HeartbeatBackgroundService HealthAxis heartbeat running at "2026-07-16T14:56:23.5079149+05:30"------------
[2026-07-16 14:56:33.511 +05:30 INF] HealthApp.Api.BackgroundServices.HeartbeatBackgroundService HealthAxis heartbeat running at "2026-07-16T14:56:33.5118631+05:30"------------
[2026-07-16 14:56:43.518 +05:30 INF] HealthApp.Api.BackgroundServices.HeartbeatBackgroundService HealthAxis heartbeat running at "2026-07-16T14:56:43.5182560+05:30"------------
[2026-07-16 14:56:53.538 +05:30 INF] HealthApp.Api.BackgroundServices.HeartbeatBackgroundService HealthAxis heartbeat running at "2026-07-16T14:56:53.5380363+05:30"------------
[2026-07-16 14:57:03.549 +05:30 INF] HealthApp.Api.BackgroundServices.HeartbeatBackgroundService HealthAxis heartbeat running at "2026-07-16T14:57:03.5491960+05:30"------------
[2026-07-16 14:57:18.265 +05:30 INF] Serilog.AspNetCore.RequestLoggingMiddleware HTTP OPTIONS /api/PatientApi/me responded 204 in 0.7618 ms
[2026-07-16 14:57:18.310 +05:30 INF] Serilog.AspNetCore.RequestLoggingMiddleware HTTP GET /api/PatientApi/me responded 200 in 26.3173 ms
[2026-07-16 14:57:18.343 +05:30 INF] Serilog.AspNetCore.RequestLoggingMiddleware HTTP OPTIONS /api/appointments/me responded 204 in 0.3530 ms
[2026-07-16 14:57:18.345 +05:30 INF] Serilog.AspNetCore.RequestLoggingMiddleware HTTP OPTIONS /api/HealthRecordApi/me responded 204 in 0.1863 ms
[2026-07-16 14:57:18.370 +05:30 INF] Serilog.AspNetCore.RequestLoggingMiddleware HTTP GET /api/HealthRecordApi/me responded 200 in 14.3291 ms
[2026-07-16 14:57:18.371 +05:30 INF] Serilog.AspNetCore.RequestLoggingMiddleware HTTP GET /api/appointments/me responded 200 in 15.4865 ms
[2026-07-16 14:57:18.397 +05:30 INF] HealthApp.Api.BackgroundServices.HeartbeatBackgroundService HealthAxis heartbeat running at "2026-07-16T14:57:18.3977574+05:30"------------
[2026-07-16 14:57:28.410 +05:30 INF] HealthApp.Api.BackgroundServices.HeartbeatBackgroundService HealthAxis heartbeat running at "2026-07-16T14:57:28.4101414+05:30"------------
[2026-07-16 14:57:38.431 +05:30 INF] HealthApp.Api.BackgroundServices.HeartbeatBackgroundService HealthAxis heartbeat running at "2026-07-16T14:57:38.4316810+05:30"------------
[2026-07-16 14:57:48.471 +05:30 INF] HealthApp.Api.BackgroundServices.HeartbeatBackgroundService HealthAxis heartbeat running at "2026-07-16T14:57:48.4710950+05:30"------------
[2026-07-16 14:57:58.582 +05:30 INF] HealthApp.Api.BackgroundServices.HeartbeatBackgroundService HealthAxis heartbeat running at "2026-07-16T14:57:58.5821773+05:30"------------
[2026-07-16 14:58:08.589 +05:30 INF] HealthApp.Api.BackgroundServices.HeartbeatBackgroundService HealthAxis heartbeat running at "2026-07-16T14:58:08.5896002+05:30"------------
[2026-07-16 14:58:18.599 +05:30 INF] HealthApp.Api.BackgroundServices.HeartbeatBackgroundService HealthAxis heartbeat running at "2026-07-16T14:58:18.5991779+05:30"------------
[2026-07-16 14:58:28.617 +05:30 INF] HealthApp.Api.BackgroundServices.HeartbeatBackgroundService HealthAxis heartbeat running at "2026-07-16T14:58:28.6172479+05:30"------------
[2026-07-16 14:58:38.629 +05:30 INF] HealthApp.Api.BackgroundServices.HeartbeatBackgroundService HealthAxis heartbeat running at "2026-07-16T14:58:38.6290623+05:30"------------
[2026-07-16 14:58:48.668 +05:30 INF] HealthApp.Api.BackgroundServices.HeartbeatBackgroundService HealthAxis heartbeat running at "2026-07-16T14:58:48.6685392+05:30"------------
[2026-07-16 14:58:58.687 +05:30 INF] HealthApp.Api.BackgroundServices.HeartbeatBackgroundService HealthAxis heartbeat running at "2026-07-16T14:58:58.6870839+05:30"------------
[2026-07-16 14:59:08.699 +05:30 INF] HealthApp.Api.BackgroundServices.HeartbeatBackgroundService HealthAxis heartbeat running at "2026-07-16T14:59:08.6990486+05:30"------------
[2026-07-16 14:59:18.713 +05:30 INF] HealthApp.Api.BackgroundServices.HeartbeatBackgroundService HealthAxis heartbeat running at "2026-07-16T14:59:18.7131632+05:30"------------
[2026-07-16 14:59:28.730 +05:30 INF] HealthApp.Api.BackgroundServices.HeartbeatBackgroundService HealthAxis heartbeat running at "2026-07-16T14:59:28.7307539+05:30"------------
[2026-07-16 14:59:38.742 +05:30 INF] HealthApp.Api.BackgroundServices.HeartbeatBackgroundService HealthAxis heartbeat running at "2026-07-16T14:59:38.7424108+05:30"------------
[2026-07-16 14:59:48.749 +05:30 INF] HealthApp.Api.BackgroundServices.HeartbeatBackgroundService HealthAxis heartbeat running at "2026-07-16T14:59:48.7493776+05:30"------------
[2026-07-16 14:59:58.771 +05:30 INF] HealthApp.Api.BackgroundServices.HeartbeatBackgroundService HealthAxis heartbeat running at "2026-07-16T14:59:58.7710517+05:30"------------
[2026-07-16 15:00:08.783 +05:30 INF] HealthApp.Api.BackgroundServices.HeartbeatBackgroundService HealthAxis heartbeat running at "2026-07-16T15:00:08.7830902+05:30"------------
[2026-07-16 15:00:18.810 +05:30 INF] HealthApp.Api.BackgroundServices.HeartbeatBackgroundService HealthAxis heartbeat running at "2026-07-16T15:00:18.8102698+05:30"------------
[2026-07-16 15:00:28.825 +05:30 INF] HealthApp.Api.BackgroundServices.HeartbeatBackgroundService HealthAxis heartbeat running at "2026-07-16T15:00:28.8259635+05:30"------------
[2026-07-16 15:00:38.836 +05:30 INF] HealthApp.Api.BackgroundServices.HeartbeatBackgroundService HealthAxis heartbeat running at "2026-07-16T15:00:38.8362027+05:30"------------
[2026-07-16 15:00:48.847 +05:30 INF] HealthApp.Api.BackgroundServices.HeartbeatBackgroundService HealthAxis heartbeat running at "2026-07-16T15:00:48.8474503+05:30"------------
[2026-07-16 15:00:58.857 +05:30 INF] HealthApp.Api.BackgroundServices.HeartbeatBackgroundService HealthAxis heartbeat running at "2026-07-16T15:00:58.8574682+05:30"------------
[2026-07-16 15:01:08.870 +05:30 INF] HealthApp.Api.BackgroundServices.HeartbeatBackgroundService HealthAxis heartbeat running at "2026-07-16T15:01:08.8708901+05:30"------------
[2026-07-16 15:01:18.889 +05:30 INF] HealthApp.Api.BackgroundServices.HeartbeatBackgroundService HealthAxis heartbeat running at "2026-07-16T15:01:18.8896289+05:30"------------
[2026-07-16 15:01:28.911 +05:30 INF] HealthApp.Api.BackgroundServices.HeartbeatBackgroundService HealthAxis heartbeat running at "2026-07-16T15:01:28.9111403+05:30"------------
[2026-07-16 15:01:38.935 +05:30 INF] HealthApp.Api.BackgroundServices.HeartbeatBackgroundService HealthAxis heartbeat running at "2026-07-16T15:01:38.9357885+05:30"------------
[2026-07-16 15:01:48.957 +05:30 INF] HealthApp.Api.BackgroundServices.HeartbeatBackgroundService HealthAxis heartbeat running at "2026-07-16T15:01:48.9573408+05:30"------------
[2026-07-16 15:01:58.971 +05:30 INF] HealthApp.Api.BackgroundServices.HeartbeatBackgroundService HealthAxis heartbeat running at "2026-07-16T15:01:58.9714895+05:30"------------
[2026-07-16 15:02:08.985 +05:30 INF] HealthApp.Api.BackgroundServices.HeartbeatBackgroundService HealthAxis heartbeat running at "2026-07-16T15:02:08.9852062+05:30"------------
[2026-07-16 15:02:18.999 +05:30 INF] HealthApp.Api.BackgroundServices.HeartbeatBackgroundService HealthAxis heartbeat running at "2026-07-16T15:02:18.9991919+05:30"------------
[2026-07-16 15:02:29.008 +05:30 INF] HealthApp.Api.BackgroundServices.HeartbeatBackgroundService HealthAxis heartbeat running at "2026-07-16T15:02:29.0087545+05:30"------------
[2026-07-16 15:02:39.036 +05:30 INF] HealthApp.Api.BackgroundServices.HeartbeatBackgroundService HealthAxis heartbeat running at "2026-07-16T15:02:39.0365149+05:30"------------
[2026-07-16 15:02:49.043 +05:30 INF] HealthApp.Api.BackgroundServices.HeartbeatBackgroundService HealthAxis heartbeat running at "2026-07-16T15:02:49.0430942+05:30"------------
[2026-07-16 15:02:59.055 +05:30 INF] HealthApp.Api.BackgroundServices.HeartbeatBackgroundService HealthAxis heartbeat running at "2026-07-16T15:02:59.0557392+05:30"------------
[2026-07-16 15:03:09.068 +05:30 INF] HealthApp.Api.BackgroundServices.HeartbeatBackgroundService HealthAxis heartbeat running at "2026-07-16T15:03:09.0685825+05:30"------------
[2026-07-16 15:03:19.088 +05:30 INF] HealthApp.Api.BackgroundServices.HeartbeatBackgroundService HealthAxis heartbeat running at "2026-07-16T15:03:19.0881775+05:30"------------
[2026-07-16 15:03:29.096 +05:30 INF] HealthApp.Api.BackgroundServices.HeartbeatBackgroundService HealthAxis heartbeat running at "2026-07-16T15:03:29.0968183+05:30"------------
[2026-07-16 15:03:39.114 +05:30 INF] HealthApp.Api.BackgroundServices.HeartbeatBackgroundService HealthAxis heartbeat running at "2026-07-16T15:03:39.1145717+05:30"------------
[2026-07-16 15:03:49.134 +05:30 INF] HealthApp.Api.BackgroundServices.HeartbeatBackgroundService HealthAxis heartbeat running at "2026-07-16T15:03:49.1342438+05:30"------------
[2026-07-16 15:03:59.156 +05:30 INF] HealthApp.Api.BackgroundServices.HeartbeatBackgroundService HealthAxis heartbeat running at "2026-07-16T15:03:59.1567105+05:30"------------
[2026-07-16 15:04:09.164 +05:30 INF] HealthApp.Api.BackgroundServices.HeartbeatBackgroundService HealthAxis heartbeat running at "2026-07-16T15:04:09.1641210+05:30"------------
[2026-07-16 15:04:19.184 +05:30 INF] HealthApp.Api.BackgroundServices.HeartbeatBackgroundService HealthAxis heartbeat running at "2026-07-16T15:04:19.1843703+05:30"------------
[2026-07-16 15:04:29.217 +05:30 INF] HealthApp.Api.BackgroundServices.HeartbeatBackgroundService HealthAxis heartbeat running at "2026-07-16T15:04:29.2172869+05:30"------------
[2026-07-16 15:04:39.226 +05:30 INF] HealthApp.Api.BackgroundServices.HeartbeatBackgroundService HealthAxis heartbeat running at "2026-07-16T15:04:39.2265816+05:30"------------
[2026-07-16 15:04:49.243 +05:30 INF] HealthApp.Api.BackgroundServices.HeartbeatBackgroundService HealthAxis heartbeat running at "2026-07-16T15:04:49.2431145+05:30"------------
[2026-07-16 15:04:59.260 +05:30 INF] HealthApp.Api.BackgroundServices.HeartbeatBackgroundService HealthAxis heartbeat running at "2026-07-16T15:04:59.2609414+05:30"------------
[2026-07-16 15:05:09.283 +05:30 INF] HealthApp.Api.BackgroundServices.HeartbeatBackgroundService HealthAxis heartbeat running at "2026-07-16T15:05:09.2838094+05:30"------------
[2026-07-16 15:05:19.299 +05:30 INF] HealthApp.Api.BackgroundServices.HeartbeatBackgroundService HealthAxis heartbeat running at "2026-07-16T15:05:19.2992056+05:30"------------
[2026-07-16 15:05:29.315 +05:30 INF] HealthApp.Api.BackgroundServices.HeartbeatBackgroundService HealthAxis heartbeat running at "2026-07-16T15:05:29.3150660+05:30"------------
[2026-07-16 15:05:39.327 +05:30 INF] HealthApp.Api.BackgroundServices.HeartbeatBackgroundService HealthAxis heartbeat running at "2026-07-16T15:05:39.3277505+05:30"------------
[2026-07-16 15:05:49.352 +05:30 INF] HealthApp.Api.BackgroundServices.HeartbeatBackgroundService HealthAxis heartbeat running at "2026-07-16T15:05:49.3526591+05:30"------------
[2026-07-16 15:05:59.372 +05:30 INF] HealthApp.Api.BackgroundServices.HeartbeatBackgroundService HealthAxis heartbeat running at "2026-07-16T15:05:59.3722053+05:30"------------
[2026-07-16 15:06:09.389 +05:30 INF] HealthApp.Api.BackgroundServices.HeartbeatBackgroundService HealthAxis heartbeat running at "2026-07-16T15:06:09.3897470+05:30"------------
[2026-07-16 15:06:19.412 +05:30 INF] HealthApp.Api.BackgroundServices.HeartbeatBackgroundService HealthAxis heartbeat running at "2026-07-16T15:06:19.4120573+05:30"------------
[2026-07-16 15:06:29.432 +05:30 INF] HealthApp.Api.BackgroundServices.HeartbeatBackgroundService HealthAxis heartbeat running at "2026-07-16T15:06:29.4322449+05:30"------------
[2026-07-16 15:06:39.449 +05:30 INF] HealthApp.Api.BackgroundServices.HeartbeatBackgroundService HealthAxis heartbeat running at "2026-07-16T15:06:39.4499010+05:30"------------
[2026-07-16 15:06:49.465 +05:30 INF] HealthApp.Api.BackgroundServices.HeartbeatBackgroundService HealthAxis heartbeat running at "2026-07-16T15:06:49.4649937+05:30"------------
[2026-07-16 15:06:59.476 +05:30 INF] HealthApp.Api.BackgroundServices.HeartbeatBackgroundService HealthAxis heartbeat running at "2026-07-16T15:06:59.4763626+05:30"------------
[2026-07-16 15:07:09.494 +05:30 INF] HealthApp.Api.BackgroundServices.HeartbeatBackgroundService HealthAxis heartbeat running at "2026-07-16T15:07:09.4942890+05:30"------------
[2026-07-16 15:07:19.518 +05:30 INF] HealthApp.Api.BackgroundServices.HeartbeatBackgroundService HealthAxis heartbeat running at "2026-07-16T15:07:19.5183913+05:30"------------
[2026-07-16 15:07:29.533 +05:30 INF] HealthApp.Api.BackgroundServices.HeartbeatBackgroundService HealthAxis heartbeat running at "2026-07-16T15:07:29.5339268+05:30"------------
[2026-07-16 15:07:39.544 +05:30 INF] HealthApp.Api.BackgroundServices.HeartbeatBackgroundService HealthAxis heartbeat running at "2026-07-16T15:07:39.5441289+05:30"------------
[2026-07-16 15:07:49.555 +05:30 INF] HealthApp.Api.BackgroundServices.HeartbeatBackgroundService HealthAxis heartbeat running at "2026-07-16T15:07:49.5555098+05:30"------------
[2026-07-16 15:07:59.573 +05:30 INF] HealthApp.Api.BackgroundServices.HeartbeatBackgroundService HealthAxis heartbeat running at "2026-07-16T15:07:59.5732535+05:30"------------
[2026-07-16 15:08:09.593 +05:30 INF] HealthApp.Api.BackgroundServices.HeartbeatBackgroundService HealthAxis heartbeat running at "2026-07-16T15:08:09.5933571+05:30"------------
[2026-07-16 15:08:19.603 +05:30 INF] HealthApp.Api.BackgroundServices.HeartbeatBackgroundService HealthAxis heartbeat running at "2026-07-16T15:08:19.6031967+05:30"------------
[2026-07-16 15:08:29.607 +05:30 INF] HealthApp.Api.BackgroundServices.HeartbeatBackgroundService HealthAxis heartbeat running at "2026-07-16T15:08:29.6076302+05:30"------------
[2026-07-16 15:08:39.628 +05:30 INF] HealthApp.Api.BackgroundServices.HeartbeatBackgroundService HealthAxis heartbeat running at "2026-07-16T15:08:39.6280746+05:30"------------
[2026-07-16 15:08:49.640 +05:30 INF] HealthApp.Api.BackgroundServices.HeartbeatBackgroundService HealthAxis heartbeat running at "2026-07-16T15:08:49.6402361+05:30"------------
[2026-07-16 15:08:59.649 +05:30 INF] HealthApp.Api.BackgroundServices.HeartbeatBackgroundService HealthAxis heartbeat running at "2026-07-16T15:08:59.6495076+05:30"------------
[2026-07-16 15:09:09.656 +05:30 INF] HealthApp.Api.BackgroundServices.HeartbeatBackgroundService HealthAxis heartbeat running at "2026-07-16T15:09:09.6564015+05:30"------------
[2026-07-16 15:09:19.662 +05:30 INF] HealthApp.Api.BackgroundServices.HeartbeatBackgroundService HealthAxis heartbeat running at "2026-07-16T15:09:19.6625783+05:30"------------
[2026-07-16 15:09:29.674 +05:30 INF] HealthApp.Api.BackgroundServices.HeartbeatBackgroundService HealthAxis heartbeat running at "2026-07-16T15:09:29.6744785+05:30"------------
[2026-07-16 15:09:39.692 +05:30 INF] HealthApp.Api.BackgroundServices.HeartbeatBackgroundService HealthAxis heartbeat running at "2026-07-16T15:09:39.6928779+05:30"------------
[2026-07-16 15:09:49.703 +05:30 INF] HealthApp.Api.BackgroundServices.HeartbeatBackgroundService HealthAxis heartbeat running at "2026-07-16T15:09:49.7034889+05:30"------------
[2026-07-16 15:09:59.722 +05:30 INF] HealthApp.Api.BackgroundServices.HeartbeatBackgroundService HealthAxis heartbeat running at "2026-07-16T15:09:59.7228447+05:30"------------
[2026-07-16 15:10:09.738 +05:30 INF] HealthApp.Api.BackgroundServices.HeartbeatBackgroundService HealthAxis heartbeat running at "2026-07-16T15:10:09.7388384+05:30"------------
[2026-07-16 15:10:19.748 +05:30 INF] HealthApp.Api.BackgroundServices.HeartbeatBackgroundService HealthAxis heartbeat running at "2026-07-16T15:10:19.7488305+05:30"------------
[2026-07-16 15:10:29.770 +05:30 INF] HealthApp.Api.BackgroundServices.HeartbeatBackgroundService HealthAxis heartbeat running at "2026-07-16T15:10:29.7705893+05:30"------------
[2026-07-16 15:10:39.783 +05:30 INF] HealthApp.Api.BackgroundServices.HeartbeatBackgroundService HealthAxis heartbeat running at "2026-07-16T15:10:39.7836158+05:30"------------
[2026-07-16 15:10:49.805 +05:30 INF] HealthApp.Api.BackgroundServices.HeartbeatBackgroundService HealthAxis heartbeat running at "2026-07-16T15:10:49.8051449+05:30"------------
[2026-07-16 15:10:59.818 +05:30 INF] HealthApp.Api.BackgroundServices.HeartbeatBackgroundService HealthAxis heartbeat running at "2026-07-16T15:10:59.8183019+05:30"------------
[2026-07-16 15:11:09.837 +05:30 INF] HealthApp.Api.BackgroundServices.HeartbeatBackgroundService HealthAxis heartbeat running at "2026-07-16T15:11:09.8374349+05:30"------------
[2026-07-16 15:11:19.848 +05:30 INF] HealthApp.Api.BackgroundServices.HeartbeatBackgroundService HealthAxis heartbeat running at "2026-07-16T15:11:19.8482104+05:30"------------
[2026-07-16 15:11:29.870 +05:30 INF] HealthApp.Api.BackgroundServices.HeartbeatBackgroundService HealthAxis heartbeat running at "2026-07-16T15:11:29.8705667+05:30"------------
[2026-07-16 15:11:39.885 +05:30 INF] HealthApp.Api.BackgroundServices.HeartbeatBackgroundService HealthAxis heartbeat running at "2026-07-16T15:11:39.8851964+05:30"------------
[2026-07-16 15:11:49.892 +05:30 INF] HealthApp.Api.BackgroundServices.HeartbeatBackgroundService HealthAxis heartbeat running at "2026-07-16T15:11:49.8923405+05:30"------------
[2026-07-16 15:11:59.903 +05:30 INF] HealthApp.Api.BackgroundServices.HeartbeatBackgroundService HealthAxis heartbeat running at "2026-07-16T15:11:59.9038418+05:30"------------
[2026-07-16 15:12:09.928 +05:30 INF] HealthApp.Api.BackgroundServices.HeartbeatBackgroundService HealthAxis heartbeat running at "2026-07-16T15:12:09.9285862+05:30"------------
[2026-07-16 15:12:19.947 +05:30 INF] HealthApp.Api.BackgroundServices.HeartbeatBackgroundService HealthAxis heartbeat running at "2026-07-16T15:12:19.9479061+05:30"------------
[2026-07-16 15:12:29.959 +05:30 INF] HealthApp.Api.BackgroundServices.HeartbeatBackgroundService HealthAxis heartbeat running at "2026-07-16T15:12:29.9591270+05:30"------------
[2026-07-16 15:12:39.978 +05:30 INF] HealthApp.Api.BackgroundServices.HeartbeatBackgroundService HealthAxis heartbeat running at "2026-07-16T15:12:39.9783883+05:30"------------
[2026-07-16 15:12:49.987 +05:30 INF] HealthApp.Api.BackgroundServices.HeartbeatBackgroundService HealthAxis heartbeat running at "2026-07-16T15:12:49.9878552+05:30"------------
[2026-07-16 15:12:59.996 +05:30 INF] HealthApp.Api.BackgroundServices.HeartbeatBackgroundService HealthAxis heartbeat running at "2026-07-16T15:12:59.9961021+05:30"------------
[2026-07-16 15:13:10.012 +05:30 INF] HealthApp.Api.BackgroundServices.HeartbeatBackgroundService HealthAxis heartbeat running at "2026-07-16T15:13:10.0119841+05:30"------------
[2026-07-16 15:13:20.034 +05:30 INF] HealthApp.Api.BackgroundServices.HeartbeatBackgroundService HealthAxis heartbeat running at "2026-07-16T15:13:20.0342161+05:30"------------
[2026-07-16 15:13:30.049 +05:30 INF] HealthApp.Api.BackgroundServices.HeartbeatBackgroundService HealthAxis heartbeat running at "2026-07-16T15:13:30.0499486+05:30"------------
[2026-07-16 15:13:40.070 +05:30 INF] HealthApp.Api.BackgroundServices.HeartbeatBackgroundService HealthAxis heartbeat running at "2026-07-16T15:13:40.0702282+05:30"------------
[2026-07-16 15:13:50.082 +05:30 INF] HealthApp.Api.BackgroundServices.HeartbeatBackgroundService HealthAxis heartbeat running at "2026-07-16T15:13:50.0828824+05:30"------------
[2026-07-16 15:14:00.091 +05:30 INF] HealthApp.Api.BackgroundServices.HeartbeatBackgroundService HealthAxis heartbeat running at "2026-07-16T15:14:00.0910969+05:30"------------
[2026-07-16 15:14:10.111 +05:30 INF] HealthApp.Api.BackgroundServices.HeartbeatBackgroundService HealthAxis heartbeat running at "2026-07-16T15:14:10.1117950+05:30"------------
[2026-07-16 15:14:20.130 +05:30 INF] HealthApp.Api.BackgroundServices.HeartbeatBackgroundService HealthAxis heartbeat running at "2026-07-16T15:14:20.1303942+05:30"------------
[2026-07-16 15:14:30.139 +05:30 INF] HealthApp.Api.BackgroundServices.HeartbeatBackgroundService HealthAxis heartbeat running at "2026-07-16T15:14:30.1393651+05:30"------------
[2026-07-16 15:14:40.152 +05:30 INF] HealthApp.Api.BackgroundServices.HeartbeatBackgroundService HealthAxis heartbeat running at "2026-07-16T15:14:40.1520882+05:30"------------
[2026-07-16 15:14:50.167 +05:30 INF] HealthApp.Api.BackgroundServices.HeartbeatBackgroundService HealthAxis heartbeat running at "2026-07-16T15:14:50.1670295+05:30"------------
[2026-07-16 15:15:00.182 +05:30 INF] HealthApp.Api.BackgroundServices.HeartbeatBackgroundService HealthAxis heartbeat running at "2026-07-16T15:15:00.1820138+05:30"------------
[2026-07-16 15:15:10.229 +05:30 INF] HealthApp.Api.BackgroundServices.HeartbeatBackgroundService HealthAxis heartbeat running at "2026-07-16T15:15:10.2293973+05:30"------------
[2026-07-16 15:15:20.248 +05:30 INF] HealthApp.Api.BackgroundServices.HeartbeatBackgroundService HealthAxis heartbeat running at "2026-07-16T15:15:20.2489270+05:30"------------
[2026-07-16 15:15:30.264 +05:30 INF] HealthApp.Api.BackgroundServices.HeartbeatBackgroundService HealthAxis heartbeat running at "2026-07-16T15:15:30.2644343+05:30"------------
[2026-07-16 15:15:40.286 +05:30 INF] HealthApp.Api.BackgroundServices.HeartbeatBackgroundService HealthAxis heartbeat running at "2026-07-16T15:15:40.2864094+05:30"------------
[2026-07-16 15:15:50.301 +05:30 INF] HealthApp.Api.BackgroundServices.HeartbeatBackgroundService HealthAxis heartbeat running at "2026-07-16T15:15:50.3013590+05:30"------------
[2026-07-16 15:16:00.312 +05:30 INF] HealthApp.Api.BackgroundServices.HeartbeatBackgroundService HealthAxis heartbeat running at "2026-07-16T15:16:00.3128884+05:30"------------
[2026-07-16 15:16:10.323 +05:30 INF] HealthApp.Api.BackgroundServices.HeartbeatBackgroundService HealthAxis heartbeat running at "2026-07-16T15:16:10.3236398+05:30"------------
[2026-07-16 15:16:20.341 +05:30 INF] HealthApp.Api.BackgroundServices.HeartbeatBackgroundService HealthAxis heartbeat running at "2026-07-16T15:16:20.3411817+05:30"------------
[2026-07-16 15:16:30.362 +05:30 INF] HealthApp.Api.BackgroundServices.HeartbeatBackgroundService HealthAxis heartbeat running at "2026-07-16T15:16:30.3629075+05:30"------------
[2026-07-16 15:16:40.395 +05:30 INF] HealthApp.Api.BackgroundServices.HeartbeatBackgroundService HealthAxis heartbeat running at "2026-07-16T15:16:40.3951564+05:30"------------
[2026-07-16 15:16:50.617 +05:30 INF] HealthApp.Api.BackgroundServices.HeartbeatBackgroundService HealthAxis heartbeat running at "2026-07-16T15:16:50.6173204+05:30"------------
[2026-07-16 15:17:00.636 +05:30 INF] HealthApp.Api.BackgroundServices.HeartbeatBackgroundService HealthAxis heartbeat running at "2026-07-16T15:17:00.6368428+05:30"------------
[2026-07-16 15:17:10.657 +05:30 INF] HealthApp.Api.BackgroundServices.HeartbeatBackgroundService HealthAxis heartbeat running at "2026-07-16T15:17:10.6575577+05:30"------------
[2026-07-16 15:17:20.662 +05:30 INF] HealthApp.Api.BackgroundServices.HeartbeatBackgroundService HealthAxis heartbeat running at "2026-07-16T15:17:20.6627279+05:30"------------
[2026-07-16 15:17:30.687 +05:30 INF] HealthApp.Api.BackgroundServices.HeartbeatBackgroundService HealthAxis heartbeat running at "2026-07-16T15:17:30.6878313+05:30"------------
[2026-07-16 15:17:40.695 +05:30 INF] HealthApp.Api.BackgroundServices.HeartbeatBackgroundService HealthAxis heartbeat running at "2026-07-16T15:17:40.6952762+05:30"------------
[2026-07-16 15:17:50.710 +05:30 INF] HealthApp.Api.BackgroundServices.HeartbeatBackgroundService HealthAxis heartbeat running at "2026-07-16T15:17:50.7102851+05:30"------------
[2026-07-16 15:18:00.715 +05:30 INF] HealthApp.Api.BackgroundServices.HeartbeatBackgroundService HealthAxis heartbeat running at "2026-07-16T15:18:00.7152933+05:30"------------
[2026-07-16 15:18:10.740 +05:30 INF] HealthApp.Api.BackgroundServices.HeartbeatBackgroundService HealthAxis heartbeat running at "2026-07-16T15:18:10.7406523+05:30"------------
[2026-07-16 15:18:20.755 +05:30 INF] HealthApp.Api.BackgroundServices.HeartbeatBackgroundService HealthAxis heartbeat running at "2026-07-16T15:18:20.7552326+05:30"------------
[2026-07-16 15:18:30.778 +05:30 INF] HealthApp.Api.BackgroundServices.HeartbeatBackgroundService HealthAxis heartbeat running at "2026-07-16T15:18:30.7783582+05:30"------------
[2026-07-16 15:18:40.798 +05:30 INF] HealthApp.Api.BackgroundServices.HeartbeatBackgroundService HealthAxis heartbeat running at "2026-07-16T15:18:40.7981198+05:30"------------
[2026-07-16 15:18:50.819 +05:30 INF] HealthApp.Api.BackgroundServices.HeartbeatBackgroundService HealthAxis heartbeat running at "2026-07-16T15:18:50.8198855+05:30"------------
[2026-07-16 15:19:00.831 +05:30 INF] HealthApp.Api.BackgroundServices.HeartbeatBackgroundService HealthAxis heartbeat running at "2026-07-16T15:19:00.8312582+05:30"------------
[2026-07-16 15:19:10.837 +05:30 INF] HealthApp.Api.BackgroundServices.HeartbeatBackgroundService HealthAxis heartbeat running at "2026-07-16T15:19:10.8375676+05:30"------------
[2026-07-16 15:19:20.850 +05:30 INF] HealthApp.Api.BackgroundServices.HeartbeatBackgroundService HealthAxis heartbeat running at "2026-07-16T15:19:20.8505609+05:30"------------
[2026-07-16 15:19:30.868 +05:30 INF] HealthApp.Api.BackgroundServices.HeartbeatBackgroundService HealthAxis heartbeat running at "2026-07-16T15:19:30.8681347+05:30"------------
[2026-07-16 15:19:40.879 +05:30 INF] HealthApp.Api.BackgroundServices.HeartbeatBackgroundService HealthAxis heartbeat running at "2026-07-16T15:19:40.8792630+05:30"------------
[2026-07-16 15:19:50.893 +05:30 INF] HealthApp.Api.BackgroundServices.HeartbeatBackgroundService HealthAxis heartbeat running at "2026-07-16T15:19:50.8933538+05:30"------------
[2026-07-16 15:20:00.913 +05:30 INF] HealthApp.Api.BackgroundServices.HeartbeatBackgroundService HealthAxis heartbeat running at "2026-07-16T15:20:00.9136827+05:30"------------
[2026-07-16 15:20:10.925 +05:30 INF] HealthApp.Api.BackgroundServices.HeartbeatBackgroundService HealthAxis heartbeat running at "2026-07-16T15:20:10.9259632+05:30"------------
[2026-07-16 15:20:20.939 +05:30 INF] HealthApp.Api.BackgroundServices.HeartbeatBackgroundService HealthAxis heartbeat running at "2026-07-16T15:20:20.9399379+05:30"------------
[2026-07-16 15:20:30.958 +05:30 INF] HealthApp.Api.BackgroundServices.HeartbeatBackgroundService HealthAxis heartbeat running at "2026-07-16T15:20:30.9584844+05:30"------------
[2026-07-16 15:20:40.970 +05:30 INF] HealthApp.Api.BackgroundServices.HeartbeatBackgroundService HealthAxis heartbeat running at "2026-07-16T15:20:40.9706935+05:30"------------
[2026-07-16 15:20:50.993 +05:30 INF] HealthApp.Api.BackgroundServices.HeartbeatBackgroundService HealthAxis heartbeat running at "2026-07-16T15:20:50.9930978+05:30"------------
[2026-07-16 15:21:01.005 +05:30 INF] HealthApp.Api.BackgroundServices.HeartbeatBackgroundService HealthAxis heartbeat running at "2026-07-16T15:21:01.0050041+05:30"------------
[2026-07-16 15:21:11.020 +05:30 INF] HealthApp.Api.BackgroundServices.HeartbeatBackgroundService HealthAxis heartbeat running at "2026-07-16T15:21:11.0206771+05:30"------------
[2026-07-16 15:21:21.029 +05:30 INF] HealthApp.Api.BackgroundServices.HeartbeatBackgroundService HealthAxis heartbeat running at "2026-07-16T15:21:21.0293423+05:30"------------
[2026-07-16 15:21:24.567 +05:30 INF] Serilog.AspNetCore.RequestLoggingMiddleware HTTP OPTIONS /api/appointments/me responded 204 in 0.0726 ms
[2026-07-16 15:21:24.620 +05:30 INF] Serilog.AspNetCore.RequestLoggingMiddleware HTTP GET /api/appointments/me responded 401 in 19.8996 ms
[2026-07-16 15:21:25.383 +05:30 INF] Serilog.AspNetCore.RequestLoggingMiddleware HTTP OPTIONS /api/doctors/activedoctors responded 204 in 0.0470 ms
[2026-07-16 15:21:25.996 +05:30 INF] Serilog.AspNetCore.RequestLoggingMiddleware HTTP GET /api/doctors/activedoctors responded 200 in 601.5886 ms
[2026-07-16 15:21:28.294 +05:30 INF] Serilog.AspNetCore.RequestLoggingMiddleware HTTP OPTIONS /api/PatientApi/me responded 204 in 0.0936 ms
[2026-07-16 15:21:28.301 +05:30 INF] Serilog.AspNetCore.RequestLoggingMiddleware HTTP GET /api/PatientApi/me responded 401 in 1.5581 ms
[2026-07-16 15:21:30.878 +05:30 INF] Serilog.AspNetCore.RequestLoggingMiddleware HTTP OPTIONS /api/doctors/activedoctors responded 204 in 0.0744 ms
[2026-07-16 15:21:30.890 +05:30 INF] Serilog.AspNetCore.RequestLoggingMiddleware HTTP GET /api/doctors/activedoctors responded 200 in 4.7865 ms
[2026-07-16 15:21:31.047 +05:30 INF] HealthApp.Api.BackgroundServices.HeartbeatBackgroundService HealthAxis heartbeat running at "2026-07-16T15:21:31.0477065+05:30"------------
[2026-07-16 15:21:31.940 +05:30 INF] Serilog.AspNetCore.RequestLoggingMiddleware HTTP OPTIONS /api/appointments/me responded 204 in 0.0452 ms
[2026-07-16 15:21:31.949 +05:30 INF] Serilog.AspNetCore.RequestLoggingMiddleware HTTP GET /api/appointments/me responded 401 in 1.0905 ms
[2026-07-16 15:21:33.367 +05:30 INF] Serilog.AspNetCore.RequestLoggingMiddleware HTTP OPTIONS /api/HealthRecordApi/me responded 204 in 0.0457 ms
[2026-07-16 15:21:33.386 +05:30 INF] Serilog.AspNetCore.RequestLoggingMiddleware HTTP GET /api/HealthRecordApi/me responded 401 in 1.2688 ms
[2026-07-16 15:21:34.529 +05:30 INF] Serilog.AspNetCore.RequestLoggingMiddleware HTTP GET /api/doctors/activedoctors responded 200 in 10.0584 ms
[2026-07-16 15:21:41.067 +05:30 INF] HealthApp.Api.BackgroundServices.HeartbeatBackgroundService HealthAxis heartbeat running at "2026-07-16T15:21:41.0672887+05:30"------------
[2026-07-16 15:21:51.079 +05:30 INF] HealthApp.Api.BackgroundServices.HeartbeatBackgroundService HealthAxis heartbeat running at "2026-07-16T15:21:51.0790868+05:30"------------
[2026-07-16 15:22:01.093 +05:30 INF] HealthApp.Api.BackgroundServices.HeartbeatBackgroundService HealthAxis heartbeat running at "2026-07-16T15:22:01.0926308+05:30"------------
[2026-07-16 15:22:11.108 +05:30 INF] HealthApp.Api.BackgroundServices.HeartbeatBackgroundService HealthAxis heartbeat running at "2026-07-16T15:22:11.1083870+05:30"------------
[2026-07-16 15:22:21.116 +05:30 INF] HealthApp.Api.BackgroundServices.HeartbeatBackgroundService HealthAxis heartbeat running at "2026-07-16T15:22:21.1167812+05:30"------------
[2026-07-16 15:22:31.131 +05:30 INF] HealthApp.Api.BackgroundServices.HeartbeatBackgroundService HealthAxis heartbeat running at "2026-07-16T15:22:31.1319157+05:30"------------
[2026-07-16 15:22:41.139 +05:30 INF] HealthApp.Api.BackgroundServices.HeartbeatBackgroundService HealthAxis heartbeat running at "2026-07-16T15:22:41.1392329+05:30"------------
[2026-07-16 15:22:48.879 +05:30 INF] Serilog.AspNetCore.RequestLoggingMiddleware HTTP OPTIONS /api/auth/login responded 204 in 0.0741 ms
[2026-07-16 15:22:49.289 +05:30 INF] Serilog.AspNetCore.RequestLoggingMiddleware HTTP POST /api/auth/login responded 200 in 394.8580 ms
[2026-07-16 15:22:49.305 +05:30 INF] Serilog.AspNetCore.RequestLoggingMiddleware HTTP OPTIONS /api/PatientApi/me responded 204 in 0.0700 ms
[2026-07-16 15:22:49.330 +05:30 INF] Serilog.AspNetCore.RequestLoggingMiddleware HTTP GET /api/PatientApi/me responded 200 in 11.3324 ms
[2026-07-16 15:22:49.338 +05:30 INF] Serilog.AspNetCore.RequestLoggingMiddleware HTTP OPTIONS /api/appointments/me responded 204 in 0.1199 ms
[2026-07-16 15:22:49.344 +05:30 INF] Serilog.AspNetCore.RequestLoggingMiddleware HTTP OPTIONS /api/HealthRecordApi/me responded 204 in 0.0525 ms
[2026-07-16 15:22:49.375 +05:30 INF] Serilog.AspNetCore.RequestLoggingMiddleware HTTP GET /api/appointments/me responded 200 in 24.6450 ms
[2026-07-16 15:22:49.926 +05:30 INF] Serilog.AspNetCore.RequestLoggingMiddleware HTTP GET /api/HealthRecordApi/me responded 200 in 570.7143 ms
[2026-07-16 15:22:50.925 +05:30 INF] Serilog.AspNetCore.RequestLoggingMiddleware HTTP GET /api/appointments/me responded 200 in 19.8267 ms
[2026-07-16 15:22:51.146 +05:30 INF] HealthApp.Api.BackgroundServices.HeartbeatBackgroundService HealthAxis heartbeat running at "2026-07-16T15:22:51.1465897+05:30"------------
[2026-07-16 15:22:51.757 +05:30 INF] Serilog.AspNetCore.RequestLoggingMiddleware HTTP OPTIONS /api/doctors/activedoctors responded 204 in 0.0458 ms
[2026-07-16 15:22:51.776 +05:30 INF] Serilog.AspNetCore.RequestLoggingMiddleware HTTP GET /api/doctors/activedoctors responded 200 in 13.0794 ms
[2026-07-16 15:22:53.065 +05:30 INF] Serilog.AspNetCore.RequestLoggingMiddleware HTTP GET /api/HealthRecordApi/me responded 200 in 30.0496 ms
[2026-07-16 15:22:53.727 +05:30 INF] Serilog.AspNetCore.RequestLoggingMiddleware HTTP GET /api/doctors/activedoctors responded 200 in 2.1191 ms
[2026-07-16 15:22:56.488 +05:30 INF] Serilog.AspNetCore.RequestLoggingMiddleware HTTP OPTIONS /api/PatientApi/me responded 204 in 0.0568 ms
[2026-07-16 15:22:56.504 +05:30 INF] Serilog.AspNetCore.RequestLoggingMiddleware HTTP GET /api/PatientApi/me responded 200 in 8.5198 ms
[2026-07-16 15:22:56.512 +05:30 INF] Serilog.AspNetCore.RequestLoggingMiddleware HTTP OPTIONS /api/appointments/me responded 204 in 0.0857 ms
[2026-07-16 15:22:56.512 +05:30 INF] Serilog.AspNetCore.RequestLoggingMiddleware HTTP OPTIONS /api/HealthRecordApi/me responded 204 in 0.0281 ms
[2026-07-16 15:22:56.542 +05:30 INF] Serilog.AspNetCore.RequestLoggingMiddleware HTTP GET /api/HealthRecordApi/me responded 200 in 16.8569 ms
[2026-07-16 15:22:56.542 +05:30 INF] Serilog.AspNetCore.RequestLoggingMiddleware HTTP GET /api/appointments/me responded 200 in 20.6348 ms
[2026-07-16 15:22:57.763 +05:30 INF] Serilog.AspNetCore.RequestLoggingMiddleware HTTP GET /api/appointments/me responded 200 in 20.2617 ms
[2026-07-16 15:22:59.923 +05:30 INF] Serilog.AspNetCore.RequestLoggingMiddleware HTTP OPTIONS /api/doctors/activedoctors responded 204 in 0.0610 ms
[2026-07-16 15:22:59.937 +05:30 INF] Serilog.AspNetCore.RequestLoggingMiddleware HTTP GET /api/doctors/activedoctors responded 200 in 5.8265 ms
[2026-07-16 15:23:01.151 +05:30 INF] HealthApp.Api.BackgroundServices.HeartbeatBackgroundService HealthAxis heartbeat running at "2026-07-16T15:23:01.1517272+05:30"------------
[2026-07-16 15:23:10.290 +05:30 INF] Serilog.AspNetCore.RequestLoggingMiddleware HTTP OPTIONS /api/doctors/activedoctors responded 204 in 0.0503 ms
[2026-07-16 15:23:10.309 +05:30 INF] Serilog.AspNetCore.RequestLoggingMiddleware HTTP GET /api/doctors/activedoctors responded 200 in 10.7963 ms
[2026-07-16 15:23:11.156 +05:30 INF] HealthApp.Api.BackgroundServices.HeartbeatBackgroundService HealthAxis heartbeat running at "2026-07-16T15:23:11.1562077+05:30"------------
[2026-07-16 15:23:21.136 +05:30 INF] Serilog.AspNetCore.RequestLoggingMiddleware HTTP OPTIONS /api/appointments/me responded 204 in 0.0611 ms
[2026-07-16 15:23:21.174 +05:30 INF] HealthApp.Api.BackgroundServices.HeartbeatBackgroundService HealthAxis heartbeat running at "2026-07-16T15:23:21.1740571+05:30"------------
[2026-07-16 15:23:21.180 +05:30 INF] Serilog.AspNetCore.RequestLoggingMiddleware HTTP GET /api/appointments/me responded 200 in 28.5428 ms
[2026-07-16 15:23:23.821 +05:30 INF] Serilog.AspNetCore.RequestLoggingMiddleware HTTP OPTIONS /api/HealthRecordApi/me responded 204 in 0.0797 ms
[2026-07-16 15:23:23.849 +05:30 INF] Serilog.AspNetCore.RequestLoggingMiddleware HTTP GET /api/HealthRecordApi/me responded 200 in 19.4613 ms
[2026-07-16 15:23:25.323 +05:30 INF] Serilog.AspNetCore.RequestLoggingMiddleware HTTP OPTIONS /api/doctors/activedoctors responded 204 in 0.0509 ms
[2026-07-16 15:23:25.357 +05:30 INF] Serilog.AspNetCore.RequestLoggingMiddleware HTTP GET /api/doctors/activedoctors responded 200 in 3.9762 ms
[2026-07-16 15:23:31.179 +05:30 INF] HealthApp.Api.BackgroundServices.HeartbeatBackgroundService HealthAxis heartbeat running at "2026-07-16T15:23:31.1796536+05:30"------------
[2026-07-16 15:23:41.185 +05:30 INF] HealthApp.Api.BackgroundServices.HeartbeatBackgroundService HealthAxis heartbeat running at "2026-07-16T15:23:41.1857031+05:30"------------
[2026-07-16 15:23:51.204 +05:30 INF] HealthApp.Api.BackgroundServices.HeartbeatBackgroundService HealthAxis heartbeat running at "2026-07-16T15:23:51.2045810+05:30"------------
[2026-07-16 15:24:01.225 +05:30 INF] HealthApp.Api.BackgroundServices.HeartbeatBackgroundService HealthAxis heartbeat running at "2026-07-16T15:24:01.2259833+05:30"------------
[2026-07-16 15:24:11.236 +05:30 INF] HealthApp.Api.BackgroundServices.HeartbeatBackgroundService HealthAxis heartbeat running at "2026-07-16T15:24:11.2362746+05:30"------------
[2026-07-16 15:24:21.245 +05:30 INF] HealthApp.Api.BackgroundServices.HeartbeatBackgroundService HealthAxis heartbeat running at "2026-07-16T15:24:21.2450345+05:30"------------
[2026-07-16 15:24:27.618 +05:30 INF] Serilog.AspNetCore.RequestLoggingMiddleware HTTP OPTIONS /api/HealthRecordApi/me responded 204 in 0.0979 ms
[2026-07-16 15:24:27.673 +05:30 INF] Serilog.AspNetCore.RequestLoggingMiddleware HTTP GET /api/HealthRecordApi/me responded 200 in 46.3633 ms
[2026-07-16 15:24:29.361 +05:30 INF] Serilog.AspNetCore.RequestLoggingMiddleware HTTP OPTIONS /api/doctors/activedoctors responded 204 in 0.0869 ms
[2026-07-16 15:24:29.394 +05:30 INF] Serilog.AspNetCore.RequestLoggingMiddleware HTTP GET /api/doctors/activedoctors responded 200 in 12.9999 ms
[2026-07-16 15:24:31.257 +05:30 INF] HealthApp.Api.BackgroundServices.HeartbeatBackgroundService HealthAxis heartbeat running at "2026-07-16T15:24:31.2575650+05:30"------------
[2026-07-16 15:24:31.672 +05:30 INF] Serilog.AspNetCore.RequestLoggingMiddleware HTTP GET /api/HealthRecordApi/me responded 200 in 33.8920 ms
[2026-07-16 15:24:40.150 +05:30 INF] Serilog.AspNetCore.RequestLoggingMiddleware HTTP OPTIONS /api/doctors/activedoctors responded 204 in 0.0697 ms
[2026-07-16 15:24:40.187 +05:30 INF] Serilog.AspNetCore.RequestLoggingMiddleware HTTP GET /api/doctors/activedoctors responded 200 in 7.9148 ms
[2026-07-16 15:24:41.277 +05:30 INF] HealthApp.Api.BackgroundServices.HeartbeatBackgroundService HealthAxis heartbeat running at "2026-07-16T15:24:41.2774270+05:30"------------
[2026-07-16 15:24:47.307 +05:30 INF] Serilog.AspNetCore.RequestLoggingMiddleware HTTP OPTIONS /api/PatientApi/me responded 204 in 0.0724 ms
[2026-07-16 15:24:47.328 +05:30 INF] Serilog.AspNetCore.RequestLoggingMiddleware HTTP GET /api/PatientApi/me responded 200 in 11.0392 ms
[2026-07-16 15:24:47.337 +05:30 INF] Serilog.AspNetCore.RequestLoggingMiddleware HTTP OPTIONS /api/appointments/me responded 204 in 0.0790 ms
[2026-07-16 15:24:47.338 +05:30 INF] Serilog.AspNetCore.RequestLoggingMiddleware HTTP OPTIONS /api/HealthRecordApi/me responded 204 in 0.0340 ms
[2026-07-16 15:24:47.367 +05:30 INF] Serilog.AspNetCore.RequestLoggingMiddleware HTTP GET /api/appointments/me responded 200 in 22.0420 ms
[2026-07-16 15:24:47.368 +05:30 INF] Serilog.AspNetCore.RequestLoggingMiddleware HTTP GET /api/HealthRecordApi/me responded 200 in 17.5039 ms
[2026-07-16 15:24:51.293 +05:30 INF] HealthApp.Api.BackgroundServices.HeartbeatBackgroundService HealthAxis heartbeat running at "2026-07-16T15:24:51.2932103+05:30"------------
[2026-07-16 15:24:55.586 +05:30 INF] Serilog.AspNetCore.RequestLoggingMiddleware HTTP OPTIONS /api/appointments/me responded 204 in 0.0686 ms
[2026-07-16 15:24:55.620 +05:30 INF] Serilog.AspNetCore.RequestLoggingMiddleware HTTP GET /api/appointments/me responded 200 in 23.7184 ms
[2026-07-16 15:24:57.934 +05:30 INF] Serilog.AspNetCore.RequestLoggingMiddleware HTTP OPTIONS /api/PatientApi/me responded 204 in 0.0518 ms
[2026-07-16 15:24:57.961 +05:30 INF] Serilog.AspNetCore.RequestLoggingMiddleware HTTP GET /api/PatientApi/me responded 200 in 8.5665 ms
[2026-07-16 15:24:57.968 +05:30 INF] Serilog.AspNetCore.RequestLoggingMiddleware HTTP OPTIONS /api/HealthRecordApi/me responded 204 in 0.0649 ms
[2026-07-16 15:24:57.989 +05:30 INF] Serilog.AspNetCore.RequestLoggingMiddleware HTTP GET /api/HealthRecordApi/me responded 200 in 12.8796 ms
[2026-07-16 15:24:57.990 +05:30 INF] Serilog.AspNetCore.RequestLoggingMiddleware HTTP GET /api/appointments/me responded 200 in 22.6597 ms
[2026-07-16 15:25:01.311 +05:30 INF] HealthApp.Api.BackgroundServices.HeartbeatBackgroundService HealthAxis heartbeat running at "2026-07-16T15:25:01.3119485+05:30"------------
[2026-07-16 15:25:11.324 +05:30 INF] HealthApp.Api.BackgroundServices.HeartbeatBackgroundService HealthAxis heartbeat running at "2026-07-16T15:25:11.3248006+05:30"------------
[2026-07-16 15:25:21.345 +05:30 INF] HealthApp.Api.BackgroundServices.HeartbeatBackgroundService HealthAxis heartbeat running at "2026-07-16T15:25:21.3451987+05:30"------------
[2026-07-16 15:25:31.362 +05:30 INF] HealthApp.Api.BackgroundServices.HeartbeatBackgroundService HealthAxis heartbeat running at "2026-07-16T15:25:31.3623547+05:30"------------
[2026-07-16 15:25:41.372 +05:30 INF] HealthApp.Api.BackgroundServices.HeartbeatBackgroundService HealthAxis heartbeat running at "2026-07-16T15:25:41.3726089+05:30"------------
[2026-07-16 15:25:51.391 +05:30 INF] HealthApp.Api.BackgroundServices.HeartbeatBackgroundService HealthAxis heartbeat running at "2026-07-16T15:25:51.3915115+05:30"------------
[2026-07-16 15:26:01.413 +05:30 INF] HealthApp.Api.BackgroundServices.HeartbeatBackgroundService HealthAxis heartbeat running at "2026-07-16T15:26:01.4131430+05:30"------------
[2026-07-16 15:26:11.435 +05:30 INF] HealthApp.Api.BackgroundServices.HeartbeatBackgroundService HealthAxis heartbeat running at "2026-07-16T15:26:11.4359614+05:30"------------
[2026-07-16 15:26:21.455 +05:30 INF] HealthApp.Api.BackgroundServices.HeartbeatBackgroundService HealthAxis heartbeat running at "2026-07-16T15:26:21.4553764+05:30"------------
[2026-07-16 15:26:31.469 +05:30 INF] HealthApp.Api.BackgroundServices.HeartbeatBackgroundService HealthAxis heartbeat running at "2026-07-16T15:26:31.4695317+05:30"------------
[2026-07-16 15:26:41.478 +05:30 INF] HealthApp.Api.BackgroundServices.HeartbeatBackgroundService HealthAxis heartbeat running at "2026-07-16T15:26:41.4782818+05:30"------------
[2026-07-16 15:26:51.486 +05:30 INF] HealthApp.Api.BackgroundServices.HeartbeatBackgroundService HealthAxis heartbeat running at "2026-07-16T15:26:51.4863201+05:30"------------
[2026-07-16 15:27:01.508 +05:30 INF] HealthApp.Api.BackgroundServices.HeartbeatBackgroundService HealthAxis heartbeat running at "2026-07-16T15:27:01.5082702+05:30"------------
[2026-07-16 15:27:11.529 +05:30 INF] HealthApp.Api.BackgroundServices.HeartbeatBackgroundService HealthAxis heartbeat running at "2026-07-16T15:27:11.5296030+05:30"------------
[2026-07-16 15:27:21.545 +05:30 INF] HealthApp.Api.BackgroundServices.HeartbeatBackgroundService HealthAxis heartbeat running at "2026-07-16T15:27:21.5456170+05:30"------------
[2026-07-16 15:27:31.552 +05:30 INF] HealthApp.Api.BackgroundServices.HeartbeatBackgroundService HealthAxis heartbeat running at "2026-07-16T15:27:31.5522707+05:30"------------
[2026-07-16 15:27:41.562 +05:30 INF] HealthApp.Api.BackgroundServices.HeartbeatBackgroundService HealthAxis heartbeat running at "2026-07-16T15:27:41.5622801+05:30"------------
[2026-07-16 15:27:51.577 +05:30 INF] HealthApp.Api.BackgroundServices.HeartbeatBackgroundService HealthAxis heartbeat running at "2026-07-16T15:27:51.5776571+05:30"------------
[2026-07-16 15:28:01.598 +05:30 INF] HealthApp.Api.BackgroundServices.HeartbeatBackgroundService HealthAxis heartbeat running at "2026-07-16T15:28:01.5980784+05:30"------------
[2026-07-16 15:28:11.610 +05:30 INF] HealthApp.Api.BackgroundServices.HeartbeatBackgroundService HealthAxis heartbeat running at "2026-07-16T15:28:11.6107050+05:30"------------
[2026-07-16 15:28:21.627 +05:30 INF] HealthApp.Api.BackgroundServices.HeartbeatBackgroundService HealthAxis heartbeat running at "2026-07-16T15:28:21.6270154+05:30"------------
[2026-07-16 15:28:31.643 +05:30 INF] HealthApp.Api.BackgroundServices.HeartbeatBackgroundService HealthAxis heartbeat running at "2026-07-16T15:28:31.6439347+05:30"------------
[2026-07-16 15:28:41.650 +05:30 INF] HealthApp.Api.BackgroundServices.HeartbeatBackgroundService HealthAxis heartbeat running at "2026-07-16T15:28:41.6506753+05:30"------------
[2026-07-16 15:28:51.667 +05:30 INF] HealthApp.Api.BackgroundServices.HeartbeatBackgroundService HealthAxis heartbeat running at "2026-07-16T15:28:51.6672362+05:30"------------
[2026-07-16 15:29:01.680 +05:30 INF] HealthApp.Api.BackgroundServices.HeartbeatBackgroundService HealthAxis heartbeat running at "2026-07-16T15:29:01.6801110+05:30"------------
[2026-07-16 15:29:11.699 +05:30 INF] HealthApp.Api.BackgroundServices.HeartbeatBackgroundService HealthAxis heartbeat running at "2026-07-16T15:29:11.6999527+05:30"------------
[2026-07-16 15:29:21.968 +05:30 INF] HealthApp.Api.BackgroundServices.HeartbeatBackgroundService HealthAxis heartbeat running at "2026-07-16T15:29:21.9682110+05:30"------------
[2026-07-16 15:29:31.989 +05:30 INF] HealthApp.Api.BackgroundServices.HeartbeatBackgroundService HealthAxis heartbeat running at "2026-07-16T15:29:31.9896404+05:30"------------
[2026-07-16 15:29:41.997 +05:30 INF] HealthApp.Api.BackgroundServices.HeartbeatBackgroundService HealthAxis heartbeat running at "2026-07-16T15:29:41.9976946+05:30"------------
[2026-07-16 15:29:52.020 +05:30 INF] HealthApp.Api.BackgroundServices.HeartbeatBackgroundService HealthAxis heartbeat running at "2026-07-16T15:29:52.0204639+05:30"------------
[2026-07-16 15:30:02.038 +05:30 INF] HealthApp.Api.BackgroundServices.HeartbeatBackgroundService HealthAxis heartbeat running at "2026-07-16T15:30:02.0384219+05:30"------------
[2026-07-16 15:30:12.057 +05:30 INF] HealthApp.Api.BackgroundServices.HeartbeatBackgroundService HealthAxis heartbeat running at "2026-07-16T15:30:12.0574558+05:30"------------
[2026-07-16 15:30:22.075 +05:30 INF] HealthApp.Api.BackgroundServices.HeartbeatBackgroundService HealthAxis heartbeat running at "2026-07-16T15:30:22.0753379+05:30"------------
[2026-07-16 15:30:32.092 +05:30 INF] HealthApp.Api.BackgroundServices.HeartbeatBackgroundService HealthAxis heartbeat running at "2026-07-16T15:30:32.0924787+05:30"------------
[2026-07-16 15:30:42.107 +05:30 INF] HealthApp.Api.BackgroundServices.HeartbeatBackgroundService HealthAxis heartbeat running at "2026-07-16T15:30:42.1078327+05:30"------------
[2026-07-16 15:30:52.126 +05:30 INF] HealthApp.Api.BackgroundServices.HeartbeatBackgroundService HealthAxis heartbeat running at "2026-07-16T15:30:52.1265822+05:30"------------
[2026-07-16 15:31:02.141 +05:30 INF] HealthApp.Api.BackgroundServices.HeartbeatBackgroundService HealthAxis heartbeat running at "2026-07-16T15:31:02.1415461+05:30"------------
[2026-07-16 15:31:12.159 +05:30 INF] HealthApp.Api.BackgroundServices.HeartbeatBackgroundService HealthAxis heartbeat running at "2026-07-16T15:31:12.1598931+05:30"------------
[2026-07-16 15:31:22.182 +05:30 INF] HealthApp.Api.BackgroundServices.HeartbeatBackgroundService HealthAxis heartbeat running at "2026-07-16T15:31:22.1826953+05:30"------------
[2026-07-16 15:31:32.191 +05:30 INF] HealthApp.Api.BackgroundServices.HeartbeatBackgroundService HealthAxis heartbeat running at "2026-07-16T15:31:32.1911667+05:30"------------
[2026-07-16 15:31:42.220 +05:30 INF] HealthApp.Api.BackgroundServices.HeartbeatBackgroundService HealthAxis heartbeat running at "2026-07-16T15:31:42.2207175+05:30"------------
[2026-07-16 15:31:49.971 +05:30 INF] Serilog.AspNetCore.RequestLoggingMiddleware HTTP OPTIONS /api/PatientApi/me responded 204 in 0.5586 ms
[2026-07-16 15:31:50.571 +05:30 INF] Serilog.AspNetCore.RequestLoggingMiddleware HTTP GET /api/PatientApi/me responded 200 in 589.7757 ms
[2026-07-16 15:31:50.580 +05:30 INF] Serilog.AspNetCore.RequestLoggingMiddleware HTTP OPTIONS /api/appointments/me responded 204 in 0.0924 ms
[2026-07-16 15:31:50.581 +05:30 INF] Serilog.AspNetCore.RequestLoggingMiddleware HTTP OPTIONS /api/HealthRecordApi/me responded 204 in 0.0288 ms
[2026-07-16 15:31:50.605 +05:30 INF] Serilog.AspNetCore.RequestLoggingMiddleware HTTP GET /api/appointments/me responded 200 in 19.3163 ms
[2026-07-16 15:31:51.159 +05:30 INF] Serilog.AspNetCore.RequestLoggingMiddleware HTTP GET /api/HealthRecordApi/me responded 200 in 569.3721 ms
[2026-07-16 15:31:52.228 +05:30 INF] HealthApp.Api.BackgroundServices.HeartbeatBackgroundService HealthAxis heartbeat running at "2026-07-16T15:31:52.2289248+05:30"------------
[2026-07-16 15:32:02.245 +05:30 INF] HealthApp.Api.BackgroundServices.HeartbeatBackgroundService HealthAxis heartbeat running at "2026-07-16T15:32:02.2450498+05:30"------------
[2026-07-16 15:32:12.256 +05:30 INF] HealthApp.Api.BackgroundServices.HeartbeatBackgroundService HealthAxis heartbeat running at "2026-07-16T15:32:12.2567946+05:30"------------
[2026-07-16 15:32:22.277 +05:30 INF] HealthApp.Api.BackgroundServices.HeartbeatBackgroundService HealthAxis heartbeat running at "2026-07-16T15:32:22.2773554+05:30"------------
[2026-07-16 15:32:32.299 +05:30 INF] HealthApp.Api.BackgroundServices.HeartbeatBackgroundService HealthAxis heartbeat running at "2026-07-16T15:32:32.2992347+05:30"------------
[2026-07-16 15:32:42.313 +05:30 INF] HealthApp.Api.BackgroundServices.HeartbeatBackgroundService HealthAxis heartbeat running at "2026-07-16T15:32:42.3134587+05:30"------------
[2026-07-16 15:32:52.326 +05:30 INF] HealthApp.Api.BackgroundServices.HeartbeatBackgroundService HealthAxis heartbeat running at "2026-07-16T15:32:52.3266278+05:30"------------
[2026-07-16 15:33:02.341 +05:30 INF] HealthApp.Api.BackgroundServices.HeartbeatBackgroundService HealthAxis heartbeat running at "2026-07-16T15:33:02.3412990+05:30"------------
[2026-07-16 15:33:12.353 +05:30 INF] HealthApp.Api.BackgroundServices.HeartbeatBackgroundService HealthAxis heartbeat running at "2026-07-16T15:33:12.3534978+05:30"------------
[2026-07-16 15:33:22.368 +05:30 INF] HealthApp.Api.BackgroundServices.HeartbeatBackgroundService HealthAxis heartbeat running at "2026-07-16T15:33:22.3681042+05:30"------------
[2026-07-16 15:33:32.377 +05:30 INF] HealthApp.Api.BackgroundServices.HeartbeatBackgroundService HealthAxis heartbeat running at "2026-07-16T15:33:32.3779707+05:30"------------
[2026-07-16 15:33:42.384 +05:30 INF] HealthApp.Api.BackgroundServices.HeartbeatBackgroundService HealthAxis heartbeat running at "2026-07-16T15:33:42.3847260+05:30"------------
[2026-07-16 15:33:47.654 +05:30 INF] Serilog.AspNetCore.RequestLoggingMiddleware HTTP OPTIONS /api/PatientApi/me responded 204 in 0.0687 ms
[2026-07-16 15:33:47.685 +05:30 INF] Serilog.AspNetCore.RequestLoggingMiddleware HTTP GET /api/PatientApi/me responded 200 in 20.7571 ms
[2026-07-16 15:33:47.693 +05:30 INF] Serilog.AspNetCore.RequestLoggingMiddleware HTTP OPTIONS /api/appointments/me responded 204 in 0.0573 ms
[2026-07-16 15:33:47.693 +05:30 INF] Serilog.AspNetCore.RequestLoggingMiddleware HTTP OPTIONS /api/HealthRecordApi/me responded 204 in 0.0349 ms
[2026-07-16 15:33:47.721 +05:30 INF] Serilog.AspNetCore.RequestLoggingMiddleware HTTP GET /api/appointments/me responded 200 in 20.7986 ms
[2026-07-16 15:33:47.723 +05:30 INF] Serilog.AspNetCore.RequestLoggingMiddleware HTTP GET /api/HealthRecordApi/me responded 200 in 16.2535 ms
[2026-07-16 15:33:48.806 +05:30 INF] Serilog.AspNetCore.RequestLoggingMiddleware HTTP GET /api/PatientApi/me responded 200 in 2.7527 ms
[2026-07-16 15:33:48.829 +05:30 INF] Serilog.AspNetCore.RequestLoggingMiddleware HTTP GET /api/HealthRecordApi/me responded 200 in 7.7795 ms
[2026-07-16 15:33:48.829 +05:30 INF] Serilog.AspNetCore.RequestLoggingMiddleware HTTP GET /api/appointments/me responded 200 in 10.7658 ms
[2026-07-16 15:33:52.402 +05:30 INF] HealthApp.Api.BackgroundServices.HeartbeatBackgroundService HealthAxis heartbeat running at "2026-07-16T15:33:52.4028052+05:30"------------
[2026-07-16 15:33:58.608 +05:30 INF] Serilog.AspNetCore.RequestLoggingMiddleware HTTP OPTIONS /api/appointments/me responded 204 in 0.2102 ms
[2026-07-16 15:33:58.638 +05:30 INF] Serilog.AspNetCore.RequestLoggingMiddleware HTTP GET /api/appointments/me responded 200 in 13.9453 ms
[2026-07-16 15:34:02.415 +05:30 INF] HealthApp.Api.BackgroundServices.HeartbeatBackgroundService HealthAxis heartbeat running at "2026-07-16T15:34:02.4150541+05:30"------------
[2026-07-16 15:34:02.438 +05:30 INF] Serilog.AspNetCore.RequestLoggingMiddleware HTTP OPTIONS /api/doctors/activedoctors responded 204 in 0.0574 ms
[2026-07-16 15:34:02.464 +05:30 INF] Serilog.AspNetCore.RequestLoggingMiddleware HTTP GET /api/doctors/activedoctors responded 200 in 21.6803 ms
[2026-07-16 15:34:12.426 +05:30 INF] HealthApp.Api.BackgroundServices.HeartbeatBackgroundService HealthAxis heartbeat running at "2026-07-16T15:34:12.4259764+05:30"------------
[2026-07-16 15:34:22.438 +05:30 INF] HealthApp.Api.BackgroundServices.HeartbeatBackgroundService HealthAxis heartbeat running at "2026-07-16T15:34:22.4389428+05:30"------------
[2026-07-16 15:34:32.455 +05:30 INF] HealthApp.Api.BackgroundServices.HeartbeatBackgroundService HealthAxis heartbeat running at "2026-07-16T15:34:32.4552524+05:30"------------
[2026-07-16 15:34:42.392 +05:30 INF] Serilog.AspNetCore.RequestLoggingMiddleware HTTP OPTIONS /api/appointments/me responded 204 in 0.0389 ms
[2026-07-16 15:34:42.436 +05:30 INF] Serilog.AspNetCore.RequestLoggingMiddleware HTTP GET /api/appointments/me responded 200 in 31.9818 ms
[2026-07-16 15:34:42.468 +05:30 INF] HealthApp.Api.BackgroundServices.HeartbeatBackgroundService HealthAxis heartbeat running at "2026-07-16T15:34:42.4689597+05:30"------------
[2026-07-16 15:34:44.462 +05:30 INF] Serilog.AspNetCore.RequestLoggingMiddleware HTTP OPTIONS /api/HealthRecordApi/me responded 204 in 0.0615 ms
[2026-07-16 15:34:44.487 +05:30 INF] Serilog.AspNetCore.RequestLoggingMiddleware HTTP GET /api/HealthRecordApi/me responded 200 in 16.3202 ms
[2026-07-16 15:34:52.486 +05:30 INF] HealthApp.Api.BackgroundServices.HeartbeatBackgroundService HealthAxis heartbeat running at "2026-07-16T15:34:52.4860836+05:30"------------
[2026-07-16 15:35:02.501 +05:30 INF] HealthApp.Api.BackgroundServices.HeartbeatBackgroundService HealthAxis heartbeat running at "2026-07-16T15:35:02.5017099+05:30"------------
[2026-07-16 15:35:12.515 +05:30 INF] HealthApp.Api.BackgroundServices.HeartbeatBackgroundService HealthAxis heartbeat running at "2026-07-16T15:35:12.5151614+05:30"------------
[2026-07-16 15:35:22.524 +05:30 INF] HealthApp.Api.BackgroundServices.HeartbeatBackgroundService HealthAxis heartbeat running at "2026-07-16T15:35:22.5241678+05:30"------------
[2026-07-16 15:35:26.477 +05:30 INF] Serilog.AspNetCore.RequestLoggingMiddleware HTTP OPTIONS /api/PatientApi/me responded 204 in 0.0501 ms
[2026-07-16 15:35:26.506 +05:30 INF] Serilog.AspNetCore.RequestLoggingMiddleware HTTP GET /api/PatientApi/me responded 200 in 8.8739 ms
[2026-07-16 15:35:26.520 +05:30 INF] Serilog.AspNetCore.RequestLoggingMiddleware HTTP OPTIONS /api/appointments/me responded 204 in 0.0395 ms
[2026-07-16 15:35:26.520 +05:30 INF] Serilog.AspNetCore.RequestLoggingMiddleware HTTP OPTIONS /api/HealthRecordApi/me responded 204 in 0.0181 ms
[2026-07-16 15:35:26.535 +05:30 INF] Serilog.AspNetCore.RequestLoggingMiddleware HTTP GET /api/appointments/me responded 200 in 8.1351 ms
[2026-07-16 15:35:26.538 +05:30 INF] Serilog.AspNetCore.RequestLoggingMiddleware HTTP GET /api/HealthRecordApi/me responded 200 in 4.4083 ms
[2026-07-16 15:35:32.544 +05:30 INF] HealthApp.Api.BackgroundServices.HeartbeatBackgroundService HealthAxis heartbeat running at "2026-07-16T15:35:32.5446735+05:30"------------
[2026-07-16 15:35:42.559 +05:30 INF] HealthApp.Api.BackgroundServices.HeartbeatBackgroundService HealthAxis heartbeat running at "2026-07-16T15:35:42.5597413+05:30"------------
[2026-07-16 15:35:52.580 +05:30 INF] HealthApp.Api.BackgroundServices.HeartbeatBackgroundService HealthAxis heartbeat running at "2026-07-16T15:35:52.5804363+05:30"------------
[2026-07-16 15:36:02.596 +05:30 INF] HealthApp.Api.BackgroundServices.HeartbeatBackgroundService HealthAxis heartbeat running at "2026-07-16T15:36:02.5960215+05:30"------------
[2026-07-16 15:36:12.609 +05:30 INF] HealthApp.Api.BackgroundServices.HeartbeatBackgroundService HealthAxis heartbeat running at "2026-07-16T15:36:12.6090473+05:30"------------
[2026-07-16 15:36:22.629 +05:30 INF] HealthApp.Api.BackgroundServices.HeartbeatBackgroundService HealthAxis heartbeat running at "2026-07-16T15:36:22.6293758+05:30"------------
[2026-07-16 15:36:32.640 +05:30 INF] HealthApp.Api.BackgroundServices.HeartbeatBackgroundService HealthAxis heartbeat running at "2026-07-16T15:36:32.6400634+05:30"------------
[2026-07-16 15:36:42.651 +05:30 INF] HealthApp.Api.BackgroundServices.HeartbeatBackgroundService HealthAxis heartbeat running at "2026-07-16T15:36:42.6509735+05:30"------------
[2026-07-16 15:36:43.646 +05:30 INF] Serilog.AspNetCore.RequestLoggingMiddleware HTTP OPTIONS /api/PatientApi/me responded 204 in 0.0825 ms
[2026-07-16 15:36:43.675 +05:30 INF] Serilog.AspNetCore.RequestLoggingMiddleware HTTP GET /api/PatientApi/me responded 200 in 17.9979 ms
[2026-07-16 15:36:43.684 +05:30 INF] Serilog.AspNetCore.RequestLoggingMiddleware HTTP OPTIONS /api/appointments/me responded 204 in 0.0613 ms
[2026-07-16 15:36:43.684 +05:30 INF] Serilog.AspNetCore.RequestLoggingMiddleware HTTP OPTIONS /api/HealthRecordApi/me responded 204 in 0.0731 ms
[2026-07-16 15:36:43.714 +05:30 INF] Serilog.AspNetCore.RequestLoggingMiddleware HTTP GET /api/appointments/me responded 200 in 22.7710 ms
[2026-07-16 15:36:43.717 +05:30 INF] Serilog.AspNetCore.RequestLoggingMiddleware HTTP GET /api/HealthRecordApi/me responded 200 in 18.8501 ms
[2026-07-16 15:36:52.669 +05:30 INF] HealthApp.Api.BackgroundServices.HeartbeatBackgroundService HealthAxis heartbeat running at "2026-07-16T15:36:52.6695879+05:30"------------
[2026-07-16 15:37:02.686 +05:30 INF] HealthApp.Api.BackgroundServices.HeartbeatBackgroundService HealthAxis heartbeat running at "2026-07-16T15:37:02.6864190+05:30"------------
[2026-07-16 15:37:12.700 +05:30 INF] HealthApp.Api.BackgroundServices.HeartbeatBackgroundService HealthAxis heartbeat running at "2026-07-16T15:37:12.7004058+05:30"------------
[2026-07-16 15:37:18.412 +05:30 INF] Serilog.AspNetCore.RequestLoggingMiddleware HTTP OPTIONS /api/appointments/me responded 204 in 0.0582 ms
[2026-07-16 15:37:18.429 +05:30 INF] Serilog.AspNetCore.RequestLoggingMiddleware HTTP GET /api/appointments/me responded 200 in 7.6265 ms
[2026-07-16 15:37:22.719 +05:30 INF] HealthApp.Api.BackgroundServices.HeartbeatBackgroundService HealthAxis heartbeat running at "2026-07-16T15:37:22.7194583+05:30"------------
[2026-07-16 15:37:30.776 +05:30 INF] Serilog.AspNetCore.RequestLoggingMiddleware HTTP OPTIONS /api/PatientApi/me responded 204 in 0.0420 ms
[2026-07-16 15:37:30.787 +05:30 INF] Serilog.AspNetCore.RequestLoggingMiddleware HTTP GET /api/PatientApi/me responded 200 in 2.7802 ms
[2026-07-16 15:37:30.793 +05:30 INF] Serilog.AspNetCore.RequestLoggingMiddleware HTTP OPTIONS /api/appointments/me responded 204 in 0.0829 ms
[2026-07-16 15:37:30.794 +05:30 INF] Serilog.AspNetCore.RequestLoggingMiddleware HTTP OPTIONS /api/HealthRecordApi/me responded 204 in 0.0986 ms
[2026-07-16 15:37:30.805 +05:30 INF] Serilog.AspNetCore.RequestLoggingMiddleware HTTP GET /api/appointments/me responded 200 in 6.1105 ms
[2026-07-16 15:37:30.806 +05:30 INF] Serilog.AspNetCore.RequestLoggingMiddleware HTTP GET /api/HealthRecordApi/me responded 200 in 3.9814 ms
[2026-07-16 15:37:32.732 +05:30 INF] HealthApp.Api.BackgroundServices.HeartbeatBackgroundService HealthAxis heartbeat running at "2026-07-16T15:37:32.7326923+05:30"------------
[2026-07-16 15:37:33.529 +05:30 INF] Serilog.AspNetCore.RequestLoggingMiddleware HTTP GET /api/appointments/me responded 200 in 3.9850 ms
[2026-07-16 15:37:36.492 +05:30 INF] Serilog.AspNetCore.RequestLoggingMiddleware HTTP OPTIONS /api/doctors/activedoctors responded 204 in 0.0787 ms
[2026-07-16 15:37:36.504 +05:30 INF] Serilog.AspNetCore.RequestLoggingMiddleware HTTP GET /api/doctors/activedoctors responded 200 in 5.8493 ms
[2026-07-16 15:37:40.043 +05:30 INF] Serilog.AspNetCore.RequestLoggingMiddleware HTTP OPTIONS /api/HealthRecordApi/me responded 204 in 0.0758 ms
[2026-07-16 15:37:40.060 +05:30 INF] Serilog.AspNetCore.RequestLoggingMiddleware HTTP GET /api/HealthRecordApi/me responded 200 in 8.2643 ms
[2026-07-16 15:37:42.742 +05:30 INF] HealthApp.Api.BackgroundServices.HeartbeatBackgroundService HealthAxis heartbeat running at "2026-07-16T15:37:42.7427688+05:30"------------
[2026-07-16 15:37:43.680 +05:30 INF] Serilog.AspNetCore.RequestLoggingMiddleware HTTP OPTIONS /api/PatientApi/me responded 204 in 0.0571 ms
[2026-07-16 15:37:43.694 +05:30 INF] Serilog.AspNetCore.RequestLoggingMiddleware HTTP GET /api/PatientApi/me responded 200 in 2.7444 ms
[2026-07-16 15:37:43.701 +05:30 INF] Serilog.AspNetCore.RequestLoggingMiddleware HTTP OPTIONS /api/appointments/me responded 204 in 0.1170 ms
[2026-07-16 15:37:43.706 +05:30 INF] Serilog.AspNetCore.RequestLoggingMiddleware HTTP GET /api/HealthRecordApi/me responded 200 in 4.5766 ms
[2026-07-16 15:37:43.717 +05:30 INF] Serilog.AspNetCore.RequestLoggingMiddleware HTTP GET /api/appointments/me responded 200 in 7.2059 ms
[2026-07-16 15:37:52.753 +05:30 INF] HealthApp.Api.BackgroundServices.HeartbeatBackgroundService HealthAxis heartbeat running at "2026-07-16T15:37:52.7529890+05:30"------------
[2026-07-16 15:38:02.770 +05:30 INF] HealthApp.Api.BackgroundServices.HeartbeatBackgroundService HealthAxis heartbeat running at "2026-07-16T15:38:02.7705339+05:30"------------
[2026-07-16 15:38:12.779 +05:30 INF] HealthApp.Api.BackgroundServices.HeartbeatBackgroundService HealthAxis heartbeat running at "2026-07-16T15:38:12.7789963+05:30"------------
[2026-07-16 15:38:21.927 +05:30 INF] Serilog.AspNetCore.RequestLoggingMiddleware HTTP OPTIONS /api/auth/login responded 204 in 0.0587 ms
[2026-07-16 15:38:22.204 +05:30 INF] Serilog.AspNetCore.RequestLoggingMiddleware HTTP POST /api/auth/login responded 200 in 268.4437 ms
[2026-07-16 15:38:22.240 +05:30 INF] Serilog.AspNetCore.RequestLoggingMiddleware HTTP OPTIONS /api/appointments/doctor/me responded 204 in 0.0644 ms
[2026-07-16 15:38:22.241 +05:30 INF] Serilog.AspNetCore.RequestLoggingMiddleware HTTP OPTIONS /api/doctors/me responded 204 in 0.0332 ms
[2026-07-16 15:38:22.245 +05:30 INF] Serilog.AspNetCore.RequestLoggingMiddleware HTTP OPTIONS /api/doctor-leaves/my responded 204 in 0.3364 ms
[2026-07-16 15:38:22.265 +05:30 INF] Serilog.AspNetCore.RequestLoggingMiddleware HTTP GET /api/doctors/me responded 200 in 5.9958 ms
[2026-07-16 15:38:22.277 +05:30 INF] Serilog.AspNetCore.RequestLoggingMiddleware HTTP GET /api/appointments/doctor/me responded 200 in 19.9618 ms
[2026-07-16 15:38:22.283 +05:30 INF] Serilog.AspNetCore.RequestLoggingMiddleware HTTP GET /api/doctor-leaves/my responded 200 in 20.1358 ms
[2026-07-16 15:38:22.794 +05:30 INF] HealthApp.Api.BackgroundServices.HeartbeatBackgroundService HealthAxis heartbeat running at "2026-07-16T15:38:22.7940296+05:30"------------
[2026-07-16 15:38:29.196 +05:30 INF] Serilog.AspNetCore.RequestLoggingMiddleware HTTP OPTIONS /api/appointments/doctor/me responded 204 in 0.0525 ms
[2026-07-16 15:38:29.211 +05:30 INF] Serilog.AspNetCore.RequestLoggingMiddleware HTTP GET /api/appointments/doctor/me responded 200 in 7.3462 ms
[2026-07-16 15:38:31.653 +05:30 INF] Serilog.AspNetCore.RequestLoggingMiddleware HTTP OPTIONS /api/HealthRecordApi/doctor/me responded 204 in 0.0506 ms
[2026-07-16 15:38:31.653 +05:30 INF] Serilog.AspNetCore.RequestLoggingMiddleware HTTP OPTIONS /api/doctors/me responded 204 in 0.0506 ms
[2026-07-16 15:38:31.665 +05:30 INF] Serilog.AspNetCore.RequestLoggingMiddleware HTTP GET /api/doctors/me responded 200 in 2.3076 ms
[2026-07-16 15:38:31.676 +05:30 INF] Serilog.AspNetCore.RequestLoggingMiddleware HTTP GET /api/HealthRecordApi/doctor/me responded 200 in 15.7262 ms
[2026-07-16 15:38:32.802 +05:30 INF] HealthApp.Api.BackgroundServices.HeartbeatBackgroundService HealthAxis heartbeat running at "2026-07-16T15:38:32.8020496+05:30"------------
[2026-07-16 15:38:38.730 +05:30 INF] Serilog.AspNetCore.RequestLoggingMiddleware HTTP OPTIONS /api/doctor-leaves/my responded 204 in 0.0492 ms
[2026-07-16 15:38:38.752 +05:30 INF] Serilog.AspNetCore.RequestLoggingMiddleware HTTP GET /api/doctor-leaves/my responded 200 in 5.2578 ms
[2026-07-16 15:38:42.816 +05:30 INF] HealthApp.Api.BackgroundServices.HeartbeatBackgroundService HealthAxis heartbeat running at "2026-07-16T15:38:42.8166726+05:30"------------
[2026-07-16 15:38:52.830 +05:30 INF] HealthApp.Api.BackgroundServices.HeartbeatBackgroundService HealthAxis heartbeat running at "2026-07-16T15:38:52.8301164+05:30"------------
[2026-07-16 15:39:02.844 +05:30 INF] HealthApp.Api.BackgroundServices.HeartbeatBackgroundService HealthAxis heartbeat running at "2026-07-16T15:39:02.8449577+05:30"------------
[2026-07-16 15:39:12.851 +05:30 INF] HealthApp.Api.BackgroundServices.HeartbeatBackgroundService HealthAxis heartbeat running at "2026-07-16T15:39:12.8516157+05:30"------------
[2026-07-16 15:39:22.861 +05:30 INF] HealthApp.Api.BackgroundServices.HeartbeatBackgroundService HealthAxis heartbeat running at "2026-07-16T15:39:22.8618502+05:30"------------
[2026-07-16 15:39:32.878 +05:30 INF] HealthApp.Api.BackgroundServices.HeartbeatBackgroundService HealthAxis heartbeat running at "2026-07-16T15:39:32.8781625+05:30"------------
[2026-07-16 15:39:42.900 +05:30 INF] HealthApp.Api.BackgroundServices.HeartbeatBackgroundService HealthAxis heartbeat running at "2026-07-16T15:39:42.9001367+05:30"------------
[2026-07-16 15:39:52.913 +05:30 INF] HealthApp.Api.BackgroundServices.HeartbeatBackgroundService HealthAxis heartbeat running at "2026-07-16T15:39:52.9136800+05:30"------------
[2026-07-16 15:40:02.922 +05:30 INF] HealthApp.Api.BackgroundServices.HeartbeatBackgroundService HealthAxis heartbeat running at "2026-07-16T15:40:02.9222082+05:30"------------
[2026-07-16 15:40:12.929 +05:30 INF] HealthApp.Api.BackgroundServices.HeartbeatBackgroundService HealthAxis heartbeat running at "2026-07-16T15:40:12.9294665+05:30"------------
[2026-07-16 15:40:22.942 +05:30 INF] HealthApp.Api.BackgroundServices.HeartbeatBackgroundService HealthAxis heartbeat running at "2026-07-16T15:40:22.9429037+05:30"------------
[2026-07-16 15:40:32.964 +05:30 INF] HealthApp.Api.BackgroundServices.HeartbeatBackgroundService HealthAxis heartbeat running at "2026-07-16T15:40:32.9642233+05:30"------------
[2026-07-16 15:40:42.984 +05:30 INF] HealthApp.Api.BackgroundServices.HeartbeatBackgroundService HealthAxis heartbeat running at "2026-07-16T15:40:42.9843040+05:30"------------
[2026-07-16 15:40:52.995 +05:30 INF] HealthApp.Api.BackgroundServices.HeartbeatBackgroundService HealthAxis heartbeat running at "2026-07-16T15:40:52.9950206+05:30"------------
[2026-07-16 15:41:03.005 +05:30 INF] HealthApp.Api.BackgroundServices.HeartbeatBackgroundService HealthAxis heartbeat running at "2026-07-16T15:41:03.0054437+05:30"------------
[2026-07-16 15:41:13.014 +05:30 INF] HealthApp.Api.BackgroundServices.HeartbeatBackgroundService HealthAxis heartbeat running at "2026-07-16T15:41:13.0147217+05:30"------------
[2026-07-16 15:41:23.030 +05:30 INF] HealthApp.Api.BackgroundServices.HeartbeatBackgroundService HealthAxis heartbeat running at "2026-07-16T15:41:23.0309014+05:30"------------
[2026-07-16 15:41:33.042 +05:30 INF] HealthApp.Api.BackgroundServices.HeartbeatBackgroundService HealthAxis heartbeat running at "2026-07-16T15:41:33.0427002+05:30"------------
[2026-07-16 15:41:43.072 +05:30 INF] HealthApp.Api.BackgroundServices.HeartbeatBackgroundService HealthAxis heartbeat running at "2026-07-16T15:41:43.0720667+05:30"------------
[2026-07-16 15:41:53.087 +05:30 INF] HealthApp.Api.BackgroundServices.HeartbeatBackgroundService HealthAxis heartbeat running at "2026-07-16T15:41:53.0874924+05:30"------------
[2026-07-16 15:42:03.095 +05:30 INF] HealthApp.Api.BackgroundServices.HeartbeatBackgroundService HealthAxis heartbeat running at "2026-07-16T15:42:03.0957326+05:30"------------
[2026-07-16 15:42:13.114 +05:30 INF] HealthApp.Api.BackgroundServices.HeartbeatBackgroundService HealthAxis heartbeat running at "2026-07-16T15:42:13.1146803+05:30"------------
[2026-07-16 15:42:23.128 +05:30 INF] HealthApp.Api.BackgroundServices.HeartbeatBackgroundService HealthAxis heartbeat running at "2026-07-16T15:42:23.1280994+05:30"------------
[2026-07-16 15:42:33.145 +05:30 INF] HealthApp.Api.BackgroundServices.HeartbeatBackgroundService HealthAxis heartbeat running at "2026-07-16T15:42:33.1452939+05:30"------------
[2026-07-16 15:42:43.156 +05:30 INF] HealthApp.Api.BackgroundServices.HeartbeatBackgroundService HealthAxis heartbeat running at "2026-07-16T15:42:43.1560471+05:30"------------
[2026-07-16 15:42:53.175 +05:30 INF] HealthApp.Api.BackgroundServices.HeartbeatBackgroundService HealthAxis heartbeat running at "2026-07-16T15:42:53.1755869+05:30"------------
[2026-07-16 15:43:03.191 +05:30 INF] HealthApp.Api.BackgroundServices.HeartbeatBackgroundService HealthAxis heartbeat running at "2026-07-16T15:43:03.1914235+05:30"------------
[2026-07-16 15:43:13.197 +05:30 INF] HealthApp.Api.BackgroundServices.HeartbeatBackgroundService HealthAxis heartbeat running at "2026-07-16T15:43:13.1974741+05:30"------------
[2026-07-16 15:43:23.216 +05:30 INF] HealthApp.Api.BackgroundServices.HeartbeatBackgroundService HealthAxis heartbeat running at "2026-07-16T15:43:23.2161410+05:30"------------
[2026-07-16 15:43:33.233 +05:30 INF] HealthApp.Api.BackgroundServices.HeartbeatBackgroundService HealthAxis heartbeat running at "2026-07-16T15:43:33.2332020+05:30"------------
[2026-07-16 15:43:43.242 +05:30 INF] HealthApp.Api.BackgroundServices.HeartbeatBackgroundService HealthAxis heartbeat running at "2026-07-16T15:43:43.2422081+05:30"------------
[2026-07-16 15:43:53.249 +05:30 INF] HealthApp.Api.BackgroundServices.HeartbeatBackgroundService HealthAxis heartbeat running at "2026-07-16T15:43:53.2490786+05:30"------------
[2026-07-16 15:44:03.273 +05:30 INF] HealthApp.Api.BackgroundServices.HeartbeatBackgroundService HealthAxis heartbeat running at "2026-07-16T15:44:03.2731264+05:30"------------
[2026-07-16 15:44:13.284 +05:30 INF] HealthApp.Api.BackgroundServices.HeartbeatBackgroundService HealthAxis heartbeat running at "2026-07-16T15:44:13.2843103+05:30"------------
[2026-07-16 15:44:23.296 +05:30 INF] HealthApp.Api.BackgroundServices.HeartbeatBackgroundService HealthAxis heartbeat running at "2026-07-16T15:44:23.2960348+05:30"------------
[2026-07-16 15:44:33.305 +05:30 INF] HealthApp.Api.BackgroundServices.HeartbeatBackgroundService HealthAxis heartbeat running at "2026-07-16T15:44:33.3052334+05:30"------------
[2026-07-16 15:44:43.323 +05:30 INF] HealthApp.Api.BackgroundServices.HeartbeatBackgroundService HealthAxis heartbeat running at "2026-07-16T15:44:43.3235931+05:30"------------
[2026-07-16 15:44:53.345 +05:30 INF] HealthApp.Api.BackgroundServices.HeartbeatBackgroundService HealthAxis heartbeat running at "2026-07-16T15:44:53.3456463+05:30"------------
[2026-07-16 15:45:03.360 +05:30 INF] HealthApp.Api.BackgroundServices.HeartbeatBackgroundService HealthAxis heartbeat running at "2026-07-16T15:45:03.3602100+05:30"------------
[2026-07-16 15:45:13.376 +05:30 INF] HealthApp.Api.BackgroundServices.HeartbeatBackgroundService HealthAxis heartbeat running at "2026-07-16T15:45:13.3762404+05:30"------------
[2026-07-16 15:45:23.386 +05:30 INF] HealthApp.Api.BackgroundServices.HeartbeatBackgroundService HealthAxis heartbeat running at "2026-07-16T15:45:23.3866915+05:30"------------
[2026-07-16 15:45:33.395 +05:30 INF] HealthApp.Api.BackgroundServices.HeartbeatBackgroundService HealthAxis heartbeat running at "2026-07-16T15:45:33.3955444+05:30"------------
[2026-07-16 15:45:43.417 +05:30 INF] HealthApp.Api.BackgroundServices.HeartbeatBackgroundService HealthAxis heartbeat running at "2026-07-16T15:45:43.4174160+05:30"------------
[2026-07-16 15:45:53.437 +05:30 INF] HealthApp.Api.BackgroundServices.HeartbeatBackgroundService HealthAxis heartbeat running at "2026-07-16T15:45:53.4374940+05:30"------------
[2026-07-16 15:46:03.450 +05:30 INF] HealthApp.Api.BackgroundServices.HeartbeatBackgroundService HealthAxis heartbeat running at "2026-07-16T15:46:03.4509342+05:30"------------
[2026-07-16 15:46:13.462 +05:30 INF] HealthApp.Api.BackgroundServices.HeartbeatBackgroundService HealthAxis heartbeat running at "2026-07-16T15:46:13.4626478+05:30"------------
[2026-07-16 15:46:23.472 +05:30 INF] HealthApp.Api.BackgroundServices.HeartbeatBackgroundService HealthAxis heartbeat running at "2026-07-16T15:46:23.4723452+05:30"------------
[2026-07-16 15:46:33.483 +05:30 INF] HealthApp.Api.BackgroundServices.HeartbeatBackgroundService HealthAxis heartbeat running at "2026-07-16T15:46:33.4830678+05:30"------------
[2026-07-16 15:46:43.490 +05:30 INF] HealthApp.Api.BackgroundServices.HeartbeatBackgroundService HealthAxis heartbeat running at "2026-07-16T15:46:43.4904254+05:30"------------
[2026-07-16 15:46:53.499 +05:30 INF] HealthApp.Api.BackgroundServices.HeartbeatBackgroundService HealthAxis heartbeat running at "2026-07-16T15:46:53.4991021+05:30"------------
[2026-07-16 15:47:03.511 +05:30 INF] HealthApp.Api.BackgroundServices.HeartbeatBackgroundService HealthAxis heartbeat running at "2026-07-16T15:47:03.5111473+05:30"------------
[2026-07-16 15:47:13.521 +05:30 INF] HealthApp.Api.BackgroundServices.HeartbeatBackgroundService HealthAxis heartbeat running at "2026-07-16T15:47:13.5213056+05:30"------------
[2026-07-16 15:47:23.539 +05:30 INF] HealthApp.Api.BackgroundServices.HeartbeatBackgroundService HealthAxis heartbeat running at "2026-07-16T15:47:23.5391248+05:30"------------
[2026-07-16 15:47:33.548 +05:30 INF] HealthApp.Api.BackgroundServices.HeartbeatBackgroundService HealthAxis heartbeat running at "2026-07-16T15:47:33.5484790+05:30"------------
[2026-07-16 15:47:43.565 +05:30 INF] HealthApp.Api.BackgroundServices.HeartbeatBackgroundService HealthAxis heartbeat running at "2026-07-16T15:47:43.5653846+05:30"------------
[2026-07-16 15:47:53.572 +05:30 INF] HealthApp.Api.BackgroundServices.HeartbeatBackgroundService HealthAxis heartbeat running at "2026-07-16T15:47:53.5721356+05:30"------------
[2026-07-16 15:48:03.586 +05:30 INF] HealthApp.Api.BackgroundServices.HeartbeatBackgroundService HealthAxis heartbeat running at "2026-07-16T15:48:03.5868663+05:30"------------
[2026-07-16 15:48:13.596 +05:30 INF] HealthApp.Api.BackgroundServices.HeartbeatBackgroundService HealthAxis heartbeat running at "2026-07-16T15:48:13.5960107+05:30"------------
[2026-07-16 15:48:23.642 +05:30 INF] HealthApp.Api.BackgroundServices.HeartbeatBackgroundService HealthAxis heartbeat running at "2026-07-16T15:48:23.6421226+05:30"------------
[2026-07-16 15:48:33.659 +05:30 INF] HealthApp.Api.BackgroundServices.HeartbeatBackgroundService HealthAxis heartbeat running at "2026-07-16T15:48:33.6594400+05:30"------------
[2026-07-16 15:48:43.669 +05:30 INF] HealthApp.Api.BackgroundServices.HeartbeatBackgroundService HealthAxis heartbeat running at "2026-07-16T15:48:43.6690229+05:30"------------
[2026-07-16 15:48:53.687 +05:30 INF] HealthApp.Api.BackgroundServices.HeartbeatBackgroundService HealthAxis heartbeat running at "2026-07-16T15:48:53.6874059+05:30"------------
[2026-07-16 15:49:03.698 +05:30 INF] HealthApp.Api.BackgroundServices.HeartbeatBackgroundService HealthAxis heartbeat running at "2026-07-16T15:49:03.6981631+05:30"------------
[2026-07-16 15:49:13.714 +05:30 INF] HealthApp.Api.BackgroundServices.HeartbeatBackgroundService HealthAxis heartbeat running at "2026-07-16T15:49:13.7147000+05:30"------------
[2026-07-16 15:49:23.762 +05:30 INF] HealthApp.Api.BackgroundServices.HeartbeatBackgroundService HealthAxis heartbeat running at "2026-07-16T15:49:23.7620945+05:30"------------
[2026-07-16 15:49:33.777 +05:30 INF] HealthApp.Api.BackgroundServices.HeartbeatBackgroundService HealthAxis heartbeat running at "2026-07-16T15:49:33.7773456+05:30"------------
[2026-07-16 15:49:43.796 +05:30 INF] HealthApp.Api.BackgroundServices.HeartbeatBackgroundService HealthAxis heartbeat running at "2026-07-16T15:49:43.7969184+05:30"------------
[2026-07-16 15:49:53.811 +05:30 INF] HealthApp.Api.BackgroundServices.HeartbeatBackgroundService HealthAxis heartbeat running at "2026-07-16T15:49:53.8110504+05:30"------------
[2026-07-16 15:50:03.825 +05:30 INF] HealthApp.Api.BackgroundServices.HeartbeatBackgroundService HealthAxis heartbeat running at "2026-07-16T15:50:03.8255745+05:30"------------
[2026-07-16 15:50:13.836 +05:30 INF] HealthApp.Api.BackgroundServices.HeartbeatBackgroundService HealthAxis heartbeat running at "2026-07-16T15:50:13.8366585+05:30"------------
[2026-07-16 15:50:23.852 +05:30 INF] HealthApp.Api.BackgroundServices.HeartbeatBackgroundService HealthAxis heartbeat running at "2026-07-16T15:50:23.8527578+05:30"------------
[2026-07-16 15:50:33.870 +05:30 INF] HealthApp.Api.BackgroundServices.HeartbeatBackgroundService HealthAxis heartbeat running at "2026-07-16T15:50:33.8708849+05:30"------------
[2026-07-16 15:50:43.885 +05:30 INF] HealthApp.Api.BackgroundServices.HeartbeatBackgroundService HealthAxis heartbeat running at "2026-07-16T15:50:43.8854485+05:30"------------
[2026-07-16 15:50:53.896 +05:30 INF] HealthApp.Api.BackgroundServices.HeartbeatBackgroundService HealthAxis heartbeat running at "2026-07-16T15:50:53.8961047+05:30"------------
[2026-07-16 15:51:03.919 +05:30 INF] HealthApp.Api.BackgroundServices.HeartbeatBackgroundService HealthAxis heartbeat running at "2026-07-16T15:51:03.9190728+05:30"------------
[2026-07-16 15:51:13.925 +05:30 INF] HealthApp.Api.BackgroundServices.HeartbeatBackgroundService HealthAxis heartbeat running at "2026-07-16T15:51:13.9252401+05:30"------------
[2026-07-16 15:51:23.940 +05:30 INF] HealthApp.Api.BackgroundServices.HeartbeatBackgroundService HealthAxis heartbeat running at "2026-07-16T15:51:23.9400581+05:30"------------
[2026-07-16 15:51:33.953 +05:30 INF] HealthApp.Api.BackgroundServices.HeartbeatBackgroundService HealthAxis heartbeat running at "2026-07-16T15:51:33.9537400+05:30"------------
[2026-07-16 15:51:44.051 +05:30 INF] HealthApp.Api.BackgroundServices.HeartbeatBackgroundService HealthAxis heartbeat running at "2026-07-16T15:51:44.0518497+05:30"------------
[2026-07-16 15:51:54.072 +05:30 INF] HealthApp.Api.BackgroundServices.HeartbeatBackgroundService HealthAxis heartbeat running at "2026-07-16T15:51:54.0727526+05:30"------------
[2026-07-16 15:52:04.094 +05:30 INF] HealthApp.Api.BackgroundServices.HeartbeatBackgroundService HealthAxis heartbeat running at "2026-07-16T15:52:04.0946782+05:30"------------
[2026-07-16 15:52:14.154 +05:30 INF] HealthApp.Api.BackgroundServices.HeartbeatBackgroundService HealthAxis heartbeat running at "2026-07-16T15:52:14.1542256+05:30"------------
[2026-07-16 15:52:24.168 +05:30 INF] HealthApp.Api.BackgroundServices.HeartbeatBackgroundService HealthAxis heartbeat running at "2026-07-16T15:52:24.1684844+05:30"------------
[2026-07-16 15:52:34.180 +05:30 INF] HealthApp.Api.BackgroundServices.HeartbeatBackgroundService HealthAxis heartbeat running at "2026-07-16T15:52:34.1809185+05:30"------------
[2026-07-16 15:52:44.203 +05:30 INF] HealthApp.Api.BackgroundServices.HeartbeatBackgroundService HealthAxis heartbeat running at "2026-07-16T15:52:44.2029640+05:30"------------
[2026-07-16 15:52:54.214 +05:30 INF] HealthApp.Api.BackgroundServices.HeartbeatBackgroundService HealthAxis heartbeat running at "2026-07-16T15:52:54.2141664+05:30"------------
[2026-07-16 15:53:04.228 +05:30 INF] HealthApp.Api.BackgroundServices.HeartbeatBackgroundService HealthAxis heartbeat running at "2026-07-16T15:53:04.2284792+05:30"------------
[2026-07-16 15:53:14.235 +05:30 INF] HealthApp.Api.BackgroundServices.HeartbeatBackgroundService HealthAxis heartbeat running at "2026-07-16T15:53:14.2352797+05:30"------------
[2026-07-16 15:53:24.249 +05:30 INF] HealthApp.Api.BackgroundServices.HeartbeatBackgroundService HealthAxis heartbeat running at "2026-07-16T15:53:24.2497624+05:30"------------
[2026-07-16 15:53:34.270 +05:30 INF] HealthApp.Api.BackgroundServices.HeartbeatBackgroundService HealthAxis heartbeat running at "2026-07-16T15:53:34.2704966+05:30"------------
[2026-07-16 15:53:44.282 +05:30 INF] HealthApp.Api.BackgroundServices.HeartbeatBackgroundService HealthAxis heartbeat running at "2026-07-16T15:53:44.2825330+05:30"------------
[2026-07-16 15:53:54.289 +05:30 INF] HealthApp.Api.BackgroundServices.HeartbeatBackgroundService HealthAxis heartbeat running at "2026-07-16T15:53:54.2896694+05:30"------------
[2026-07-16 15:54:04.311 +05:30 INF] HealthApp.Api.BackgroundServices.HeartbeatBackgroundService HealthAxis heartbeat running at "2026-07-16T15:54:04.3113481+05:30"------------
[2026-07-16 15:54:14.325 +05:30 INF] HealthApp.Api.BackgroundServices.HeartbeatBackgroundService HealthAxis heartbeat running at "2026-07-16T15:54:14.3259030+05:30"------------
[2026-07-16 15:54:24.347 +05:30 INF] HealthApp.Api.BackgroundServices.HeartbeatBackgroundService HealthAxis heartbeat running at "2026-07-16T15:54:24.3478964+05:30"------------
[2026-07-16 15:54:34.368 +05:30 INF] HealthApp.Api.BackgroundServices.HeartbeatBackgroundService HealthAxis heartbeat running at "2026-07-16T15:54:34.3686469+05:30"------------
[2026-07-16 15:54:44.391 +05:30 INF] HealthApp.Api.BackgroundServices.HeartbeatBackgroundService HealthAxis heartbeat running at "2026-07-16T15:54:44.3915267+05:30"------------
[2026-07-16 15:54:54.410 +05:30 INF] HealthApp.Api.BackgroundServices.HeartbeatBackgroundService HealthAxis heartbeat running at "2026-07-16T15:54:54.4108395+05:30"------------
[2026-07-16 15:55:04.426 +05:30 INF] HealthApp.Api.BackgroundServices.HeartbeatBackgroundService HealthAxis heartbeat running at "2026-07-16T15:55:04.4263436+05:30"------------
[2026-07-16 15:55:14.438 +05:30 INF] HealthApp.Api.BackgroundServices.HeartbeatBackgroundService HealthAxis heartbeat running at "2026-07-16T15:55:14.4387676+05:30"------------
[2026-07-16 15:55:24.450 +05:30 INF] HealthApp.Api.BackgroundServices.HeartbeatBackgroundService HealthAxis heartbeat running at "2026-07-16T15:55:24.4502017+05:30"------------
[2026-07-16 15:55:34.495 +05:30 INF] HealthApp.Api.BackgroundServices.HeartbeatBackgroundService HealthAxis heartbeat running at "2026-07-16T15:55:34.4955582+05:30"------------
[2026-07-16 15:55:44.521 +05:30 INF] HealthApp.Api.BackgroundServices.HeartbeatBackgroundService HealthAxis heartbeat running at "2026-07-16T15:55:44.5214651+05:30"------------
[2026-07-16 15:55:54.538 +05:30 INF] HealthApp.Api.BackgroundServices.HeartbeatBackgroundService HealthAxis heartbeat running at "2026-07-16T15:55:54.5382828+05:30"------------
[2026-07-16 15:56:04.547 +05:30 INF] HealthApp.Api.BackgroundServices.HeartbeatBackgroundService HealthAxis heartbeat running at "2026-07-16T15:56:04.5475991+05:30"------------
[2026-07-16 15:56:14.563 +05:30 INF] HealthApp.Api.BackgroundServices.HeartbeatBackgroundService HealthAxis heartbeat running at "2026-07-16T15:56:14.5636663+05:30"------------
[2026-07-16 15:56:24.579 +05:30 INF] HealthApp.Api.BackgroundServices.HeartbeatBackgroundService HealthAxis heartbeat running at "2026-07-16T15:56:24.5794035+05:30"------------
[2026-07-16 15:56:34.601 +05:30 INF] HealthApp.Api.BackgroundServices.HeartbeatBackgroundService HealthAxis heartbeat running at "2026-07-16T15:56:34.6018847+05:30"------------
[2026-07-16 15:56:44.642 +05:30 INF] HealthApp.Api.BackgroundServices.HeartbeatBackgroundService HealthAxis heartbeat running at "2026-07-16T15:56:44.6427893+05:30"------------
[2026-07-16 15:56:54.669 +05:30 INF] HealthApp.Api.BackgroundServices.HeartbeatBackgroundService HealthAxis heartbeat running at "2026-07-16T15:56:54.6691517+05:30"------------
[2026-07-16 15:57:04.687 +05:30 INF] HealthApp.Api.BackgroundServices.HeartbeatBackgroundService HealthAxis heartbeat running at "2026-07-16T15:57:04.6876117+05:30"------------
[2026-07-16 15:57:14.713 +05:30 INF] HealthApp.Api.BackgroundServices.HeartbeatBackgroundService HealthAxis heartbeat running at "2026-07-16T15:57:14.7138529+05:30"------------
[2026-07-16 15:57:24.733 +05:30 INF] HealthApp.Api.BackgroundServices.HeartbeatBackgroundService HealthAxis heartbeat running at "2026-07-16T15:57:24.7336204+05:30"------------
[2026-07-16 15:57:34.748 +05:30 INF] HealthApp.Api.BackgroundServices.HeartbeatBackgroundService HealthAxis heartbeat running at "2026-07-16T15:57:34.7479557+05:30"------------
[2026-07-16 15:57:44.756 +05:30 INF] HealthApp.Api.BackgroundServices.HeartbeatBackgroundService HealthAxis heartbeat running at "2026-07-16T15:57:44.7565033+05:30"------------
[2026-07-16 15:57:54.776 +05:30 INF] HealthApp.Api.BackgroundServices.HeartbeatBackgroundService HealthAxis heartbeat running at "2026-07-16T15:57:54.7762561+05:30"------------
[2026-07-16 15:58:04.797 +05:30 INF] HealthApp.Api.BackgroundServices.HeartbeatBackgroundService HealthAxis heartbeat running at "2026-07-16T15:58:04.7972866+05:30"------------
[2026-07-16 15:58:14.818 +05:30 INF] HealthApp.Api.BackgroundServices.HeartbeatBackgroundService HealthAxis heartbeat running at "2026-07-16T15:58:14.8182125+05:30"------------
[2026-07-16 15:58:24.835 +05:30 INF] HealthApp.Api.BackgroundServices.HeartbeatBackgroundService HealthAxis heartbeat running at "2026-07-16T15:58:24.8356597+05:30"------------
[2026-07-16 15:58:34.878 +05:30 INF] HealthApp.Api.BackgroundServices.HeartbeatBackgroundService HealthAxis heartbeat running at "2026-07-16T15:58:34.8785949+05:30"------------
[2026-07-16 15:58:44.893 +05:30 INF] HealthApp.Api.BackgroundServices.HeartbeatBackgroundService HealthAxis heartbeat running at "2026-07-16T15:58:44.8936579+05:30"------------
[2026-07-16 15:58:54.909 +05:30 INF] HealthApp.Api.BackgroundServices.HeartbeatBackgroundService HealthAxis heartbeat running at "2026-07-16T15:58:54.9096037+05:30"------------
[2026-07-16 15:59:04.920 +05:30 INF] HealthApp.Api.BackgroundServices.HeartbeatBackgroundService HealthAxis heartbeat running at "2026-07-16T15:59:04.9204250+05:30"------------
[2026-07-16 15:59:14.939 +05:30 INF] HealthApp.Api.BackgroundServices.HeartbeatBackgroundService HealthAxis heartbeat running at "2026-07-16T15:59:14.9387485+05:30"------------
[2026-07-16 15:59:24.958 +05:30 INF] HealthApp.Api.BackgroundServices.HeartbeatBackgroundService HealthAxis heartbeat running at "2026-07-16T15:59:24.9587535+05:30"------------
[2026-07-16 15:59:34.965 +05:30 INF] HealthApp.Api.BackgroundServices.HeartbeatBackgroundService HealthAxis heartbeat running at "2026-07-16T15:59:34.9655598+05:30"------------
[2026-07-16 15:59:44.975 +05:30 INF] HealthApp.Api.BackgroundServices.HeartbeatBackgroundService HealthAxis heartbeat running at "2026-07-16T15:59:44.9750360+05:30"------------
[2026-07-16 15:59:54.994 +05:30 INF] HealthApp.Api.BackgroundServices.HeartbeatBackgroundService HealthAxis heartbeat running at "2026-07-16T15:59:54.9940388+05:30"------------
[2026-07-16 16:00:05.012 +05:30 INF] HealthApp.Api.BackgroundServices.HeartbeatBackgroundService HealthAxis heartbeat running at "2026-07-16T16:00:05.0122893+05:30"------------
[2026-07-16 16:00:15.027 +05:30 INF] HealthApp.Api.BackgroundServices.HeartbeatBackgroundService HealthAxis heartbeat running at "2026-07-16T16:00:15.0270056+05:30"------------
[2026-07-16 16:00:25.041 +05:30 INF] HealthApp.Api.BackgroundServices.HeartbeatBackgroundService HealthAxis heartbeat running at "2026-07-16T16:00:25.0415893+05:30"------------
[2026-07-16 16:00:35.059 +05:30 INF] HealthApp.Api.BackgroundServices.HeartbeatBackgroundService HealthAxis heartbeat running at "2026-07-16T16:00:35.0598833+05:30"------------
[2026-07-16 16:00:45.079 +05:30 INF] HealthApp.Api.BackgroundServices.HeartbeatBackgroundService HealthAxis heartbeat running at "2026-07-16T16:00:45.0791924+05:30"------------
[2026-07-16 16:00:55.112 +05:30 INF] HealthApp.Api.BackgroundServices.HeartbeatBackgroundService HealthAxis heartbeat running at "2026-07-16T16:00:55.1126487+05:30"------------
[2026-07-16 16:01:05.127 +05:30 INF] HealthApp.Api.BackgroundServices.HeartbeatBackgroundService HealthAxis heartbeat running at "2026-07-16T16:01:05.1275201+05:30"------------
[2026-07-16 16:01:15.153 +05:30 INF] HealthApp.Api.BackgroundServices.HeartbeatBackgroundService HealthAxis heartbeat running at "2026-07-16T16:01:15.1536401+05:30"------------
[2026-07-16 16:01:25.161 +05:30 INF] HealthApp.Api.BackgroundServices.HeartbeatBackgroundService HealthAxis heartbeat running at "2026-07-16T16:01:25.1611389+05:30"------------
[2026-07-16 16:01:35.218 +05:30 INF] HealthApp.Api.BackgroundServices.HeartbeatBackgroundService HealthAxis heartbeat running at "2026-07-16T16:01:35.2186857+05:30"------------
[2026-07-16 16:01:45.234 +05:30 INF] HealthApp.Api.BackgroundServices.HeartbeatBackgroundService HealthAxis heartbeat running at "2026-07-16T16:01:45.2348644+05:30"------------
[2026-07-16 16:01:55.252 +05:30 INF] HealthApp.Api.BackgroundServices.HeartbeatBackgroundService HealthAxis heartbeat running at "2026-07-16T16:01:55.2521416+05:30"------------
[2026-07-16 16:02:05.262 +05:30 INF] HealthApp.Api.BackgroundServices.HeartbeatBackgroundService HealthAxis heartbeat running at "2026-07-16T16:02:05.2625180+05:30"------------
[2026-07-16 16:02:15.274 +05:30 INF] HealthApp.Api.BackgroundServices.HeartbeatBackgroundService HealthAxis heartbeat running at "2026-07-16T16:02:15.2743926+05:30"------------
[2026-07-16 16:02:25.302 +05:30 INF] HealthApp.Api.BackgroundServices.HeartbeatBackgroundService HealthAxis heartbeat running at "2026-07-16T16:02:25.3021321+05:30"------------
[2026-07-16 16:02:35.326 +05:30 INF] HealthApp.Api.BackgroundServices.HeartbeatBackgroundService HealthAxis heartbeat running at "2026-07-16T16:02:35.3261616+05:30"------------
[2026-07-16 16:02:45.342 +05:30 INF] HealthApp.Api.BackgroundServices.HeartbeatBackgroundService HealthAxis heartbeat running at "2026-07-16T16:02:45.3419982+05:30"------------
[2026-07-16 16:02:55.354 +05:30 INF] HealthApp.Api.BackgroundServices.HeartbeatBackgroundService HealthAxis heartbeat running at "2026-07-16T16:02:55.3541589+05:30"------------
[2026-07-16 16:03:05.375 +05:30 INF] HealthApp.Api.BackgroundServices.HeartbeatBackgroundService HealthAxis heartbeat running at "2026-07-16T16:03:05.3756973+05:30"------------
[2026-07-16 16:03:15.394 +05:30 INF] HealthApp.Api.BackgroundServices.HeartbeatBackgroundService HealthAxis heartbeat running at "2026-07-16T16:03:15.3949303+05:30"------------
[2026-07-16 16:03:25.408 +05:30 INF] HealthApp.Api.BackgroundServices.HeartbeatBackgroundService HealthAxis heartbeat running at "2026-07-16T16:03:25.4080537+05:30"------------
[2026-07-16 16:03:35.432 +05:30 INF] HealthApp.Api.BackgroundServices.HeartbeatBackgroundService HealthAxis heartbeat running at "2026-07-16T16:03:35.4324332+05:30"------------
[2026-07-16 16:03:45.449 +05:30 INF] HealthApp.Api.BackgroundServices.HeartbeatBackgroundService HealthAxis heartbeat running at "2026-07-16T16:03:45.4493390+05:30"------------
[2026-07-16 16:03:55.486 +05:30 INF] HealthApp.Api.BackgroundServices.HeartbeatBackgroundService HealthAxis heartbeat running at "2026-07-16T16:03:55.4864308+05:30"------------
[2026-07-16 16:04:05.493 +05:30 INF] HealthApp.Api.BackgroundServices.HeartbeatBackgroundService HealthAxis heartbeat running at "2026-07-16T16:04:05.4937477+05:30"------------
[2026-07-16 16:04:15.502 +05:30 INF] HealthApp.Api.BackgroundServices.HeartbeatBackgroundService HealthAxis heartbeat running at "2026-07-16T16:04:15.5027224+05:30"------------
[2026-07-16 16:04:25.521 +05:30 INF] HealthApp.Api.BackgroundServices.HeartbeatBackgroundService HealthAxis heartbeat running at "2026-07-16T16:04:25.5214778+05:30"------------
[2026-07-16 16:04:35.535 +05:30 INF] HealthApp.Api.BackgroundServices.HeartbeatBackgroundService HealthAxis heartbeat running at "2026-07-16T16:04:35.5357655+05:30"------------
[2026-07-16 16:04:45.558 +05:30 INF] HealthApp.Api.BackgroundServices.HeartbeatBackgroundService HealthAxis heartbeat running at "2026-07-16T16:04:45.5583786+05:30"------------
[2026-07-16 16:04:55.569 +05:30 INF] HealthApp.Api.BackgroundServices.HeartbeatBackgroundService HealthAxis heartbeat running at "2026-07-16T16:04:55.5693937+05:30"------------
[2026-07-16 16:05:05.591 +05:30 INF] HealthApp.Api.BackgroundServices.HeartbeatBackgroundService HealthAxis heartbeat running at "2026-07-16T16:05:05.5910373+05:30"------------
[2026-07-16 16:05:15.601 +05:30 INF] HealthApp.Api.BackgroundServices.HeartbeatBackgroundService HealthAxis heartbeat running at "2026-07-16T16:05:15.6010600+05:30"------------
[2026-07-16 16:05:25.628 +05:30 INF] HealthApp.Api.BackgroundServices.HeartbeatBackgroundService HealthAxis heartbeat running at "2026-07-16T16:05:25.6285260+05:30"------------
[2026-07-16 16:05:35.657 +05:30 INF] HealthApp.Api.BackgroundServices.HeartbeatBackgroundService HealthAxis heartbeat running at "2026-07-16T16:05:35.6572162+05:30"------------
[2026-07-16 16:05:45.676 +05:30 INF] HealthApp.Api.BackgroundServices.HeartbeatBackgroundService HealthAxis heartbeat running at "2026-07-16T16:05:45.6762315+05:30"------------
[2026-07-16 16:05:55.699 +05:30 INF] HealthApp.Api.BackgroundServices.HeartbeatBackgroundService HealthAxis heartbeat running at "2026-07-16T16:05:55.6991424+05:30"------------
[2026-07-16 16:06:05.712 +05:30 INF] HealthApp.Api.BackgroundServices.HeartbeatBackgroundService HealthAxis heartbeat running at "2026-07-16T16:06:05.7120782+05:30"------------
[2026-07-16 16:06:15.723 +05:30 INF] HealthApp.Api.BackgroundServices.HeartbeatBackgroundService HealthAxis heartbeat running at "2026-07-16T16:06:15.7238517+05:30"------------
[2026-07-16 16:06:25.747 +05:30 INF] HealthApp.Api.BackgroundServices.HeartbeatBackgroundService HealthAxis heartbeat running at "2026-07-16T16:06:25.7475901+05:30"------------
[2026-07-16 16:06:35.770 +05:30 INF] HealthApp.Api.BackgroundServices.HeartbeatBackgroundService HealthAxis heartbeat running at "2026-07-16T16:06:35.7703050+05:30"------------
[2026-07-16 16:06:45.784 +05:30 INF] HealthApp.Api.BackgroundServices.HeartbeatBackgroundService HealthAxis heartbeat running at "2026-07-16T16:06:45.7849112+05:30"------------
[2026-07-16 16:06:55.796 +05:30 INF] HealthApp.Api.BackgroundServices.HeartbeatBackgroundService HealthAxis heartbeat running at "2026-07-16T16:06:55.7966118+05:30"------------
[2026-07-16 16:07:05.811 +05:30 INF] HealthApp.Api.BackgroundServices.HeartbeatBackgroundService HealthAxis heartbeat running at "2026-07-16T16:07:05.8115511+05:30"------------
[2026-07-16 16:07:15.834 +05:30 INF] HealthApp.Api.BackgroundServices.HeartbeatBackgroundService HealthAxis heartbeat running at "2026-07-16T16:07:15.8349356+05:30"------------
[2026-07-16 16:07:25.846 +05:30 INF] HealthApp.Api.BackgroundServices.HeartbeatBackgroundService HealthAxis heartbeat running at "2026-07-16T16:07:25.8460870+05:30"------------
[2026-07-16 16:07:35.866 +05:30 INF] HealthApp.Api.BackgroundServices.HeartbeatBackgroundService HealthAxis heartbeat running at "2026-07-16T16:07:35.8667293+05:30"------------
[2026-07-16 16:07:45.887 +05:30 INF] HealthApp.Api.BackgroundServices.HeartbeatBackgroundService HealthAxis heartbeat running at "2026-07-16T16:07:45.8872208+05:30"------------
[2026-07-16 16:07:55.898 +05:30 INF] HealthApp.Api.BackgroundServices.HeartbeatBackgroundService HealthAxis heartbeat running at "2026-07-16T16:07:55.8982708+05:30"------------
[2026-07-16 16:08:05.949 +05:30 INF] HealthApp.Api.BackgroundServices.HeartbeatBackgroundService HealthAxis heartbeat running at "2026-07-16T16:08:05.9153914+05:30"------------
[2026-07-16 16:08:15.962 +05:30 INF] HealthApp.Api.BackgroundServices.HeartbeatBackgroundService HealthAxis heartbeat running at "2026-07-16T16:08:15.9628884+05:30"------------
[2026-07-16 16:08:25.982 +05:30 INF] HealthApp.Api.BackgroundServices.HeartbeatBackgroundService HealthAxis heartbeat running at "2026-07-16T16:08:25.9821768+05:30"------------
[2026-07-16 16:08:36.001 +05:30 INF] HealthApp.Api.BackgroundServices.HeartbeatBackgroundService HealthAxis heartbeat running at "2026-07-16T16:08:36.0019593+05:30"------------
[2026-07-16 16:08:46.022 +05:30 INF] HealthApp.Api.BackgroundServices.HeartbeatBackgroundService HealthAxis heartbeat running at "2026-07-16T16:08:46.0222234+05:30"------------
[2026-07-16 16:08:56.039 +05:30 INF] HealthApp.Api.BackgroundServices.HeartbeatBackgroundService HealthAxis heartbeat running at "2026-07-16T16:08:56.0393502+05:30"------------
[2026-07-16 16:09:06.054 +05:30 INF] HealthApp.Api.BackgroundServices.HeartbeatBackgroundService HealthAxis heartbeat running at "2026-07-16T16:09:06.0547527+05:30"------------
[2026-07-16 16:09:16.079 +05:30 INF] HealthApp.Api.BackgroundServices.HeartbeatBackgroundService HealthAxis heartbeat running at "2026-07-16T16:09:16.0797457+05:30"------------
[2026-07-16 16:09:26.087 +05:30 INF] HealthApp.Api.BackgroundServices.HeartbeatBackgroundService HealthAxis heartbeat running at "2026-07-16T16:09:26.0873099+05:30"------------
[2026-07-16 16:09:36.116 +05:30 INF] HealthApp.Api.BackgroundServices.HeartbeatBackgroundService HealthAxis heartbeat running at "2026-07-16T16:09:36.1160331+05:30"------------
[2026-07-16 16:09:46.148 +05:30 INF] HealthApp.Api.BackgroundServices.HeartbeatBackgroundService HealthAxis heartbeat running at "2026-07-16T16:09:46.1481187+05:30"------------
[2026-07-16 16:09:56.162 +05:30 INF] HealthApp.Api.BackgroundServices.HeartbeatBackgroundService HealthAxis heartbeat running at "2026-07-16T16:09:56.1625128+05:30"------------
[2026-07-16 16:10:06.175 +05:30 INF] HealthApp.Api.BackgroundServices.HeartbeatBackgroundService HealthAxis heartbeat running at "2026-07-16T16:10:06.1757082+05:30"------------
[2026-07-16 16:10:16.184 +05:30 INF] HealthApp.Api.BackgroundServices.HeartbeatBackgroundService HealthAxis heartbeat running at "2026-07-16T16:10:16.1841790+05:30"------------
[2026-07-16 16:10:26.205 +05:30 INF] HealthApp.Api.BackgroundServices.HeartbeatBackgroundService HealthAxis heartbeat running at "2026-07-16T16:10:26.2055585+05:30"------------
[2026-07-16 16:10:36.226 +05:30 INF] HealthApp.Api.BackgroundServices.HeartbeatBackgroundService HealthAxis heartbeat running at "2026-07-16T16:10:36.2262647+05:30"------------
[2026-07-16 16:10:46.242 +05:30 INF] HealthApp.Api.BackgroundServices.HeartbeatBackgroundService HealthAxis heartbeat running at "2026-07-16T16:10:46.2428421+05:30"------------
[2026-07-16 16:10:56.251 +05:30 INF] HealthApp.Api.BackgroundServices.HeartbeatBackgroundService HealthAxis heartbeat running at "2026-07-16T16:10:56.2519523+05:30"------------
[2026-07-16 16:11:06.269 +05:30 INF] HealthApp.Api.BackgroundServices.HeartbeatBackgroundService HealthAxis heartbeat running at "2026-07-16T16:11:06.2696620+05:30"------------
[2026-07-16 16:11:16.280 +05:30 INF] HealthApp.Api.BackgroundServices.HeartbeatBackgroundService HealthAxis heartbeat running at "2026-07-16T16:11:16.2806077+05:30"------------
[2026-07-16 16:11:26.312 +05:30 INF] HealthApp.Api.BackgroundServices.HeartbeatBackgroundService HealthAxis heartbeat running at "2026-07-16T16:11:26.3124283+05:30"------------
[2026-07-16 16:11:36.334 +05:30 INF] HealthApp.Api.BackgroundServices.HeartbeatBackgroundService HealthAxis heartbeat running at "2026-07-16T16:11:36.3345634+05:30"------------
[2026-07-16 16:11:46.358 +05:30 INF] HealthApp.Api.BackgroundServices.HeartbeatBackgroundService HealthAxis heartbeat running at "2026-07-16T16:11:46.3580056+05:30"------------
[2026-07-16 16:11:56.377 +05:30 INF] HealthApp.Api.BackgroundServices.HeartbeatBackgroundService HealthAxis heartbeat running at "2026-07-16T16:11:56.3771564+05:30"------------
[2026-07-16 16:12:06.386 +05:30 INF] HealthApp.Api.BackgroundServices.HeartbeatBackgroundService HealthAxis heartbeat running at "2026-07-16T16:12:06.3865851+05:30"------------
[2026-07-16 16:12:16.401 +05:30 INF] HealthApp.Api.BackgroundServices.HeartbeatBackgroundService HealthAxis heartbeat running at "2026-07-16T16:12:16.4012930+05:30"------------
[2026-07-16 16:12:26.425 +05:30 INF] HealthApp.Api.BackgroundServices.HeartbeatBackgroundService HealthAxis heartbeat running at "2026-07-16T16:12:26.4250383+05:30"------------
[2026-07-16 16:12:36.430 +05:30 INF] HealthApp.Api.BackgroundServices.HeartbeatBackgroundService HealthAxis heartbeat running at "2026-07-16T16:12:36.4309613+05:30"------------
[2026-07-16 16:12:46.446 +05:30 INF] HealthApp.Api.BackgroundServices.HeartbeatBackgroundService HealthAxis heartbeat running at "2026-07-16T16:12:46.4466205+05:30"------------
[2026-07-16 16:12:56.466 +05:30 INF] HealthApp.Api.BackgroundServices.HeartbeatBackgroundService HealthAxis heartbeat running at "2026-07-16T16:12:56.4669066+05:30"------------
[2026-07-16 16:13:06.488 +05:30 INF] HealthApp.Api.BackgroundServices.HeartbeatBackgroundService HealthAxis heartbeat running at "2026-07-16T16:13:06.4889476+05:30"------------
[2026-07-16 16:13:16.548 +05:30 INF] HealthApp.Api.BackgroundServices.HeartbeatBackgroundService HealthAxis heartbeat running at "2026-07-16T16:13:16.5484436+05:30"------------
[2026-07-16 16:13:26.558 +05:30 INF] HealthApp.Api.BackgroundServices.HeartbeatBackgroundService HealthAxis heartbeat running at "2026-07-16T16:13:26.5579773+05:30"------------
[2026-07-16 16:13:36.565 +05:30 INF] HealthApp.Api.BackgroundServices.HeartbeatBackgroundService HealthAxis heartbeat running at "2026-07-16T16:13:36.5655593+05:30"------------
[2026-07-16 16:13:46.579 +05:30 INF] HealthApp.Api.BackgroundServices.HeartbeatBackgroundService HealthAxis heartbeat running at "2026-07-16T16:13:46.5790089+05:30"------------
[2026-07-16 16:13:56.601 +05:30 INF] HealthApp.Api.BackgroundServices.HeartbeatBackgroundService HealthAxis heartbeat running at "2026-07-16T16:13:56.6009794+05:30"------------
[2026-07-16 16:14:06.628 +05:30 INF] HealthApp.Api.BackgroundServices.HeartbeatBackgroundService HealthAxis heartbeat running at "2026-07-16T16:14:06.6284749+05:30"------------
[2026-07-16 16:14:16.805 +05:30 INF] HealthApp.Api.BackgroundServices.HeartbeatBackgroundService HealthAxis heartbeat running at "2026-07-16T16:14:16.8051810+05:30"------------
[2026-07-16 16:14:26.831 +05:30 INF] HealthApp.Api.BackgroundServices.HeartbeatBackgroundService HealthAxis heartbeat running at "2026-07-16T16:14:26.8312474+05:30"------------
[2026-07-16 16:14:36.845 +05:30 INF] HealthApp.Api.BackgroundServices.HeartbeatBackgroundService HealthAxis heartbeat running at "2026-07-16T16:14:36.8454879+05:30"------------
[2026-07-16 16:14:46.863 +05:30 INF] HealthApp.Api.BackgroundServices.HeartbeatBackgroundService HealthAxis heartbeat running at "2026-07-16T16:14:46.8633337+05:30"------------
[2026-07-16 16:14:56.888 +05:30 INF] HealthApp.Api.BackgroundServices.HeartbeatBackgroundService HealthAxis heartbeat running at "2026-07-16T16:14:56.8884999+05:30"------------
[2026-07-16 16:15:06.899 +05:30 INF] HealthApp.Api.BackgroundServices.HeartbeatBackgroundService HealthAxis heartbeat running at "2026-07-16T16:15:06.8998666+05:30"------------
[2026-07-16 16:15:16.911 +05:30 INF] HealthApp.Api.BackgroundServices.HeartbeatBackgroundService HealthAxis heartbeat running at "2026-07-16T16:15:16.9115722+05:30"------------
[2026-07-16 16:15:26.940 +05:30 INF] HealthApp.Api.BackgroundServices.HeartbeatBackgroundService HealthAxis heartbeat running at "2026-07-16T16:15:26.9407646+05:30"------------
[2026-07-16 16:15:36.956 +05:30 INF] HealthApp.Api.BackgroundServices.HeartbeatBackgroundService HealthAxis heartbeat running at "2026-07-16T16:15:36.9565808+05:30"------------
[2026-07-16 16:15:46.977 +05:30 INF] HealthApp.Api.BackgroundServices.HeartbeatBackgroundService HealthAxis heartbeat running at "2026-07-16T16:15:46.9770058+05:30"------------
[2026-07-16 16:15:56.998 +05:30 INF] HealthApp.Api.BackgroundServices.HeartbeatBackgroundService HealthAxis heartbeat running at "2026-07-16T16:15:56.9981822+05:30"------------
[2026-07-16 16:16:07.014 +05:30 INF] HealthApp.Api.BackgroundServices.HeartbeatBackgroundService HealthAxis heartbeat running at "2026-07-16T16:16:07.0141926+05:30"------------
[2026-07-16 16:16:17.062 +05:30 INF] HealthApp.Api.BackgroundServices.HeartbeatBackgroundService HealthAxis heartbeat running at "2026-07-16T16:16:17.0628211+05:30"------------
[2026-07-16 16:16:27.082 +05:30 INF] HealthApp.Api.BackgroundServices.HeartbeatBackgroundService HealthAxis heartbeat running at "2026-07-16T16:16:27.0820423+05:30"------------
[2026-07-16 16:16:37.100 +05:30 INF] HealthApp.Api.BackgroundServices.HeartbeatBackgroundService HealthAxis heartbeat running at "2026-07-16T16:16:37.1004890+05:30"------------
[2026-07-16 16:16:47.113 +05:30 INF] HealthApp.Api.BackgroundServices.HeartbeatBackgroundService HealthAxis heartbeat running at "2026-07-16T16:16:47.1130977+05:30"------------
[2026-07-16 16:16:57.136 +05:30 INF] HealthApp.Api.BackgroundServices.HeartbeatBackgroundService HealthAxis heartbeat running at "2026-07-16T16:16:57.1363029+05:30"------------
[2026-07-16 16:17:07.151 +05:30 INF] HealthApp.Api.BackgroundServices.HeartbeatBackgroundService HealthAxis heartbeat running at "2026-07-16T16:17:07.1515509+05:30"------------
[2026-07-16 16:17:17.163 +05:30 INF] HealthApp.Api.BackgroundServices.HeartbeatBackgroundService HealthAxis heartbeat running at "2026-07-16T16:17:17.1632219+05:30"------------
[2026-07-16 16:17:27.183 +05:30 INF] HealthApp.Api.BackgroundServices.HeartbeatBackgroundService HealthAxis heartbeat running at "2026-07-16T16:17:27.1834745+05:30"------------
[2026-07-16 16:17:37.280 +05:30 INF] HealthApp.Api.BackgroundServices.HeartbeatBackgroundService HealthAxis heartbeat running at "2026-07-16T16:17:37.2797445+05:30"------------
[2026-07-16 16:17:47.303 +05:30 INF] HealthApp.Api.BackgroundServices.HeartbeatBackgroundService HealthAxis heartbeat running at "2026-07-16T16:17:47.3030843+05:30"------------
[2026-07-16 16:17:57.324 +05:30 INF] HealthApp.Api.BackgroundServices.HeartbeatBackgroundService HealthAxis heartbeat running at "2026-07-16T16:17:57.3241029+05:30"------------
[2026-07-16 16:18:07.352 +05:30 INF] HealthApp.Api.BackgroundServices.HeartbeatBackgroundService HealthAxis heartbeat running at "2026-07-16T16:18:07.3529477+05:30"------------
[2026-07-16 16:18:17.366 +05:30 INF] HealthApp.Api.BackgroundServices.HeartbeatBackgroundService HealthAxis heartbeat running at "2026-07-16T16:18:17.3663193+05:30"------------
[2026-07-16 16:18:27.384 +05:30 INF] HealthApp.Api.BackgroundServices.HeartbeatBackgroundService HealthAxis heartbeat running at "2026-07-16T16:18:27.3843968+05:30"------------
[2026-07-16 16:18:37.409 +05:30 INF] HealthApp.Api.BackgroundServices.HeartbeatBackgroundService HealthAxis heartbeat running at "2026-07-16T16:18:37.4090031+05:30"------------
[2026-07-16 16:18:47.430 +05:30 INF] HealthApp.Api.BackgroundServices.HeartbeatBackgroundService HealthAxis heartbeat running at "2026-07-16T16:18:47.4308973+05:30"------------
[2026-07-16 16:18:57.454 +05:30 INF] HealthApp.Api.BackgroundServices.HeartbeatBackgroundService HealthAxis heartbeat running at "2026-07-16T16:18:57.4542622+05:30"------------
[2026-07-16 16:19:07.468 +05:30 INF] HealthApp.Api.BackgroundServices.HeartbeatBackgroundService HealthAxis heartbeat running at "2026-07-16T16:19:07.4680646+05:30"------------
[2026-07-16 16:19:17.487 +05:30 INF] HealthApp.Api.BackgroundServices.HeartbeatBackgroundService HealthAxis heartbeat running at "2026-07-16T16:19:17.4877526+05:30"------------
[2026-07-16 16:19:27.510 +05:30 INF] HealthApp.Api.BackgroundServices.HeartbeatBackgroundService HealthAxis heartbeat running at "2026-07-16T16:19:27.5104865+05:30"------------
[2026-07-16 16:19:37.517 +05:30 INF] HealthApp.Api.BackgroundServices.HeartbeatBackgroundService HealthAxis heartbeat running at "2026-07-16T16:19:37.5177670+05:30"------------
[2026-07-16 16:19:47.536 +05:30 INF] HealthApp.Api.BackgroundServices.HeartbeatBackgroundService HealthAxis heartbeat running at "2026-07-16T16:19:47.5365595+05:30"------------
[2026-07-16 16:19:57.553 +05:30 INF] HealthApp.Api.BackgroundServices.HeartbeatBackgroundService HealthAxis heartbeat running at "2026-07-16T16:19:57.5530137+05:30"------------
[2026-07-16 16:20:07.599 +05:30 INF] HealthApp.Api.BackgroundServices.HeartbeatBackgroundService HealthAxis heartbeat running at "2026-07-16T16:20:07.5995656+05:30"------------
[2026-07-16 16:20:17.619 +05:30 INF] HealthApp.Api.BackgroundServices.HeartbeatBackgroundService HealthAxis heartbeat running at "2026-07-16T16:20:17.6199023+05:30"------------
[2026-07-16 16:20:27.642 +05:30 INF] HealthApp.Api.BackgroundServices.HeartbeatBackgroundService HealthAxis heartbeat running at "2026-07-16T16:20:27.6421666+05:30"------------
[2026-07-16 16:20:37.658 +05:30 INF] HealthApp.Api.BackgroundServices.HeartbeatBackgroundService HealthAxis heartbeat running at "2026-07-16T16:20:37.6587414+05:30"------------
[2026-07-16 16:20:47.676 +05:30 INF] HealthApp.Api.BackgroundServices.HeartbeatBackgroundService HealthAxis heartbeat running at "2026-07-16T16:20:47.6766088+05:30"------------
[2026-07-16 16:20:57.691 +05:30 INF] HealthApp.Api.BackgroundServices.HeartbeatBackgroundService HealthAxis heartbeat running at "2026-07-16T16:20:57.6911612+05:30"------------
[2026-07-16 16:21:07.704 +05:30 INF] HealthApp.Api.BackgroundServices.HeartbeatBackgroundService HealthAxis heartbeat running at "2026-07-16T16:21:07.7049220+05:30"------------
[2026-07-16 16:21:17.722 +05:30 INF] HealthApp.Api.BackgroundServices.HeartbeatBackgroundService HealthAxis heartbeat running at "2026-07-16T16:21:17.7227423+05:30"------------
[2026-07-16 16:21:27.746 +05:30 INF] HealthApp.Api.BackgroundServices.HeartbeatBackgroundService HealthAxis heartbeat running at "2026-07-16T16:21:27.7467888+05:30"------------
[2026-07-16 16:21:37.779 +05:30 INF] HealthApp.Api.BackgroundServices.HeartbeatBackgroundService HealthAxis heartbeat running at "2026-07-16T16:21:37.7791043+05:30"------------
[2026-07-16 16:21:47.802 +05:30 INF] HealthApp.Api.BackgroundServices.HeartbeatBackgroundService HealthAxis heartbeat running at "2026-07-16T16:21:47.8022717+05:30"------------
[2026-07-16 16:21:57.841 +05:30 INF] HealthApp.Api.BackgroundServices.HeartbeatBackgroundService HealthAxis heartbeat running at "2026-07-16T16:21:57.8413345+05:30"------------
[2026-07-16 16:22:07.852 +05:30 INF] HealthApp.Api.BackgroundServices.HeartbeatBackgroundService HealthAxis heartbeat running at "2026-07-16T16:22:07.8525008+05:30"------------
[2026-07-16 16:22:17.862 +05:30 INF] HealthApp.Api.BackgroundServices.HeartbeatBackgroundService HealthAxis heartbeat running at "2026-07-16T16:22:17.8629237+05:30"------------
[2026-07-16 16:22:27.878 +05:30 INF] HealthApp.Api.BackgroundServices.HeartbeatBackgroundService HealthAxis heartbeat running at "2026-07-16T16:22:27.8785428+05:30"------------
[2026-07-16 16:22:37.902 +05:30 INF] HealthApp.Api.BackgroundServices.HeartbeatBackgroundService HealthAxis heartbeat running at "2026-07-16T16:22:37.9029728+05:30"------------
[2026-07-16 16:22:47.926 +05:30 INF] HealthApp.Api.BackgroundServices.HeartbeatBackgroundService HealthAxis heartbeat running at "2026-07-16T16:22:47.9268158+05:30"------------
[2026-07-16 16:22:57.943 +05:30 INF] HealthApp.Api.BackgroundServices.HeartbeatBackgroundService HealthAxis heartbeat running at "2026-07-16T16:22:57.9429919+05:30"------------
[2026-07-16 16:23:07.966 +05:30 INF] HealthApp.Api.BackgroundServices.HeartbeatBackgroundService HealthAxis heartbeat running at "2026-07-16T16:23:07.9669560+05:30"------------
[2026-07-16 16:23:17.978 +05:30 INF] HealthApp.Api.BackgroundServices.HeartbeatBackgroundService HealthAxis heartbeat running at "2026-07-16T16:23:17.9785858+05:30"------------
[2026-07-16 16:23:27.996 +05:30 INF] HealthApp.Api.BackgroundServices.HeartbeatBackgroundService HealthAxis heartbeat running at "2026-07-16T16:23:27.9964071+05:30"------------
[2026-07-16 16:23:38.018 +05:30 INF] HealthApp.Api.BackgroundServices.HeartbeatBackgroundService HealthAxis heartbeat running at "2026-07-16T16:23:38.0188966+05:30"------------
[2026-07-16 16:23:48.038 +05:30 INF] HealthApp.Api.BackgroundServices.HeartbeatBackgroundService HealthAxis heartbeat running at "2026-07-16T16:23:48.0387484+05:30"------------
[2026-07-16 16:23:58.044 +05:30 INF] HealthApp.Api.BackgroundServices.HeartbeatBackgroundService HealthAxis heartbeat running at "2026-07-16T16:23:58.0442731+05:30"------------
[2026-07-16 16:24:08.055 +05:30 INF] HealthApp.Api.BackgroundServices.HeartbeatBackgroundService HealthAxis heartbeat running at "2026-07-16T16:24:08.0558824+05:30"------------
[2026-07-16 16:24:18.080 +05:30 INF] HealthApp.Api.BackgroundServices.HeartbeatBackgroundService HealthAxis heartbeat running at "2026-07-16T16:24:18.0808915+05:30"------------
[2026-07-16 16:24:28.099 +05:30 INF] HealthApp.Api.BackgroundServices.HeartbeatBackgroundService HealthAxis heartbeat running at "2026-07-16T16:24:28.0999066+05:30"------------
[2026-07-16 16:24:38.155 +05:30 INF] HealthApp.Api.BackgroundServices.HeartbeatBackgroundService HealthAxis heartbeat running at "2026-07-16T16:24:38.1558432+05:30"------------
[2026-07-16 16:24:48.167 +05:30 INF] HealthApp.Api.BackgroundServices.HeartbeatBackgroundService HealthAxis heartbeat running at "2026-07-16T16:24:48.1674756+05:30"------------
[2026-07-16 16:24:58.186 +05:30 INF] HealthApp.Api.BackgroundServices.HeartbeatBackgroundService HealthAxis heartbeat running at "2026-07-16T16:24:58.1862043+05:30"------------
[2026-07-16 16:25:08.203 +05:30 INF] HealthApp.Api.BackgroundServices.HeartbeatBackgroundService HealthAxis heartbeat running at "2026-07-16T16:25:08.2035216+05:30"------------
[2026-07-16 16:25:18.228 +05:30 INF] HealthApp.Api.BackgroundServices.HeartbeatBackgroundService HealthAxis heartbeat running at "2026-07-16T16:25:18.2283293+05:30"------------
[2026-07-16 16:25:28.244 +05:30 INF] HealthApp.Api.BackgroundServices.HeartbeatBackgroundService HealthAxis heartbeat running at "2026-07-16T16:25:28.2441653+05:30"------------
[2026-07-16 16:25:38.271 +05:30 INF] HealthApp.Api.BackgroundServices.HeartbeatBackgroundService HealthAxis heartbeat running at "2026-07-16T16:25:38.2714399+05:30"------------
[2026-07-16 16:25:48.294 +05:30 INF] HealthApp.Api.BackgroundServices.HeartbeatBackgroundService HealthAxis heartbeat running at "2026-07-16T16:25:48.2947234+05:30"------------
[2026-07-16 16:25:58.314 +05:30 INF] HealthApp.Api.BackgroundServices.HeartbeatBackgroundService HealthAxis heartbeat running at "2026-07-16T16:25:58.3143555+05:30"------------
[2026-07-16 16:26:08.334 +05:30 INF] HealthApp.Api.BackgroundServices.HeartbeatBackgroundService HealthAxis heartbeat running at "2026-07-16T16:26:08.3345133+05:30"------------
[2026-07-16 16:26:18.393 +05:30 INF] HealthApp.Api.BackgroundServices.HeartbeatBackgroundService HealthAxis heartbeat running at "2026-07-16T16:26:18.3932616+05:30"------------
[2026-07-16 16:26:28.418 +05:30 INF] HealthApp.Api.BackgroundServices.HeartbeatBackgroundService HealthAxis heartbeat running at "2026-07-16T16:26:28.4186692+05:30"------------
[2026-07-16 16:26:38.461 +05:30 INF] HealthApp.Api.BackgroundServices.HeartbeatBackgroundService HealthAxis heartbeat running at "2026-07-16T16:26:38.4618531+05:30"------------
[2026-07-16 16:26:48.487 +05:30 INF] HealthApp.Api.BackgroundServices.HeartbeatBackgroundService HealthAxis heartbeat running at "2026-07-16T16:26:48.4875833+05:30"------------
[2026-07-16 16:26:58.518 +05:30 INF] HealthApp.Api.BackgroundServices.HeartbeatBackgroundService HealthAxis heartbeat running at "2026-07-16T16:26:58.5184196+05:30"------------
[2026-07-16 16:27:08.550 +05:30 INF] HealthApp.Api.BackgroundServices.HeartbeatBackgroundService HealthAxis heartbeat running at "2026-07-16T16:27:08.5506970+05:30"------------
[2026-07-16 16:27:18.580 +05:30 INF] HealthApp.Api.BackgroundServices.HeartbeatBackgroundService HealthAxis heartbeat running at "2026-07-16T16:27:18.5803709+05:30"------------
[2026-07-16 16:27:28.628 +05:30 INF] HealthApp.Api.BackgroundServices.HeartbeatBackgroundService HealthAxis heartbeat running at "2026-07-16T16:27:28.6284474+05:30"------------
[2026-07-16 16:27:38.661 +05:30 INF] HealthApp.Api.BackgroundServices.HeartbeatBackgroundService HealthAxis heartbeat running at "2026-07-16T16:27:38.6615928+05:30"------------
[2026-07-16 16:27:48.712 +05:30 INF] HealthApp.Api.BackgroundServices.HeartbeatBackgroundService HealthAxis heartbeat running at "2026-07-16T16:27:48.7121148+05:30"------------
[2026-07-16 16:27:58.736 +05:30 INF] HealthApp.Api.BackgroundServices.HeartbeatBackgroundService HealthAxis heartbeat running at "2026-07-16T16:27:58.7359543+05:30"------------
[2026-07-16 16:28:08.759 +05:30 INF] HealthApp.Api.BackgroundServices.HeartbeatBackgroundService HealthAxis heartbeat running at "2026-07-16T16:28:08.7598506+05:30"------------
[2026-07-16 16:28:18.778 +05:30 INF] HealthApp.Api.BackgroundServices.HeartbeatBackgroundService HealthAxis heartbeat running at "2026-07-16T16:28:18.7786574+05:30"------------
[2026-07-16 16:28:28.803 +05:30 INF] HealthApp.Api.BackgroundServices.HeartbeatBackgroundService HealthAxis heartbeat running at "2026-07-16T16:28:28.8034067+05:30"------------
[2026-07-16 16:28:38.826 +05:30 INF] HealthApp.Api.BackgroundServices.HeartbeatBackgroundService HealthAxis heartbeat running at "2026-07-16T16:28:38.8260896+05:30"------------
[2026-07-16 16:28:48.844 +05:30 INF] HealthApp.Api.BackgroundServices.HeartbeatBackgroundService HealthAxis heartbeat running at "2026-07-16T16:28:48.8439743+05:30"------------
[2026-07-16 16:28:58.868 +05:30 INF] HealthApp.Api.BackgroundServices.HeartbeatBackgroundService HealthAxis heartbeat running at "2026-07-16T16:28:58.8682074+05:30"------------
[2026-07-16 16:29:08.885 +05:30 INF] HealthApp.Api.BackgroundServices.HeartbeatBackgroundService HealthAxis heartbeat running at "2026-07-16T16:29:08.8856276+05:30"------------
[2026-07-16 16:29:18.902 +05:30 INF] HealthApp.Api.BackgroundServices.HeartbeatBackgroundService HealthAxis heartbeat running at "2026-07-16T16:29:18.9020483+05:30"------------
[2026-07-16 16:29:28.912 +05:30 INF] HealthApp.Api.BackgroundServices.HeartbeatBackgroundService HealthAxis heartbeat running at "2026-07-16T16:29:28.9122808+05:30"------------
[2026-07-16 16:29:38.928 +05:30 INF] HealthApp.Api.BackgroundServices.HeartbeatBackgroundService HealthAxis heartbeat running at "2026-07-16T16:29:38.9285076+05:30"------------
[2026-07-16 16:29:48.957 +05:30 INF] HealthApp.Api.BackgroundServices.HeartbeatBackgroundService HealthAxis heartbeat running at "2026-07-16T16:29:48.9575166+05:30"------------
[2026-07-16 16:29:58.968 +05:30 INF] HealthApp.Api.BackgroundServices.HeartbeatBackgroundService HealthAxis heartbeat running at "2026-07-16T16:29:58.9683401+05:30"------------
[2026-07-16 16:30:08.985 +05:30 INF] HealthApp.Api.BackgroundServices.HeartbeatBackgroundService HealthAxis heartbeat running at "2026-07-16T16:30:08.9857483+05:30"------------
[2026-07-16 16:30:18.994 +05:30 INF] HealthApp.Api.BackgroundServices.HeartbeatBackgroundService HealthAxis heartbeat running at "2026-07-16T16:30:18.9948705+05:30"------------
[2026-07-16 16:30:29.026 +05:30 INF] HealthApp.Api.BackgroundServices.HeartbeatBackgroundService HealthAxis heartbeat running at "2026-07-16T16:30:29.0267163+05:30"------------
[2026-07-16 16:30:39.053 +05:30 INF] HealthApp.Api.BackgroundServices.HeartbeatBackgroundService HealthAxis heartbeat running at "2026-07-16T16:30:39.0539359+05:30"------------
[2026-07-16 16:30:49.066 +05:30 INF] HealthApp.Api.BackgroundServices.HeartbeatBackgroundService HealthAxis heartbeat running at "2026-07-16T16:30:49.0659844+05:30"------------
[2026-07-16 16:30:59.125 +05:30 INF] HealthApp.Api.BackgroundServices.HeartbeatBackgroundService HealthAxis heartbeat running at "2026-07-16T16:30:59.1257989+05:30"------------
[2026-07-16 16:31:09.136 +05:30 INF] HealthApp.Api.BackgroundServices.HeartbeatBackgroundService HealthAxis heartbeat running at "2026-07-16T16:31:09.1369080+05:30"------------
[2026-07-16 16:31:19.151 +05:30 INF] HealthApp.Api.BackgroundServices.HeartbeatBackgroundService HealthAxis heartbeat running at "2026-07-16T16:31:19.1513052+05:30"------------
[2026-07-16 16:31:29.177 +05:30 INF] HealthApp.Api.BackgroundServices.HeartbeatBackgroundService HealthAxis heartbeat running at "2026-07-16T16:31:29.1776393+05:30"------------
[2026-07-16 16:31:39.193 +05:30 INF] HealthApp.Api.BackgroundServices.HeartbeatBackgroundService HealthAxis heartbeat running at "2026-07-16T16:31:39.1932732+05:30"------------
[2026-07-16 16:31:49.214 +05:30 INF] HealthApp.Api.BackgroundServices.HeartbeatBackgroundService HealthAxis heartbeat running at "2026-07-16T16:31:49.2147522+05:30"------------
[2026-07-16 16:31:59.231 +05:30 INF] HealthApp.Api.BackgroundServices.HeartbeatBackgroundService HealthAxis heartbeat running at "2026-07-16T16:31:59.2311150+05:30"------------
[2026-07-16 16:32:09.246 +05:30 INF] HealthApp.Api.BackgroundServices.HeartbeatBackgroundService HealthAxis heartbeat running at "2026-07-16T16:32:09.2465536+05:30"------------
[2026-07-16 16:32:19.269 +05:30 INF] HealthApp.Api.BackgroundServices.HeartbeatBackgroundService HealthAxis heartbeat running at "2026-07-16T16:32:19.2698375+05:30"------------
[2026-07-16 16:32:29.280 +05:30 INF] HealthApp.Api.BackgroundServices.HeartbeatBackgroundService HealthAxis heartbeat running at "2026-07-16T16:32:29.2805380+05:30"------------
[2026-07-16 16:32:39.305 +05:30 INF] HealthApp.Api.BackgroundServices.HeartbeatBackgroundService HealthAxis heartbeat running at "2026-07-16T16:32:39.3056917+05:30"------------
[2026-07-16 16:32:49.329 +05:30 INF] HealthApp.Api.BackgroundServices.HeartbeatBackgroundService HealthAxis heartbeat running at "2026-07-16T16:32:49.3291200+05:30"------------
[2026-07-16 16:32:59.341 +05:30 INF] HealthApp.Api.BackgroundServices.HeartbeatBackgroundService HealthAxis heartbeat running at "2026-07-16T16:32:59.3418446+05:30"------------
[2026-07-16 16:33:09.360 +05:30 INF] HealthApp.Api.BackgroundServices.HeartbeatBackgroundService HealthAxis heartbeat running at "2026-07-16T16:33:09.3602892+05:30"------------
[2026-07-16 16:33:19.374 +05:30 INF] HealthApp.Api.BackgroundServices.HeartbeatBackgroundService HealthAxis heartbeat running at "2026-07-16T16:33:19.3746464+05:30"------------
[2026-07-16 16:33:29.401 +05:30 INF] HealthApp.Api.BackgroundServices.HeartbeatBackgroundService HealthAxis heartbeat running at "2026-07-16T16:33:29.4010648+05:30"------------
[2026-07-16 16:33:39.413 +05:30 INF] HealthApp.Api.BackgroundServices.HeartbeatBackgroundService HealthAxis heartbeat running at "2026-07-16T16:33:39.4137678+05:30"------------
[2026-07-16 16:33:49.429 +05:30 INF] HealthApp.Api.BackgroundServices.HeartbeatBackgroundService HealthAxis heartbeat running at "2026-07-16T16:33:49.4291074+05:30"------------
[2026-07-16 16:33:59.452 +05:30 INF] HealthApp.Api.BackgroundServices.HeartbeatBackgroundService HealthAxis heartbeat running at "2026-07-16T16:33:59.4525368+05:30"------------
[2026-07-16 16:34:09.471 +05:30 INF] HealthApp.Api.BackgroundServices.HeartbeatBackgroundService HealthAxis heartbeat running at "2026-07-16T16:34:09.4710702+05:30"------------
[2026-07-16 16:34:19.493 +05:30 INF] HealthApp.Api.BackgroundServices.HeartbeatBackgroundService HealthAxis heartbeat running at "2026-07-16T16:34:19.4931544+05:30"------------
[2026-07-16 16:34:29.512 +05:30 INF] HealthApp.Api.BackgroundServices.HeartbeatBackgroundService HealthAxis heartbeat running at "2026-07-16T16:34:29.5126688+05:30"------------
[2026-07-16 16:34:39.544 +05:30 INF] HealthApp.Api.BackgroundServices.HeartbeatBackgroundService HealthAxis heartbeat running at "2026-07-16T16:34:39.5440772+05:30"------------
[2026-07-16 16:54:14.705 +05:30 INF] HealthApp.Api.BackgroundServices.HeartbeatBackgroundService HealthAxis heartbeat running at "2026-07-16T16:54:14.7052195+05:30"------------
[2026-07-16 16:54:24.751 +05:30 INF] HealthApp.Api.BackgroundServices.HeartbeatBackgroundService HealthAxis heartbeat running at "2026-07-16T16:54:24.7512867+05:30"------------
[2026-07-16 16:54:34.823 +05:30 INF] HealthApp.Api.BackgroundServices.HeartbeatBackgroundService HealthAxis heartbeat running at "2026-07-16T16:54:34.8235120+05:30"------------
[2026-07-16 16:54:44.865 +05:30 INF] HealthApp.Api.BackgroundServices.HeartbeatBackgroundService HealthAxis heartbeat running at "2026-07-16T16:54:44.8656643+05:30"------------
[2026-07-16 16:54:54.889 +05:30 INF] HealthApp.Api.BackgroundServices.HeartbeatBackgroundService HealthAxis heartbeat running at "2026-07-16T16:54:54.8894732+05:30"------------
[2026-07-16 16:55:04.905 +05:30 INF] HealthApp.Api.BackgroundServices.HeartbeatBackgroundService HealthAxis heartbeat running at "2026-07-16T16:55:04.9052917+05:30"------------
[2026-07-16 16:55:14.914 +05:30 INF] HealthApp.Api.BackgroundServices.HeartbeatBackgroundService HealthAxis heartbeat running at "2026-07-16T16:55:14.9142108+05:30"------------
[2026-07-16 16:55:24.933 +05:30 INF] HealthApp.Api.BackgroundServices.HeartbeatBackgroundService HealthAxis heartbeat running at "2026-07-16T16:55:24.9339789+05:30"------------
[2026-07-16 16:55:34.953 +05:30 INF] HealthApp.Api.BackgroundServices.HeartbeatBackgroundService HealthAxis heartbeat running at "2026-07-16T16:55:34.9537306+05:30"------------
[2026-07-16 16:55:44.974 +05:30 INF] HealthApp.Api.BackgroundServices.HeartbeatBackgroundService HealthAxis heartbeat running at "2026-07-16T16:55:44.9749415+05:30"------------
[2026-07-16 16:55:54.986 +05:30 INF] HealthApp.Api.BackgroundServices.HeartbeatBackgroundService HealthAxis heartbeat running at "2026-07-16T16:55:54.9867498+05:30"------------
[2026-07-16 16:56:04.996 +05:30 INF] HealthApp.Api.BackgroundServices.HeartbeatBackgroundService HealthAxis heartbeat running at "2026-07-16T16:56:04.9959899+05:30"------------
[2026-07-16 16:56:15.013 +05:30 INF] HealthApp.Api.BackgroundServices.HeartbeatBackgroundService HealthAxis heartbeat running at "2026-07-16T16:56:15.0137239+05:30"------------
[2026-07-16 16:56:25.021 +05:30 INF] HealthApp.Api.BackgroundServices.HeartbeatBackgroundService HealthAxis heartbeat running at "2026-07-16T16:56:25.0213873+05:30"------------
[2026-07-16 16:56:35.032 +05:30 INF] HealthApp.Api.BackgroundServices.HeartbeatBackgroundService HealthAxis heartbeat running at "2026-07-16T16:56:35.0329722+05:30"------------
[2026-07-16 16:56:45.051 +05:30 INF] HealthApp.Api.BackgroundServices.HeartbeatBackgroundService HealthAxis heartbeat running at "2026-07-16T16:56:45.0512799+05:30"------------
[2026-07-16 16:56:55.064 +05:30 INF] HealthApp.Api.BackgroundServices.HeartbeatBackgroundService HealthAxis heartbeat running at "2026-07-16T16:56:55.0640042+05:30"------------
[2026-07-16 16:57:05.074 +05:30 INF] HealthApp.Api.BackgroundServices.HeartbeatBackgroundService HealthAxis heartbeat running at "2026-07-16T16:57:05.0744431+05:30"------------
[2026-07-16 16:57:15.095 +05:30 INF] HealthApp.Api.BackgroundServices.HeartbeatBackgroundService HealthAxis heartbeat running at "2026-07-16T16:57:15.0951380+05:30"------------
[2026-07-16 16:57:25.113 +05:30 INF] HealthApp.Api.BackgroundServices.HeartbeatBackgroundService HealthAxis heartbeat running at "2026-07-16T16:57:25.1131674+05:30"------------
[2026-07-16 16:57:35.140 +05:30 INF] HealthApp.Api.BackgroundServices.HeartbeatBackgroundService HealthAxis heartbeat running at "2026-07-16T16:57:35.1401590+05:30"------------
[2026-07-16 16:57:45.147 +05:30 INF] HealthApp.Api.BackgroundServices.HeartbeatBackgroundService HealthAxis heartbeat running at "2026-07-16T16:57:45.1478384+05:30"------------
[2026-07-16 16:57:55.162 +05:30 INF] HealthApp.Api.BackgroundServices.HeartbeatBackgroundService HealthAxis heartbeat running at "2026-07-16T16:57:55.1625414+05:30"------------
[2026-07-16 16:58:05.171 +05:30 INF] HealthApp.Api.BackgroundServices.HeartbeatBackgroundService HealthAxis heartbeat running at "2026-07-16T16:58:05.1711619+05:30"------------
[2026-07-16 16:58:15.187 +05:30 INF] HealthApp.Api.BackgroundServices.HeartbeatBackgroundService HealthAxis heartbeat running at "2026-07-16T16:58:15.1878928+05:30"------------
[2026-07-16 16:58:25.197 +05:30 INF] HealthApp.Api.BackgroundServices.HeartbeatBackgroundService HealthAxis heartbeat running at "2026-07-16T16:58:25.1970243+05:30"------------
[2026-07-16 16:58:35.211 +05:30 INF] HealthApp.Api.BackgroundServices.HeartbeatBackgroundService HealthAxis heartbeat running at "2026-07-16T16:58:35.2113529+05:30"------------
[2026-07-16 16:58:45.319 +05:30 INF] HealthApp.Api.BackgroundServices.HeartbeatBackgroundService HealthAxis heartbeat running at "2026-07-16T16:58:45.3194103+05:30"------------
[2026-07-16 16:58:55.363 +05:30 INF] HealthApp.Api.BackgroundServices.HeartbeatBackgroundService HealthAxis heartbeat running at "2026-07-16T16:58:55.3636821+05:30"------------
[2026-07-16 16:59:05.387 +05:30 INF] HealthApp.Api.BackgroundServices.HeartbeatBackgroundService HealthAxis heartbeat running at "2026-07-16T16:59:05.3875734+05:30"------------
[2026-07-16 16:59:15.427 +05:30 INF] HealthApp.Api.BackgroundServices.HeartbeatBackgroundService HealthAxis heartbeat running at "2026-07-16T16:59:15.4274376+05:30"------------
[2026-07-16 16:59:25.468 +05:30 INF] HealthApp.Api.BackgroundServices.HeartbeatBackgroundService HealthAxis heartbeat running at "2026-07-16T16:59:25.4687506+05:30"------------
[2026-07-16 16:59:35.474 +05:30 INF] HealthApp.Api.BackgroundServices.HeartbeatBackgroundService HealthAxis heartbeat running at "2026-07-16T16:59:35.4749569+05:30"------------
[2026-07-16 16:59:45.492 +05:30 INF] HealthApp.Api.BackgroundServices.HeartbeatBackgroundService HealthAxis heartbeat running at "2026-07-16T16:59:45.4923006+05:30"------------
[2026-07-16 16:59:55.514 +05:30 INF] HealthApp.Api.BackgroundServices.HeartbeatBackgroundService HealthAxis heartbeat running at "2026-07-16T16:59:55.5141085+05:30"------------
[2026-07-16 17:00:05.526 +05:30 INF] HealthApp.Api.BackgroundServices.HeartbeatBackgroundService HealthAxis heartbeat running at "2026-07-16T17:00:05.5260692+05:30"------------
[2026-07-16 17:00:15.540 +05:30 INF] HealthApp.Api.BackgroundServices.HeartbeatBackgroundService HealthAxis heartbeat running at "2026-07-16T17:00:15.5408022+05:30"------------
[2026-07-16 17:00:25.556 +05:30 INF] HealthApp.Api.BackgroundServices.HeartbeatBackgroundService HealthAxis heartbeat running at "2026-07-16T17:00:25.5569253+05:30"------------
[2026-07-16 17:00:35.582 +05:30 INF] HealthApp.Api.BackgroundServices.HeartbeatBackgroundService HealthAxis heartbeat running at "2026-07-16T17:00:35.5828194+05:30"------------
[2026-07-16 17:00:45.587 +05:30 INF] HealthApp.Api.BackgroundServices.HeartbeatBackgroundService HealthAxis heartbeat running at "2026-07-16T17:00:45.5876373+05:30"------------
[2026-07-16 17:00:55.598 +05:30 INF] HealthApp.Api.BackgroundServices.HeartbeatBackgroundService HealthAxis heartbeat running at "2026-07-16T17:00:55.5983990+05:30"------------
[2026-07-16 17:01:05.609 +05:30 INF] HealthApp.Api.BackgroundServices.HeartbeatBackgroundService HealthAxis heartbeat running at "2026-07-16T17:01:05.6095644+05:30"------------
[2026-07-16 17:01:15.615 +05:30 INF] HealthApp.Api.BackgroundServices.HeartbeatBackgroundService HealthAxis heartbeat running at "2026-07-16T17:01:15.6156238+05:30"------------
[2026-07-16 17:01:25.627 +05:30 INF] HealthApp.Api.BackgroundServices.HeartbeatBackgroundService HealthAxis heartbeat running at "2026-07-16T17:01:25.6278022+05:30"------------
[2026-07-16 17:01:35.632 +05:30 INF] HealthApp.Api.BackgroundServices.HeartbeatBackgroundService HealthAxis heartbeat running at "2026-07-16T17:01:35.6328163+05:30"------------
[2026-07-16 17:01:45.648 +05:30 INF] HealthApp.Api.BackgroundServices.HeartbeatBackgroundService HealthAxis heartbeat running at "2026-07-16T17:01:45.6480886+05:30"------------
[2026-07-16 17:01:55.657 +05:30 INF] HealthApp.Api.BackgroundServices.HeartbeatBackgroundService HealthAxis heartbeat running at "2026-07-16T17:01:55.6572769+05:30"------------
[2026-07-16 17:02:05.659 +05:30 INF] HealthApp.Api.BackgroundServices.HeartbeatBackgroundService HealthAxis heartbeat running at "2026-07-16T17:02:05.6599080+05:30"------------
[2026-07-16 17:02:15.671 +05:30 INF] HealthApp.Api.BackgroundServices.HeartbeatBackgroundService HealthAxis heartbeat running at "2026-07-16T17:02:15.6719105+05:30"------------
[2026-07-16 17:02:25.685 +05:30 INF] HealthApp.Api.BackgroundServices.HeartbeatBackgroundService HealthAxis heartbeat running at "2026-07-16T17:02:25.6857690+05:30"------------
[2026-07-16 17:02:35.698 +05:30 INF] HealthApp.Api.BackgroundServices.HeartbeatBackgroundService HealthAxis heartbeat running at "2026-07-16T17:02:35.6986357+05:30"------------
[2026-07-16 17:02:45.713 +05:30 INF] HealthApp.Api.BackgroundServices.HeartbeatBackgroundService HealthAxis heartbeat running at "2026-07-16T17:02:45.7138254+05:30"------------
[2026-07-16 17:02:55.733 +05:30 INF] HealthApp.Api.BackgroundServices.HeartbeatBackgroundService HealthAxis heartbeat running at "2026-07-16T17:02:55.7333723+05:30"------------
[2026-07-16 17:03:05.743 +05:30 INF] HealthApp.Api.BackgroundServices.HeartbeatBackgroundService HealthAxis heartbeat running at "2026-07-16T17:03:05.7433580+05:30"------------
[2026-07-16 17:03:15.754 +05:30 INF] HealthApp.Api.BackgroundServices.HeartbeatBackgroundService HealthAxis heartbeat running at "2026-07-16T17:03:15.7541269+05:30"------------
[2026-07-16 17:03:25.769 +05:30 INF] HealthApp.Api.BackgroundServices.HeartbeatBackgroundService HealthAxis heartbeat running at "2026-07-16T17:03:25.7697197+05:30"------------
[2026-07-16 17:03:35.812 +05:30 INF] HealthApp.Api.BackgroundServices.HeartbeatBackgroundService HealthAxis heartbeat running at "2026-07-16T17:03:35.8128738+05:30"------------
[2026-07-16 17:03:45.822 +05:30 INF] HealthApp.Api.BackgroundServices.HeartbeatBackgroundService HealthAxis heartbeat running at "2026-07-16T17:03:45.8226500+05:30"------------
[2026-07-16 17:03:55.826 +05:30 INF] HealthApp.Api.BackgroundServices.HeartbeatBackgroundService HealthAxis heartbeat running at "2026-07-16T17:03:55.8260892+05:30"------------
[2026-07-16 17:04:05.830 +05:30 INF] HealthApp.Api.BackgroundServices.HeartbeatBackgroundService HealthAxis heartbeat running at "2026-07-16T17:04:05.8302524+05:30"------------
[2026-07-16 17:04:15.845 +05:30 INF] HealthApp.Api.BackgroundServices.HeartbeatBackgroundService HealthAxis heartbeat running at "2026-07-16T17:04:15.8459172+05:30"------------
[2026-07-16 17:04:25.854 +05:30 INF] HealthApp.Api.BackgroundServices.HeartbeatBackgroundService HealthAxis heartbeat running at "2026-07-16T17:04:25.8543789+05:30"------------
[2026-07-16 17:04:35.866 +05:30 INF] HealthApp.Api.BackgroundServices.HeartbeatBackgroundService HealthAxis heartbeat running at "2026-07-16T17:04:35.8665011+05:30"------------
[2026-07-16 17:04:45.878 +05:30 INF] HealthApp.Api.BackgroundServices.HeartbeatBackgroundService HealthAxis heartbeat running at "2026-07-16T17:04:45.8784308+05:30"------------
[2026-07-16 17:04:55.894 +05:30 INF] HealthApp.Api.BackgroundServices.HeartbeatBackgroundService HealthAxis heartbeat running at "2026-07-16T17:04:55.8942003+05:30"------------
[2026-07-16 17:05:05.914 +05:30 INF] HealthApp.Api.BackgroundServices.HeartbeatBackgroundService HealthAxis heartbeat running at "2026-07-16T17:05:05.9148210+05:30"------------
[2026-07-16 17:05:15.929 +05:30 INF] HealthApp.Api.BackgroundServices.HeartbeatBackgroundService HealthAxis heartbeat running at "2026-07-16T17:05:15.9295658+05:30"------------
[2026-07-16 17:05:25.938 +05:30 INF] HealthApp.Api.BackgroundServices.HeartbeatBackgroundService HealthAxis heartbeat running at "2026-07-16T17:05:25.9382118+05:30"------------
[2026-07-16 17:05:35.946 +05:30 INF] HealthApp.Api.BackgroundServices.HeartbeatBackgroundService HealthAxis heartbeat running at "2026-07-16T17:05:35.9464205+05:30"------------
[2026-07-16 17:05:45.957 +05:30 INF] HealthApp.Api.BackgroundServices.HeartbeatBackgroundService HealthAxis heartbeat running at "2026-07-16T17:05:45.9578386+05:30"------------
[2026-07-16 17:05:55.972 +05:30 INF] HealthApp.Api.BackgroundServices.HeartbeatBackgroundService HealthAxis heartbeat running at "2026-07-16T17:05:55.9726733+05:30"------------
[2026-07-16 17:06:05.978 +05:30 INF] HealthApp.Api.BackgroundServices.HeartbeatBackgroundService HealthAxis heartbeat running at "2026-07-16T17:06:05.9783747+05:30"------------
[2026-07-16 17:06:15.984 +05:30 INF] HealthApp.Api.BackgroundServices.HeartbeatBackgroundService HealthAxis heartbeat running at "2026-07-16T17:06:15.9846306+05:30"------------
[2026-07-16 17:06:26.002 +05:30 INF] HealthApp.Api.BackgroundServices.HeartbeatBackgroundService HealthAxis heartbeat running at "2026-07-16T17:06:26.0022311+05:30"------------
[2026-07-16 17:06:36.021 +05:30 INF] HealthApp.Api.BackgroundServices.HeartbeatBackgroundService HealthAxis heartbeat running at "2026-07-16T17:06:36.0210914+05:30"------------
[2026-07-16 17:06:46.043 +05:30 INF] HealthApp.Api.BackgroundServices.HeartbeatBackgroundService HealthAxis heartbeat running at "2026-07-16T17:06:46.0439497+05:30"------------
[2026-07-16 17:06:56.063 +05:30 INF] HealthApp.Api.BackgroundServices.HeartbeatBackgroundService HealthAxis heartbeat running at "2026-07-16T17:06:56.0631059+05:30"------------
[2026-07-16 17:07:06.081 +05:30 INF] HealthApp.Api.BackgroundServices.HeartbeatBackgroundService HealthAxis heartbeat running at "2026-07-16T17:07:06.0811957+05:30"------------
[2026-07-16 17:07:16.116 +05:30 INF] HealthApp.Api.BackgroundServices.HeartbeatBackgroundService HealthAxis heartbeat running at "2026-07-16T17:07:16.1169355+05:30"------------
[2026-07-16 17:07:26.133 +05:30 INF] HealthApp.Api.BackgroundServices.HeartbeatBackgroundService HealthAxis heartbeat running at "2026-07-16T17:07:26.1334641+05:30"------------
[2026-07-16 17:07:36.146 +05:30 INF] HealthApp.Api.BackgroundServices.HeartbeatBackgroundService HealthAxis heartbeat running at "2026-07-16T17:07:36.1466901+05:30"------------
[2026-07-16 17:07:46.157 +05:30 INF] HealthApp.Api.BackgroundServices.HeartbeatBackgroundService HealthAxis heartbeat running at "2026-07-16T17:07:46.1578093+05:30"------------
[2026-07-16 17:07:56.165 +05:30 INF] HealthApp.Api.BackgroundServices.HeartbeatBackgroundService HealthAxis heartbeat running at "2026-07-16T17:07:56.1650289+05:30"------------
[2026-07-16 17:08:06.172 +05:30 INF] HealthApp.Api.BackgroundServices.HeartbeatBackgroundService HealthAxis heartbeat running at "2026-07-16T17:08:06.1722724+05:30"------------
[2026-07-16 17:08:16.186 +05:30 INF] HealthApp.Api.BackgroundServices.HeartbeatBackgroundService HealthAxis heartbeat running at "2026-07-16T17:08:16.1868816+05:30"------------
[2026-07-16 17:08:26.205 +05:30 INF] HealthApp.Api.BackgroundServices.HeartbeatBackgroundService HealthAxis heartbeat running at "2026-07-16T17:08:26.2051383+05:30"------------
[2026-07-16 17:08:36.216 +05:30 INF] HealthApp.Api.BackgroundServices.HeartbeatBackgroundService HealthAxis heartbeat running at "2026-07-16T17:08:36.2167006+05:30"------------
[2026-07-16 17:08:46.237 +05:30 INF] HealthApp.Api.BackgroundServices.HeartbeatBackgroundService HealthAxis heartbeat running at "2026-07-16T17:08:46.2370839+05:30"------------
[2026-07-16 17:08:56.259 +05:30 INF] HealthApp.Api.BackgroundServices.HeartbeatBackgroundService HealthAxis heartbeat running at "2026-07-16T17:08:56.2595870+05:30"------------
[2026-07-16 17:09:06.269 +05:30 INF] HealthApp.Api.BackgroundServices.HeartbeatBackgroundService HealthAxis heartbeat running at "2026-07-16T17:09:06.2692166+05:30"------------
[2026-07-16 17:09:16.297 +05:30 INF] HealthApp.Api.BackgroundServices.HeartbeatBackgroundService HealthAxis heartbeat running at "2026-07-16T17:09:16.2974397+05:30"------------
[2026-07-16 17:09:22.212 +05:30 INF] Serilog.AspNetCore.RequestLoggingMiddleware HTTP OPTIONS /api/doctor-leaves/my responded 204 in 9.9263 ms
[2026-07-16 17:09:22.292 +05:30 INF] Serilog.AspNetCore.RequestLoggingMiddleware HTTP GET /api/doctor-leaves/my responded 401 in 54.1925 ms
[2026-07-16 17:09:26.316 +05:30 INF] HealthApp.Api.BackgroundServices.HeartbeatBackgroundService HealthAxis heartbeat running at "2026-07-16T17:09:26.3166411+05:30"------------
[2026-07-16 17:09:34.612 +05:30 INF] Serilog.AspNetCore.RequestLoggingMiddleware HTTP OPTIONS /api/doctor-leaves/my responded 204 in 0.0461 ms
[2026-07-16 17:09:34.626 +05:30 INF] Serilog.AspNetCore.RequestLoggingMiddleware HTTP GET /api/doctor-leaves/my responded 401 in 0.7224 ms
[2026-07-16 17:09:36.327 +05:30 INF] HealthApp.Api.BackgroundServices.HeartbeatBackgroundService HealthAxis heartbeat running at "2026-07-16T17:09:36.3275454+05:30"------------
[2026-07-16 17:09:46.335 +05:30 INF] HealthApp.Api.BackgroundServices.HeartbeatBackgroundService HealthAxis heartbeat running at "2026-07-16T17:09:46.3350587+05:30"------------
[2026-07-16 17:09:56.339 +05:30 INF] HealthApp.Api.BackgroundServices.HeartbeatBackgroundService HealthAxis heartbeat running at "2026-07-16T17:09:56.3399675+05:30"------------
[2026-07-16 17:10:06.353 +05:30 INF] HealthApp.Api.BackgroundServices.HeartbeatBackgroundService HealthAxis heartbeat running at "2026-07-16T17:10:06.3538306+05:30"------------
[2026-07-16 17:10:16.358 +05:30 INF] HealthApp.Api.BackgroundServices.HeartbeatBackgroundService HealthAxis heartbeat running at "2026-07-16T17:10:16.3584461+05:30"------------
[2026-07-16 17:10:21.067 +05:30 INF] Serilog.AspNetCore.RequestLoggingMiddleware HTTP OPTIONS /api/auth/login responded 204 in 0.0528 ms
[2026-07-16 17:10:21.568 +05:30 INF] Serilog.AspNetCore.RequestLoggingMiddleware HTTP POST /api/auth/login responded 200 in 497.3619 ms
[2026-07-16 17:10:24.262 +05:30 INF] Serilog.AspNetCore.RequestLoggingMiddleware HTTP POST /api/auth/login responded 200 in 97.6649 ms
[2026-07-16 17:10:26.371 +05:30 INF] HealthApp.Api.BackgroundServices.HeartbeatBackgroundService HealthAxis heartbeat running at "2026-07-16T17:10:26.3716402+05:30"------------
[2026-07-16 17:10:27.911 +05:30 INF] Serilog.AspNetCore.RequestLoggingMiddleware HTTP OPTIONS /api/auth/login responded 204 in 0.0644 ms
[2026-07-16 17:10:28.125 +05:30 INF] Serilog.AspNetCore.RequestLoggingMiddleware HTTP POST /api/auth/login responded 200 in 208.1990 ms
[2026-07-16 17:10:28.148 +05:30 INF] Serilog.AspNetCore.RequestLoggingMiddleware HTTP OPTIONS /api/PatientApi/me responded 204 in 0.3311 ms
[2026-07-16 17:10:28.166 +05:30 INF] Serilog.AspNetCore.RequestLoggingMiddleware HTTP GET /api/PatientApi/me responded 200 in 13.9695 ms
[2026-07-16 17:10:28.172 +05:30 INF] Serilog.AspNetCore.RequestLoggingMiddleware HTTP OPTIONS /api/appointments/me responded 204 in 0.0590 ms
[2026-07-16 17:10:28.174 +05:30 INF] Serilog.AspNetCore.RequestLoggingMiddleware HTTP OPTIONS /api/HealthRecordApi/me responded 204 in 0.0792 ms
[2026-07-16 17:10:28.215 +05:30 INF] Serilog.AspNetCore.RequestLoggingMiddleware HTTP GET /api/HealthRecordApi/me responded 200 in 27.6523 ms
[2026-07-16 17:10:28.447 +05:30 INF] Serilog.AspNetCore.RequestLoggingMiddleware HTTP GET /api/appointments/me responded 200 in 260.2887 ms
[2026-07-16 17:10:31.072 +05:30 INF] Serilog.AspNetCore.RequestLoggingMiddleware HTTP GET /api/appointments/me responded 200 in 3.3765 ms
[2026-07-16 17:10:32.134 +05:30 INF] Serilog.AspNetCore.RequestLoggingMiddleware HTTP OPTIONS /api/doctors/activedoctors responded 204 in 0.0396 ms
[2026-07-16 17:10:32.184 +05:30 INF] Serilog.AspNetCore.RequestLoggingMiddleware HTTP GET /api/doctors/activedoctors responded 200 in 44.7961 ms
[2026-07-16 17:10:33.068 +05:30 INF] Serilog.AspNetCore.RequestLoggingMiddleware HTTP GET /api/HealthRecordApi/me responded 200 in 3.1452 ms
[2026-07-16 17:10:35.263 +05:30 INF] Serilog.AspNetCore.RequestLoggingMiddleware HTTP OPTIONS /api/PatientApi/me responded 204 in 0.0533 ms
[2026-07-16 17:10:35.271 +05:30 INF] Serilog.AspNetCore.RequestLoggingMiddleware HTTP GET /api/PatientApi/me responded 200 in 2.2347 ms
[2026-07-16 17:10:35.275 +05:30 INF] Serilog.AspNetCore.RequestLoggingMiddleware HTTP OPTIONS /api/appointments/me responded 204 in 0.1006 ms
[2026-07-16 17:10:35.276 +05:30 INF] Serilog.AspNetCore.RequestLoggingMiddleware HTTP OPTIONS /api/HealthRecordApi/me responded 204 in 0.0424 ms
[2026-07-16 17:10:35.285 +05:30 INF] Serilog.AspNetCore.RequestLoggingMiddleware HTTP GET /api/HealthRecordApi/me responded 200 in 2.0478 ms
[2026-07-16 17:10:35.286 +05:30 INF] Serilog.AspNetCore.RequestLoggingMiddleware HTTP GET /api/appointments/me responded 200 in 3.7912 ms
[2026-07-16 17:10:36.376 +05:30 INF] HealthApp.Api.BackgroundServices.HeartbeatBackgroundService HealthAxis heartbeat running at "2026-07-16T17:10:36.3766914+05:30"------------
[2026-07-16 17:10:39.131 +05:30 INF] Serilog.AspNetCore.RequestLoggingMiddleware HTTP OPTIONS /api/doctors/activedoctors responded 204 in 0.0317 ms
[2026-07-16 17:10:39.139 +05:30 INF] Serilog.AspNetCore.RequestLoggingMiddleware HTTP GET /api/doctors/activedoctors responded 200 in 3.0911 ms
[2026-07-16 17:10:40.929 +05:30 INF] Serilog.AspNetCore.RequestLoggingMiddleware HTTP OPTIONS /api/appointments/me responded 204 in 0.0857 ms
[2026-07-16 17:10:40.949 +05:30 INF] Serilog.AspNetCore.RequestLoggingMiddleware HTTP GET /api/appointments/me responded 200 in 14.7453 ms
[2026-07-16 17:10:43.373 +05:30 INF] Serilog.AspNetCore.RequestLoggingMiddleware HTTP OPTIONS /api/PatientApi/me responded 204 in 0.0415 ms
[2026-07-16 17:10:43.385 +05:30 INF] Serilog.AspNetCore.RequestLoggingMiddleware HTTP GET /api/PatientApi/me responded 200 in 5.0015 ms
[2026-07-16 17:10:43.390 +05:30 INF] Serilog.AspNetCore.RequestLoggingMiddleware HTTP OPTIONS /api/HealthRecordApi/me responded 204 in 0.0381 ms
[2026-07-16 17:10:43.409 +05:30 INF] Serilog.AspNetCore.RequestLoggingMiddleware HTTP GET /api/appointments/me responded 200 in 18.1180 ms
[2026-07-16 17:10:43.409 +05:30 INF] Serilog.AspNetCore.RequestLoggingMiddleware HTTP GET /api/HealthRecordApi/me responded 200 in 11.9012 ms
[2026-07-16 17:10:45.024 +05:30 INF] Serilog.AspNetCore.RequestLoggingMiddleware HTTP GET /api/HealthRecordApi/me responded 200 in 23.2650 ms
[2026-07-16 17:10:46.146 +05:30 INF] Serilog.AspNetCore.RequestLoggingMiddleware HTTP OPTIONS /api/doctors/activedoctors responded 204 in 0.0356 ms
[2026-07-16 17:10:46.155 +05:30 INF] Serilog.AspNetCore.RequestLoggingMiddleware HTTP GET /api/doctors/activedoctors responded 200 in 3.0535 ms
[2026-07-16 17:10:46.388 +05:30 INF] HealthApp.Api.BackgroundServices.HeartbeatBackgroundService HealthAxis heartbeat running at "2026-07-16T17:10:46.3883273+05:30"------------
[2026-07-16 17:10:56.396 +05:30 INF] HealthApp.Api.BackgroundServices.HeartbeatBackgroundService HealthAxis heartbeat running at "2026-07-16T17:10:56.3967713+05:30"------------
[2026-07-16 17:11:06.446 +05:30 INF] HealthApp.Api.BackgroundServices.HeartbeatBackgroundService HealthAxis heartbeat running at "2026-07-16T17:11:06.4466034+05:30"------------
[2026-07-16 17:11:07.969 +05:30 INF] Serilog.AspNetCore.RequestLoggingMiddleware HTTP OPTIONS /api/auth/login responded 204 in 0.0398 ms
[2026-07-16 17:11:08.121 +05:30 INF] Serilog.AspNetCore.RequestLoggingMiddleware HTTP POST /api/auth/login responded 200 in 147.2871 ms
[2026-07-16 17:11:08.133 +05:30 INF] Serilog.AspNetCore.RequestLoggingMiddleware HTTP OPTIONS /api/PatientApi/me responded 204 in 0.0389 ms
[2026-07-16 17:11:08.140 +05:30 INF] Serilog.AspNetCore.RequestLoggingMiddleware HTTP GET /api/PatientApi/me responded 200 in 2.0893 ms
[2026-07-16 17:11:08.152 +05:30 INF] Serilog.AspNetCore.RequestLoggingMiddleware HTTP OPTIONS /api/appointments/me responded 204 in 0.0408 ms
[2026-07-16 17:11:08.152 +05:30 INF] Serilog.AspNetCore.RequestLoggingMiddleware HTTP OPTIONS /api/HealthRecordApi/me responded 204 in 0.0368 ms
[2026-07-16 17:11:08.167 +05:30 INF] Serilog.AspNetCore.RequestLoggingMiddleware HTTP GET /api/HealthRecordApi/me responded 200 in 3.9929 ms
[2026-07-16 17:11:08.170 +05:30 INF] Serilog.AspNetCore.RequestLoggingMiddleware HTTP GET /api/appointments/me responded 200 in 12.4129 ms
[2026-07-16 17:11:09.397 +05:30 INF] Serilog.AspNetCore.RequestLoggingMiddleware HTTP OPTIONS /api/doctors/activedoctors responded 204 in 0.0661 ms
[2026-07-16 17:11:09.409 +05:30 INF] Serilog.AspNetCore.RequestLoggingMiddleware HTTP GET /api/doctors/activedoctors responded 200 in 5.0187 ms
[2026-07-16 17:11:11.371 +05:30 INF] Serilog.AspNetCore.RequestLoggingMiddleware HTTP GET /api/appointments/me responded 200 in 3.6738 ms
[2026-07-16 17:11:13.748 +05:30 INF] Serilog.AspNetCore.RequestLoggingMiddleware HTTP OPTIONS /api/appointments/doctor/5/availability responded 204 in 0.0429 ms
[2026-07-16 17:11:13.970 +05:30 INF] Serilog.AspNetCore.RequestLoggingMiddleware HTTP GET /api/appointments/doctor/5/availability responded 200 in 207.7149 ms
[2026-07-16 17:11:16.486 +05:30 INF] HealthApp.Api.BackgroundServices.HeartbeatBackgroundService HealthAxis heartbeat running at "2026-07-16T17:11:16.4862954+05:30"------------
[2026-07-16 17:11:22.241 +05:30 INF] Serilog.AspNetCore.RequestLoggingMiddleware HTTP OPTIONS /api/doctors/activedoctors responded 204 in 0.0540 ms
[2026-07-16 17:11:22.257 +05:30 INF] Serilog.AspNetCore.RequestLoggingMiddleware HTTP GET /api/doctors/activedoctors responded 200 in 2.2579 ms
[2026-07-16 17:11:25.376 +05:30 INF] Serilog.AspNetCore.RequestLoggingMiddleware HTTP OPTIONS /api/appointments/me responded 204 in 0.0429 ms
[2026-07-16 17:11:25.386 +05:30 INF] Serilog.AspNetCore.RequestLoggingMiddleware HTTP GET /api/appointments/me responded 200 in 4.3274 ms
[2026-07-16 17:11:26.502 +05:30 INF] HealthApp.Api.BackgroundServices.HeartbeatBackgroundService HealthAxis heartbeat running at "2026-07-16T17:11:26.5026849+05:30"------------
[2026-07-16 17:11:27.926 +05:30 INF] Serilog.AspNetCore.RequestLoggingMiddleware HTTP OPTIONS /api/doctors/activedoctors responded 204 in 0.0569 ms
[2026-07-16 17:11:27.934 +05:30 INF] Serilog.AspNetCore.RequestLoggingMiddleware HTTP GET /api/doctors/activedoctors responded 200 in 2.2714 ms
[2026-07-16 17:11:32.043 +05:30 INF] Serilog.AspNetCore.RequestLoggingMiddleware HTTP OPTIONS /api/appointments/me responded 204 in 0.0350 ms
[2026-07-16 17:11:32.055 +05:30 INF] Serilog.AspNetCore.RequestLoggingMiddleware HTTP GET /api/appointments/me responded 200 in 4.5136 ms
[2026-07-16 17:11:34.726 +05:30 INF] Serilog.AspNetCore.RequestLoggingMiddleware HTTP OPTIONS /api/appointments/doctor/10/availability responded 204 in 0.0949 ms
[2026-07-16 17:11:34.735 +05:30 INF] Serilog.AspNetCore.RequestLoggingMiddleware HTTP GET /api/appointments/doctor/10/availability responded 200 in 3.9246 ms
[2026-07-16 17:11:36.519 +05:30 INF] HealthApp.Api.BackgroundServices.HeartbeatBackgroundService HealthAxis heartbeat running at "2026-07-16T17:11:36.5193407+05:30"------------
[2026-07-16 17:11:39.562 +05:30 INF] Serilog.AspNetCore.RequestLoggingMiddleware HTTP OPTIONS /api/appointments/doctor/10/availability responded 204 in 0.0363 ms
[2026-07-16 17:11:39.570 +05:30 INF] Serilog.AspNetCore.RequestLoggingMiddleware HTTP GET /api/appointments/doctor/10/availability responded 200 in 2.9955 ms
[2026-07-16 17:11:43.527 +05:30 INF] Serilog.AspNetCore.RequestLoggingMiddleware HTTP OPTIONS /api/appointments/doctor/10/availability responded 204 in 0.0601 ms
[2026-07-16 17:11:43.535 +05:30 INF] Serilog.AspNetCore.RequestLoggingMiddleware HTTP GET /api/appointments/doctor/10/availability responded 200 in 2.6629 ms
[2026-07-16 17:11:46.539 +05:30 INF] HealthApp.Api.BackgroundServices.HeartbeatBackgroundService HealthAxis heartbeat running at "2026-07-16T17:11:46.5399757+05:30"------------
[2026-07-16 17:11:46.649 +05:30 INF] Serilog.AspNetCore.RequestLoggingMiddleware HTTP OPTIONS /api/appointments/doctor/10/availability responded 204 in 0.0431 ms
[2026-07-16 17:11:46.663 +05:30 INF] Serilog.AspNetCore.RequestLoggingMiddleware HTTP GET /api/appointments/doctor/10/availability responded 200 in 9.4957 ms
[2026-07-16 17:11:51.309 +05:30 INF] Serilog.AspNetCore.RequestLoggingMiddleware HTTP OPTIONS /api/appointments/doctor/10/availability responded 204 in 0.0580 ms
[2026-07-16 17:11:51.327 +05:30 INF] Serilog.AspNetCore.RequestLoggingMiddleware HTTP GET /api/appointments/doctor/10/availability responded 200 in 12.2544 ms
[2026-07-16 17:11:53.253 +05:30 INF] Serilog.AspNetCore.RequestLoggingMiddleware HTTP OPTIONS /api/appointments/doctor/10/availability responded 204 in 0.0464 ms
[2026-07-16 17:11:53.265 +05:30 INF] Serilog.AspNetCore.RequestLoggingMiddleware HTTP GET /api/appointments/doctor/10/availability responded 200 in 2.4052 ms
[2026-07-16 17:11:56.557 +05:30 INF] HealthApp.Api.BackgroundServices.HeartbeatBackgroundService HealthAxis heartbeat running at "2026-07-16T17:11:56.5572281+05:30"------------
[2026-07-16 17:11:56.931 +05:30 INF] Serilog.AspNetCore.RequestLoggingMiddleware HTTP OPTIONS /api/appointments/doctor/10/availability responded 204 in 0.0428 ms
[2026-07-16 17:11:56.939 +05:30 INF] Serilog.AspNetCore.RequestLoggingMiddleware HTTP GET /api/appointments/doctor/10/availability responded 200 in 2.2083 ms
[2026-07-16 17:12:00.254 +05:30 INF] Serilog.AspNetCore.RequestLoggingMiddleware HTTP OPTIONS /api/appointments/doctor/10/availability responded 204 in 0.0394 ms
[2026-07-16 17:12:00.268 +05:30 INF] Serilog.AspNetCore.RequestLoggingMiddleware HTTP GET /api/appointments/doctor/10/availability responded 200 in 3.6344 ms
[2026-07-16 17:12:02.152 +05:30 INF] Serilog.AspNetCore.RequestLoggingMiddleware HTTP OPTIONS /api/appointments/doctor/10/availability responded 204 in 0.0449 ms
[2026-07-16 17:12:02.162 +05:30 INF] Serilog.AspNetCore.RequestLoggingMiddleware HTTP GET /api/appointments/doctor/10/availability responded 200 in 2.5816 ms
[2026-07-16 17:12:05.034 +05:30 INF] Serilog.AspNetCore.RequestLoggingMiddleware HTTP OPTIONS /api/appointments/doctor/10/availability responded 204 in 0.0440 ms
[2026-07-16 17:12:05.043 +05:30 INF] Serilog.AspNetCore.RequestLoggingMiddleware HTTP GET /api/appointments/doctor/10/availability responded 200 in 2.4588 ms
[2026-07-16 17:12:06.570 +05:30 INF] HealthApp.Api.BackgroundServices.HeartbeatBackgroundService HealthAxis heartbeat running at "2026-07-16T17:12:06.5705440+05:30"------------
[2026-07-16 17:12:16.580 +05:30 INF] HealthApp.Api.BackgroundServices.HeartbeatBackgroundService HealthAxis heartbeat running at "2026-07-16T17:12:16.5803103+05:30"------------
[2026-07-16 17:12:26.591 +05:30 INF] HealthApp.Api.BackgroundServices.HeartbeatBackgroundService HealthAxis heartbeat running at "2026-07-16T17:12:26.5914404+05:30"------------
[2026-07-16 17:12:36.595 +05:30 INF] HealthApp.Api.BackgroundServices.HeartbeatBackgroundService HealthAxis heartbeat running at "2026-07-16T17:12:36.5954232+05:30"------------
[2026-07-16 17:12:46.600 +05:30 INF] HealthApp.Api.BackgroundServices.HeartbeatBackgroundService HealthAxis heartbeat running at "2026-07-16T17:12:46.6000405+05:30"------------
[2026-07-16 17:12:56.612 +05:30 INF] HealthApp.Api.BackgroundServices.HeartbeatBackgroundService HealthAxis heartbeat running at "2026-07-16T17:12:56.6125325+05:30"------------
[2026-07-16 17:13:02.782 +05:30 INF] Serilog.AspNetCore.RequestLoggingMiddleware HTTP OPTIONS /api/appointments/me responded 204 in 0.0555 ms
[2026-07-16 17:13:02.805 +05:30 INF] Serilog.AspNetCore.RequestLoggingMiddleware HTTP GET /api/appointments/me responded 200 in 14.1763 ms
[2026-07-16 17:13:06.625 +05:30 INF] HealthApp.Api.BackgroundServices.HeartbeatBackgroundService HealthAxis heartbeat running at "2026-07-16T17:13:06.6251069+05:30"------------
[2026-07-16 17:13:12.873 +05:30 INF] Serilog.AspNetCore.RequestLoggingMiddleware HTTP OPTIONS /api/appointments/me responded 204 in 0.0491 ms
[2026-07-16 17:13:12.882 +05:30 INF] Serilog.AspNetCore.RequestLoggingMiddleware HTTP GET /api/appointments/me responded 200 in 2.8361 ms
[2026-07-16 17:13:16.665 +05:30 INF] HealthApp.Api.BackgroundServices.HeartbeatBackgroundService HealthAxis heartbeat running at "2026-07-16T17:13:16.6657943+05:30"------------
[2026-07-16 17:13:26.671 +05:30 INF] HealthApp.Api.BackgroundServices.HeartbeatBackgroundService HealthAxis heartbeat running at "2026-07-16T17:13:26.6719390+05:30"------------
[2026-07-16 17:13:36.677 +05:30 INF] HealthApp.Api.BackgroundServices.HeartbeatBackgroundService HealthAxis heartbeat running at "2026-07-16T17:13:36.6776063+05:30"------------
[2026-07-16 17:13:41.902 +05:30 INF] Serilog.AspNetCore.RequestLoggingMiddleware HTTP OPTIONS /api/appointments/doctor/10/availability responded 204 in 0.0504 ms
[2026-07-16 17:13:41.918 +05:30 INF] Serilog.AspNetCore.RequestLoggingMiddleware HTTP GET /api/appointments/doctor/10/availability responded 200 in 9.5946 ms
[2026-07-16 17:13:46.681 +05:30 INF] HealthApp.Api.BackgroundServices.HeartbeatBackgroundService HealthAxis heartbeat running at "2026-07-16T17:13:46.6811496+05:30"------------
[2026-07-16 17:13:56.691 +05:30 INF] HealthApp.Api.BackgroundServices.HeartbeatBackgroundService HealthAxis heartbeat running at "2026-07-16T17:13:56.6917127+05:30"------------
[2026-07-16 17:14:06.703 +05:30 INF] HealthApp.Api.BackgroundServices.HeartbeatBackgroundService HealthAxis heartbeat running at "2026-07-16T17:14:06.7031548+05:30"------------
[2026-07-16 17:14:16.724 +05:30 INF] HealthApp.Api.BackgroundServices.HeartbeatBackgroundService HealthAxis heartbeat running at "2026-07-16T17:14:16.7243692+05:30"------------
[2026-07-16 17:14:26.751 +05:30 INF] HealthApp.Api.BackgroundServices.HeartbeatBackgroundService HealthAxis heartbeat running at "2026-07-16T17:14:26.7512131+05:30"------------
[2026-07-16 17:14:36.756 +05:30 INF] HealthApp.Api.BackgroundServices.HeartbeatBackgroundService HealthAxis heartbeat running at "2026-07-16T17:14:36.7565877+05:30"------------
[2026-07-16 17:14:46.778 +05:30 INF] HealthApp.Api.BackgroundServices.HeartbeatBackgroundService HealthAxis heartbeat running at "2026-07-16T17:14:46.7782231+05:30"------------
[2026-07-16 17:14:56.951 +05:30 INF] HealthApp.Api.BackgroundServices.HeartbeatBackgroundService HealthAxis heartbeat running at "2026-07-16T17:14:56.9511892+05:30"------------
[2026-07-16 17:15:07.016 +05:30 INF] HealthApp.Api.BackgroundServices.HeartbeatBackgroundService HealthAxis heartbeat running at "2026-07-16T17:15:07.0169087+05:30"------------
[2026-07-16 17:15:17.034 +05:30 INF] HealthApp.Api.BackgroundServices.HeartbeatBackgroundService HealthAxis heartbeat running at "2026-07-16T17:15:17.0348282+05:30"------------
[2026-07-16 17:15:27.044 +05:30 INF] HealthApp.Api.BackgroundServices.HeartbeatBackgroundService HealthAxis heartbeat running at "2026-07-16T17:15:27.0443869+05:30"------------
[2026-07-16 17:15:37.062 +05:30 INF] HealthApp.Api.BackgroundServices.HeartbeatBackgroundService HealthAxis heartbeat running at "2026-07-16T17:15:37.0629426+05:30"------------
[2026-07-16 17:15:47.067 +05:30 INF] HealthApp.Api.BackgroundServices.HeartbeatBackgroundService HealthAxis heartbeat running at "2026-07-16T17:15:47.0679759+05:30"------------
[2026-07-16 17:15:57.078 +05:30 INF] HealthApp.Api.BackgroundServices.HeartbeatBackgroundService HealthAxis heartbeat running at "2026-07-16T17:15:57.0784950+05:30"------------
[2026-07-16 17:16:07.090 +05:30 INF] HealthApp.Api.BackgroundServices.HeartbeatBackgroundService HealthAxis heartbeat running at "2026-07-16T17:16:07.0909712+05:30"------------
[2026-07-16 17:16:17.138 +05:30 INF] HealthApp.Api.BackgroundServices.HeartbeatBackgroundService HealthAxis heartbeat running at "2026-07-16T17:16:17.1382220+05:30"------------
[2026-07-16 17:16:27.154 +05:30 INF] HealthApp.Api.BackgroundServices.HeartbeatBackgroundService HealthAxis heartbeat running at "2026-07-16T17:16:27.1540646+05:30"------------
[2026-07-16 17:16:37.163 +05:30 INF] HealthApp.Api.BackgroundServices.HeartbeatBackgroundService HealthAxis heartbeat running at "2026-07-16T17:16:37.1639225+05:30"------------
[2026-07-16 17:16:47.179 +05:30 INF] HealthApp.Api.BackgroundServices.HeartbeatBackgroundService HealthAxis heartbeat running at "2026-07-16T17:16:47.1798852+05:30"------------
[2026-07-16 17:16:57.256 +05:30 INF] HealthApp.Api.BackgroundServices.HeartbeatBackgroundService HealthAxis heartbeat running at "2026-07-16T17:16:57.2560284+05:30"------------
[2026-07-16 17:17:07.767 +05:30 INF] HealthApp.Api.BackgroundServices.HeartbeatBackgroundService HealthAxis heartbeat running at "2026-07-16T17:17:07.7675020+05:30"------------
[2026-07-16 17:17:17.835 +05:30 INF] HealthApp.Api.BackgroundServices.HeartbeatBackgroundService HealthAxis heartbeat running at "2026-07-16T17:17:17.8211026+05:30"------------
[2026-07-16 17:17:27.879 +05:30 INF] HealthApp.Api.BackgroundServices.HeartbeatBackgroundService HealthAxis heartbeat running at "2026-07-16T17:17:27.8791488+05:30"------------
[2026-07-16 17:17:37.894 +05:30 INF] HealthApp.Api.BackgroundServices.HeartbeatBackgroundService HealthAxis heartbeat running at "2026-07-16T17:17:37.8949399+05:30"------------
[2026-07-16 17:17:47.903 +05:30 INF] HealthApp.Api.BackgroundServices.HeartbeatBackgroundService HealthAxis heartbeat running at "2026-07-16T17:17:47.9035522+05:30"------------
[2026-07-16 17:17:57.922 +05:30 INF] HealthApp.Api.BackgroundServices.HeartbeatBackgroundService HealthAxis heartbeat running at "2026-07-16T17:17:57.9228472+05:30"------------
[2026-07-16 17:18:07.943 +05:30 INF] HealthApp.Api.BackgroundServices.HeartbeatBackgroundService HealthAxis heartbeat running at "2026-07-16T17:18:07.9436288+05:30"------------
[2026-07-16 17:18:09.864 +05:30 INF] Serilog.AspNetCore.RequestLoggingMiddleware HTTP OPTIONS /api/appointments/me responded 204 in 0.0842 ms
[2026-07-16 17:18:10.171 +05:30 INF] Serilog.AspNetCore.RequestLoggingMiddleware HTTP GET /api/appointments/me responded 200 in 301.8947 ms
[2026-07-16 17:18:14.109 +05:30 INF] Serilog.AspNetCore.RequestLoggingMiddleware HTTP OPTIONS /api/doctors/activedoctors responded 204 in 0.0407 ms
[2026-07-16 17:18:14.128 +05:30 INF] Serilog.AspNetCore.RequestLoggingMiddleware HTTP GET /api/doctors/activedoctors responded 200 in 14.5712 ms
[2026-07-16 17:18:16.267 +05:30 INF] Serilog.AspNetCore.RequestLoggingMiddleware HTTP OPTIONS /api/appointments/me responded 204 in 0.0467 ms
[2026-07-16 17:18:16.279 +05:30 INF] Serilog.AspNetCore.RequestLoggingMiddleware HTTP GET /api/appointments/me responded 200 in 5.5032 ms
[2026-07-16 17:18:17.957 +05:30 INF] HealthApp.Api.BackgroundServices.HeartbeatBackgroundService HealthAxis heartbeat running at "2026-07-16T17:18:17.9572626+05:30"------------
[2026-07-16 17:18:27.973 +05:30 INF] HealthApp.Api.BackgroundServices.HeartbeatBackgroundService HealthAxis heartbeat running at "2026-07-16T17:18:27.9739190+05:30"------------
[2026-07-16 17:18:37.981 +05:30 INF] HealthApp.Api.BackgroundServices.HeartbeatBackgroundService HealthAxis heartbeat running at "2026-07-16T17:18:37.9814485+05:30"------------
[2026-07-16 17:18:39.206 +05:30 INF] Serilog.AspNetCore.RequestLoggingMiddleware HTTP OPTIONS /api/appointments/me responded 204 in 0.0791 ms
[2026-07-16 17:18:39.226 +05:30 INF] Serilog.AspNetCore.RequestLoggingMiddleware HTTP GET /api/appointments/me responded 200 in 13.2750 ms
[2026-07-16 17:18:42.415 +05:30 INF] Serilog.AspNetCore.RequestLoggingMiddleware HTTP GET /api/appointments/me responded 200 in 2.3287 ms
[2026-07-16 17:18:47.993 +05:30 INF] HealthApp.Api.BackgroundServices.HeartbeatBackgroundService HealthAxis heartbeat running at "2026-07-16T17:18:47.9936200+05:30"------------
[2026-07-16 17:18:58.005 +05:30 INF] HealthApp.Api.BackgroundServices.HeartbeatBackgroundService HealthAxis heartbeat running at "2026-07-16T17:18:58.0050583+05:30"------------
[2026-07-16 17:19:05.804 +05:30 INF] Serilog.AspNetCore.RequestLoggingMiddleware HTTP OPTIONS /api/appointments/me responded 204 in 0.0549 ms
[2026-07-16 17:19:05.826 +05:30 INF] Serilog.AspNetCore.RequestLoggingMiddleware HTTP GET /api/appointments/me responded 200 in 13.4712 ms
[2026-07-16 17:19:08.014 +05:30 INF] HealthApp.Api.BackgroundServices.HeartbeatBackgroundService HealthAxis heartbeat running at "2026-07-16T17:19:08.0141834+05:30"------------
[2026-07-16 17:19:18.019 +05:30 INF] HealthApp.Api.BackgroundServices.HeartbeatBackgroundService HealthAxis heartbeat running at "2026-07-16T17:19:18.0193174+05:30"------------
[2026-07-16 17:19:28.040 +05:30 INF] HealthApp.Api.BackgroundServices.HeartbeatBackgroundService HealthAxis heartbeat running at "2026-07-16T17:19:28.0402256+05:30"------------
[2026-07-16 17:19:38.052 +05:30 INF] HealthApp.Api.BackgroundServices.HeartbeatBackgroundService HealthAxis heartbeat running at "2026-07-16T17:19:38.0520333+05:30"------------
[2026-07-16 17:19:48.074 +05:30 INF] HealthApp.Api.BackgroundServices.HeartbeatBackgroundService HealthAxis heartbeat running at "2026-07-16T17:19:48.0745593+05:30"------------
[2026-07-16 17:19:55.846 +05:30 INF] Serilog.AspNetCore.RequestLoggingMiddleware HTTP OPTIONS /api/appointments/doctor/6/availability responded 204 in 0.0781 ms
[2026-07-16 17:19:55.867 +05:30 INF] Serilog.AspNetCore.RequestLoggingMiddleware HTTP GET /api/appointments/doctor/6/availability responded 200 in 14.3814 ms
[2026-07-16 17:19:58.091 +05:30 INF] HealthApp.Api.BackgroundServices.HeartbeatBackgroundService HealthAxis heartbeat running at "2026-07-16T17:19:58.0909952+05:30"------------
[2026-07-16 17:20:00.013 +05:30 INF] Serilog.AspNetCore.RequestLoggingMiddleware HTTP OPTIONS /api/doctors/activedoctors responded 204 in 0.2006 ms
[2026-07-16 17:20:00.041 +05:30 INF] Serilog.AspNetCore.RequestLoggingMiddleware HTTP GET /api/doctors/activedoctors responded 200 in 2.9942 ms
[2026-07-16 17:20:03.966 +05:30 INF] Serilog.AspNetCore.RequestLoggingMiddleware HTTP OPTIONS /api/appointments/me responded 204 in 0.0425 ms
[2026-07-16 17:20:03.987 +05:30 INF] Serilog.AspNetCore.RequestLoggingMiddleware HTTP GET /api/appointments/me responded 200 in 15.0441 ms
[2026-07-16 17:20:08.105 +05:30 INF] HealthApp.Api.BackgroundServices.HeartbeatBackgroundService HealthAxis heartbeat running at "2026-07-16T17:20:08.1050516+05:30"------------
[2026-07-16 17:20:08.576 +05:30 INF] Serilog.AspNetCore.RequestLoggingMiddleware HTTP OPTIONS /api/appointments/doctor/10/availability responded 204 in 0.0384 ms
[2026-07-16 17:20:08.584 +05:30 INF] Serilog.AspNetCore.RequestLoggingMiddleware HTTP GET /api/appointments/doctor/10/availability responded 200 in 3.5413 ms
[2026-07-16 17:20:18.116 +05:30 INF] HealthApp.Api.BackgroundServices.HeartbeatBackgroundService HealthAxis heartbeat running at "2026-07-16T17:20:18.1161206+05:30"------------
[2026-07-16 17:20:28.140 +05:30 INF] HealthApp.Api.BackgroundServices.HeartbeatBackgroundService HealthAxis heartbeat running at "2026-07-16T17:20:28.1409151+05:30"------------
[2026-07-16 17:20:38.158 +05:30 INF] HealthApp.Api.BackgroundServices.HeartbeatBackgroundService HealthAxis heartbeat running at "2026-07-16T17:20:38.1585824+05:30"------------
[2026-07-16 17:20:48.168 +05:30 INF] HealthApp.Api.BackgroundServices.HeartbeatBackgroundService HealthAxis heartbeat running at "2026-07-16T17:20:48.1682388+05:30"------------
[2026-07-16 17:20:58.184 +05:30 INF] HealthApp.Api.BackgroundServices.HeartbeatBackgroundService HealthAxis heartbeat running at "2026-07-16T17:20:58.1848310+05:30"------------
[2026-07-16 17:21:08.195 +05:30 INF] HealthApp.Api.BackgroundServices.HeartbeatBackgroundService HealthAxis heartbeat running at "2026-07-16T17:21:08.1951775+05:30"------------
[2026-07-16 17:21:18.203 +05:30 INF] HealthApp.Api.BackgroundServices.HeartbeatBackgroundService HealthAxis heartbeat running at "2026-07-16T17:21:18.2038308+05:30"------------
[2026-07-16 17:21:28.210 +05:30 INF] HealthApp.Api.BackgroundServices.HeartbeatBackgroundService HealthAxis heartbeat running at "2026-07-16T17:21:28.2100489+05:30"------------
[2026-07-16 17:21:38.226 +05:30 INF] HealthApp.Api.BackgroundServices.HeartbeatBackgroundService HealthAxis heartbeat running at "2026-07-16T17:21:38.2260696+05:30"------------
[2026-07-16 17:21:48.262 +05:30 INF] HealthApp.Api.BackgroundServices.HeartbeatBackgroundService HealthAxis heartbeat running at "2026-07-16T17:21:48.2622727+05:30"------------
[2026-07-16 17:21:58.269 +05:30 INF] HealthApp.Api.BackgroundServices.HeartbeatBackgroundService HealthAxis heartbeat running at "2026-07-16T17:21:58.2693325+05:30"------------
[2026-07-16 17:22:08.276 +05:30 INF] HealthApp.Api.BackgroundServices.HeartbeatBackgroundService HealthAxis heartbeat running at "2026-07-16T17:22:08.2764330+05:30"------------
[2026-07-16 17:22:18.285 +05:30 INF] HealthApp.Api.BackgroundServices.HeartbeatBackgroundService HealthAxis heartbeat running at "2026-07-16T17:22:18.2857687+05:30"------------
[2026-07-16 17:22:28.303 +05:30 INF] HealthApp.Api.BackgroundServices.HeartbeatBackgroundService HealthAxis heartbeat running at "2026-07-16T17:22:28.3032844+05:30"------------
[2026-07-16 17:22:38.321 +05:30 INF] HealthApp.Api.BackgroundServices.HeartbeatBackgroundService HealthAxis heartbeat running at "2026-07-16T17:22:38.3219770+05:30"------------
[2026-07-16 17:22:48.341 +05:30 INF] HealthApp.Api.BackgroundServices.HeartbeatBackgroundService HealthAxis heartbeat running at "2026-07-16T17:22:48.3417266+05:30"------------
[2026-07-16 17:22:58.355 +05:30 INF] HealthApp.Api.BackgroundServices.HeartbeatBackgroundService HealthAxis heartbeat running at "2026-07-16T17:22:58.3550256+05:30"------------
[2026-07-16 17:23:08.366 +05:30 INF] HealthApp.Api.BackgroundServices.HeartbeatBackgroundService HealthAxis heartbeat running at "2026-07-16T17:23:08.3666921+05:30"------------
[2026-07-16 17:23:18.374 +05:30 INF] HealthApp.Api.BackgroundServices.HeartbeatBackgroundService HealthAxis heartbeat running at "2026-07-16T17:23:18.3747727+05:30"------------
[2026-07-16 17:23:28.378 +05:30 INF] HealthApp.Api.BackgroundServices.HeartbeatBackgroundService HealthAxis heartbeat running at "2026-07-16T17:23:28.3787275+05:30"------------
[2026-07-16 17:23:38.390 +05:30 INF] HealthApp.Api.BackgroundServices.HeartbeatBackgroundService HealthAxis heartbeat running at "2026-07-16T17:23:38.3907066+05:30"------------
[2026-07-16 17:23:48.395 +05:30 INF] HealthApp.Api.BackgroundServices.HeartbeatBackgroundService HealthAxis heartbeat running at "2026-07-16T17:23:48.3952999+05:30"------------
[2026-07-16 17:23:58.399 +05:30 INF] HealthApp.Api.BackgroundServices.HeartbeatBackgroundService HealthAxis heartbeat running at "2026-07-16T17:23:58.3995371+05:30"------------
[2026-07-16 17:24:08.418 +05:30 INF] HealthApp.Api.BackgroundServices.HeartbeatBackgroundService HealthAxis heartbeat running at "2026-07-16T17:24:08.4180342+05:30"------------
[2026-07-16 17:24:18.430 +05:30 INF] HealthApp.Api.BackgroundServices.HeartbeatBackgroundService HealthAxis heartbeat running at "2026-07-16T17:24:18.4309673+05:30"------------
[2026-07-16 17:24:28.444 +05:30 INF] HealthApp.Api.BackgroundServices.HeartbeatBackgroundService HealthAxis heartbeat running at "2026-07-16T17:24:28.4448181+05:30"------------
[2026-07-16 17:24:38.662 +05:30 INF] HealthApp.Api.BackgroundServices.HeartbeatBackgroundService HealthAxis heartbeat running at "2026-07-16T17:24:38.6627884+05:30"------------
[2026-07-16 17:24:48.677 +05:30 INF] HealthApp.Api.BackgroundServices.HeartbeatBackgroundService HealthAxis heartbeat running at "2026-07-16T17:24:48.6772461+05:30"------------
[2026-07-16 17:24:58.688 +05:30 INF] HealthApp.Api.BackgroundServices.HeartbeatBackgroundService HealthAxis heartbeat running at "2026-07-16T17:24:58.6888088+05:30"------------
[2026-07-16 17:25:08.699 +05:30 INF] HealthApp.Api.BackgroundServices.HeartbeatBackgroundService HealthAxis heartbeat running at "2026-07-16T17:25:08.6992005+05:30"------------
[2026-07-16 17:25:18.703 +05:30 INF] HealthApp.Api.BackgroundServices.HeartbeatBackgroundService HealthAxis heartbeat running at "2026-07-16T17:25:18.7039647+05:30"------------
[2026-07-16 17:25:28.721 +05:30 INF] HealthApp.Api.BackgroundServices.HeartbeatBackgroundService HealthAxis heartbeat running at "2026-07-16T17:25:28.7210449+05:30"------------
[2026-07-16 17:25:38.729 +05:30 INF] HealthApp.Api.BackgroundServices.HeartbeatBackgroundService HealthAxis heartbeat running at "2026-07-16T17:25:38.7290083+05:30"------------
[2026-07-16 17:25:48.744 +05:30 INF] HealthApp.Api.BackgroundServices.HeartbeatBackgroundService HealthAxis heartbeat running at "2026-07-16T17:25:48.7443236+05:30"------------
[2026-07-16 17:25:58.684 +05:30 INF] Serilog.AspNetCore.RequestLoggingMiddleware HTTP OPTIONS /api/appointments/me responded 204 in 0.1016 ms
[2026-07-16 17:25:58.759 +05:30 INF] HealthApp.Api.BackgroundServices.HeartbeatBackgroundService HealthAxis heartbeat running at "2026-07-16T17:25:58.7598749+05:30"------------
[2026-07-16 17:25:58.925 +05:30 INF] Serilog.AspNetCore.RequestLoggingMiddleware HTTP GET /api/appointments/me responded 200 in 233.8205 ms
[2026-07-16 17:26:05.417 +05:30 INF] Serilog.AspNetCore.RequestLoggingMiddleware HTTP OPTIONS /api/doctors/activedoctors responded 204 in 0.0494 ms
[2026-07-16 17:26:05.436 +05:30 INF] Serilog.AspNetCore.RequestLoggingMiddleware HTTP GET /api/doctors/activedoctors responded 200 in 14.4088 ms
[2026-07-16 17:26:07.392 +05:30 INF] Serilog.AspNetCore.RequestLoggingMiddleware HTTP OPTIONS /api/appointments/me responded 204 in 0.0371 ms
[2026-07-16 17:26:07.413 +05:30 INF] Serilog.AspNetCore.RequestLoggingMiddleware HTTP GET /api/appointments/me responded 200 in 14.8123 ms
[2026-07-16 17:26:08.774 +05:30 INF] HealthApp.Api.BackgroundServices.HeartbeatBackgroundService HealthAxis heartbeat running at "2026-07-16T17:26:08.7743499+05:30"------------
[2026-07-16 17:26:12.861 +05:30 INF] Serilog.AspNetCore.RequestLoggingMiddleware HTTP OPTIONS /api/appointments/doctor/5/availability responded 204 in 0.0641 ms
[2026-07-16 17:26:12.874 +05:30 INF] Serilog.AspNetCore.RequestLoggingMiddleware HTTP GET /api/appointments/doctor/5/availability responded 200 in 7.3264 ms
[2026-07-16 17:26:17.662 +05:30 INF] Serilog.AspNetCore.RequestLoggingMiddleware HTTP OPTIONS /api/doctors/activedoctors responded 204 in 0.0409 ms
[2026-07-16 17:26:17.670 +05:30 INF] Serilog.AspNetCore.RequestLoggingMiddleware HTTP GET /api/doctors/activedoctors responded 200 in 1.1087 ms
[2026-07-16 17:26:18.792 +05:30 INF] HealthApp.Api.BackgroundServices.HeartbeatBackgroundService HealthAxis heartbeat running at "2026-07-16T17:26:18.7926562+05:30"------------
[2026-07-16 17:26:27.196 +05:30 INF] Serilog.AspNetCore.RequestLoggingMiddleware HTTP OPTIONS /api/appointments/me responded 204 in 0.0439 ms
[2026-07-16 17:26:27.218 +05:30 INF] Serilog.AspNetCore.RequestLoggingMiddleware HTTP GET /api/appointments/me responded 200 in 17.4532 ms
[2026-07-16 17:26:28.807 +05:30 INF] HealthApp.Api.BackgroundServices.HeartbeatBackgroundService HealthAxis heartbeat running at "2026-07-16T17:26:28.8071295+05:30"------------
[2026-07-16 17:26:30.289 +05:30 INF] Serilog.AspNetCore.RequestLoggingMiddleware HTTP OPTIONS /api/appointments/doctor/14/availability responded 204 in 0.0420 ms
[2026-07-16 17:26:30.304 +05:30 INF] Serilog.AspNetCore.RequestLoggingMiddleware HTTP GET /api/appointments/doctor/14/availability responded 200 in 9.3754 ms
[2026-07-16 17:26:33.561 +05:30 INF] Serilog.AspNetCore.RequestLoggingMiddleware HTTP OPTIONS /api/appointments/doctor/14/availability responded 204 in 0.0474 ms
[2026-07-16 17:26:33.569 +05:30 INF] Serilog.AspNetCore.RequestLoggingMiddleware HTTP GET /api/appointments/doctor/14/availability responded 200 in 2.3351 ms
[2026-07-16 17:26:35.872 +05:30 INF] Serilog.AspNetCore.RequestLoggingMiddleware HTTP OPTIONS /api/appointments/doctor/14/availability responded 204 in 0.0456 ms
[2026-07-16 17:26:35.881 +05:30 INF] Serilog.AspNetCore.RequestLoggingMiddleware HTTP GET /api/appointments/doctor/14/availability responded 200 in 2.5850 ms
[2026-07-16 17:26:38.145 +05:30 INF] Serilog.AspNetCore.RequestLoggingMiddleware HTTP OPTIONS /api/appointments/doctor/14/availability responded 204 in 0.0615 ms
[2026-07-16 17:26:38.153 +05:30 INF] Serilog.AspNetCore.RequestLoggingMiddleware HTTP GET /api/appointments/doctor/14/availability responded 200 in 3.1223 ms
[2026-07-16 17:26:38.815 +05:30 INF] HealthApp.Api.BackgroundServices.HeartbeatBackgroundService HealthAxis heartbeat running at "2026-07-16T17:26:38.8158177+05:30"------------
[2026-07-16 17:26:40.393 +05:30 INF] Serilog.AspNetCore.RequestLoggingMiddleware HTTP OPTIONS /api/appointments/doctor/14/availability responded 204 in 0.0756 ms
[2026-07-16 17:26:40.400 +05:30 INF] Serilog.AspNetCore.RequestLoggingMiddleware HTTP GET /api/appointments/doctor/14/availability responded 200 in 2.3902 ms
[2026-07-16 17:26:43.123 +05:30 INF] Serilog.AspNetCore.RequestLoggingMiddleware HTTP OPTIONS /api/appointments/doctor/14/availability responded 204 in 0.0536 ms
[2026-07-16 17:26:43.133 +05:30 INF] Serilog.AspNetCore.RequestLoggingMiddleware HTTP GET /api/appointments/doctor/14/availability responded 200 in 2.9858 ms
[2026-07-16 17:26:45.608 +05:30 INF] Serilog.AspNetCore.RequestLoggingMiddleware HTTP OPTIONS /api/appointments/doctor/14/availability responded 204 in 0.0518 ms
[2026-07-16 17:26:45.617 +05:30 INF] Serilog.AspNetCore.RequestLoggingMiddleware HTTP GET /api/appointments/doctor/14/availability responded 200 in 2.5909 ms
[2026-07-16 17:26:47.719 +05:30 INF] Serilog.AspNetCore.RequestLoggingMiddleware HTTP OPTIONS /api/appointments/doctor/14/availability responded 204 in 0.0455 ms
[2026-07-16 17:26:47.727 +05:30 INF] Serilog.AspNetCore.RequestLoggingMiddleware HTTP GET /api/appointments/doctor/14/availability responded 200 in 3.1816 ms
[2026-07-16 17:26:48.822 +05:30 INF] HealthApp.Api.BackgroundServices.HeartbeatBackgroundService HealthAxis heartbeat running at "2026-07-16T17:26:48.8226273+05:30"------------
[2026-07-16 17:26:51.427 +05:30 INF] Serilog.AspNetCore.RequestLoggingMiddleware HTTP OPTIONS /api/appointments responded 204 in 0.0374 ms
[2026-07-16 17:26:52.458 +05:30 INF] HealthApp.Api.Messaging.Publisher.AppointmentEventPublisher AppointmentBookEvent published. AppointmentId: 41, Patient: Rish, Doctor: Gopal Nadhan M, Date: "2026-07-31T00:00:00.0000000", Slot: 09:00 AM
[2026-07-16 17:26:52.467 +05:30 INF] Serilog.AspNetCore.RequestLoggingMiddleware HTTP POST /api/appointments responded 200 in 1036.4987 ms
[2026-07-16 17:26:53.681 +05:30 INF] Serilog.AspNetCore.RequestLoggingMiddleware HTTP OPTIONS /api/appointments/me responded 204 in 0.0435 ms
[2026-07-16 17:26:53.690 +05:30 INF] Serilog.AspNetCore.RequestLoggingMiddleware HTTP GET /api/appointments/me responded 200 in 2.5732 ms
[2026-07-16 17:26:58.837 +05:30 INF] HealthApp.Api.BackgroundServices.HeartbeatBackgroundService HealthAxis heartbeat running at "2026-07-16T17:26:58.8379491+05:30"------------
[2026-07-16 17:27:01.328 +05:30 INF] Serilog.AspNetCore.RequestLoggingMiddleware HTTP OPTIONS /api/doctors/activedoctors responded 204 in 0.0475 ms
[2026-07-16 17:27:01.344 +05:30 INF] Serilog.AspNetCore.RequestLoggingMiddleware HTTP GET /api/doctors/activedoctors responded 200 in 11.2502 ms
[2026-07-16 17:27:06.444 +05:30 INF] Serilog.AspNetCore.RequestLoggingMiddleware HTTP OPTIONS /api/appointments/me responded 204 in 0.0604 ms
[2026-07-16 17:27:06.452 +05:30 INF] Serilog.AspNetCore.RequestLoggingMiddleware HTTP GET /api/appointments/me responded 200 in 2.2428 ms
[2026-07-16 17:27:08.843 +05:30 INF] HealthApp.Api.BackgroundServices.HeartbeatBackgroundService HealthAxis heartbeat running at "2026-07-16T17:27:08.8435007+05:30"------------
[2026-07-16 17:27:09.498 +05:30 INF] Serilog.AspNetCore.RequestLoggingMiddleware HTTP OPTIONS /api/appointments/doctor/10/availability responded 204 in 0.0508 ms
[2026-07-16 17:27:09.506 +05:30 INF] Serilog.AspNetCore.RequestLoggingMiddleware HTTP GET /api/appointments/doctor/10/availability responded 200 in 2.4740 ms
[2026-07-16 17:27:12.046 +05:30 INF] Serilog.AspNetCore.RequestLoggingMiddleware HTTP OPTIONS /api/appointments/doctor/10/availability responded 204 in 0.0552 ms
[2026-07-16 17:27:12.053 +05:30 INF] Serilog.AspNetCore.RequestLoggingMiddleware HTTP GET /api/appointments/doctor/10/availability responded 200 in 1.3789 ms
[2026-07-16 17:27:18.850 +05:30 INF] HealthApp.Api.BackgroundServices.HeartbeatBackgroundService HealthAxis heartbeat running at "2026-07-16T17:27:18.8509248+05:30"------------
[2026-07-16 17:27:28.859 +05:30 INF] HealthApp.Api.BackgroundServices.HeartbeatBackgroundService HealthAxis heartbeat running at "2026-07-16T17:27:28.8594993+05:30"------------
[2026-07-16 17:27:30.311 +05:30 INF] Serilog.AspNetCore.RequestLoggingMiddleware HTTP OPTIONS /api/doctors/activedoctors responded 204 in 0.0597 ms
[2026-07-16 17:27:30.319 +05:30 INF] Serilog.AspNetCore.RequestLoggingMiddleware HTTP GET /api/doctors/activedoctors responded 200 in 1.8726 ms
[2026-07-16 17:27:38.875 +05:30 INF] HealthApp.Api.BackgroundServices.HeartbeatBackgroundService HealthAxis heartbeat running at "2026-07-16T17:27:38.8752827+05:30"------------
[2026-07-16 17:27:40.210 +05:30 INF] Serilog.AspNetCore.RequestLoggingMiddleware HTTP OPTIONS /api/PatientApi/me responded 204 in 0.0449 ms
[2026-07-16 17:27:40.222 +05:30 INF] Serilog.AspNetCore.RequestLoggingMiddleware HTTP GET /api/PatientApi/me responded 200 in 7.7577 ms
[2026-07-16 17:27:40.230 +05:30 INF] Serilog.AspNetCore.RequestLoggingMiddleware HTTP OPTIONS /api/appointments/me responded 204 in 0.0445 ms
[2026-07-16 17:27:40.232 +05:30 INF] Serilog.AspNetCore.RequestLoggingMiddleware HTTP OPTIONS /api/HealthRecordApi/me responded 204 in 0.0399 ms
[2026-07-16 17:27:40.244 +05:30 INF] Serilog.AspNetCore.RequestLoggingMiddleware HTTP GET /api/appointments/me responded 200 in 8.7828 ms
[2026-07-16 17:27:40.584 +05:30 INF] Serilog.AspNetCore.RequestLoggingMiddleware HTTP GET /api/HealthRecordApi/me responded 200 in 346.6633 ms
[2026-07-16 17:27:48.892 +05:30 INF] HealthApp.Api.BackgroundServices.HeartbeatBackgroundService HealthAxis heartbeat running at "2026-07-16T17:27:48.8925909+05:30"------------
[2026-07-16 17:27:55.812 +05:30 INF] Serilog.AspNetCore.RequestLoggingMiddleware HTTP OPTIONS /api/appointments/me responded 204 in 0.0400 ms
[2026-07-16 17:27:55.823 +05:30 INF] Serilog.AspNetCore.RequestLoggingMiddleware HTTP GET /api/appointments/me responded 200 in 4.5158 ms
[2026-07-16 17:27:58.358 +05:30 INF] Serilog.AspNetCore.RequestLoggingMiddleware HTTP OPTIONS /api/doctors/activedoctors responded 204 in 0.0521 ms
[2026-07-16 17:27:58.366 +05:30 INF] Serilog.AspNetCore.RequestLoggingMiddleware HTTP GET /api/doctors/activedoctors responded 200 in 2.8765 ms
[2026-07-16 17:27:58.899 +05:30 INF] HealthApp.Api.BackgroundServices.HeartbeatBackgroundService HealthAxis heartbeat running at "2026-07-16T17:27:58.8993981+05:30"------------
[2026-07-16 17:28:08.915 +05:30 INF] HealthApp.Api.BackgroundServices.HeartbeatBackgroundService HealthAxis heartbeat running at "2026-07-16T17:28:08.9158274+05:30"------------
[2026-07-16 17:28:18.924 +05:30 INF] HealthApp.Api.BackgroundServices.HeartbeatBackgroundService HealthAxis heartbeat running at "2026-07-16T17:28:18.9245510+05:30"------------
[2026-07-16 17:28:28.931 +05:30 INF] HealthApp.Api.BackgroundServices.HeartbeatBackgroundService HealthAxis heartbeat running at "2026-07-16T17:28:28.9316235+05:30"------------
[2026-07-16 17:28:38.948 +05:30 INF] HealthApp.Api.BackgroundServices.HeartbeatBackgroundService HealthAxis heartbeat running at "2026-07-16T17:28:38.9483088+05:30"------------
[2026-07-16 17:28:48.956 +05:30 INF] HealthApp.Api.BackgroundServices.HeartbeatBackgroundService HealthAxis heartbeat running at "2026-07-16T17:28:48.9560046+05:30"------------
[2026-07-16 17:28:58.969 +05:30 INF] HealthApp.Api.BackgroundServices.HeartbeatBackgroundService HealthAxis heartbeat running at "2026-07-16T17:28:58.9699002+05:30"------------
[2026-07-16 17:29:08.989 +05:30 INF] HealthApp.Api.BackgroundServices.HeartbeatBackgroundService HealthAxis heartbeat running at "2026-07-16T17:29:08.9898011+05:30"------------
[2026-07-16 17:29:18.997 +05:30 INF] HealthApp.Api.BackgroundServices.HeartbeatBackgroundService HealthAxis heartbeat running at "2026-07-16T17:29:18.9978378+05:30"------------
[2026-07-16 17:29:29.004 +05:30 INF] HealthApp.Api.BackgroundServices.HeartbeatBackgroundService HealthAxis heartbeat running at "2026-07-16T17:29:29.0042490+05:30"------------
[2026-07-16 17:29:39.019 +05:30 INF] HealthApp.Api.BackgroundServices.HeartbeatBackgroundService HealthAxis heartbeat running at "2026-07-16T17:29:39.0191952+05:30"------------
[2026-07-16 17:29:49.036 +05:30 INF] HealthApp.Api.BackgroundServices.HeartbeatBackgroundService HealthAxis heartbeat running at "2026-07-16T17:29:49.0366269+05:30"------------
[2026-07-16 17:29:59.049 +05:30 INF] HealthApp.Api.BackgroundServices.HeartbeatBackgroundService HealthAxis heartbeat running at "2026-07-16T17:29:59.0494337+05:30"------------
[2026-07-16 17:30:09.059 +05:30 INF] HealthApp.Api.BackgroundServices.HeartbeatBackgroundService HealthAxis heartbeat running at "2026-07-16T17:30:09.0598840+05:30"------------
[2026-07-16 17:30:19.076 +05:30 INF] HealthApp.Api.BackgroundServices.HeartbeatBackgroundService HealthAxis heartbeat running at "2026-07-16T17:30:19.0762142+05:30"------------
[2026-07-16 17:30:29.091 +05:30 INF] HealthApp.Api.BackgroundServices.HeartbeatBackgroundService HealthAxis heartbeat running at "2026-07-16T17:30:29.0916452+05:30"------------
[2026-07-16 17:30:39.108 +05:30 INF] HealthApp.Api.BackgroundServices.HeartbeatBackgroundService HealthAxis heartbeat running at "2026-07-16T17:30:39.1084863+05:30"------------
[2026-07-16 17:30:49.124 +05:30 INF] HealthApp.Api.BackgroundServices.HeartbeatBackgroundService HealthAxis heartbeat running at "2026-07-16T17:30:49.1249370+05:30"------------
[2026-07-16 17:30:59.138 +05:30 INF] HealthApp.Api.BackgroundServices.HeartbeatBackgroundService HealthAxis heartbeat running at "2026-07-16T17:30:59.1384325+05:30"------------
[2026-07-16 17:31:09.147 +05:30 INF] HealthApp.Api.BackgroundServices.HeartbeatBackgroundService HealthAxis heartbeat running at "2026-07-16T17:31:09.1473300+05:30"------------
[2026-07-16 17:31:19.152 +05:30 INF] HealthApp.Api.BackgroundServices.HeartbeatBackgroundService HealthAxis heartbeat running at "2026-07-16T17:31:19.1522393+05:30"------------
[2026-07-16 17:31:29.173 +05:30 INF] HealthApp.Api.BackgroundServices.HeartbeatBackgroundService HealthAxis heartbeat running at "2026-07-16T17:31:29.1736182+05:30"------------
[2026-07-16 17:31:39.193 +05:30 INF] HealthApp.Api.BackgroundServices.HeartbeatBackgroundService HealthAxis heartbeat running at "2026-07-16T17:31:39.1930542+05:30"------------
[2026-07-16 17:31:49.205 +05:30 INF] HealthApp.Api.BackgroundServices.HeartbeatBackgroundService HealthAxis heartbeat running at "2026-07-16T17:31:49.2052406+05:30"------------
[2026-07-16 17:31:59.213 +05:30 INF] HealthApp.Api.BackgroundServices.HeartbeatBackgroundService HealthAxis heartbeat running at "2026-07-16T17:31:59.2136518+05:30"------------
[2026-07-16 17:32:09.225 +05:30 INF] HealthApp.Api.BackgroundServices.HeartbeatBackgroundService HealthAxis heartbeat running at "2026-07-16T17:32:09.2251419+05:30"------------
[2026-07-16 17:32:19.242 +05:30 INF] HealthApp.Api.BackgroundServices.HeartbeatBackgroundService HealthAxis heartbeat running at "2026-07-16T17:32:19.2419524+05:30"------------
[2026-07-16 17:32:29.261 +05:30 INF] HealthApp.Api.BackgroundServices.HeartbeatBackgroundService HealthAxis heartbeat running at "2026-07-16T17:32:29.2615709+05:30"------------
[2026-07-16 17:32:39.276 +05:30 INF] HealthApp.Api.BackgroundServices.HeartbeatBackgroundService HealthAxis heartbeat running at "2026-07-16T17:32:39.2765767+05:30"------------
[2026-07-16 17:32:49.285 +05:30 INF] HealthApp.Api.BackgroundServices.HeartbeatBackgroundService HealthAxis heartbeat running at "2026-07-16T17:32:49.2857867+05:30"------------
[2026-07-16 17:32:59.290 +05:30 INF] HealthApp.Api.BackgroundServices.HeartbeatBackgroundService HealthAxis heartbeat running at "2026-07-16T17:32:59.2907802+05:30"------------
[2026-07-16 17:33:09.299 +05:30 INF] HealthApp.Api.BackgroundServices.HeartbeatBackgroundService HealthAxis heartbeat running at "2026-07-16T17:33:09.2995709+05:30"------------
[2026-07-16 17:33:19.301 +05:30 INF] HealthApp.Api.BackgroundServices.HeartbeatBackgroundService HealthAxis heartbeat running at "2026-07-16T17:33:19.3015291+05:30"------------
[2026-07-16 17:33:29.306 +05:30 INF] HealthApp.Api.BackgroundServices.HeartbeatBackgroundService HealthAxis heartbeat running at "2026-07-16T17:33:29.3063217+05:30"------------
[2026-07-16 17:33:39.322 +05:30 INF] HealthApp.Api.BackgroundServices.HeartbeatBackgroundService HealthAxis heartbeat running at "2026-07-16T17:33:39.3223153+05:30"------------
[2026-07-16 17:33:49.343 +05:30 INF] HealthApp.Api.BackgroundServices.HeartbeatBackgroundService HealthAxis heartbeat running at "2026-07-16T17:33:49.3437985+05:30"------------
[2026-07-16 17:33:59.359 +05:30 INF] HealthApp.Api.BackgroundServices.HeartbeatBackgroundService HealthAxis heartbeat running at "2026-07-16T17:33:59.3597726+05:30"------------
[2026-07-16 17:34:09.372 +05:30 INF] HealthApp.Api.BackgroundServices.HeartbeatBackgroundService HealthAxis heartbeat running at "2026-07-16T17:34:09.3722509+05:30"------------
[2026-07-16 17:34:19.383 +05:30 INF] HealthApp.Api.BackgroundServices.HeartbeatBackgroundService HealthAxis heartbeat running at "2026-07-16T17:34:19.3831181+05:30"------------
[2026-07-16 17:34:29.397 +05:30 INF] HealthApp.Api.BackgroundServices.HeartbeatBackgroundService HealthAxis heartbeat running at "2026-07-16T17:34:29.3970578+05:30"------------
[2026-07-16 17:34:39.415 +05:30 INF] HealthApp.Api.BackgroundServices.HeartbeatBackgroundService HealthAxis heartbeat running at "2026-07-16T17:34:39.4156958+05:30"------------
[2026-07-16 17:34:49.429 +05:30 INF] HealthApp.Api.BackgroundServices.HeartbeatBackgroundService HealthAxis heartbeat running at "2026-07-16T17:34:49.4295558+05:30"------------
[2026-07-16 17:34:59.442 +05:30 INF] HealthApp.Api.BackgroundServices.HeartbeatBackgroundService HealthAxis heartbeat running at "2026-07-16T17:34:59.4428474+05:30"------------
[2026-07-16 17:35:09.455 +05:30 INF] HealthApp.Api.BackgroundServices.HeartbeatBackgroundService HealthAxis heartbeat running at "2026-07-16T17:35:09.4550699+05:30"------------
[2026-07-16 17:35:19.465 +05:30 INF] HealthApp.Api.BackgroundServices.HeartbeatBackgroundService HealthAxis heartbeat running at "2026-07-16T17:35:19.4656303+05:30"------------
[2026-07-16 17:35:29.473 +05:30 INF] HealthApp.Api.BackgroundServices.HeartbeatBackgroundService HealthAxis heartbeat running at "2026-07-16T17:35:29.4735460+05:30"------------
[2026-07-16 17:35:39.492 +05:30 INF] HealthApp.Api.BackgroundServices.HeartbeatBackgroundService HealthAxis heartbeat running at "2026-07-16T17:35:39.4923587+05:30"------------
[2026-07-16 17:35:49.505 +05:30 INF] HealthApp.Api.BackgroundServices.HeartbeatBackgroundService HealthAxis heartbeat running at "2026-07-16T17:35:49.5053044+05:30"------------
[2026-07-16 17:35:59.540 +05:30 INF] HealthApp.Api.BackgroundServices.HeartbeatBackgroundService HealthAxis heartbeat running at "2026-07-16T17:35:59.5405582+05:30"------------
[2026-07-16 17:36:09.556 +05:30 INF] HealthApp.Api.BackgroundServices.HeartbeatBackgroundService HealthAxis heartbeat running at "2026-07-16T17:36:09.5568196+05:30"------------
[2026-07-16 17:36:19.571 +05:30 INF] HealthApp.Api.BackgroundServices.HeartbeatBackgroundService HealthAxis heartbeat running at "2026-07-16T17:36:19.5717981+05:30"------------
[2026-07-16 17:36:29.587 +05:30 INF] HealthApp.Api.BackgroundServices.HeartbeatBackgroundService HealthAxis heartbeat running at "2026-07-16T17:36:29.5878296+05:30"------------
[2026-07-16 17:36:39.605 +05:30 INF] HealthApp.Api.BackgroundServices.HeartbeatBackgroundService HealthAxis heartbeat running at "2026-07-16T17:36:39.6052883+05:30"------------
[2026-07-16 17:36:49.615 +05:30 INF] HealthApp.Api.BackgroundServices.HeartbeatBackgroundService HealthAxis heartbeat running at "2026-07-16T17:36:49.6155954+05:30"------------
[2026-07-16 17:36:59.630 +05:30 INF] HealthApp.Api.BackgroundServices.HeartbeatBackgroundService HealthAxis heartbeat running at "2026-07-16T17:36:59.6301579+05:30"------------
[2026-07-16 17:37:09.639 +05:30 INF] HealthApp.Api.BackgroundServices.HeartbeatBackgroundService HealthAxis heartbeat running at "2026-07-16T17:37:09.6394440+05:30"------------
[2026-07-16 17:37:19.651 +05:30 INF] HealthApp.Api.BackgroundServices.HeartbeatBackgroundService HealthAxis heartbeat running at "2026-07-16T17:37:19.6517042+05:30"------------
[2026-07-16 17:37:29.670 +05:30 INF] HealthApp.Api.BackgroundServices.HeartbeatBackgroundService HealthAxis heartbeat running at "2026-07-16T17:37:29.6702250+05:30"------------
[2026-07-16 17:37:39.677 +05:30 INF] HealthApp.Api.BackgroundServices.HeartbeatBackgroundService HealthAxis heartbeat running at "2026-07-16T17:37:39.6777555+05:30"------------
[2026-07-16 17:37:49.697 +05:30 INF] HealthApp.Api.BackgroundServices.HeartbeatBackgroundService HealthAxis heartbeat running at "2026-07-16T17:37:49.6972517+05:30"------------
[2026-07-16 17:37:59.709 +05:30 INF] HealthApp.Api.BackgroundServices.HeartbeatBackgroundService HealthAxis heartbeat running at "2026-07-16T17:37:59.7098152+05:30"------------
[2026-07-16 17:38:09.720 +05:30 INF] HealthApp.Api.BackgroundServices.HeartbeatBackgroundService HealthAxis heartbeat running at "2026-07-16T17:38:09.7203205+05:30"------------
[2026-07-16 17:38:19.734 +05:30 INF] HealthApp.Api.BackgroundServices.HeartbeatBackgroundService HealthAxis heartbeat running at "2026-07-16T17:38:19.7341933+05:30"------------
[2026-07-16 17:38:21.385 +05:30 INF] Serilog.AspNetCore.RequestLoggingMiddleware HTTP OPTIONS /api/doctors/activedoctors responded 204 in 0.0677 ms
[2026-07-16 17:38:21.637 +05:30 INF] Serilog.AspNetCore.RequestLoggingMiddleware HTTP GET /api/doctors/activedoctors responded 200 in 246.0782 ms
[2026-07-16 17:38:29.738 +05:30 INF] HealthApp.Api.BackgroundServices.HeartbeatBackgroundService HealthAxis heartbeat running at "2026-07-16T17:38:29.7388525+05:30"------------
[2026-07-16 17:38:39.743 +05:30 INF] HealthApp.Api.BackgroundServices.HeartbeatBackgroundService HealthAxis heartbeat running at "2026-07-16T17:38:39.7431147+05:30"------------
[2026-07-16 17:38:49.757 +05:30 INF] HealthApp.Api.BackgroundServices.HeartbeatBackgroundService HealthAxis heartbeat running at "2026-07-16T17:38:49.7579798+05:30"------------
[2026-07-16 17:38:59.774 +05:30 INF] HealthApp.Api.BackgroundServices.HeartbeatBackgroundService HealthAxis heartbeat running at "2026-07-16T17:38:59.7748428+05:30"------------
[2026-07-16 17:39:09.787 +05:30 INF] HealthApp.Api.BackgroundServices.HeartbeatBackgroundService HealthAxis heartbeat running at "2026-07-16T17:39:09.7873499+05:30"------------
[2026-07-16 17:39:19.793 +05:30 INF] HealthApp.Api.BackgroundServices.HeartbeatBackgroundService HealthAxis heartbeat running at "2026-07-16T17:39:19.7934945+05:30"------------
[2026-07-16 17:39:23.861 +05:30 INF] Serilog.AspNetCore.RequestLoggingMiddleware HTTP OPTIONS /api/doctors/activedoctors responded 204 in 0.0648 ms
[2026-07-16 17:39:23.872 +05:30 INF] Serilog.AspNetCore.RequestLoggingMiddleware HTTP GET /api/doctors/activedoctors responded 200 in 4.5224 ms
[2026-07-16 17:39:29.800 +05:30 INF] HealthApp.Api.BackgroundServices.HeartbeatBackgroundService HealthAxis heartbeat running at "2026-07-16T17:39:29.8007407+05:30"------------
[2026-07-16 17:39:39.810 +05:30 INF] HealthApp.Api.BackgroundServices.HeartbeatBackgroundService HealthAxis heartbeat running at "2026-07-16T17:39:39.8104940+05:30"------------
[2026-07-16 17:39:49.824 +05:30 INF] HealthApp.Api.BackgroundServices.HeartbeatBackgroundService HealthAxis heartbeat running at "2026-07-16T17:39:49.8243502+05:30"------------
[2026-07-16 17:39:59.828 +05:30 INF] HealthApp.Api.BackgroundServices.HeartbeatBackgroundService HealthAxis heartbeat running at "2026-07-16T17:39:59.8289096+05:30"------------
[2026-07-16 17:40:09.838 +05:30 INF] HealthApp.Api.BackgroundServices.HeartbeatBackgroundService HealthAxis heartbeat running at "2026-07-16T17:40:09.8384666+05:30"------------
[2026-07-16 17:40:19.851 +05:30 INF] HealthApp.Api.BackgroundServices.HeartbeatBackgroundService HealthAxis heartbeat running at "2026-07-16T17:40:19.8516789+05:30"------------
[2026-07-16 17:40:29.857 +05:30 INF] HealthApp.Api.BackgroundServices.HeartbeatBackgroundService HealthAxis heartbeat running at "2026-07-16T17:40:29.8576637+05:30"------------
[2026-07-16 17:40:39.877 +05:30 INF] HealthApp.Api.BackgroundServices.HeartbeatBackgroundService HealthAxis heartbeat running at "2026-07-16T17:40:39.8774230+05:30"------------
[2026-07-16 17:40:49.919 +05:30 INF] HealthApp.Api.BackgroundServices.HeartbeatBackgroundService HealthAxis heartbeat running at "2026-07-16T17:40:49.9190039+05:30"------------
[2026-07-16 17:40:59.934 +05:30 INF] HealthApp.Api.BackgroundServices.HeartbeatBackgroundService HealthAxis heartbeat running at "2026-07-16T17:40:59.9349002+05:30"------------
[2026-07-16 17:41:02.292 +05:30 INF] Serilog.AspNetCore.RequestLoggingMiddleware HTTP OPTIONS /api/doctors/activedoctors responded 204 in 0.0413 ms
[2026-07-16 17:41:02.302 +05:30 INF] Serilog.AspNetCore.RequestLoggingMiddleware HTTP GET /api/doctors/activedoctors responded 200 in 3.4878 ms
[2026-07-16 17:41:09.950 +05:30 INF] HealthApp.Api.BackgroundServices.HeartbeatBackgroundService HealthAxis heartbeat running at "2026-07-16T17:41:09.9502079+05:30"------------
[2026-07-16 17:41:19.967 +05:30 INF] HealthApp.Api.BackgroundServices.HeartbeatBackgroundService HealthAxis heartbeat running at "2026-07-16T17:41:19.9677431+05:30"------------
[2026-07-16 17:41:29.977 +05:30 INF] HealthApp.Api.BackgroundServices.HeartbeatBackgroundService HealthAxis heartbeat running at "2026-07-16T17:41:29.9774564+05:30"------------
[2026-07-16 17:41:39.994 +05:30 INF] HealthApp.Api.BackgroundServices.HeartbeatBackgroundService HealthAxis heartbeat running at "2026-07-16T17:41:39.9940598+05:30"------------
[2026-07-16 17:41:50.006 +05:30 INF] HealthApp.Api.BackgroundServices.HeartbeatBackgroundService HealthAxis heartbeat running at "2026-07-16T17:41:50.0066136+05:30"------------
[2026-07-16 17:42:00.015 +05:30 INF] HealthApp.Api.BackgroundServices.HeartbeatBackgroundService HealthAxis heartbeat running at "2026-07-16T17:42:00.0152484+05:30"------------
[2026-07-16 17:42:10.024 +05:30 INF] HealthApp.Api.BackgroundServices.HeartbeatBackgroundService HealthAxis heartbeat running at "2026-07-16T17:42:10.0245157+05:30"------------
[2026-07-16 17:42:20.042 +05:30 INF] HealthApp.Api.BackgroundServices.HeartbeatBackgroundService HealthAxis heartbeat running at "2026-07-16T17:42:20.0427005+05:30"------------
[2026-07-16 17:42:30.055 +05:30 INF] HealthApp.Api.BackgroundServices.HeartbeatBackgroundService HealthAxis heartbeat running at "2026-07-16T17:42:30.0555791+05:30"------------
[2026-07-16 17:42:40.075 +05:30 INF] HealthApp.Api.BackgroundServices.HeartbeatBackgroundService HealthAxis heartbeat running at "2026-07-16T17:42:40.0750262+05:30"------------
[2026-07-16 17:42:50.088 +05:30 INF] HealthApp.Api.BackgroundServices.HeartbeatBackgroundService HealthAxis heartbeat running at "2026-07-16T17:42:50.0886242+05:30"------------
[2026-07-16 17:43:00.102 +05:30 INF] HealthApp.Api.BackgroundServices.HeartbeatBackgroundService HealthAxis heartbeat running at "2026-07-16T17:43:00.1028838+05:30"------------
[2026-07-16 17:43:10.106 +05:30 INF] HealthApp.Api.BackgroundServices.HeartbeatBackgroundService HealthAxis heartbeat running at "2026-07-16T17:43:10.1069494+05:30"------------
[2026-07-16 17:43:20.119 +05:30 INF] HealthApp.Api.BackgroundServices.HeartbeatBackgroundService HealthAxis heartbeat running at "2026-07-16T17:43:20.1199169+05:30"------------
[2026-07-16 17:43:30.139 +05:30 INF] HealthApp.Api.BackgroundServices.HeartbeatBackgroundService HealthAxis heartbeat running at "2026-07-16T17:43:30.1394123+05:30"------------
[2026-07-16 17:43:40.147 +05:30 INF] HealthApp.Api.BackgroundServices.HeartbeatBackgroundService HealthAxis heartbeat running at "2026-07-16T17:43:40.1473521+05:30"------------
[2026-07-16 17:43:50.156 +05:30 INF] HealthApp.Api.BackgroundServices.HeartbeatBackgroundService HealthAxis heartbeat running at "2026-07-16T17:43:50.1560210+05:30"------------
[2026-07-16 17:44:00.175 +05:30 INF] HealthApp.Api.BackgroundServices.HeartbeatBackgroundService HealthAxis heartbeat running at "2026-07-16T17:44:00.1757851+05:30"------------
[2026-07-16 17:44:10.194 +05:30 INF] HealthApp.Api.BackgroundServices.HeartbeatBackgroundService HealthAxis heartbeat running at "2026-07-16T17:44:10.1944391+05:30"------------
[2026-07-16 17:44:20.199 +05:30 INF] HealthApp.Api.BackgroundServices.HeartbeatBackgroundService HealthAxis heartbeat running at "2026-07-16T17:44:20.1998748+05:30"------------
[2026-07-16 17:44:30.210 +05:30 INF] HealthApp.Api.BackgroundServices.HeartbeatBackgroundService HealthAxis heartbeat running at "2026-07-16T17:44:30.2102005+05:30"------------
[2026-07-16 17:44:40.216 +05:30 INF] HealthApp.Api.BackgroundServices.HeartbeatBackgroundService HealthAxis heartbeat running at "2026-07-16T17:44:40.2166048+05:30"------------
[2026-07-16 17:44:50.228 +05:30 INF] HealthApp.Api.BackgroundServices.HeartbeatBackgroundService HealthAxis heartbeat running at "2026-07-16T17:44:50.2284573+05:30"------------
[2026-07-16 17:45:00.240 +05:30 INF] HealthApp.Api.BackgroundServices.HeartbeatBackgroundService HealthAxis heartbeat running at "2026-07-16T17:45:00.2401616+05:30"------------
[2026-07-16 17:45:01.360 +05:30 INF] Serilog.AspNetCore.RequestLoggingMiddleware HTTP OPTIONS /api/doctors/activedoctors responded 204 in 0.1165 ms
[2026-07-16 17:45:01.389 +05:30 INF] Serilog.AspNetCore.RequestLoggingMiddleware HTTP GET /api/doctors/activedoctors responded 200 in 20.8828 ms
[2026-07-16 17:45:10.256 +05:30 INF] HealthApp.Api.BackgroundServices.HeartbeatBackgroundService HealthAxis heartbeat running at "2026-07-16T17:45:10.2567989+05:30"------------
[2026-07-16 17:45:20.299 +05:30 INF] HealthApp.Api.BackgroundServices.HeartbeatBackgroundService HealthAxis heartbeat running at "2026-07-16T17:45:20.2996461+05:30"------------
[2026-07-16 17:45:30.307 +05:30 INF] HealthApp.Api.BackgroundServices.HeartbeatBackgroundService HealthAxis heartbeat running at "2026-07-16T17:45:30.3072999+05:30"------------
[2026-07-16 17:45:40.321 +05:30 INF] HealthApp.Api.BackgroundServices.HeartbeatBackgroundService HealthAxis heartbeat running at "2026-07-16T17:45:40.3211331+05:30"------------
[2026-07-16 17:45:50.340 +05:30 INF] HealthApp.Api.BackgroundServices.HeartbeatBackgroundService HealthAxis heartbeat running at "2026-07-16T17:45:50.3404766+05:30"------------
[2026-07-16 17:46:00.345 +05:30 INF] HealthApp.Api.BackgroundServices.HeartbeatBackgroundService HealthAxis heartbeat running at "2026-07-16T17:46:00.3456661+05:30"------------
[2026-07-16 17:46:08.406 +05:30 INF] Serilog.AspNetCore.RequestLoggingMiddleware HTTP OPTIONS /api/HealthRecordApi/me responded 204 in 0.0577 ms
[2026-07-16 17:46:08.419 +05:30 INF] Serilog.AspNetCore.RequestLoggingMiddleware HTTP GET /api/HealthRecordApi/me responded 401 in 4.8515 ms
[2026-07-16 17:46:10.361 +05:30 INF] HealthApp.Api.BackgroundServices.HeartbeatBackgroundService HealthAxis heartbeat running at "2026-07-16T17:46:10.3619381+05:30"------------
[2026-07-16 17:46:10.933 +05:30 INF] Serilog.AspNetCore.RequestLoggingMiddleware HTTP OPTIONS /api/doctors/activedoctors responded 204 in 0.0655 ms
[2026-07-16 17:46:10.945 +05:30 INF] Serilog.AspNetCore.RequestLoggingMiddleware HTTP GET /api/doctors/activedoctors responded 200 in 5.7523 ms
[2026-07-16 17:46:11.736 +05:30 INF] Serilog.AspNetCore.RequestLoggingMiddleware HTTP OPTIONS /api/appointments/me responded 204 in 0.0386 ms
[2026-07-16 17:46:11.741 +05:30 INF] Serilog.AspNetCore.RequestLoggingMiddleware HTTP GET /api/appointments/me responded 401 in 0.7986 ms
[2026-07-16 17:46:12.878 +05:30 INF] Serilog.AspNetCore.RequestLoggingMiddleware HTTP OPTIONS /api/PatientApi/me responded 204 in 0.0561 ms
[2026-07-16 17:46:12.885 +05:30 INF] Serilog.AspNetCore.RequestLoggingMiddleware HTTP GET /api/PatientApi/me responded 401 in 1.1340 ms
[2026-07-16 17:46:20.369 +05:30 INF] HealthApp.Api.BackgroundServices.HeartbeatBackgroundService HealthAxis heartbeat running at "2026-07-16T17:46:20.3696788+05:30"------------
[2026-07-16 17:46:22.158 +05:30 INF] Serilog.AspNetCore.RequestLoggingMiddleware HTTP OPTIONS /api/PatientApi/me responded 204 in 0.0405 ms
[2026-07-16 17:46:22.167 +05:30 INF] Serilog.AspNetCore.RequestLoggingMiddleware HTTP GET /api/PatientApi/me responded 401 in 2.6870 ms
[2026-07-16 17:46:30.223 +05:30 INF] Serilog.AspNetCore.RequestLoggingMiddleware HTTP OPTIONS /api/PatientApi/me responded 204 in 0.0677 ms
[2026-07-16 17:46:30.229 +05:30 INF] Serilog.AspNetCore.RequestLoggingMiddleware HTTP GET /api/PatientApi/me responded 401 in 0.7812 ms
[2026-07-16 17:46:30.387 +05:30 INF] HealthApp.Api.BackgroundServices.HeartbeatBackgroundService HealthAxis heartbeat running at "2026-07-16T17:46:30.3872411+05:30"------------
[2026-07-16 17:46:40.407 +05:30 INF] HealthApp.Api.BackgroundServices.HeartbeatBackgroundService HealthAxis heartbeat running at "2026-07-16T17:46:40.4072272+05:30"------------
[2026-07-16 17:46:49.087 +05:30 INF] Serilog.AspNetCore.RequestLoggingMiddleware HTTP OPTIONS /api/auth/login responded 204 in 0.0439 ms
[2026-07-16 17:46:49.200 +05:30 INF] Serilog.AspNetCore.RequestLoggingMiddleware HTTP POST /api/auth/login responded 200 in 107.7490 ms
[2026-07-16 17:46:50.419 +05:30 INF] HealthApp.Api.BackgroundServices.HeartbeatBackgroundService HealthAxis heartbeat running at "2026-07-16T17:46:50.4192439+05:30"------------
[2026-07-16 17:47:00.424 +05:30 INF] HealthApp.Api.BackgroundServices.HeartbeatBackgroundService HealthAxis heartbeat running at "2026-07-16T17:47:00.4245404+05:30"------------
[2026-07-16 17:47:02.476 +05:30 INF] Serilog.AspNetCore.RequestLoggingMiddleware HTTP OPTIONS /api/auth/login responded 204 in 0.0459 ms
[2026-07-16 17:47:02.587 +05:30 INF] Serilog.AspNetCore.RequestLoggingMiddleware HTTP POST /api/auth/login responded 200 in 103.9685 ms
[2026-07-16 17:47:06.959 +05:30 INF] Serilog.AspNetCore.RequestLoggingMiddleware HTTP POST /api/auth/login responded 200 in 105.3839 ms
[2026-07-16 17:47:10.434 +05:30 INF] HealthApp.Api.BackgroundServices.HeartbeatBackgroundService HealthAxis heartbeat running at "2026-07-16T17:47:10.4339921+05:30"------------
[2026-07-16 17:47:12.178 +05:30 INF] Serilog.AspNetCore.RequestLoggingMiddleware HTTP OPTIONS /api/auth/login responded 204 in 0.0551 ms
[2026-07-16 17:47:12.291 +05:30 INF] Serilog.AspNetCore.RequestLoggingMiddleware HTTP POST /api/auth/login responded 200 in 106.9757 ms
[2026-07-16 17:47:12.314 +05:30 INF] Serilog.AspNetCore.RequestLoggingMiddleware HTTP OPTIONS /api/appointments/doctor/me responded 204 in 0.0493 ms
[2026-07-16 17:47:12.316 +05:30 INF] Serilog.AspNetCore.RequestLoggingMiddleware HTTP OPTIONS /api/doctor-leaves/my responded 204 in 0.0377 ms
[2026-07-16 17:47:12.316 +05:30 INF] Serilog.AspNetCore.RequestLoggingMiddleware HTTP OPTIONS /api/doctors/me responded 204 in 0.0091 ms
[2026-07-16 17:47:12.370 +05:30 INF] Serilog.AspNetCore.RequestLoggingMiddleware HTTP GET /api/appointments/doctor/me responded 200 in 42.6828 ms
[2026-07-16 17:47:12.547 +05:30 INF] Serilog.AspNetCore.RequestLoggingMiddleware HTTP GET /api/doctors/me responded 200 in 209.5106 ms
[2026-07-16 17:47:12.564 +05:30 INF] Serilog.AspNetCore.RequestLoggingMiddleware HTTP GET /api/doctor-leaves/my responded 200 in 228.0797 ms
[2026-07-16 17:47:13.703 +05:30 INF] Serilog.AspNetCore.RequestLoggingMiddleware HTTP GET /api/appointments/doctor/me responded 200 in 2.4102 ms
[2026-07-16 17:47:14.413 +05:30 INF] Serilog.AspNetCore.RequestLoggingMiddleware HTTP OPTIONS /api/HealthRecordApi/doctor/me responded 204 in 0.0571 ms
[2026-07-16 17:47:14.421 +05:30 INF] Serilog.AspNetCore.RequestLoggingMiddleware HTTP GET /api/doctors/me responded 200 in 6.7058 ms
[2026-07-16 17:47:14.433 +05:30 INF] Serilog.AspNetCore.RequestLoggingMiddleware HTTP GET /api/HealthRecordApi/doctor/me responded 200 in 14.2256 ms
[2026-07-16 17:47:15.241 +05:30 INF] Serilog.AspNetCore.RequestLoggingMiddleware HTTP GET /api/appointments/doctor/me responded 200 in 10.6335 ms
[2026-07-16 17:47:17.365 +05:30 INF] Serilog.AspNetCore.RequestLoggingMiddleware HTTP OPTIONS /api/appointments/doctor/me responded 204 in 0.0454 ms
[2026-07-16 17:47:17.365 +05:30 INF] Serilog.AspNetCore.RequestLoggingMiddleware HTTP OPTIONS /api/doctors/me responded 204 in 0.0328 ms
[2026-07-16 17:47:17.365 +05:30 INF] Serilog.AspNetCore.RequestLoggingMiddleware HTTP OPTIONS /api/doctor-leaves/my responded 204 in 0.0145 ms
[2026-07-16 17:47:17.382 +05:30 INF] Serilog.AspNetCore.RequestLoggingMiddleware HTTP GET /api/doctors/me responded 200 in 8.3181 ms
[2026-07-16 17:47:17.389 +05:30 INF] Serilog.AspNetCore.RequestLoggingMiddleware HTTP GET /api/appointments/doctor/me responded 200 in 16.1702 ms
[2026-07-16 17:47:17.588 +05:30 INF] Serilog.AspNetCore.RequestLoggingMiddleware HTTP GET /api/doctor-leaves/my responded 200 in 214.5193 ms
[2026-07-16 17:47:18.350 +05:30 INF] Serilog.AspNetCore.RequestLoggingMiddleware HTTP GET /api/doctors/me responded 200 in 4.5062 ms
[2026-07-16 17:47:18.357 +05:30 INF] Serilog.AspNetCore.RequestLoggingMiddleware HTTP GET /api/HealthRecordApi/doctor/me responded 200 in 10.9913 ms
[2026-07-16 17:47:20.130 +05:30 INF] Serilog.AspNetCore.RequestLoggingMiddleware HTTP GET /api/doctor-leaves/my responded 200 in 10.4039 ms
[2026-07-16 17:47:20.449 +05:30 INF] HealthApp.Api.BackgroundServices.HeartbeatBackgroundService HealthAxis heartbeat running at "2026-07-16T17:47:20.4491052+05:30"------------
[2026-07-16 17:47:30.461 +05:30 INF] HealthApp.Api.BackgroundServices.HeartbeatBackgroundService HealthAxis heartbeat running at "2026-07-16T17:47:30.4616633+05:30"------------
[2026-07-16 17:47:40.479 +05:30 INF] HealthApp.Api.BackgroundServices.HeartbeatBackgroundService HealthAxis heartbeat running at "2026-07-16T17:47:40.4792449+05:30"------------
[2026-07-16 17:47:50.494 +05:30 INF] HealthApp.Api.BackgroundServices.HeartbeatBackgroundService HealthAxis heartbeat running at "2026-07-16T17:47:50.4948039+05:30"------------
[2026-07-16 17:48:00.503 +05:30 INF] HealthApp.Api.BackgroundServices.HeartbeatBackgroundService HealthAxis heartbeat running at "2026-07-16T17:48:00.5039122+05:30"------------
[2026-07-16 17:48:10.526 +05:30 INF] HealthApp.Api.BackgroundServices.HeartbeatBackgroundService HealthAxis heartbeat running at "2026-07-16T17:48:10.5269713+05:30"------------
[2026-07-16 17:48:20.544 +05:30 INF] HealthApp.Api.BackgroundServices.HeartbeatBackgroundService HealthAxis heartbeat running at "2026-07-16T17:48:20.5445340+05:30"------------
[2026-07-16 17:48:30.548 +05:30 INF] HealthApp.Api.BackgroundServices.HeartbeatBackgroundService HealthAxis heartbeat running at "2026-07-16T17:48:30.5483770+05:30"------------
[2026-07-16 17:48:40.558 +05:30 INF] HealthApp.Api.BackgroundServices.HeartbeatBackgroundService HealthAxis heartbeat running at "2026-07-16T17:48:40.5583685+05:30"------------
[2026-07-16 17:48:50.568 +05:30 INF] HealthApp.Api.BackgroundServices.HeartbeatBackgroundService HealthAxis heartbeat running at "2026-07-16T17:48:50.5689615+05:30"------------
[2026-07-16 17:49:00.576 +05:30 INF] HealthApp.Api.BackgroundServices.HeartbeatBackgroundService HealthAxis heartbeat running at "2026-07-16T17:49:00.5760690+05:30"------------
[2026-07-16 17:49:10.594 +05:30 INF] HealthApp.Api.BackgroundServices.HeartbeatBackgroundService HealthAxis heartbeat running at "2026-07-16T17:49:10.5943024+05:30"------------
[2026-07-16 17:49:20.604 +05:30 INF] HealthApp.Api.BackgroundServices.HeartbeatBackgroundService HealthAxis heartbeat running at "2026-07-16T17:49:20.6042072+05:30"------------
[2026-07-16 17:49:30.620 +05:30 INF] HealthApp.Api.BackgroundServices.HeartbeatBackgroundService HealthAxis heartbeat running at "2026-07-16T17:49:30.6200477+05:30"------------
[2026-07-16 17:49:40.627 +05:30 INF] HealthApp.Api.BackgroundServices.HeartbeatBackgroundService HealthAxis heartbeat running at "2026-07-16T17:49:40.6278659+05:30"------------
[2026-07-16 17:49:50.635 +05:30 INF] HealthApp.Api.BackgroundServices.HeartbeatBackgroundService HealthAxis heartbeat running at "2026-07-16T17:49:50.6359601+05:30"------------
[2026-07-16 17:50:00.652 +05:30 INF] HealthApp.Api.BackgroundServices.HeartbeatBackgroundService HealthAxis heartbeat running at "2026-07-16T17:50:00.6529379+05:30"------------
[2026-07-16 17:50:10.665 +05:30 INF] HealthApp.Api.BackgroundServices.HeartbeatBackgroundService HealthAxis heartbeat running at "2026-07-16T17:50:10.6651862+05:30"------------
[2026-07-16 17:50:11.835 +05:30 INF] Serilog.AspNetCore.RequestLoggingMiddleware HTTP OPTIONS /api/doctor-leaves/my responded 204 in 0.1416 ms
[2026-07-16 17:50:11.855 +05:30 INF] Serilog.AspNetCore.RequestLoggingMiddleware HTTP GET /api/doctor-leaves/my responded 200 in 13.2589 ms
[2026-07-16 17:50:20.839 +05:30 INF] HealthApp.Api.BackgroundServices.HeartbeatBackgroundService HealthAxis heartbeat running at "2026-07-16T17:50:20.8399790+05:30"------------
[2026-07-16 17:50:30.851 +05:30 INF] HealthApp.Api.BackgroundServices.HeartbeatBackgroundService HealthAxis heartbeat running at "2026-07-16T17:50:30.8519103+05:30"------------
[2026-07-16 17:50:40.855 +05:30 INF] HealthApp.Api.BackgroundServices.HeartbeatBackgroundService HealthAxis heartbeat running at "2026-07-16T17:50:40.8559284+05:30"------------
[2026-07-16 17:50:50.870 +05:30 INF] HealthApp.Api.BackgroundServices.HeartbeatBackgroundService HealthAxis heartbeat running at "2026-07-16T17:50:50.8701681+05:30"------------
[2026-07-16 17:51:00.882 +05:30 INF] HealthApp.Api.BackgroundServices.HeartbeatBackgroundService HealthAxis heartbeat running at "2026-07-16T17:51:00.8824072+05:30"------------
[2026-07-16 17:51:10.888 +05:30 INF] HealthApp.Api.BackgroundServices.HeartbeatBackgroundService HealthAxis heartbeat running at "2026-07-16T17:51:10.8886180+05:30"------------
[2026-07-16 17:51:20.234 +05:30 INF] Serilog.AspNetCore.RequestLoggingMiddleware HTTP OPTIONS /api/HealthRecordApi/doctor/me responded 204 in 0.0983 ms
[2026-07-16 17:51:20.234 +05:30 INF] Serilog.AspNetCore.RequestLoggingMiddleware HTTP OPTIONS /api/doctors/me responded 204 in 0.0188 ms
[2026-07-16 17:51:20.246 +05:30 INF] Serilog.AspNetCore.RequestLoggingMiddleware HTTP GET /api/doctors/me responded 200 in 5.3541 ms
[2026-07-16 17:51:20.254 +05:30 INF] Serilog.AspNetCore.RequestLoggingMiddleware HTTP GET /api/HealthRecordApi/doctor/me responded 200 in 12.9994 ms
[2026-07-16 17:51:20.909 +05:30 INF] HealthApp.Api.BackgroundServices.HeartbeatBackgroundService HealthAxis heartbeat running at "2026-07-16T17:51:20.9095965+05:30"------------
[2026-07-16 17:51:20.951 +05:30 INF] Serilog.AspNetCore.RequestLoggingMiddleware HTTP OPTIONS /api/appointments/doctor/me responded 204 in 0.0405 ms
[2026-07-16 17:51:20.964 +05:30 INF] Serilog.AspNetCore.RequestLoggingMiddleware HTTP GET /api/appointments/doctor/me responded 200 in 9.9557 ms
[2026-07-16 17:51:21.787 +05:30 INF] Serilog.AspNetCore.RequestLoggingMiddleware HTTP OPTIONS /api/doctor-leaves/my responded 204 in 0.0542 ms
[2026-07-16 17:51:21.791 +05:30 INF] Serilog.AspNetCore.RequestLoggingMiddleware HTTP GET /api/appointments/doctor/me responded 200 in 3.9782 ms
[2026-07-16 17:51:21.791 +05:30 INF] Serilog.AspNetCore.RequestLoggingMiddleware HTTP GET /api/doctors/me responded 200 in 3.8438 ms
[2026-07-16 17:51:21.800 +05:30 INF] Serilog.AspNetCore.RequestLoggingMiddleware HTTP GET /api/doctor-leaves/my responded 200 in 8.3203 ms
[2026-07-16 17:51:30.921 +05:30 INF] HealthApp.Api.BackgroundServices.HeartbeatBackgroundService HealthAxis heartbeat running at "2026-07-16T17:51:30.9217778+05:30"------------
[2026-07-16 17:51:40.930 +05:30 INF] HealthApp.Api.BackgroundServices.HeartbeatBackgroundService HealthAxis heartbeat running at "2026-07-16T17:51:40.9305380+05:30"------------
[2026-07-16 17:51:50.938 +05:30 INF] HealthApp.Api.BackgroundServices.HeartbeatBackgroundService HealthAxis heartbeat running at "2026-07-16T17:51:50.9380209+05:30"------------
