2026-07-10 00:00:09.994 +05:30 [INF] HealthApp.API.BackgroundServices.HeartbeatService HeartbeatService running at: "2026-07-10T00:00:09.9943890+05:30"
2026-07-10 00:00:20.078 +05:30 [INF] HealthApp.API.BackgroundServices.HeartbeatService HeartbeatService running at: "2026-07-10T00:00:20.0788937+05:30"
2026-07-10 00:00:30.087 +05:30 [INF] HealthApp.API.BackgroundServices.HeartbeatService HeartbeatService running at: "2026-07-10T00:00:30.0875328+05:30"
2026-07-10 00:00:40.093 +05:30 [INF] HealthApp.API.BackgroundServices.HeartbeatService HeartbeatService running at: "2026-07-10T00:00:40.0939368+05:30"
2026-07-10 00:00:50.114 +05:30 [INF] HealthApp.API.BackgroundServices.HeartbeatService HeartbeatService running at: "2026-07-10T00:00:50.1147255+05:30"
2026-07-10 00:01:00.129 +05:30 [INF] HealthApp.API.BackgroundServices.HeartbeatService HeartbeatService running at: "2026-07-10T00:01:00.1297899+05:30"
2026-07-10 00:01:10.152 +05:30 [INF] HealthApp.API.BackgroundServices.HeartbeatService HeartbeatService running at: "2026-07-10T00:01:10.1521686+05:30"
2026-07-10 00:01:20.170 +05:30 [INF] HealthApp.API.BackgroundServices.HeartbeatService HeartbeatService running at: "2026-07-10T00:01:20.1705297+05:30"
2026-07-10 00:01:30.188 +05:30 [INF] HealthApp.API.BackgroundServices.HeartbeatService HeartbeatService running at: "2026-07-10T00:01:30.1883843+05:30"
2026-07-10 00:01:40.196 +05:30 [INF] HealthApp.API.BackgroundServices.HeartbeatService HeartbeatService running at: "2026-07-10T00:01:40.1960764+05:30"
2026-07-10 00:01:50.213 +05:30 [INF] HealthApp.API.BackgroundServices.HeartbeatService HeartbeatService running at: "2026-07-10T00:01:50.2139036+05:30"
2026-07-10 00:02:00.225 +05:30 [INF] HealthApp.API.BackgroundServices.HeartbeatService HeartbeatService running at: "2026-07-10T00:02:00.2252700+05:30"
2026-07-10 00:02:10.243 +05:30 [INF] HealthApp.API.BackgroundServices.HeartbeatService HeartbeatService running at: "2026-07-10T00:02:10.2433192+05:30"
2026-07-10 00:02:20.257 +05:30 [INF] HealthApp.API.BackgroundServices.HeartbeatService HeartbeatService running at: "2026-07-10T00:02:20.2572486+05:30"
2026-07-10 00:02:30.268 +05:30 [INF] HealthApp.API.BackgroundServices.HeartbeatService HeartbeatService running at: "2026-07-10T00:02:30.2685959+05:30"
2026-07-10 00:02:40.285 +05:30 [INF] HealthApp.API.BackgroundServices.HeartbeatService HeartbeatService running at: "2026-07-10T00:02:40.2853101+05:30"
2026-07-10 00:02:50.301 +05:30 [INF] HealthApp.API.BackgroundServices.HeartbeatService HeartbeatService running at: "2026-07-10T00:02:50.3016338+05:30"
2026-07-10 00:03:00.314 +05:30 [INF] HealthApp.API.BackgroundServices.HeartbeatService HeartbeatService running at: "2026-07-10T00:03:00.3149712+05:30"
2026-07-10 00:03:10.325 +05:30 [INF] HealthApp.API.BackgroundServices.HeartbeatService HeartbeatService running at: "2026-07-10T00:03:10.3258022+05:30"
2026-07-10 00:03:20.331 +05:30 [INF] HealthApp.API.BackgroundServices.HeartbeatService HeartbeatService running at: "2026-07-10T00:03:20.3313667+05:30"
2026-07-10 00:03:30.343 +05:30 [INF] HealthApp.API.BackgroundServices.HeartbeatService HeartbeatService running at: "2026-07-10T00:03:30.3432799+05:30"
2026-07-10 00:03:40.357 +05:30 [INF] HealthApp.API.BackgroundServices.HeartbeatService HeartbeatService running at: "2026-07-10T00:03:40.3570288+05:30"
2026-07-10 00:03:50.366 +05:30 [INF] HealthApp.API.BackgroundServices.HeartbeatService HeartbeatService running at: "2026-07-10T00:03:50.3666793+05:30"
2026-07-10 00:04:00.386 +05:30 [INF] HealthApp.API.BackgroundServices.HeartbeatService HeartbeatService running at: "2026-07-10T00:04:00.3867452+05:30"
2026-07-10 00:04:10.401 +05:30 [INF] HealthApp.API.BackgroundServices.HeartbeatService HeartbeatService running at: "2026-07-10T00:04:10.4016943+05:30"
2026-07-10 00:04:20.409 +05:30 [INF] HealthApp.API.BackgroundServices.HeartbeatService HeartbeatService running at: "2026-07-10T00:04:20.4095504+05:30"
2026-07-10 00:04:30.420 +05:30 [INF] HealthApp.API.BackgroundServices.HeartbeatService HeartbeatService running at: "2026-07-10T00:04:30.4201713+05:30"
2026-07-10 00:04:40.429 +05:30 [INF] HealthApp.API.BackgroundServices.HeartbeatService HeartbeatService running at: "2026-07-10T00:04:40.4291663+05:30"
2026-07-10 00:04:50.443 +05:30 [INF] HealthApp.API.BackgroundServices.HeartbeatService HeartbeatService running at: "2026-07-10T00:04:50.4429931+05:30"
2026-07-10 00:05:00.447 +05:30 [INF] HealthApp.API.BackgroundServices.HeartbeatService HeartbeatService running at: "2026-07-10T00:05:00.4476381+05:30"
2026-07-10 00:05:10.456 +05:30 [INF] HealthApp.API.BackgroundServices.HeartbeatService HeartbeatService running at: "2026-07-10T00:05:10.4567153+05:30"
2026-07-10 00:05:20.466 +05:30 [INF] HealthApp.API.BackgroundServices.HeartbeatService HeartbeatService running at: "2026-07-10T00:05:20.4666293+05:30"
2026-07-10 00:05:30.471 +05:30 [INF] HealthApp.API.BackgroundServices.HeartbeatService HeartbeatService running at: "2026-07-10T00:05:30.4717393+05:30"
2026-07-10 00:05:40.492 +05:30 [INF] HealthApp.API.BackgroundServices.HeartbeatService HeartbeatService running at: "2026-07-10T00:05:40.4921964+05:30"
2026-07-10 00:05:50.497 +05:30 [INF] HealthApp.API.BackgroundServices.HeartbeatService HeartbeatService running at: "2026-07-10T00:05:50.4978937+05:30"
2026-07-10 00:06:00.512 +05:30 [INF] HealthApp.API.BackgroundServices.HeartbeatService HeartbeatService running at: "2026-07-10T00:06:00.5129034+05:30"
2026-07-10 00:06:10.530 +05:30 [INF] HealthApp.API.BackgroundServices.HeartbeatService HeartbeatService running at: "2026-07-10T00:06:10.5302324+05:30"
2026-07-10 00:06:20.548 +05:30 [INF] HealthApp.API.BackgroundServices.HeartbeatService HeartbeatService running at: "2026-07-10T00:06:20.5488228+05:30"
2026-07-10 00:06:30.552 +05:30 [INF] HealthApp.API.BackgroundServices.HeartbeatService HeartbeatService running at: "2026-07-10T00:06:30.5527466+05:30"
2026-07-10 00:06:40.569 +05:30 [INF] HealthApp.API.BackgroundServices.HeartbeatService HeartbeatService running at: "2026-07-10T00:06:40.5698412+05:30"
2026-07-10 00:06:50.575 +05:30 [INF] HealthApp.API.BackgroundServices.HeartbeatService HeartbeatService running at: "2026-07-10T00:06:50.5755278+05:30"
2026-07-10 00:07:00.588 +05:30 [INF] HealthApp.API.BackgroundServices.HeartbeatService HeartbeatService running at: "2026-07-10T00:07:00.5881504+05:30"
2026-07-10 00:07:10.604 +05:30 [INF] HealthApp.API.BackgroundServices.HeartbeatService HeartbeatService running at: "2026-07-10T00:07:10.6046200+05:30"
2026-07-10 00:07:20.613 +05:30 [INF] HealthApp.API.BackgroundServices.HeartbeatService HeartbeatService running at: "2026-07-10T00:07:20.6137701+05:30"
2026-07-10 00:07:30.629 +05:30 [INF] HealthApp.API.BackgroundServices.HeartbeatService HeartbeatService running at: "2026-07-10T00:07:30.6294056+05:30"
2026-07-10 00:07:40.635 +05:30 [INF] HealthApp.API.BackgroundServices.HeartbeatService HeartbeatService running at: "2026-07-10T00:07:40.6359551+05:30"
2026-07-10 00:07:50.641 +05:30 [INF] HealthApp.API.BackgroundServices.HeartbeatService HeartbeatService running at: "2026-07-10T00:07:50.6417513+05:30"
2026-07-10 00:08:00.653 +05:30 [INF] HealthApp.API.BackgroundServices.HeartbeatService HeartbeatService running at: "2026-07-10T00:08:00.6532008+05:30"
2026-07-10 00:08:10.659 +05:30 [INF] HealthApp.API.BackgroundServices.HeartbeatService HeartbeatService running at: "2026-07-10T00:08:10.6595378+05:30"
2026-07-10 00:08:20.669 +05:30 [INF] HealthApp.API.BackgroundServices.HeartbeatService HeartbeatService running at: "2026-07-10T00:08:20.6691356+05:30"
2026-07-10 00:08:30.680 +05:30 [INF] HealthApp.API.BackgroundServices.HeartbeatService HeartbeatService running at: "2026-07-10T00:08:30.6802123+05:30"
2026-07-10 00:08:40.686 +05:30 [INF] HealthApp.API.BackgroundServices.HeartbeatService HeartbeatService running at: "2026-07-10T00:08:40.6866932+05:30"
2026-07-10 00:08:50.702 +05:30 [INF] HealthApp.API.BackgroundServices.HeartbeatService HeartbeatService running at: "2026-07-10T00:08:50.7023274+05:30"
2026-07-10 00:09:00.717 +05:30 [INF] HealthApp.API.BackgroundServices.HeartbeatService HeartbeatService running at: "2026-07-10T00:09:00.7173754+05:30"
2026-07-10 00:09:10.731 +05:30 [INF] HealthApp.API.BackgroundServices.HeartbeatService HeartbeatService running at: "2026-07-10T00:09:10.7319346+05:30"
2026-07-10 00:09:20.743 +05:30 [INF] HealthApp.API.BackgroundServices.HeartbeatService HeartbeatService running at: "2026-07-10T00:09:20.7431953+05:30"
2026-07-10 00:09:30.752 +05:30 [INF] HealthApp.API.BackgroundServices.HeartbeatService HeartbeatService running at: "2026-07-10T00:09:30.7523620+05:30"
2026-07-10 00:09:40.764 +05:30 [INF] HealthApp.API.BackgroundServices.HeartbeatService HeartbeatService running at: "2026-07-10T00:09:40.7648924+05:30"
2026-07-10 00:09:50.777 +05:30 [INF] HealthApp.API.BackgroundServices.HeartbeatService HeartbeatService running at: "2026-07-10T00:09:50.7771745+05:30"
2026-07-10 00:10:00.789 +05:30 [INF] HealthApp.API.BackgroundServices.HeartbeatService HeartbeatService running at: "2026-07-10T00:10:00.7893160+05:30"
2026-07-10 00:10:10.796 +05:30 [INF] HealthApp.API.BackgroundServices.HeartbeatService HeartbeatService running at: "2026-07-10T00:10:10.7965745+05:30"
2026-07-10 00:10:20.812 +05:30 [INF] HealthApp.API.BackgroundServices.HeartbeatService HeartbeatService running at: "2026-07-10T00:10:20.8128728+05:30"
2026-07-10 00:10:30.825 +05:30 [INF] HealthApp.API.BackgroundServices.HeartbeatService HeartbeatService running at: "2026-07-10T00:10:30.8250441+05:30"
2026-07-10 00:10:40.839 +05:30 [INF] HealthApp.API.BackgroundServices.HeartbeatService HeartbeatService running at: "2026-07-10T00:10:40.8396012+05:30"
2026-07-10 00:10:50.845 +05:30 [INF] HealthApp.API.BackgroundServices.HeartbeatService HeartbeatService running at: "2026-07-10T00:10:50.8459578+05:30"
2026-07-10 00:11:00.853 +05:30 [INF] HealthApp.API.BackgroundServices.HeartbeatService HeartbeatService running at: "2026-07-10T00:11:00.8531825+05:30"
2026-07-10 00:11:10.872 +05:30 [INF] HealthApp.API.BackgroundServices.HeartbeatService HeartbeatService running at: "2026-07-10T00:11:10.8724496+05:30"
2026-07-10 00:11:20.892 +05:30 [INF] HealthApp.API.BackgroundServices.HeartbeatService HeartbeatService running at: "2026-07-10T00:11:20.8922464+05:30"
2026-07-10 00:11:30.910 +05:30 [INF] HealthApp.API.BackgroundServices.HeartbeatService HeartbeatService running at: "2026-07-10T00:11:30.9108211+05:30"
2026-07-10 00:11:40.922 +05:30 [INF] HealthApp.API.BackgroundServices.HeartbeatService HeartbeatService running at: "2026-07-10T00:11:40.9220803+05:30"
2026-07-10 00:11:50.942 +05:30 [INF] HealthApp.API.BackgroundServices.HeartbeatService HeartbeatService running at: "2026-07-10T00:11:50.9405122+05:30"
2026-07-10 00:12:01.085 +05:30 [INF] HealthApp.API.BackgroundServices.HeartbeatService HeartbeatService running at: "2026-07-10T00:12:01.0857261+05:30"
2026-07-10 00:12:11.092 +05:30 [INF] HealthApp.API.BackgroundServices.HeartbeatService HeartbeatService running at: "2026-07-10T00:12:11.0925839+05:30"
2026-07-10 00:12:21.108 +05:30 [INF] HealthApp.API.BackgroundServices.HeartbeatService HeartbeatService running at: "2026-07-10T00:12:21.1086903+05:30"
2026-07-10 00:12:31.113 +05:30 [INF] HealthApp.API.BackgroundServices.HeartbeatService HeartbeatService running at: "2026-07-10T00:12:31.1137444+05:30"
2026-07-10 00:12:41.129 +05:30 [INF] HealthApp.API.BackgroundServices.HeartbeatService HeartbeatService running at: "2026-07-10T00:12:41.1292979+05:30"
2026-07-10 00:12:51.133 +05:30 [INF] HealthApp.API.BackgroundServices.HeartbeatService HeartbeatService running at: "2026-07-10T00:12:51.1334192+05:30"
2026-07-10 00:13:01.145 +05:30 [INF] HealthApp.API.BackgroundServices.HeartbeatService HeartbeatService running at: "2026-07-10T00:13:01.1459467+05:30"
2026-07-10 00:13:11.161 +05:30 [INF] HealthApp.API.BackgroundServices.HeartbeatService HeartbeatService running at: "2026-07-10T00:13:11.1612765+05:30"
2026-07-10 00:13:21.178 +05:30 [INF] HealthApp.API.BackgroundServices.HeartbeatService HeartbeatService running at: "2026-07-10T00:13:21.1787300+05:30"
2026-07-10 00:13:31.182 +05:30 [INF] HealthApp.API.BackgroundServices.HeartbeatService HeartbeatService running at: "2026-07-10T00:13:31.1828250+05:30"
2026-07-10 00:13:41.188 +05:30 [INF] HealthApp.API.BackgroundServices.HeartbeatService HeartbeatService running at: "2026-07-10T00:13:41.1885248+05:30"
2026-07-10 00:13:51.194 +05:30 [INF] HealthApp.API.BackgroundServices.HeartbeatService HeartbeatService running at: "2026-07-10T00:13:51.1944674+05:30"
2026-07-10 00:14:01.212 +05:30 [INF] HealthApp.API.BackgroundServices.HeartbeatService HeartbeatService running at: "2026-07-10T00:14:01.2127228+05:30"
2026-07-10 00:14:11.220 +05:30 [INF] HealthApp.API.BackgroundServices.HeartbeatService HeartbeatService running at: "2026-07-10T00:14:11.2205250+05:30"
2026-07-10 00:14:21.235 +05:30 [INF] HealthApp.API.BackgroundServices.HeartbeatService HeartbeatService running at: "2026-07-10T00:14:21.2358825+05:30"
2026-07-10 00:14:31.243 +05:30 [INF] HealthApp.API.BackgroundServices.HeartbeatService HeartbeatService running at: "2026-07-10T00:14:31.2434142+05:30"
2026-07-10 00:14:41.255 +05:30 [INF] HealthApp.API.BackgroundServices.HeartbeatService HeartbeatService running at: "2026-07-10T00:14:41.2550698+05:30"
2026-07-10 00:14:51.267 +05:30 [INF] HealthApp.API.BackgroundServices.HeartbeatService HeartbeatService running at: "2026-07-10T00:14:51.2670365+05:30"
2026-07-10 00:15:01.279 +05:30 [INF] HealthApp.API.BackgroundServices.HeartbeatService HeartbeatService running at: "2026-07-10T00:15:01.2793159+05:30"
2026-07-10 00:15:11.285 +05:30 [INF] HealthApp.API.BackgroundServices.HeartbeatService HeartbeatService running at: "2026-07-10T00:15:11.2858640+05:30"
2026-07-10 00:15:21.297 +05:30 [INF] HealthApp.API.BackgroundServices.HeartbeatService HeartbeatService running at: "2026-07-10T00:15:21.2973859+05:30"
2026-07-10 00:15:21.338 +05:30 [INF] Microsoft.EntityFrameworkCore.Database.Command Executed DbCommand (10ms) [Parameters=[@cutoffDate='?' (DbType = DateTime2)], CommandType='"Text"', CommandTimeout='30']
DELETE FROM [n]
FROM [Notifications] AS [n]
WHERE [n].[CreatedDate] < @cutoffDate
2026-07-10 00:15:21.342 +05:30 [INF] HealthApp.API.BackgroundServices.NotificationCleanupService Notification cleanup completed. Deleted 0 notifications older than "2026-06-10T00:15:21.1563524+05:30".
2026-07-10 00:15:31.310 +05:30 [INF] HealthApp.API.BackgroundServices.HeartbeatService HeartbeatService running at: "2026-07-10T00:15:31.3103638+05:30"
2026-07-10 00:15:41.317 +05:30 [INF] HealthApp.API.BackgroundServices.HeartbeatService HeartbeatService running at: "2026-07-10T00:15:41.3174258+05:30"
2026-07-10 00:15:51.324 +05:30 [INF] HealthApp.API.BackgroundServices.HeartbeatService HeartbeatService running at: "2026-07-10T00:15:51.3241136+05:30"
2026-07-10 00:16:01.333 +05:30 [INF] HealthApp.API.BackgroundServices.HeartbeatService HeartbeatService running at: "2026-07-10T00:16:01.3334333+05:30"
2026-07-10 00:16:11.338 +05:30 [INF] HealthApp.API.BackgroundServices.HeartbeatService HeartbeatService running at: "2026-07-10T00:16:11.3381127+05:30"
2026-07-10 00:16:21.356 +05:30 [INF] HealthApp.API.BackgroundServices.HeartbeatService HeartbeatService running at: "2026-07-10T00:16:21.3569255+05:30"
2026-07-10 00:16:31.363 +05:30 [INF] HealthApp.API.BackgroundServices.HeartbeatService HeartbeatService running at: "2026-07-10T00:16:31.3638263+05:30"
2026-07-10 00:16:41.370 +05:30 [INF] HealthApp.API.BackgroundServices.HeartbeatService HeartbeatService running at: "2026-07-10T00:16:41.3699804+05:30"
2026-07-10 00:16:51.382 +05:30 [INF] HealthApp.API.BackgroundServices.HeartbeatService HeartbeatService running at: "2026-07-10T00:16:51.3820705+05:30"
2026-07-10 00:17:01.400 +05:30 [INF] HealthApp.API.BackgroundServices.HeartbeatService HeartbeatService running at: "2026-07-10T00:17:01.4001495+05:30"
2026-07-10 00:17:11.411 +05:30 [INF] HealthApp.API.BackgroundServices.HeartbeatService HeartbeatService running at: "2026-07-10T00:17:11.4110451+05:30"
2026-07-10 00:17:21.426 +05:30 [INF] HealthApp.API.BackgroundServices.HeartbeatService HeartbeatService running at: "2026-07-10T00:17:21.4262893+05:30"
2026-07-10 00:17:31.441 +05:30 [INF] HealthApp.API.BackgroundServices.HeartbeatService HeartbeatService running at: "2026-07-10T00:17:31.4415324+05:30"
2026-07-10 00:17:41.461 +05:30 [INF] HealthApp.API.BackgroundServices.HeartbeatService HeartbeatService running at: "2026-07-10T00:17:41.4610239+05:30"
2026-07-10 00:17:51.478 +05:30 [INF] HealthApp.API.BackgroundServices.HeartbeatService HeartbeatService running at: "2026-07-10T00:17:51.4782333+05:30"
2026-07-10 00:18:01.494 +05:30 [INF] HealthApp.API.BackgroundServices.HeartbeatService HeartbeatService running at: "2026-07-10T00:18:01.4941132+05:30"
2026-07-10 00:18:11.512 +05:30 [INF] HealthApp.API.BackgroundServices.HeartbeatService HeartbeatService running at: "2026-07-10T00:18:11.5124031+05:30"
2026-07-10 00:18:21.518 +05:30 [INF] HealthApp.API.BackgroundServices.HeartbeatService HeartbeatService running at: "2026-07-10T00:18:21.5188436+05:30"
2026-07-10 00:18:31.537 +05:30 [INF] HealthApp.API.BackgroundServices.HeartbeatService HeartbeatService running at: "2026-07-10T00:18:31.5371787+05:30"
2026-07-10 00:18:41.552 +05:30 [INF] HealthApp.API.BackgroundServices.HeartbeatService HeartbeatService running at: "2026-07-10T00:18:41.5519997+05:30"
2026-07-10 00:18:51.558 +05:30 [INF] HealthApp.API.BackgroundServices.HeartbeatService HeartbeatService running at: "2026-07-10T00:18:51.5589668+05:30"
2026-07-10 00:19:01.563 +05:30 [INF] HealthApp.API.BackgroundServices.HeartbeatService HeartbeatService running at: "2026-07-10T00:19:01.5639501+05:30"
2026-07-10 00:19:11.582 +05:30 [INF] HealthApp.API.BackgroundServices.HeartbeatService HeartbeatService running at: "2026-07-10T00:19:11.5821783+05:30"
2026-07-10 00:19:21.587 +05:30 [INF] HealthApp.API.BackgroundServices.HeartbeatService HeartbeatService running at: "2026-07-10T00:19:21.5875158+05:30"
2026-07-10 00:19:31.597 +05:30 [INF] HealthApp.API.BackgroundServices.HeartbeatService HeartbeatService running at: "2026-07-10T00:19:31.5979542+05:30"
2026-07-10 00:19:41.609 +05:30 [INF] HealthApp.API.BackgroundServices.HeartbeatService HeartbeatService running at: "2026-07-10T00:19:41.6092764+05:30"
2026-07-10 00:19:51.623 +05:30 [INF] HealthApp.API.BackgroundServices.HeartbeatService HeartbeatService running at: "2026-07-10T00:19:51.6238343+05:30"
2026-07-10 00:20:01.629 +05:30 [INF] HealthApp.API.BackgroundServices.HeartbeatService HeartbeatService running at: "2026-07-10T00:20:01.6292672+05:30"
2026-07-10 00:20:11.636 +05:30 [INF] HealthApp.API.BackgroundServices.HeartbeatService HeartbeatService running at: "2026-07-10T00:20:11.6368812+05:30"
2026-07-10 00:20:21.640 +05:30 [INF] HealthApp.API.BackgroundServices.HeartbeatService HeartbeatService running at: "2026-07-10T00:20:21.6403897+05:30"
2026-07-10 00:20:31.655 +05:30 [INF] HealthApp.API.BackgroundServices.HeartbeatService HeartbeatService running at: "2026-07-10T00:20:31.6556603+05:30"
2026-07-10 00:20:41.670 +05:30 [INF] HealthApp.API.BackgroundServices.HeartbeatService HeartbeatService running at: "2026-07-10T00:20:41.6709610+05:30"
2026-07-10 00:20:51.681 +05:30 [INF] HealthApp.API.BackgroundServices.HeartbeatService HeartbeatService running at: "2026-07-10T00:20:51.6814813+05:30"
2026-07-10 00:21:01.695 +05:30 [INF] HealthApp.API.BackgroundServices.HeartbeatService HeartbeatService running at: "2026-07-10T00:21:01.6950464+05:30"
2026-07-10 00:21:11.711 +05:30 [INF] HealthApp.API.BackgroundServices.HeartbeatService HeartbeatService running at: "2026-07-10T00:21:11.7115424+05:30"
2026-07-10 00:21:21.728 +05:30 [INF] HealthApp.API.BackgroundServices.HeartbeatService HeartbeatService running at: "2026-07-10T00:21:21.7285132+05:30"
2026-07-10 00:21:31.735 +05:30 [INF] HealthApp.API.BackgroundServices.HeartbeatService HeartbeatService running at: "2026-07-10T00:21:31.7351767+05:30"
2026-07-10 00:21:41.739 +05:30 [INF] HealthApp.API.BackgroundServices.HeartbeatService HeartbeatService running at: "2026-07-10T00:21:41.7398945+05:30"
2026-07-10 00:21:51.754 +05:30 [INF] HealthApp.API.BackgroundServices.HeartbeatService HeartbeatService running at: "2026-07-10T00:21:51.7547371+05:30"
2026-07-10 00:22:01.801 +05:30 [INF] HealthApp.API.BackgroundServices.HeartbeatService HeartbeatService running at: "2026-07-10T00:22:01.8018025+05:30"
2026-07-10 00:22:11.814 +05:30 [INF] HealthApp.API.BackgroundServices.HeartbeatService HeartbeatService running at: "2026-07-10T00:22:11.8143235+05:30"
2026-07-10 00:22:21.860 +05:30 [INF] HealthApp.API.BackgroundServices.HeartbeatService HeartbeatService running at: "2026-07-10T00:22:21.8600190+05:30"
2026-07-10 00:22:31.874 +05:30 [INF] HealthApp.API.BackgroundServices.HeartbeatService HeartbeatService running at: "2026-07-10T00:22:31.8749459+05:30"
2026-07-10 00:22:41.892 +05:30 [INF] HealthApp.API.BackgroundServices.HeartbeatService HeartbeatService running at: "2026-07-10T00:22:41.8923176+05:30"
2026-07-10 00:22:51.906 +05:30 [INF] HealthApp.API.BackgroundServices.HeartbeatService HeartbeatService running at: "2026-07-10T00:22:51.9064010+05:30"
2026-07-10 00:23:01.921 +05:30 [INF] HealthApp.API.BackgroundServices.HeartbeatService HeartbeatService running at: "2026-07-10T00:23:01.9214465+05:30"
2026-07-10 00:23:11.936 +05:30 [INF] HealthApp.API.BackgroundServices.HeartbeatService HeartbeatService running at: "2026-07-10T00:23:11.9366060+05:30"
2026-07-10 00:23:21.947 +05:30 [INF] HealthApp.API.BackgroundServices.HeartbeatService HeartbeatService running at: "2026-07-10T00:23:21.9477437+05:30"
2026-07-10 00:23:31.956 +05:30 [INF] HealthApp.API.BackgroundServices.HeartbeatService HeartbeatService running at: "2026-07-10T00:23:31.9565909+05:30"
2026-07-10 00:23:41.967 +05:30 [INF] HealthApp.API.BackgroundServices.HeartbeatService HeartbeatService running at: "2026-07-10T00:23:41.9675572+05:30"
2026-07-10 00:23:51.976 +05:30 [INF] HealthApp.API.BackgroundServices.HeartbeatService HeartbeatService running at: "2026-07-10T00:23:51.9763235+05:30"
2026-07-10 00:24:01.983 +05:30 [INF] HealthApp.API.BackgroundServices.HeartbeatService HeartbeatService running at: "2026-07-10T00:24:01.9838989+05:30"
2026-07-10 00:24:11.991 +05:30 [INF] HealthApp.API.BackgroundServices.HeartbeatService HeartbeatService running at: "2026-07-10T00:24:11.9914993+05:30"
2026-07-10 00:24:22.004 +05:30 [INF] HealthApp.API.BackgroundServices.HeartbeatService HeartbeatService running at: "2026-07-10T00:24:22.0043638+05:30"
2026-07-10 00:24:32.015 +05:30 [INF] HealthApp.API.BackgroundServices.HeartbeatService HeartbeatService running at: "2026-07-10T00:24:32.0151344+05:30"
2026-07-10 00:24:42.021 +05:30 [INF] HealthApp.API.BackgroundServices.HeartbeatService HeartbeatService running at: "2026-07-10T00:24:42.0218166+05:30"
2026-07-10 00:24:52.037 +05:30 [INF] HealthApp.API.BackgroundServices.HeartbeatService HeartbeatService running at: "2026-07-10T00:24:52.0376016+05:30"
2026-07-10 00:25:02.042 +05:30 [INF] HealthApp.API.BackgroundServices.HeartbeatService HeartbeatService running at: "2026-07-10T00:25:02.0420756+05:30"
2026-07-10 00:25:12.057 +05:30 [INF] HealthApp.API.BackgroundServices.HeartbeatService HeartbeatService running at: "2026-07-10T00:25:12.0569955+05:30"
2026-07-10 00:25:22.062 +05:30 [INF] HealthApp.API.BackgroundServices.HeartbeatService HeartbeatService running at: "2026-07-10T00:25:22.0622653+05:30"
2026-07-10 00:25:32.079 +05:30 [INF] HealthApp.API.BackgroundServices.HeartbeatService HeartbeatService running at: "2026-07-10T00:25:32.0792570+05:30"
2026-07-10 00:25:42.087 +05:30 [INF] HealthApp.API.BackgroundServices.HeartbeatService HeartbeatService running at: "2026-07-10T00:25:42.0879551+05:30"
2026-07-10 00:25:52.095 +05:30 [INF] HealthApp.API.BackgroundServices.HeartbeatService HeartbeatService running at: "2026-07-10T00:25:52.0954374+05:30"
2026-07-10 00:26:02.110 +05:30 [INF] HealthApp.API.BackgroundServices.HeartbeatService HeartbeatService running at: "2026-07-10T00:26:02.1103454+05:30"
2026-07-10 00:26:12.120 +05:30 [INF] HealthApp.API.BackgroundServices.HeartbeatService HeartbeatService running at: "2026-07-10T00:26:12.1203448+05:30"
2026-07-10 00:26:22.129 +05:30 [INF] HealthApp.API.BackgroundServices.HeartbeatService HeartbeatService running at: "2026-07-10T00:26:22.1298740+05:30"
2026-07-10 00:26:32.146 +05:30 [INF] HealthApp.API.BackgroundServices.HeartbeatService HeartbeatService running at: "2026-07-10T00:26:32.1461874+05:30"
2026-07-10 00:26:42.161 +05:30 [INF] HealthApp.API.BackgroundServices.HeartbeatService HeartbeatService running at: "2026-07-10T00:26:42.1616261+05:30"
2026-07-10 00:26:52.167 +05:30 [INF] HealthApp.API.BackgroundServices.HeartbeatService HeartbeatService running at: "2026-07-10T00:26:52.1671838+05:30"
2026-07-10 00:27:02.170 +05:30 [INF] HealthApp.API.BackgroundServices.HeartbeatService HeartbeatService running at: "2026-07-10T00:27:02.1704793+05:30"
2026-07-10 00:27:12.175 +05:30 [INF] HealthApp.API.BackgroundServices.HeartbeatService HeartbeatService running at: "2026-07-10T00:27:12.1753797+05:30"
2026-07-10 00:27:22.185 +05:30 [INF] HealthApp.API.BackgroundServices.HeartbeatService HeartbeatService running at: "2026-07-10T00:27:22.1856809+05:30"
2026-07-10 00:27:32.197 +05:30 [INF] HealthApp.API.BackgroundServices.HeartbeatService HeartbeatService running at: "2026-07-10T00:27:32.1973416+05:30"
2026-07-10 00:27:42.213 +05:30 [INF] HealthApp.API.BackgroundServices.HeartbeatService HeartbeatService running at: "2026-07-10T00:27:42.2134059+05:30"
2026-07-10 00:27:52.221 +05:30 [INF] HealthApp.API.BackgroundServices.HeartbeatService HeartbeatService running at: "2026-07-10T00:27:52.2216911+05:30"
2026-07-10 00:28:02.225 +05:30 [INF] HealthApp.API.BackgroundServices.HeartbeatService HeartbeatService running at: "2026-07-10T00:28:02.2252692+05:30"
2026-07-10 00:28:12.243 +05:30 [INF] HealthApp.API.BackgroundServices.HeartbeatService HeartbeatService running at: "2026-07-10T00:28:12.2431740+05:30"
2026-07-10 00:28:22.252 +05:30 [INF] HealthApp.API.BackgroundServices.HeartbeatService HeartbeatService running at: "2026-07-10T00:28:22.2528831+05:30"
2026-07-10 00:28:32.270 +05:30 [INF] HealthApp.API.BackgroundServices.HeartbeatService HeartbeatService running at: "2026-07-10T00:28:32.2703235+05:30"
2026-07-10 00:28:42.280 +05:30 [INF] HealthApp.API.BackgroundServices.HeartbeatService HeartbeatService running at: "2026-07-10T00:28:42.2809246+05:30"
2026-07-10 00:28:52.291 +05:30 [INF] HealthApp.API.BackgroundServices.HeartbeatService HeartbeatService running at: "2026-07-10T00:28:52.2911593+05:30"
2026-07-10 00:29:02.299 +05:30 [INF] HealthApp.API.BackgroundServices.HeartbeatService HeartbeatService running at: "2026-07-10T00:29:02.2992833+05:30"
2026-07-10 00:29:12.315 +05:30 [INF] HealthApp.API.BackgroundServices.HeartbeatService HeartbeatService running at: "2026-07-10T00:29:12.3153579+05:30"
2026-07-10 00:29:22.328 +05:30 [INF] HealthApp.API.BackgroundServices.HeartbeatService HeartbeatService running at: "2026-07-10T00:29:22.3280166+05:30"
2026-07-10 00:29:32.335 +05:30 [INF] HealthApp.API.BackgroundServices.HeartbeatService HeartbeatService running at: "2026-07-10T00:29:32.3350195+05:30"
2026-07-10 00:29:42.347 +05:30 [INF] HealthApp.API.BackgroundServices.HeartbeatService HeartbeatService running at: "2026-07-10T00:29:42.3472074+05:30"
2026-07-10 00:29:52.361 +05:30 [INF] HealthApp.API.BackgroundServices.HeartbeatService HeartbeatService running at: "2026-07-10T00:29:52.3618513+05:30"
2026-07-10 00:30:02.366 +05:30 [INF] HealthApp.API.BackgroundServices.HeartbeatService HeartbeatService running at: "2026-07-10T00:30:02.3667931+05:30"
2026-07-10 00:30:12.373 +05:30 [INF] HealthApp.API.BackgroundServices.HeartbeatService HeartbeatService running at: "2026-07-10T00:30:12.3735018+05:30"
2026-07-10 00:30:22.377 +05:30 [INF] HealthApp.API.BackgroundServices.HeartbeatService HeartbeatService running at: "2026-07-10T00:30:22.3775713+05:30"
2026-07-10 00:30:32.393 +05:30 [INF] HealthApp.API.BackgroundServices.HeartbeatService HeartbeatService running at: "2026-07-10T00:30:32.3939746+05:30"
2026-07-10 00:30:42.411 +05:30 [INF] HealthApp.API.BackgroundServices.HeartbeatService HeartbeatService running at: "2026-07-10T00:30:42.4118150+05:30"
2026-07-10 00:30:52.428 +05:30 [INF] HealthApp.API.BackgroundServices.HeartbeatService HeartbeatService running at: "2026-07-10T00:30:52.4281928+05:30"
2026-07-10 00:31:02.444 +05:30 [INF] HealthApp.API.BackgroundServices.HeartbeatService HeartbeatService running at: "2026-07-10T00:31:02.4443136+05:30"
2026-07-10 00:31:12.450 +05:30 [INF] HealthApp.API.BackgroundServices.HeartbeatService HeartbeatService running at: "2026-07-10T00:31:12.4502167+05:30"
2026-07-10 00:31:22.463 +05:30 [INF] HealthApp.API.BackgroundServices.HeartbeatService HeartbeatService running at: "2026-07-10T00:31:22.4632532+05:30"
2026-07-10 00:31:32.471 +05:30 [INF] HealthApp.API.BackgroundServices.HeartbeatService HeartbeatService running at: "2026-07-10T00:31:32.4715391+05:30"
2026-07-10 00:31:42.478 +05:30 [INF] HealthApp.API.BackgroundServices.HeartbeatService HeartbeatService running at: "2026-07-10T00:31:42.4788652+05:30"
2026-07-10 00:31:52.497 +05:30 [INF] HealthApp.API.BackgroundServices.HeartbeatService HeartbeatService running at: "2026-07-10T00:31:52.4978616+05:30"
2026-07-10 00:32:02.540 +05:30 [INF] HealthApp.API.BackgroundServices.HeartbeatService HeartbeatService running at: "2026-07-10T00:32:02.5407554+05:30"
2026-07-10 00:32:12.555 +05:30 [INF] HealthApp.API.BackgroundServices.HeartbeatService HeartbeatService running at: "2026-07-10T00:32:12.5553834+05:30"
2026-07-10 00:32:22.561 +05:30 [INF] HealthApp.API.BackgroundServices.HeartbeatService HeartbeatService running at: "2026-07-10T00:32:22.5617867+05:30"
2026-07-10 00:32:32.575 +05:30 [INF] HealthApp.API.BackgroundServices.HeartbeatService HeartbeatService running at: "2026-07-10T00:32:32.5759494+05:30"
2026-07-10 00:32:42.589 +05:30 [INF] HealthApp.API.BackgroundServices.HeartbeatService HeartbeatService running at: "2026-07-10T00:32:42.5898543+05:30"
2026-07-10 00:32:52.605 +05:30 [INF] HealthApp.API.BackgroundServices.HeartbeatService HeartbeatService running at: "2026-07-10T00:32:52.6057942+05:30"
2026-07-10 00:33:02.619 +05:30 [INF] HealthApp.API.BackgroundServices.HeartbeatService HeartbeatService running at: "2026-07-10T00:33:02.6191122+05:30"
2026-07-10 00:33:12.627 +05:30 [INF] HealthApp.API.BackgroundServices.HeartbeatService HeartbeatService running at: "2026-07-10T00:33:12.6272329+05:30"
2026-07-10 00:33:22.630 +05:30 [INF] HealthApp.API.BackgroundServices.HeartbeatService HeartbeatService running at: "2026-07-10T00:33:22.6304229+05:30"
2026-07-10 00:33:32.635 +05:30 [INF] HealthApp.API.BackgroundServices.HeartbeatService HeartbeatService running at: "2026-07-10T00:33:32.6358521+05:30"
2026-07-10 00:33:42.642 +05:30 [INF] HealthApp.API.BackgroundServices.HeartbeatService HeartbeatService running at: "2026-07-10T00:33:42.6422722+05:30"
2026-07-10 00:33:52.646 +05:30 [INF] HealthApp.API.BackgroundServices.HeartbeatService HeartbeatService running at: "2026-07-10T00:33:52.6462433+05:30"
2026-07-10 00:34:02.655 +05:30 [INF] HealthApp.API.BackgroundServices.HeartbeatService HeartbeatService running at: "2026-07-10T00:34:02.6556249+05:30"
2026-07-10 00:34:12.657 +05:30 [INF] HealthApp.API.BackgroundServices.HeartbeatService HeartbeatService running at: "2026-07-10T00:34:12.6578058+05:30"
2026-07-10 00:34:22.667 +05:30 [INF] HealthApp.API.BackgroundServices.HeartbeatService HeartbeatService running at: "2026-07-10T00:34:22.6679717+05:30"
2026-07-10 00:34:32.671 +05:30 [INF] HealthApp.API.BackgroundServices.HeartbeatService HeartbeatService running at: "2026-07-10T00:34:32.6712436+05:30"
2026-07-10 00:34:42.679 +05:30 [INF] HealthApp.API.BackgroundServices.HeartbeatService HeartbeatService running at: "2026-07-10T00:34:42.6797367+05:30"
2026-07-10 00:34:52.686 +05:30 [INF] HealthApp.API.BackgroundServices.HeartbeatService HeartbeatService running at: "2026-07-10T00:34:52.6868203+05:30"
2026-07-10 00:35:02.700 +05:30 [INF] HealthApp.API.BackgroundServices.HeartbeatService HeartbeatService running at: "2026-07-10T00:35:02.7004419+05:30"
2026-07-10 00:35:12.708 +05:30 [INF] HealthApp.API.BackgroundServices.HeartbeatService HeartbeatService running at: "2026-07-10T00:35:12.7089067+05:30"
2026-07-10 00:35:22.720 +05:30 [INF] HealthApp.API.BackgroundServices.HeartbeatService HeartbeatService running at: "2026-07-10T00:35:22.7206893+05:30"
2026-07-10 00:35:32.736 +05:30 [INF] HealthApp.API.BackgroundServices.HeartbeatService HeartbeatService running at: "2026-07-10T00:35:32.7360037+05:30"
2026-07-10 00:35:42.745 +05:30 [INF] HealthApp.API.BackgroundServices.HeartbeatService HeartbeatService running at: "2026-07-10T00:35:42.7459264+05:30"
2026-07-10 00:35:52.751 +05:30 [INF] HealthApp.API.BackgroundServices.HeartbeatService HeartbeatService running at: "2026-07-10T00:35:52.7518751+05:30"
2026-07-10 00:36:02.769 +05:30 [INF] HealthApp.API.BackgroundServices.HeartbeatService HeartbeatService running at: "2026-07-10T00:36:02.7690029+05:30"
2026-07-10 00:36:12.779 +05:30 [INF] HealthApp.API.BackgroundServices.HeartbeatService HeartbeatService running at: "2026-07-10T00:36:12.7797565+05:30"
2026-07-10 00:36:22.792 +05:30 [INF] HealthApp.API.BackgroundServices.HeartbeatService HeartbeatService running at: "2026-07-10T00:36:22.7921790+05:30"
2026-07-10 00:36:32.800 +05:30 [INF] HealthApp.API.BackgroundServices.HeartbeatService HeartbeatService running at: "2026-07-10T00:36:32.8001002+05:30"
2026-07-10 00:36:42.815 +05:30 [INF] HealthApp.API.BackgroundServices.HeartbeatService HeartbeatService running at: "2026-07-10T00:36:42.8159613+05:30"
2026-07-10 00:36:52.828 +05:30 [INF] HealthApp.API.BackgroundServices.HeartbeatService HeartbeatService running at: "2026-07-10T00:36:52.8288886+05:30"
2026-07-10 00:37:02.835 +05:30 [INF] HealthApp.API.BackgroundServices.HeartbeatService HeartbeatService running at: "2026-07-10T00:37:02.8358051+05:30"
2026-07-10 00:37:12.842 +05:30 [INF] HealthApp.API.BackgroundServices.HeartbeatService HeartbeatService running at: "2026-07-10T00:37:12.8421716+05:30"
2026-07-10 00:37:22.859 +05:30 [INF] HealthApp.API.BackgroundServices.HeartbeatService HeartbeatService running at: "2026-07-10T00:37:22.8592523+05:30"
2026-07-10 00:37:32.868 +05:30 [INF] HealthApp.API.BackgroundServices.HeartbeatService HeartbeatService running at: "2026-07-10T00:37:32.8680495+05:30"
2026-07-10 00:37:42.881 +05:30 [INF] HealthApp.API.BackgroundServices.HeartbeatService HeartbeatService running at: "2026-07-10T00:37:42.8817958+05:30"
2026-07-10 00:37:52.896 +05:30 [INF] HealthApp.API.BackgroundServices.HeartbeatService HeartbeatService running at: "2026-07-10T00:37:52.8961571+05:30"
2026-07-10 00:38:02.912 +05:30 [INF] HealthApp.API.BackgroundServices.HeartbeatService HeartbeatService running at: "2026-07-10T00:38:02.9122775+05:30"
2026-07-10 00:38:12.927 +05:30 [INF] HealthApp.API.BackgroundServices.HeartbeatService HeartbeatService running at: "2026-07-10T00:38:12.9276718+05:30"
2026-07-10 00:38:22.935 +05:30 [INF] HealthApp.API.BackgroundServices.HeartbeatService HeartbeatService running at: "2026-07-10T00:38:22.9349938+05:30"
2026-07-10 00:38:32.939 +05:30 [INF] HealthApp.API.BackgroundServices.HeartbeatService HeartbeatService running at: "2026-07-10T00:38:32.9399214+05:30"
2026-07-10 00:38:42.945 +05:30 [INF] HealthApp.API.BackgroundServices.HeartbeatService HeartbeatService running at: "2026-07-10T00:38:42.9450914+05:30"
2026-07-10 00:38:52.962 +05:30 [INF] HealthApp.API.BackgroundServices.HeartbeatService HeartbeatService running at: "2026-07-10T00:38:52.9627334+05:30"
2026-07-10 00:39:02.977 +05:30 [INF] HealthApp.API.BackgroundServices.HeartbeatService HeartbeatService running at: "2026-07-10T00:39:02.9770945+05:30"
2026-07-10 00:39:12.991 +05:30 [INF] HealthApp.API.BackgroundServices.HeartbeatService HeartbeatService running at: "2026-07-10T00:39:12.9917163+05:30"
2026-07-10 00:39:23.004 +05:30 [INF] HealthApp.API.BackgroundServices.HeartbeatService HeartbeatService running at: "2026-07-10T00:39:23.0043838+05:30"
2026-07-10 00:39:33.021 +05:30 [INF] HealthApp.API.BackgroundServices.HeartbeatService HeartbeatService running at: "2026-07-10T00:39:33.0212362+05:30"
2026-07-10 00:39:43.038 +05:30 [INF] HealthApp.API.BackgroundServices.HeartbeatService HeartbeatService running at: "2026-07-10T00:39:43.0385255+05:30"
2026-07-10 00:39:53.051 +05:30 [INF] HealthApp.API.BackgroundServices.HeartbeatService HeartbeatService running at: "2026-07-10T00:39:53.0512660+05:30"
2026-07-10 00:40:03.061 +05:30 [INF] HealthApp.API.BackgroundServices.HeartbeatService HeartbeatService running at: "2026-07-10T00:40:03.0611126+05:30"
2026-07-10 00:40:13.077 +05:30 [INF] HealthApp.API.BackgroundServices.HeartbeatService HeartbeatService running at: "2026-07-10T00:40:13.0774026+05:30"
2026-07-10 00:40:23.083 +05:30 [INF] HealthApp.API.BackgroundServices.HeartbeatService HeartbeatService running at: "2026-07-10T00:40:23.0834466+05:30"
2026-07-10 00:40:33.093 +05:30 [INF] HealthApp.API.BackgroundServices.HeartbeatService HeartbeatService running at: "2026-07-10T00:40:33.0936925+05:30"
2026-07-10 00:40:43.102 +05:30 [INF] HealthApp.API.BackgroundServices.HeartbeatService HeartbeatService running at: "2026-07-10T00:40:43.1024677+05:30"
2026-07-10 00:40:53.120 +05:30 [INF] HealthApp.API.BackgroundServices.HeartbeatService HeartbeatService running at: "2026-07-10T00:40:53.1202162+05:30"
2026-07-10 00:41:03.124 +05:30 [INF] HealthApp.API.BackgroundServices.HeartbeatService HeartbeatService running at: "2026-07-10T00:41:03.1241434+05:30"
2026-07-10 00:41:13.138 +05:30 [INF] HealthApp.API.BackgroundServices.HeartbeatService HeartbeatService running at: "2026-07-10T00:41:13.1386811+05:30"
2026-07-10 00:41:23.153 +05:30 [INF] HealthApp.API.BackgroundServices.HeartbeatService HeartbeatService running at: "2026-07-10T00:41:23.1536483+05:30"
2026-07-10 00:41:33.169 +05:30 [INF] HealthApp.API.BackgroundServices.HeartbeatService HeartbeatService running at: "2026-07-10T00:41:33.1690795+05:30"
2026-07-10 00:41:43.174 +05:30 [INF] HealthApp.API.BackgroundServices.HeartbeatService HeartbeatService running at: "2026-07-10T00:41:43.1742804+05:30"
2026-07-10 00:41:53.188 +05:30 [INF] HealthApp.API.BackgroundServices.HeartbeatService HeartbeatService running at: "2026-07-10T00:41:53.1886069+05:30"
2026-07-10 00:42:03.199 +05:30 [INF] HealthApp.API.BackgroundServices.HeartbeatService HeartbeatService running at: "2026-07-10T00:42:03.1999675+05:30"
2026-07-10 00:42:13.218 +05:30 [INF] HealthApp.API.BackgroundServices.HeartbeatService HeartbeatService running at: "2026-07-10T00:42:13.2184185+05:30"
2026-07-10 00:42:23.221 +05:30 [INF] HealthApp.API.BackgroundServices.HeartbeatService HeartbeatService running at: "2026-07-10T00:42:23.2210693+05:30"
2026-07-10 00:42:33.229 +05:30 [INF] HealthApp.API.BackgroundServices.HeartbeatService HeartbeatService running at: "2026-07-10T00:42:33.2293681+05:30"
2026-07-10 00:42:43.234 +05:30 [INF] HealthApp.API.BackgroundServices.HeartbeatService HeartbeatService running at: "2026-07-10T00:42:43.2341448+05:30"
2026-07-10 00:42:53.248 +05:30 [INF] HealthApp.API.BackgroundServices.HeartbeatService HeartbeatService running at: "2026-07-10T00:42:53.2482793+05:30"
2026-07-10 00:43:03.256 +05:30 [INF] HealthApp.API.BackgroundServices.HeartbeatService HeartbeatService running at: "2026-07-10T00:43:03.2564052+05:30"
2026-07-10 00:43:13.259 +05:30 [INF] HealthApp.API.BackgroundServices.HeartbeatService HeartbeatService running at: "2026-07-10T00:43:13.2596373+05:30"
2026-07-10 00:43:23.268 +05:30 [INF] HealthApp.API.BackgroundServices.HeartbeatService HeartbeatService running at: "2026-07-10T00:43:23.2688310+05:30"
2026-07-10 00:43:33.275 +05:30 [INF] HealthApp.API.BackgroundServices.HeartbeatService HeartbeatService running at: "2026-07-10T00:43:33.2752014+05:30"
2026-07-10 00:43:43.288 +05:30 [INF] HealthApp.API.BackgroundServices.HeartbeatService HeartbeatService running at: "2026-07-10T00:43:43.2888078+05:30"
2026-07-10 00:43:53.302 +05:30 [INF] HealthApp.API.BackgroundServices.HeartbeatService HeartbeatService running at: "2026-07-10T00:43:53.3024325+05:30"
2026-07-10 00:44:03.316 +05:30 [INF] HealthApp.API.BackgroundServices.HeartbeatService HeartbeatService running at: "2026-07-10T00:44:03.3168314+05:30"
2026-07-10 00:44:13.332 +05:30 [INF] HealthApp.API.BackgroundServices.HeartbeatService HeartbeatService running at: "2026-07-10T00:44:13.3326681+05:30"
2026-07-10 00:44:23.340 +05:30 [INF] HealthApp.API.BackgroundServices.HeartbeatService HeartbeatService running at: "2026-07-10T00:44:23.3407481+05:30"
2026-07-10 00:44:33.346 +05:30 [INF] HealthApp.API.BackgroundServices.HeartbeatService HeartbeatService running at: "2026-07-10T00:44:33.3468983+05:30"
2026-07-10 00:44:43.355 +05:30 [INF] HealthApp.API.BackgroundServices.HeartbeatService HeartbeatService running at: "2026-07-10T00:44:43.3555800+05:30"
2026-07-10 00:44:53.371 +05:30 [INF] HealthApp.API.BackgroundServices.HeartbeatService HeartbeatService running at: "2026-07-10T00:44:53.3716303+05:30"
2026-07-10 00:45:03.383 +05:30 [INF] HealthApp.API.BackgroundServices.HeartbeatService HeartbeatService running at: "2026-07-10T00:45:03.3829950+05:30"
2026-07-10 00:45:13.387 +05:30 [INF] HealthApp.API.BackgroundServices.HeartbeatService HeartbeatService running at: "2026-07-10T00:45:13.3871478+05:30"
2026-07-10 00:45:23.403 +05:30 [INF] HealthApp.API.BackgroundServices.HeartbeatService HeartbeatService running at: "2026-07-10T00:45:23.4033911+05:30"
2026-07-10 00:45:33.411 +05:30 [INF] HealthApp.API.BackgroundServices.HeartbeatService HeartbeatService running at: "2026-07-10T00:45:33.4117655+05:30"
2026-07-10 00:45:43.416 +05:30 [INF] HealthApp.API.BackgroundServices.HeartbeatService HeartbeatService running at: "2026-07-10T00:45:43.4162024+05:30"
2026-07-10 00:45:53.427 +05:30 [INF] HealthApp.API.BackgroundServices.HeartbeatService HeartbeatService running at: "2026-07-10T00:45:53.4272762+05:30"
2026-07-10 00:46:03.432 +05:30 [INF] HealthApp.API.BackgroundServices.HeartbeatService HeartbeatService running at: "2026-07-10T00:46:03.4321738+05:30"
2026-07-10 00:46:13.438 +05:30 [INF] HealthApp.API.BackgroundServices.HeartbeatService HeartbeatService running at: "2026-07-10T00:46:13.4388415+05:30"
2026-07-10 00:46:23.450 +05:30 [INF] HealthApp.API.BackgroundServices.HeartbeatService HeartbeatService running at: "2026-07-10T00:46:23.4509492+05:30"
2026-07-10 00:46:33.455 +05:30 [INF] HealthApp.API.BackgroundServices.HeartbeatService HeartbeatService running at: "2026-07-10T00:46:33.4558046+05:30"
2026-07-10 00:46:43.471 +05:30 [INF] HealthApp.API.BackgroundServices.HeartbeatService HeartbeatService running at: "2026-07-10T00:46:43.4710885+05:30"
2026-07-10 00:46:53.475 +05:30 [INF] HealthApp.API.BackgroundServices.HeartbeatService HeartbeatService running at: "2026-07-10T00:46:53.4756730+05:30"
2026-07-10 00:47:03.481 +05:30 [INF] HealthApp.API.BackgroundServices.HeartbeatService HeartbeatService running at: "2026-07-10T00:47:03.4810529+05:30"
2026-07-10 00:47:13.489 +05:30 [INF] HealthApp.API.BackgroundServices.HeartbeatService HeartbeatService running at: "2026-07-10T00:47:13.4894271+05:30"
2026-07-10 00:47:23.506 +05:30 [INF] HealthApp.API.BackgroundServices.HeartbeatService HeartbeatService running at: "2026-07-10T00:47:23.5063467+05:30"
2026-07-10 00:47:33.521 +05:30 [INF] HealthApp.API.BackgroundServices.HeartbeatService HeartbeatService running at: "2026-07-10T00:47:33.5214667+05:30"
2026-07-10 00:47:43.527 +05:30 [INF] HealthApp.API.BackgroundServices.HeartbeatService HeartbeatService running at: "2026-07-10T00:47:43.5278053+05:30"
2026-07-10 00:47:53.541 +05:30 [INF] HealthApp.API.BackgroundServices.HeartbeatService HeartbeatService running at: "2026-07-10T00:47:53.5410073+05:30"
2026-07-10 00:48:03.555 +05:30 [INF] HealthApp.API.BackgroundServices.HeartbeatService HeartbeatService running at: "2026-07-10T00:48:03.5557491+05:30"
2026-07-10 00:48:13.559 +05:30 [INF] HealthApp.API.BackgroundServices.HeartbeatService HeartbeatService running at: "2026-07-10T00:48:13.5593367+05:30"
2026-07-10 00:48:23.562 +05:30 [INF] HealthApp.API.BackgroundServices.HeartbeatService HeartbeatService running at: "2026-07-10T00:48:23.5627733+05:30"
2026-07-10 00:48:33.579 +05:30 [INF] HealthApp.API.BackgroundServices.HeartbeatService HeartbeatService running at: "2026-07-10T00:48:33.5796380+05:30"
2026-07-10 00:48:43.584 +05:30 [INF] HealthApp.API.BackgroundServices.HeartbeatService HeartbeatService running at: "2026-07-10T00:48:43.5844980+05:30"
2026-07-10 00:48:53.595 +05:30 [INF] HealthApp.API.BackgroundServices.HeartbeatService HeartbeatService running at: "2026-07-10T00:48:53.5956964+05:30"
2026-07-10 00:49:03.598 +05:30 [INF] HealthApp.API.BackgroundServices.HeartbeatService HeartbeatService running at: "2026-07-10T00:49:03.5989545+05:30"
2026-07-10 00:49:13.603 +05:30 [INF] HealthApp.API.BackgroundServices.HeartbeatService HeartbeatService running at: "2026-07-10T00:49:13.6033607+05:30"
2026-07-10 00:49:23.607 +05:30 [INF] HealthApp.API.BackgroundServices.HeartbeatService HeartbeatService running at: "2026-07-10T00:49:23.6072890+05:30"
2026-07-10 00:49:33.617 +05:30 [INF] HealthApp.API.BackgroundServices.HeartbeatService HeartbeatService running at: "2026-07-10T00:49:33.6170380+05:30"
2026-07-10 00:49:43.621 +05:30 [INF] HealthApp.API.BackgroundServices.HeartbeatService HeartbeatService running at: "2026-07-10T00:49:43.6217942+05:30"
2026-07-10 00:49:53.637 +05:30 [INF] HealthApp.API.BackgroundServices.HeartbeatService HeartbeatService running at: "2026-07-10T00:49:53.6373768+05:30"
2026-07-10 00:50:03.652 +05:30 [INF] HealthApp.API.BackgroundServices.HeartbeatService HeartbeatService running at: "2026-07-10T00:50:03.6523489+05:30"
2026-07-10 00:50:13.658 +05:30 [INF] HealthApp.API.BackgroundServices.HeartbeatService HeartbeatService running at: "2026-07-10T00:50:13.6582739+05:30"
2026-07-10 00:50:23.668 +05:30 [INF] HealthApp.API.BackgroundServices.HeartbeatService HeartbeatService running at: "2026-07-10T00:50:23.6679915+05:30"
2026-07-10 00:50:33.675 +05:30 [INF] HealthApp.API.BackgroundServices.HeartbeatService HeartbeatService running at: "2026-07-10T00:50:33.6757869+05:30"
2026-07-10 00:50:43.682 +05:30 [INF] HealthApp.API.BackgroundServices.HeartbeatService HeartbeatService running at: "2026-07-10T00:50:43.6828374+05:30"
2026-07-10 00:50:53.686 +05:30 [INF] HealthApp.API.BackgroundServices.HeartbeatService HeartbeatService running at: "2026-07-10T00:50:53.6864677+05:30"
2026-07-10 00:51:03.697 +05:30 [INF] HealthApp.API.BackgroundServices.HeartbeatService HeartbeatService running at: "2026-07-10T00:51:03.6976862+05:30"
2026-07-10 00:51:13.714 +05:30 [INF] HealthApp.API.BackgroundServices.HeartbeatService HeartbeatService running at: "2026-07-10T00:51:13.7149808+05:30"
2026-07-10 00:51:23.727 +05:30 [INF] HealthApp.API.BackgroundServices.HeartbeatService HeartbeatService running at: "2026-07-10T00:51:23.7274633+05:30"
2026-07-10 00:51:33.733 +05:30 [INF] HealthApp.API.BackgroundServices.HeartbeatService HeartbeatService running at: "2026-07-10T00:51:33.7337488+05:30"
2026-07-10 00:51:43.737 +05:30 [INF] HealthApp.API.BackgroundServices.HeartbeatService HeartbeatService running at: "2026-07-10T00:51:43.7375042+05:30"
2026-07-10 00:51:53.748 +05:30 [INF] HealthApp.API.BackgroundServices.HeartbeatService HeartbeatService running at: "2026-07-10T00:51:53.7488367+05:30"
2026-07-10 00:52:03.754 +05:30 [INF] HealthApp.API.BackgroundServices.HeartbeatService HeartbeatService running at: "2026-07-10T00:52:03.7545708+05:30"
2026-07-10 00:52:13.778 +05:30 [INF] HealthApp.API.BackgroundServices.HeartbeatService HeartbeatService running at: "2026-07-10T00:52:13.7788624+05:30"
2026-07-10 09:27:24.825 +05:30 [INF] HealthApp.API.BackgroundServices.HeartbeatService HeartbeatService running at: "2026-07-10T09:27:24.8259373+05:30"
2026-07-10 09:27:36.781 +05:30 [INF] HealthApp.API.BackgroundServices.HeartbeatService HeartbeatService running at: "2026-07-10T09:27:36.7813008+05:30"
2026-07-10 09:27:47.819 +05:30 [INF] HealthApp.API.BackgroundServices.HeartbeatService HeartbeatService running at: "2026-07-10T09:27:47.8191584+05:30"
2026-07-10 09:27:57.837 +05:30 [INF] HealthApp.API.BackgroundServices.HeartbeatService HeartbeatService running at: "2026-07-10T09:27:57.8369977+05:30"
2026-07-10 09:28:07.842 +05:30 [INF] HealthApp.API.BackgroundServices.HeartbeatService HeartbeatService running at: "2026-07-10T09:28:07.8420298+05:30"
2026-07-10 09:28:17.844 +05:30 [INF] HealthApp.API.BackgroundServices.HeartbeatService HeartbeatService running at: "2026-07-10T09:28:17.8441542+05:30"
2026-07-10 09:28:27.851 +05:30 [INF] HealthApp.API.BackgroundServices.HeartbeatService HeartbeatService running at: "2026-07-10T09:28:27.8511793+05:30"
2026-07-10 09:28:37.851 +05:30 [INF] HealthApp.API.BackgroundServices.HeartbeatService HeartbeatService running at: "2026-07-10T09:28:37.8515706+05:30"
2026-07-10 09:28:47.868 +05:30 [INF] HealthApp.API.BackgroundServices.HeartbeatService HeartbeatService running at: "2026-07-10T09:28:47.8686896+05:30"
2026-07-10 09:28:57.881 +05:30 [INF] HealthApp.API.BackgroundServices.HeartbeatService HeartbeatService running at: "2026-07-10T09:28:57.8818911+05:30"
2026-07-10 09:29:07.896 +05:30 [INF] HealthApp.API.BackgroundServices.HeartbeatService HeartbeatService running at: "2026-07-10T09:29:07.8964152+05:30"
2026-07-10 09:29:17.905 +05:30 [INF] HealthApp.API.BackgroundServices.HeartbeatService HeartbeatService running at: "2026-07-10T09:29:17.9055132+05:30"
2026-07-10 09:29:27.918 +05:30 [INF] HealthApp.API.BackgroundServices.HeartbeatService HeartbeatService running at: "2026-07-10T09:29:27.9184274+05:30"
2026-07-10 09:29:37.924 +05:30 [INF] HealthApp.API.BackgroundServices.HeartbeatService HeartbeatService running at: "2026-07-10T09:29:37.9245205+05:30"
2026-07-10 09:29:47.932 +05:30 [INF] HealthApp.API.BackgroundServices.HeartbeatService HeartbeatService running at: "2026-07-10T09:29:47.9323964+05:30"
2026-07-10 09:29:57.935 +05:30 [INF] HealthApp.API.BackgroundServices.HeartbeatService HeartbeatService running at: "2026-07-10T09:29:57.9354021+05:30"
2026-07-10 09:30:07.943 +05:30 [INF] HealthApp.API.BackgroundServices.HeartbeatService HeartbeatService running at: "2026-07-10T09:30:07.9432599+05:30"
2026-07-10 09:30:17.960 +05:30 [INF] HealthApp.API.BackgroundServices.HeartbeatService HeartbeatService running at: "2026-07-10T09:30:17.9603169+05:30"
2026-07-10 09:30:27.972 +05:30 [INF] HealthApp.API.BackgroundServices.HeartbeatService HeartbeatService running at: "2026-07-10T09:30:27.9724016+05:30"
2026-07-10 09:30:37.983 +05:30 [INF] HealthApp.API.BackgroundServices.HeartbeatService HeartbeatService running at: "2026-07-10T09:30:37.9836798+05:30"
2026-07-10 09:30:47.996 +05:30 [INF] HealthApp.API.BackgroundServices.HeartbeatService HeartbeatService running at: "2026-07-10T09:30:47.9963728+05:30"
2026-07-10 09:30:58.010 +05:30 [INF] HealthApp.API.BackgroundServices.HeartbeatService HeartbeatService running at: "2026-07-10T09:30:58.0109325+05:30"
2026-07-10 09:31:08.027 +05:30 [INF] HealthApp.API.BackgroundServices.HeartbeatService HeartbeatService running at: "2026-07-10T09:31:08.0274303+05:30"
2026-07-10 09:31:18.033 +05:30 [INF] HealthApp.API.BackgroundServices.HeartbeatService HeartbeatService running at: "2026-07-10T09:31:18.0334730+05:30"
2026-07-10 09:31:28.051 +05:30 [INF] HealthApp.API.BackgroundServices.HeartbeatService HeartbeatService running at: "2026-07-10T09:31:28.0511973+05:30"
2026-07-10 09:31:38.061 +05:30 [INF] HealthApp.API.BackgroundServices.HeartbeatService HeartbeatService running at: "2026-07-10T09:31:38.0615160+05:30"
2026-07-10 09:31:48.078 +05:30 [INF] HealthApp.API.BackgroundServices.HeartbeatService HeartbeatService running at: "2026-07-10T09:31:48.0782335+05:30"
2026-07-10 09:31:58.081 +05:30 [INF] HealthApp.API.BackgroundServices.HeartbeatService HeartbeatService running at: "2026-07-10T09:31:58.0813210+05:30"
2026-07-10 09:32:08.097 +05:30 [INF] HealthApp.API.BackgroundServices.HeartbeatService HeartbeatService running at: "2026-07-10T09:32:08.0977067+05:30"
2026-07-10 09:32:18.101 +05:30 [INF] HealthApp.API.BackgroundServices.HeartbeatService HeartbeatService running at: "2026-07-10T09:32:18.1014106+05:30"
2026-07-10 09:32:28.108 +05:30 [INF] HealthApp.API.BackgroundServices.HeartbeatService HeartbeatService running at: "2026-07-10T09:32:28.1086944+05:30"
2026-07-10 09:32:38.124 +05:30 [INF] HealthApp.API.BackgroundServices.HeartbeatService HeartbeatService running at: "2026-07-10T09:32:38.1240636+05:30"
2026-07-10 09:32:48.140 +05:30 [INF] HealthApp.API.BackgroundServices.HeartbeatService HeartbeatService running at: "2026-07-10T09:32:48.1400367+05:30"
2026-07-10 09:32:58.143 +05:30 [INF] HealthApp.API.BackgroundServices.HeartbeatService HeartbeatService running at: "2026-07-10T09:32:58.1435917+05:30"
2026-07-10 09:33:08.147 +05:30 [INF] HealthApp.API.BackgroundServices.HeartbeatService HeartbeatService running at: "2026-07-10T09:33:08.1479302+05:30"
2026-07-10 09:33:18.165 +05:30 [INF] HealthApp.API.BackgroundServices.HeartbeatService HeartbeatService running at: "2026-07-10T09:33:18.1659217+05:30"
2026-07-10 09:33:28.172 +05:30 [INF] HealthApp.API.BackgroundServices.HeartbeatService HeartbeatService running at: "2026-07-10T09:33:28.1728472+05:30"
2026-07-10 09:33:38.178 +05:30 [INF] HealthApp.API.BackgroundServices.HeartbeatService HeartbeatService running at: "2026-07-10T09:33:38.1780731+05:30"
2026-07-10 09:33:48.189 +05:30 [INF] HealthApp.API.BackgroundServices.HeartbeatService HeartbeatService running at: "2026-07-10T09:33:48.1894595+05:30"
2026-07-10 09:33:58.194 +05:30 [INF] HealthApp.API.BackgroundServices.HeartbeatService HeartbeatService running at: "2026-07-10T09:33:58.1949748+05:30"
2026-07-10 09:34:08.207 +05:30 [INF] HealthApp.API.BackgroundServices.HeartbeatService HeartbeatService running at: "2026-07-10T09:34:08.2072182+05:30"
2026-07-10 09:34:18.219 +05:30 [INF] HealthApp.API.BackgroundServices.HeartbeatService HeartbeatService running at: "2026-07-10T09:34:18.2194382+05:30"
2026-07-10 09:34:28.229 +05:30 [INF] HealthApp.API.BackgroundServices.HeartbeatService HeartbeatService running at: "2026-07-10T09:34:28.2290615+05:30"
2026-07-10 09:34:38.243 +05:30 [INF] HealthApp.API.BackgroundServices.HeartbeatService HeartbeatService running at: "2026-07-10T09:34:38.2435727+05:30"
2026-07-10 09:34:48.251 +05:30 [INF] HealthApp.API.BackgroundServices.HeartbeatService HeartbeatService running at: "2026-07-10T09:34:48.2513435+05:30"
2026-07-10 09:34:58.275 +05:30 [INF] HealthApp.API.BackgroundServices.HeartbeatService HeartbeatService running at: "2026-07-10T09:34:58.2754120+05:30"
2026-07-10 09:35:08.601 +05:30 [INF] HealthApp.API.BackgroundServices.HeartbeatService HeartbeatService running at: "2026-07-10T09:35:08.6016109+05:30"
2026-07-10 09:35:18.614 +05:30 [INF] HealthApp.API.BackgroundServices.HeartbeatService HeartbeatService running at: "2026-07-10T09:35:18.6141222+05:30"
2026-07-10 09:35:28.631 +05:30 [INF] HealthApp.API.BackgroundServices.HeartbeatService HeartbeatService running at: "2026-07-10T09:35:28.6313493+05:30"
2026-07-10 09:35:38.638 +05:30 [INF] HealthApp.API.BackgroundServices.HeartbeatService HeartbeatService running at: "2026-07-10T09:35:38.6381454+05:30"
2026-07-10 09:35:48.649 +05:30 [INF] HealthApp.API.BackgroundServices.HeartbeatService HeartbeatService running at: "2026-07-10T09:35:48.6492436+05:30"
2026-07-10 09:35:58.661 +05:30 [INF] HealthApp.API.BackgroundServices.HeartbeatService HeartbeatService running at: "2026-07-10T09:35:58.6612463+05:30"
2026-07-10 09:36:08.671 +05:30 [INF] HealthApp.API.BackgroundServices.HeartbeatService HeartbeatService running at: "2026-07-10T09:36:08.6714393+05:30"
2026-07-10 09:36:18.687 +05:30 [INF] HealthApp.API.BackgroundServices.HeartbeatService HeartbeatService running at: "2026-07-10T09:36:18.6870672+05:30"
2026-07-10 09:36:28.687 +05:30 [INF] HealthApp.API.BackgroundServices.HeartbeatService HeartbeatService running at: "2026-07-10T09:36:28.6879364+05:30"
2026-07-10 09:36:38.693 +05:30 [INF] HealthApp.API.BackgroundServices.HeartbeatService HeartbeatService running at: "2026-07-10T09:36:38.6931386+05:30"
2026-07-10 09:36:48.708 +05:30 [INF] HealthApp.API.BackgroundServices.HeartbeatService HeartbeatService running at: "2026-07-10T09:36:48.7089690+05:30"
2026-07-10 09:36:58.720 +05:30 [INF] HealthApp.API.BackgroundServices.HeartbeatService HeartbeatService running at: "2026-07-10T09:36:58.7200859+05:30"
2026-07-10 09:37:08.727 +05:30 [INF] HealthApp.API.BackgroundServices.HeartbeatService HeartbeatService running at: "2026-07-10T09:37:08.7271420+05:30"
2026-07-10 09:37:18.731 +05:30 [INF] HealthApp.API.BackgroundServices.HeartbeatService HeartbeatService running at: "2026-07-10T09:37:18.7317502+05:30"
2026-07-10 09:37:28.743 +05:30 [INF] HealthApp.API.BackgroundServices.HeartbeatService HeartbeatService running at: "2026-07-10T09:37:28.7436097+05:30"
2026-07-10 09:37:38.752 +05:30 [INF] HealthApp.API.BackgroundServices.HeartbeatService HeartbeatService running at: "2026-07-10T09:37:38.7522213+05:30"
2026-07-10 09:37:48.762 +05:30 [INF] HealthApp.API.BackgroundServices.HeartbeatService HeartbeatService running at: "2026-07-10T09:37:48.7621548+05:30"
2026-07-10 09:37:58.767 +05:30 [INF] HealthApp.API.BackgroundServices.HeartbeatService HeartbeatService running at: "2026-07-10T09:37:58.7677914+05:30"
2026-07-10 09:38:08.781 +05:30 [INF] HealthApp.API.BackgroundServices.HeartbeatService HeartbeatService running at: "2026-07-10T09:38:08.7815101+05:30"
2026-07-10 09:38:18.790 +05:30 [INF] HealthApp.API.BackgroundServices.HeartbeatService HeartbeatService running at: "2026-07-10T09:38:18.7905394+05:30"
2026-07-10 09:38:28.796 +05:30 [INF] HealthApp.API.BackgroundServices.HeartbeatService HeartbeatService running at: "2026-07-10T09:38:28.7964668+05:30"
2026-07-10 09:38:38.807 +05:30 [INF] HealthApp.API.BackgroundServices.HeartbeatService HeartbeatService running at: "2026-07-10T09:38:38.8078601+05:30"
2026-07-10 09:38:48.820 +05:30 [INF] HealthApp.API.BackgroundServices.HeartbeatService HeartbeatService running at: "2026-07-10T09:38:48.8208742+05:30"
2026-07-10 09:38:58.828 +05:30 [INF] HealthApp.API.BackgroundServices.HeartbeatService HeartbeatService running at: "2026-07-10T09:38:58.8287377+05:30"
2026-07-10 09:39:08.843 +05:30 [INF] HealthApp.API.BackgroundServices.HeartbeatService HeartbeatService running at: "2026-07-10T09:39:08.8430443+05:30"
2026-07-10 09:39:18.860 +05:30 [INF] HealthApp.API.BackgroundServices.HeartbeatService HeartbeatService running at: "2026-07-10T09:39:18.8607764+05:30"
2026-07-10 09:39:28.866 +05:30 [INF] HealthApp.API.BackgroundServices.HeartbeatService HeartbeatService running at: "2026-07-10T09:39:28.8661428+05:30"
2026-07-10 09:39:38.874 +05:30 [INF] HealthApp.API.BackgroundServices.HeartbeatService HeartbeatService running at: "2026-07-10T09:39:38.8743370+05:30"
2026-07-10 09:39:48.886 +05:30 [INF] HealthApp.API.BackgroundServices.HeartbeatService HeartbeatService running at: "2026-07-10T09:39:48.8865640+05:30"
2026-07-10 09:39:58.890 +05:30 [INF] HealthApp.API.BackgroundServices.HeartbeatService HeartbeatService running at: "2026-07-10T09:39:58.8905813+05:30"
2026-07-10 09:40:08.897 +05:30 [INF] HealthApp.API.BackgroundServices.HeartbeatService HeartbeatService running at: "2026-07-10T09:40:08.8972649+05:30"
2026-07-10 09:40:18.907 +05:30 [INF] HealthApp.API.BackgroundServices.HeartbeatService HeartbeatService running at: "2026-07-10T09:40:18.9077441+05:30"
2026-07-10 09:40:28.921 +05:30 [INF] HealthApp.API.BackgroundServices.HeartbeatService HeartbeatService running at: "2026-07-10T09:40:28.9212423+05:30"
2026-07-10 09:40:38.935 +05:30 [INF] HealthApp.API.BackgroundServices.HeartbeatService HeartbeatService running at: "2026-07-10T09:40:38.9359751+05:30"
2026-07-10 09:40:48.947 +05:30 [INF] HealthApp.API.BackgroundServices.HeartbeatService HeartbeatService running at: "2026-07-10T09:40:48.9477444+05:30"
2026-07-10 09:40:58.954 +05:30 [INF] HealthApp.API.BackgroundServices.HeartbeatService HeartbeatService running at: "2026-07-10T09:40:58.9547413+05:30"
2026-07-10 09:41:08.963 +05:30 [INF] HealthApp.API.BackgroundServices.HeartbeatService HeartbeatService running at: "2026-07-10T09:41:08.9637397+05:30"
2026-07-10 09:41:18.972 +05:30 [INF] HealthApp.API.BackgroundServices.HeartbeatService HeartbeatService running at: "2026-07-10T09:41:18.9728570+05:30"
2026-07-10 09:41:28.981 +05:30 [INF] HealthApp.API.BackgroundServices.HeartbeatService HeartbeatService running at: "2026-07-10T09:41:28.9815847+05:30"
2026-07-10 09:41:38.989 +05:30 [INF] HealthApp.API.BackgroundServices.HeartbeatService HeartbeatService running at: "2026-07-10T09:41:38.9890854+05:30"
2026-07-10 09:41:48.997 +05:30 [INF] HealthApp.API.BackgroundServices.HeartbeatService HeartbeatService running at: "2026-07-10T09:41:48.9977207+05:30"
2026-07-10 09:41:59.012 +05:30 [INF] HealthApp.API.BackgroundServices.HeartbeatService HeartbeatService running at: "2026-07-10T09:41:59.0125363+05:30"
2026-07-10 09:42:09.030 +05:30 [INF] HealthApp.API.BackgroundServices.HeartbeatService HeartbeatService running at: "2026-07-10T09:42:09.0303664+05:30"
2026-07-10 09:42:19.048 +05:30 [INF] HealthApp.API.BackgroundServices.HeartbeatService HeartbeatService running at: "2026-07-10T09:42:19.0489537+05:30"
2026-07-10 09:42:29.061 +05:30 [INF] HealthApp.API.BackgroundServices.HeartbeatService HeartbeatService running at: "2026-07-10T09:42:29.0610549+05:30"
2026-07-10 09:42:39.077 +05:30 [INF] HealthApp.API.BackgroundServices.HeartbeatService HeartbeatService running at: "2026-07-10T09:42:39.0771863+05:30"
2026-07-10 09:42:49.097 +05:30 [INF] HealthApp.API.BackgroundServices.HeartbeatService HeartbeatService running at: "2026-07-10T09:42:49.0977707+05:30"
2026-07-10 09:42:59.105 +05:30 [INF] HealthApp.API.BackgroundServices.HeartbeatService HeartbeatService running at: "2026-07-10T09:42:59.1056286+05:30"
2026-07-10 09:43:09.106 +05:30 [INF] HealthApp.API.BackgroundServices.HeartbeatService HeartbeatService running at: "2026-07-10T09:43:09.1067224+05:30"
2026-07-10 09:43:19.124 +05:30 [INF] HealthApp.API.BackgroundServices.HeartbeatService HeartbeatService running at: "2026-07-10T09:43:19.1240083+05:30"
2026-07-10 09:43:29.139 +05:30 [INF] HealthApp.API.BackgroundServices.HeartbeatService HeartbeatService running at: "2026-07-10T09:43:29.1393485+05:30"
2026-07-10 09:43:39.155 +05:30 [INF] HealthApp.API.BackgroundServices.HeartbeatService HeartbeatService running at: "2026-07-10T09:43:39.1558850+05:30"
2026-07-10 09:43:49.167 +05:30 [INF] HealthApp.API.BackgroundServices.HeartbeatService HeartbeatService running at: "2026-07-10T09:43:49.1670682+05:30"
2026-07-10 09:43:59.178 +05:30 [INF] HealthApp.API.BackgroundServices.HeartbeatService HeartbeatService running at: "2026-07-10T09:43:59.1781097+05:30"
2026-07-10 09:44:09.185 +05:30 [INF] HealthApp.API.BackgroundServices.HeartbeatService HeartbeatService running at: "2026-07-10T09:44:09.1856327+05:30"
2026-07-10 09:44:19.197 +05:30 [INF] HealthApp.API.BackgroundServices.HeartbeatService HeartbeatService running at: "2026-07-10T09:44:19.1977138+05:30"
2026-07-10 09:44:29.212 +05:30 [INF] HealthApp.API.BackgroundServices.HeartbeatService HeartbeatService running at: "2026-07-10T09:44:29.2121755+05:30"
2026-07-10 09:44:39.227 +05:30 [INF] HealthApp.API.BackgroundServices.HeartbeatService HeartbeatService running at: "2026-07-10T09:44:39.2273893+05:30"
2026-07-10 09:44:49.238 +05:30 [INF] HealthApp.API.BackgroundServices.HeartbeatService HeartbeatService running at: "2026-07-10T09:44:49.2380160+05:30"
2026-07-10 09:44:59.243 +05:30 [INF] HealthApp.API.BackgroundServices.HeartbeatService HeartbeatService running at: "2026-07-10T09:44:59.2430528+05:30"
2026-07-10 09:45:09.247 +05:30 [INF] HealthApp.API.BackgroundServices.HeartbeatService HeartbeatService running at: "2026-07-10T09:45:09.2470115+05:30"
2026-07-10 09:45:19.254 +05:30 [INF] HealthApp.API.BackgroundServices.HeartbeatService HeartbeatService running at: "2026-07-10T09:45:19.2547785+05:30"
2026-07-10 09:45:29.273 +05:30 [INF] HealthApp.API.BackgroundServices.HeartbeatService HeartbeatService running at: "2026-07-10T09:45:29.2730711+05:30"
2026-07-10 09:45:39.292 +05:30 [INF] HealthApp.API.BackgroundServices.HeartbeatService HeartbeatService running at: "2026-07-10T09:45:39.2924017+05:30"
2026-07-10 09:45:49.300 +05:30 [INF] HealthApp.API.BackgroundServices.HeartbeatService HeartbeatService running at: "2026-07-10T09:45:49.3002256+05:30"
2026-07-10 09:45:59.313 +05:30 [INF] HealthApp.API.BackgroundServices.HeartbeatService HeartbeatService running at: "2026-07-10T09:45:59.3133210+05:30"
2026-07-10 09:46:09.318 +05:30 [INF] HealthApp.API.BackgroundServices.HeartbeatService HeartbeatService running at: "2026-07-10T09:46:09.3184731+05:30"
2026-07-10 09:46:19.335 +05:30 [INF] HealthApp.API.BackgroundServices.HeartbeatService HeartbeatService running at: "2026-07-10T09:46:19.3356031+05:30"
2026-07-10 09:46:29.351 +05:30 [INF] HealthApp.API.BackgroundServices.HeartbeatService HeartbeatService running at: "2026-07-10T09:46:29.3510540+05:30"
2026-07-10 09:46:39.358 +05:30 [INF] HealthApp.API.BackgroundServices.HeartbeatService HeartbeatService running at: "2026-07-10T09:46:39.3580508+05:30"
2026-07-10 09:46:49.367 +05:30 [INF] HealthApp.API.BackgroundServices.HeartbeatService HeartbeatService running at: "2026-07-10T09:46:49.3674661+05:30"
2026-07-10 09:46:59.373 +05:30 [INF] HealthApp.API.BackgroundServices.HeartbeatService HeartbeatService running at: "2026-07-10T09:46:59.3730664+05:30"
2026-07-10 09:47:09.389 +05:30 [INF] HealthApp.API.BackgroundServices.HeartbeatService HeartbeatService running at: "2026-07-10T09:47:09.3892042+05:30"
2026-07-10 09:47:19.407 +05:30 [INF] HealthApp.API.BackgroundServices.HeartbeatService HeartbeatService running at: "2026-07-10T09:47:19.4070933+05:30"
2026-07-10 09:47:29.413 +05:30 [INF] HealthApp.API.BackgroundServices.HeartbeatService HeartbeatService running at: "2026-07-10T09:47:29.4135624+05:30"
2026-07-10 09:47:39.425 +05:30 [INF] HealthApp.API.BackgroundServices.HeartbeatService HeartbeatService running at: "2026-07-10T09:47:39.4257035+05:30"
2026-07-10 09:47:49.430 +05:30 [INF] HealthApp.API.BackgroundServices.HeartbeatService HeartbeatService running at: "2026-07-10T09:47:49.4303969+05:30"
2026-07-10 09:47:59.441 +05:30 [INF] HealthApp.API.BackgroundServices.HeartbeatService HeartbeatService running at: "2026-07-10T09:47:59.4417684+05:30"
2026-07-10 09:48:09.458 +05:30 [INF] HealthApp.API.BackgroundServices.HeartbeatService HeartbeatService running at: "2026-07-10T09:48:09.4588362+05:30"
2026-07-10 09:48:19.468 +05:30 [INF] HealthApp.API.BackgroundServices.HeartbeatService HeartbeatService running at: "2026-07-10T09:48:19.4684474+05:30"
2026-07-10 09:48:29.476 +05:30 [INF] HealthApp.API.BackgroundServices.HeartbeatService HeartbeatService running at: "2026-07-10T09:48:29.4767964+05:30"
2026-07-10 09:48:39.490 +05:30 [INF] HealthApp.API.BackgroundServices.HeartbeatService HeartbeatService running at: "2026-07-10T09:48:39.4904639+05:30"
2026-07-10 09:48:49.506 +05:30 [INF] HealthApp.API.BackgroundServices.HeartbeatService HeartbeatService running at: "2026-07-10T09:48:49.5068059+05:30"
2026-07-10 09:48:59.515 +05:30 [INF] HealthApp.API.BackgroundServices.HeartbeatService HeartbeatService running at: "2026-07-10T09:48:59.5157639+05:30"
2026-07-10 09:49:09.525 +05:30 [INF] HealthApp.API.BackgroundServices.HeartbeatService HeartbeatService running at: "2026-07-10T09:49:09.5254078+05:30"
2026-07-10 09:49:19.536 +05:30 [INF] HealthApp.API.BackgroundServices.HeartbeatService HeartbeatService running at: "2026-07-10T09:49:19.5362281+05:30"
2026-07-10 09:49:29.555 +05:30 [INF] HealthApp.API.BackgroundServices.HeartbeatService HeartbeatService running at: "2026-07-10T09:49:29.5557495+05:30"
2026-07-10 09:49:39.561 +05:30 [INF] HealthApp.API.BackgroundServices.HeartbeatService HeartbeatService running at: "2026-07-10T09:49:39.5617303+05:30"
2026-07-10 09:49:49.581 +05:30 [INF] HealthApp.API.BackgroundServices.HeartbeatService HeartbeatService running at: "2026-07-10T09:49:49.5810457+05:30"
2026-07-10 09:49:59.594 +05:30 [INF] HealthApp.API.BackgroundServices.HeartbeatService HeartbeatService running at: "2026-07-10T09:49:59.5941490+05:30"
2026-07-10 09:50:09.607 +05:30 [INF] HealthApp.API.BackgroundServices.HeartbeatService HeartbeatService running at: "2026-07-10T09:50:09.6078501+05:30"
2026-07-10 09:50:19.623 +05:30 [INF] HealthApp.API.BackgroundServices.HeartbeatService HeartbeatService running at: "2026-07-10T09:50:19.6237195+05:30"
2026-07-10 09:50:22.822 +05:30 [INF] Microsoft.EntityFrameworkCore.Database.Command Executed DbCommand (9ms) [Parameters=[@cutoffDate='?' (DbType = DateTime2)], CommandType='"Text"', CommandTimeout='30']
DELETE FROM [n]
FROM [Notifications] AS [n]
WHERE [n].[CreatedDate] < @cutoffDate
2026-07-10 09:50:22.827 +05:30 [INF] HealthApp.API.BackgroundServices.NotificationCleanupService Notification cleanup completed. Deleted 0 notifications older than "2026-06-10T09:50:22.2670200+05:30".
2026-07-10 09:50:29.636 +05:30 [INF] HealthApp.API.BackgroundServices.HeartbeatService HeartbeatService running at: "2026-07-10T09:50:29.6368296+05:30"
2026-07-10 09:50:39.656 +05:30 [INF] HealthApp.API.BackgroundServices.HeartbeatService HeartbeatService running at: "2026-07-10T09:50:39.6560603+05:30"
2026-07-10 09:50:49.664 +05:30 [INF] HealthApp.API.BackgroundServices.HeartbeatService HeartbeatService running at: "2026-07-10T09:50:49.6641332+05:30"
2026-07-10 09:50:59.683 +05:30 [INF] HealthApp.API.BackgroundServices.HeartbeatService HeartbeatService running at: "2026-07-10T09:50:59.6839344+05:30"
2026-07-10 09:51:09.698 +05:30 [INF] HealthApp.API.BackgroundServices.HeartbeatService HeartbeatService running at: "2026-07-10T09:51:09.6981531+05:30"
2026-07-10 09:51:19.712 +05:30 [INF] HealthApp.API.BackgroundServices.HeartbeatService HeartbeatService running at: "2026-07-10T09:51:19.7123796+05:30"
2026-07-10 09:51:29.719 +05:30 [INF] HealthApp.API.BackgroundServices.HeartbeatService HeartbeatService running at: "2026-07-10T09:51:29.7196192+05:30"
2026-07-10 09:51:39.738 +05:30 [INF] HealthApp.API.BackgroundServices.HeartbeatService HeartbeatService running at: "2026-07-10T09:51:39.7386089+05:30"
2026-07-10 09:51:49.745 +05:30 [INF] HealthApp.API.BackgroundServices.HeartbeatService HeartbeatService running at: "2026-07-10T09:51:49.7453374+05:30"
2026-07-10 15:29:10.805 +05:30 [INF] Microsoft.EntityFrameworkCore.Database.Command Executed DbCommand (117ms) [Parameters=[], CommandType='"Text"', CommandTimeout='30']
SELECT 1
2026-07-10 15:29:11.319 +05:30 [INF] Microsoft.EntityFrameworkCore.Database.Command Executed DbCommand (146ms) [Parameters=[], CommandType='"Text"', CommandTimeout='30']
DECLARE @result int;
EXEC @result = sp_getapplock @Resource = '__EFMigrationsLock', @LockOwner = 'Session', @LockMode = 'Exclusive';
SELECT @result
2026-07-10 15:29:11.689 +05:30 [INF] Microsoft.EntityFrameworkCore.Database.Command Executed DbCommand (29ms) [Parameters=[], CommandType='"Text"', CommandTimeout='30']
IF OBJECT_ID(N'[__EFMigrationsHistory]') IS NULL
BEGIN
    CREATE TABLE [__EFMigrationsHistory] (
        [MigrationId] nvarchar(150) NOT NULL,
        [ProductVersion] nvarchar(32) NOT NULL,
        CONSTRAINT [PK___EFMigrationsHistory] PRIMARY KEY ([MigrationId])
    );
END;
2026-07-10 15:29:11.788 +05:30 [INF] Microsoft.EntityFrameworkCore.Database.Command Executed DbCommand (7ms) [Parameters=[], CommandType='"Text"', CommandTimeout='30']
SELECT 1
2026-07-10 15:29:11.808 +05:30 [INF] Microsoft.EntityFrameworkCore.Database.Command Executed DbCommand (2ms) [Parameters=[], CommandType='"Text"', CommandTimeout='30']
SELECT OBJECT_ID(N'[__EFMigrationsHistory]');
2026-07-10 15:29:11.883 +05:30 [INF] Microsoft.EntityFrameworkCore.Database.Command Executed DbCommand (51ms) [Parameters=[], CommandType='"Text"', CommandTimeout='30']
SELECT [MigrationId], [ProductVersion]
FROM [__EFMigrationsHistory]
ORDER BY [MigrationId];
2026-07-10 15:29:11.971 +05:30 [INF] Microsoft.EntityFrameworkCore.Database.Command Executed DbCommand (14ms) [Parameters=[], CommandType='"Text"', CommandTimeout='30']
DECLARE @result int;
EXEC @result = sp_releaseapplock @Resource = '__EFMigrationsLock', @LockOwner = 'Session';
SELECT @result
2026-07-10 15:29:13.256 +05:30 [INF] Microsoft.EntityFrameworkCore.Database.Command Executed DbCommand (89ms) [Parameters=[@normalizedName='?' (Size = 256)], CommandType='"Text"', CommandTimeout='30']
SELECT TOP(1) [a].[Id], [a].[ConcurrencyStamp], [a].[Name], [a].[NormalizedName]
FROM [AspNetRoles] AS [a]
WHERE [a].[NormalizedName] = @normalizedName
2026-07-10 15:29:13.462 +05:30 [INF] Microsoft.EntityFrameworkCore.Database.Command Executed DbCommand (3ms) [Parameters=[@normalizedName='?' (Size = 256)], CommandType='"Text"', CommandTimeout='30']
SELECT TOP(1) [a].[Id], [a].[ConcurrencyStamp], [a].[Name], [a].[NormalizedName]
FROM [AspNetRoles] AS [a]
WHERE [a].[NormalizedName] = @normalizedName
2026-07-10 15:29:13.472 +05:30 [INF] Microsoft.EntityFrameworkCore.Database.Command Executed DbCommand (1ms) [Parameters=[@normalizedName='?' (Size = 256)], CommandType='"Text"', CommandTimeout='30']
SELECT TOP(1) [a].[Id], [a].[ConcurrencyStamp], [a].[Name], [a].[NormalizedName]
FROM [AspNetRoles] AS [a]
WHERE [a].[NormalizedName] = @normalizedName
2026-07-10 15:29:13.557 +05:30 [INF] Microsoft.EntityFrameworkCore.Database.Command Executed DbCommand (16ms) [Parameters=[@normalizedEmail='?' (Size = 256)], CommandType='"Text"', CommandTimeout='30']
SELECT TOP(2) [a].[Id], [a].[AccessFailedCount], [a].[ConcurrencyStamp], [a].[CreatedDate], [a].[Email], [a].[EmailConfirmed], [a].[FullName], [a].[LockoutEnabled], [a].[LockoutEnd], [a].[MustChangePassword], [a].[NormalizedEmail], [a].[NormalizedUserName], [a].[PasswordHash], [a].[PhoneNumber], [a].[PhoneNumberConfirmed], [a].[SecurityStamp], [a].[TwoFactorEnabled], [a].[UserName]
FROM [AspNetUsers] AS [a]
WHERE [a].[NormalizedEmail] = @normalizedEmail
2026-07-10 15:29:13.738 +05:30 [INF] Microsoft.EntityFrameworkCore.Database.Command Executed DbCommand (9ms) [Parameters=[@normalizedRoleName='?' (Size = 256)], CommandType='"Text"', CommandTimeout='30']
SELECT TOP(2) [a].[Id], [a].[ConcurrencyStamp], [a].[Name], [a].[NormalizedName]
FROM [AspNetRoles] AS [a]
WHERE [a].[NormalizedName] = @normalizedRoleName
2026-07-10 15:29:13.912 +05:30 [INF] Microsoft.EntityFrameworkCore.Database.Command Executed DbCommand (9ms) [Parameters=[@p='?' (Size = 450), @p1='?' (Size = 450)], CommandType='"Text"', CommandTimeout='30']
SELECT TOP(1) [a].[UserId], [a].[RoleId]
FROM [AspNetUserRoles] AS [a]
WHERE [a].[UserId] = @p AND [a].[RoleId] = @p1
2026-07-10 15:29:13.956 +05:30 [INF] Program Database migration and identity seeding completed successfully.
2026-07-10 15:29:14.967 +05:30 [INF] MassTransit Configured endpoint appointment.booked.queue, Consumer: HealthApp.API.Messaging.AppointmentBookedConsumer
2026-07-10 15:29:15.482 +05:30 [INF] HealthApp.API.BackgroundServices.HeartbeatService HeartbeatService started.
2026-07-10 15:29:15.486 +05:30 [INF] HealthApp.API.BackgroundServices.HeartbeatService HeartbeatService running at: "2026-07-10T15:29:15.4867252+05:30"
2026-07-10 15:29:15.486 +05:30 [INF] HealthApp.API.BackgroundServices.NotificationCleanupService NotificationCleanupService started.
2026-07-10 15:29:15.684 +05:30 [INF] Microsoft.EntityFrameworkCore.Database.Command Executed DbCommand (22ms) [Parameters=[@cutoffDate='?' (DbType = DateTime2)], CommandType='"Text"', CommandTimeout='30']
DELETE FROM [n]
FROM [Notifications] AS [n]
WHERE [n].[CreatedDate] < @cutoffDate
2026-07-10 15:29:15.695 +05:30 [INF] HealthApp.API.BackgroundServices.NotificationCleanupService Notification cleanup completed. Deleted 0 notifications older than "2026-06-10T15:29:15.5023564+05:30".
2026-07-10 15:29:16.578 +05:30 [INF] MassTransit Bus started: "rabbitmq://localhost/"
2026-07-10 15:29:22.939 +05:30 [INF] Microsoft.EntityFrameworkCore.Database.Command Executed DbCommand (2ms) [Parameters=[@normalizedEmail='?' (Size = 256)], CommandType='"Text"', CommandTimeout='30']
SELECT TOP(2) [a].[Id], [a].[AccessFailedCount], [a].[ConcurrencyStamp], [a].[CreatedDate], [a].[Email], [a].[EmailConfirmed], [a].[FullName], [a].[LockoutEnabled], [a].[LockoutEnd], [a].[MustChangePassword], [a].[NormalizedEmail], [a].[NormalizedUserName], [a].[PasswordHash], [a].[PhoneNumber], [a].[PhoneNumberConfirmed], [a].[SecurityStamp], [a].[TwoFactorEnabled], [a].[UserName]
FROM [AspNetUsers] AS [a]
WHERE [a].[NormalizedEmail] = @normalizedEmail
2026-07-10 15:29:23.504 +05:30 [INF] Microsoft.EntityFrameworkCore.Database.Command Executed DbCommand (17ms) [Parameters=[@userId='?' (Size = 450)], CommandType='"Text"', CommandTimeout='30']
SELECT [a0].[Name]
FROM [AspNetUserRoles] AS [a]
INNER JOIN [AspNetRoles] AS [a0] ON [a].[RoleId] = [a0].[Id]
WHERE [a].[UserId] = @userId
2026-07-10 15:29:23.531 +05:30 [INF] Microsoft.EntityFrameworkCore.Database.Command Executed DbCommand (2ms) [Parameters=[@userId='?' (Size = 450)], CommandType='"Text"', CommandTimeout='30']
SELECT [a0].[Name]
FROM [AspNetUserRoles] AS [a]
INNER JOIN [AspNetRoles] AS [a0] ON [a].[RoleId] = [a0].[Id]
WHERE [a].[UserId] = @userId
2026-07-10 15:29:24.279 +05:30 [INF] Microsoft.EntityFrameworkCore.Database.Command Executed DbCommand (53ms) [Parameters=[@p0='?' (DbType = DateTime2), @p1='?' (DbType = DateTime2), @p2='?' (DbType = Boolean), @p3='?' (DbType = Boolean), @p4='?' (Size = 4000), @p5='?' (Size = 4000), @p6='?' (Size = 450)], CommandType='"Text"', CommandTimeout='30']
SET IMPLICIT_TRANSACTIONS OFF;
SET NOCOUNT ON;
INSERT INTO [RefreshTokens] ([CreatedDate], [ExpiryDate], [IsRevoked], [IsUsed], [JwtId], [Token], [UserId])
OUTPUT INSERTED.[RefreshTokenId]
VALUES (@p0, @p1, @p2, @p3, @p4, @p5, @p6);
2026-07-10 15:29:24.425 +05:30 [INF] Microsoft.EntityFrameworkCore.Database.Command Executed DbCommand (16ms) [Parameters=[@userId='?' (Size = 4000)], CommandType='"Text"', CommandTimeout='30']
SELECT TOP(1) [p].[PatientId], [p].[CreatedDate], [p].[DateOfBirth], [p].[Email], [p].[Gender], [p].[InsuranceId], [p].[PatientName], [p].[PhoneNumber], [p].[UserId]
FROM [Patients] AS [p]
WHERE [p].[UserId] = @userId
2026-07-10 15:29:24.594 +05:30 [INF] Serilog.AspNetCore.RequestLoggingMiddleware HTTP POST /api/auth/login responded 200 in 2292.0061 ms
2026-07-10 15:29:25.165 +05:30 [WRN] LuckyPennySoftware.AutoMapper.License You do not have a valid license key for the Lucky Penny software AutoMapper. This is allowed for development and testing scenarios. If you are running in production you are required to have a licensed version. Please visit https://luckypennysoftware.com to obtain a valid license.
2026-07-10 15:29:25.203 +05:30 [INF] Microsoft.EntityFrameworkCore.Database.Command Executed DbCommand (2ms) [Parameters=[@userId='?' (Size = 4000)], CommandType='"Text"', CommandTimeout='30']
SELECT TOP(1) [p].[PatientId], [p].[CreatedDate], [p].[DateOfBirth], [p].[Email], [p].[Gender], [p].[InsuranceId], [p].[PatientName], [p].[PhoneNumber], [p].[UserId]
FROM [Patients] AS [p]
WHERE [p].[UserId] = @userId
2026-07-10 15:29:25.230 +05:30 [INF] Microsoft.EntityFrameworkCore.Database.Command Executed DbCommand (7ms) [Parameters=[@p='?' (DbType = Int32)], CommandType='"Text"', CommandTimeout='30']
SELECT TOP(1) [p].[PatientId], [p].[CreatedDate], [p].[DateOfBirth], [p].[Email], [p].[Gender], [p].[InsuranceId], [p].[PatientName], [p].[PhoneNumber], [p].[UserId]
FROM [Patients] AS [p]
WHERE [p].[PatientId] = @p
2026-07-10 15:29:25.245 +05:30 [INF] Microsoft.EntityFrameworkCore.Database.Command Executed DbCommand (2ms) [Parameters=[@userId='?' (Size = 4000)], CommandType='"Text"', CommandTimeout='30']
SELECT TOP(1) [p].[PatientId], [p].[CreatedDate], [p].[DateOfBirth], [p].[Email], [p].[Gender], [p].[InsuranceId], [p].[PatientName], [p].[PhoneNumber], [p].[UserId]
FROM [Patients] AS [p]
WHERE [p].[UserId] = @userId
2026-07-10 15:29:25.305 +05:30 [INF] Serilog.AspNetCore.RequestLoggingMiddleware HTTP GET /api/patients/6 responded 200 in 658.3882 ms
2026-07-10 15:29:25.323 +05:30 [INF] Microsoft.EntityFrameworkCore.Database.Command Executed DbCommand (2ms) [Parameters=[@p='?' (DbType = Int32)], CommandType='"Text"', CommandTimeout='30']
SELECT TOP(1) [p].[PatientId], [p].[CreatedDate], [p].[DateOfBirth], [p].[Email], [p].[Gender], [p].[InsuranceId], [p].[PatientName], [p].[PhoneNumber], [p].[UserId]
FROM [Patients] AS [p]
WHERE [p].[PatientId] = @p
2026-07-10 15:29:25.336 +05:30 [INF] Microsoft.EntityFrameworkCore.Database.Command Executed DbCommand (2ms) [Parameters=[@userId='?' (Size = 4000)], CommandType='"Text"', CommandTimeout='30']
SELECT TOP(1) [p].[PatientId], [p].[CreatedDate], [p].[DateOfBirth], [p].[Email], [p].[Gender], [p].[InsuranceId], [p].[PatientName], [p].[PhoneNumber], [p].[UserId]
FROM [Patients] AS [p]
WHERE [p].[UserId] = @userId
2026-07-10 15:29:25.349 +05:30 [INF] Serilog.AspNetCore.RequestLoggingMiddleware HTTP GET /api/patients/6 responded 200 in 38.2755 ms
2026-07-10 15:29:25.390 +05:30 [INF] Microsoft.EntityFrameworkCore.Database.Command Executed DbCommand (31ms) [Parameters=[@patientId='?' (DbType = Int32)], CommandType='"Text"', CommandTimeout='30']
SELECT [a].[AppointmentId], [a].[CancellationReason], [a].[CreatedDate], [a].[DoctorId], [a].[PatientId], [a].[ScheduledDate], [a].[Status], [a].[TimeSlots], [p].[PatientId], [p].[CreatedDate], [p].[DateOfBirth], [p].[Email], [p].[Gender], [p].[InsuranceId], [p].[PatientName], [p].[PhoneNumber], [p].[UserId], [d].[DoctorId], [d].[ConsultationFee], [d].[CreatedDate], [d].[DoctorName], [d].[IsActive], [d].[Specialisation], [d].[UserId], [d].[YearsOfExperience]
FROM [Appointments] AS [a]
INNER JOIN [Patients] AS [p] ON [a].[PatientId] = [p].[PatientId]
INNER JOIN [Doctors] AS [d] ON [a].[DoctorId] = [d].[DoctorId]
WHERE [a].[PatientId] = @patientId
ORDER BY [a].[ScheduledDate] DESC
2026-07-10 15:29:25.497 +05:30 [INF] HealthApp.API.BackgroundServices.HeartbeatService HeartbeatService running at: "2026-07-10T15:29:25.4972898+05:30"
2026-07-10 15:29:25.569 +05:30 [INF] Serilog.AspNetCore.RequestLoggingMiddleware HTTP GET /api/appointments responded 200 in 919.4866 ms
2026-07-10 15:29:34.252 +05:30 [INF] Microsoft.EntityFrameworkCore.Database.Command Executed DbCommand (1ms) [Parameters=[@userId='?' (Size = 4000)], CommandType='"Text"', CommandTimeout='30']
SELECT TOP(1) [p].[PatientId], [p].[CreatedDate], [p].[DateOfBirth], [p].[Email], [p].[Gender], [p].[InsuranceId], [p].[PatientName], [p].[PhoneNumber], [p].[UserId]
FROM [Patients] AS [p]
WHERE [p].[UserId] = @userId
2026-07-10 15:29:34.264 +05:30 [INF] Microsoft.EntityFrameworkCore.Database.Command Executed DbCommand (4ms) [Parameters=[@patientId='?' (DbType = Int32)], CommandType='"Text"', CommandTimeout='30']
SELECT [a].[AppointmentId], [a].[CancellationReason], [a].[CreatedDate], [a].[DoctorId], [a].[PatientId], [a].[ScheduledDate], [a].[Status], [a].[TimeSlots], [p].[PatientId], [p].[CreatedDate], [p].[DateOfBirth], [p].[Email], [p].[Gender], [p].[InsuranceId], [p].[PatientName], [p].[PhoneNumber], [p].[UserId], [d].[DoctorId], [d].[ConsultationFee], [d].[CreatedDate], [d].[DoctorName], [d].[IsActive], [d].[Specialisation], [d].[UserId], [d].[YearsOfExperience]
FROM [Appointments] AS [a]
INNER JOIN [Patients] AS [p] ON [a].[PatientId] = [p].[PatientId]
INNER JOIN [Doctors] AS [d] ON [a].[DoctorId] = [d].[DoctorId]
WHERE [a].[PatientId] = @patientId
ORDER BY [a].[ScheduledDate] DESC
2026-07-10 15:29:34.274 +05:30 [INF] Serilog.AspNetCore.RequestLoggingMiddleware HTTP GET /api/appointments responded 200 in 31.6737 ms
2026-07-10 15:29:35.507 +05:30 [INF] HealthApp.API.BackgroundServices.HeartbeatService HeartbeatService running at: "2026-07-10T15:29:35.5073698+05:30"
2026-07-10 15:29:45.521 +05:30 [INF] HealthApp.API.BackgroundServices.HeartbeatService HeartbeatService running at: "2026-07-10T15:29:45.5210949+05:30"
2026-07-10 15:29:52.936 +05:30 [INF] Microsoft.EntityFrameworkCore.Database.Command Executed DbCommand (1ms) [Parameters=[@p='?' (DbType = Int32)], CommandType='"Text"', CommandTimeout='30']
SELECT TOP(1) [p].[PatientId], [p].[CreatedDate], [p].[DateOfBirth], [p].[Email], [p].[Gender], [p].[InsuranceId], [p].[PatientName], [p].[PhoneNumber], [p].[UserId]
FROM [Patients] AS [p]
WHERE [p].[PatientId] = @p
2026-07-10 15:29:52.944 +05:30 [INF] Microsoft.EntityFrameworkCore.Database.Command Executed DbCommand (1ms) [Parameters=[@userId='?' (Size = 4000)], CommandType='"Text"', CommandTimeout='30']
SELECT TOP(1) [p].[PatientId], [p].[CreatedDate], [p].[DateOfBirth], [p].[Email], [p].[Gender], [p].[InsuranceId], [p].[PatientName], [p].[PhoneNumber], [p].[UserId]
FROM [Patients] AS [p]
WHERE [p].[UserId] = @userId
2026-07-10 15:29:52.953 +05:30 [INF] Serilog.AspNetCore.RequestLoggingMiddleware HTTP GET /api/patients/6 responded 200 in 41.3205 ms
2026-07-10 15:29:53.492 +05:30 [INF] Microsoft.EntityFrameworkCore.Database.Command Executed DbCommand (2ms) [Parameters=[@userId='?' (Size = 4000)], CommandType='"Text"', CommandTimeout='30']
SELECT TOP(1) [p].[PatientId], [p].[CreatedDate], [p].[DateOfBirth], [p].[Email], [p].[Gender], [p].[InsuranceId], [p].[PatientName], [p].[PhoneNumber], [p].[UserId]
FROM [Patients] AS [p]
WHERE [p].[UserId] = @userId
2026-07-10 15:29:53.500 +05:30 [INF] Microsoft.EntityFrameworkCore.Database.Command Executed DbCommand (1ms) [Parameters=[@patientId='?' (DbType = Int32)], CommandType='"Text"', CommandTimeout='30']
SELECT [a].[AppointmentId], [a].[CancellationReason], [a].[CreatedDate], [a].[DoctorId], [a].[PatientId], [a].[ScheduledDate], [a].[Status], [a].[TimeSlots], [p].[PatientId], [p].[CreatedDate], [p].[DateOfBirth], [p].[Email], [p].[Gender], [p].[InsuranceId], [p].[PatientName], [p].[PhoneNumber], [p].[UserId], [d].[DoctorId], [d].[ConsultationFee], [d].[CreatedDate], [d].[DoctorName], [d].[IsActive], [d].[Specialisation], [d].[UserId], [d].[YearsOfExperience]
FROM [Appointments] AS [a]
INNER JOIN [Patients] AS [p] ON [a].[PatientId] = [p].[PatientId]
INNER JOIN [Doctors] AS [d] ON [a].[DoctorId] = [d].[DoctorId]
WHERE [a].[PatientId] = @patientId
ORDER BY [a].[ScheduledDate] DESC
2026-07-10 15:29:53.507 +05:30 [INF] Serilog.AspNetCore.RequestLoggingMiddleware HTTP GET /api/appointments responded 200 in 595.3305 ms
2026-07-10 15:29:55.544 +05:30 [INF] HealthApp.API.BackgroundServices.HeartbeatService HeartbeatService running at: "2026-07-10T15:29:55.5447687+05:30"
2026-07-10 15:29:55.547 +05:30 [INF] Microsoft.EntityFrameworkCore.Database.Command Executed DbCommand (2ms) [Parameters=[@p='?' (DbType = Int32)], CommandType='"Text"', CommandTimeout='30']
SELECT TOP(1) [p].[PatientId], [p].[CreatedDate], [p].[DateOfBirth], [p].[Email], [p].[Gender], [p].[InsuranceId], [p].[PatientName], [p].[PhoneNumber], [p].[UserId]
FROM [Patients] AS [p]
WHERE [p].[PatientId] = @p
2026-07-10 15:29:55.558 +05:30 [INF] Microsoft.EntityFrameworkCore.Database.Command Executed DbCommand (1ms) [Parameters=[@userId='?' (Size = 4000)], CommandType='"Text"', CommandTimeout='30']
SELECT TOP(1) [p].[PatientId], [p].[CreatedDate], [p].[DateOfBirth], [p].[Email], [p].[Gender], [p].[InsuranceId], [p].[PatientName], [p].[PhoneNumber], [p].[UserId]
FROM [Patients] AS [p]
WHERE [p].[UserId] = @userId
2026-07-10 15:29:55.565 +05:30 [INF] Serilog.AspNetCore.RequestLoggingMiddleware HTTP GET /api/patients/6 responded 200 in 71.8151 ms
2026-07-10 15:29:58.098 +05:30 [INF] Microsoft.EntityFrameworkCore.Database.Command Executed DbCommand (14ms) [Parameters=[@ToString='?' (Size = 4000)], CommandType='"Text"', CommandTimeout='30']
SELECT [d].[DoctorId], [d].[ConsultationFee], [d].[CreatedDate], [d].[DoctorName], [d].[IsActive], [d].[Specialisation], [d].[UserId], [d].[YearsOfExperience]
FROM [Doctors] AS [d]
WHERE [d].[IsActive] = CAST(1 AS bit) AND [d].[Specialisation] = @ToString
ORDER BY [d].[DoctorName]
2026-07-10 15:29:58.148 +05:30 [INF] Serilog.AspNetCore.RequestLoggingMiddleware HTTP GET /api/doctors responded 200 in 148.2899 ms
2026-07-10 15:30:01.163 +05:30 [INF] Microsoft.EntityFrameworkCore.Database.Command Executed DbCommand (14ms) [Parameters=[@ToString='?' (Size = 4000)], CommandType='"Text"', CommandTimeout='30']
SELECT [d].[DoctorId], [d].[ConsultationFee], [d].[CreatedDate], [d].[DoctorName], [d].[IsActive], [d].[Specialisation], [d].[UserId], [d].[YearsOfExperience]
FROM [Doctors] AS [d]
WHERE [d].[IsActive] = CAST(1 AS bit) AND [d].[Specialisation] = @ToString
ORDER BY [d].[DoctorName]
2026-07-10 15:30:01.171 +05:30 [INF] Serilog.AspNetCore.RequestLoggingMiddleware HTTP GET /api/doctors responded 200 in 27.2816 ms
2026-07-10 15:30:04.358 +05:30 [INF] Microsoft.EntityFrameworkCore.Database.Command Executed DbCommand (14ms) [Parameters=[@ToString='?' (Size = 4000)], CommandType='"Text"', CommandTimeout='30']
SELECT [d].[DoctorId], [d].[ConsultationFee], [d].[CreatedDate], [d].[DoctorName], [d].[IsActive], [d].[Specialisation], [d].[UserId], [d].[YearsOfExperience]
FROM [Doctors] AS [d]
WHERE [d].[IsActive] = CAST(1 AS bit) AND [d].[Specialisation] = @ToString
ORDER BY [d].[DoctorName]
2026-07-10 15:30:04.374 +05:30 [INF] Serilog.AspNetCore.RequestLoggingMiddleware HTTP GET /api/doctors responded 200 in 34.8777 ms
2026-07-10 15:30:05.562 +05:30 [INF] HealthApp.API.BackgroundServices.HeartbeatService HeartbeatService running at: "2026-07-10T15:30:05.5628184+05:30"
2026-07-10 15:30:06.220 +05:30 [INF] Microsoft.EntityFrameworkCore.Database.Command Executed DbCommand (10ms) [Parameters=[@ToString='?' (Size = 4000)], CommandType='"Text"', CommandTimeout='30']
SELECT [d].[DoctorId], [d].[ConsultationFee], [d].[CreatedDate], [d].[DoctorName], [d].[IsActive], [d].[Specialisation], [d].[UserId], [d].[YearsOfExperience]
FROM [Doctors] AS [d]
WHERE [d].[IsActive] = CAST(1 AS bit) AND [d].[Specialisation] = @ToString
ORDER BY [d].[DoctorName]
2026-07-10 15:30:06.232 +05:30 [INF] Serilog.AspNetCore.RequestLoggingMiddleware HTTP GET /api/doctors responded 200 in 26.8104 ms
2026-07-10 15:30:12.922 +05:30 [INF] HealthApp.API.Service.Impl.DoctorService Doctor availability cache miss. Reading from SQL Server. DoctorId: 7, Date: "2026-07-18T00:00:00.0000000", CacheKey: doctors:7:availability:2026-07-18
2026-07-10 15:30:12.950 +05:30 [INF] Microsoft.EntityFrameworkCore.Database.Command Executed DbCommand (6ms) [Parameters=[@p='?' (DbType = Int32)], CommandType='"Text"', CommandTimeout='30']
SELECT TOP(1) [d].[DoctorId], [d].[ConsultationFee], [d].[CreatedDate], [d].[DoctorName], [d].[IsActive], [d].[Specialisation], [d].[UserId], [d].[YearsOfExperience]
FROM [Doctors] AS [d]
WHERE [d].[DoctorId] = @p
2026-07-10 15:30:13.033 +05:30 [INF] Microsoft.EntityFrameworkCore.Database.Command Executed DbCommand (42ms) [Parameters=[@doctorId='?' (DbType = Int32)], CommandType='"Text"', CommandTimeout='30']
SELECT [a].[AppointmentId], [a].[CancellationReason], [a].[CreatedDate], [a].[DoctorId], [a].[PatientId], [a].[ScheduledDate], [a].[Status], [a].[TimeSlots], [p].[PatientId], [p].[CreatedDate], [p].[DateOfBirth], [p].[Email], [p].[Gender], [p].[InsuranceId], [p].[PatientName], [p].[PhoneNumber], [p].[UserId], [d].[DoctorId], [d].[ConsultationFee], [d].[CreatedDate], [d].[DoctorName], [d].[IsActive], [d].[Specialisation], [d].[UserId], [d].[YearsOfExperience]
FROM [Appointments] AS [a]
INNER JOIN [Patients] AS [p] ON [a].[PatientId] = [p].[PatientId]
INNER JOIN [Doctors] AS [d] ON [a].[DoctorId] = [d].[DoctorId]
WHERE [a].[DoctorId] = @doctorId
ORDER BY [a].[ScheduledDate] DESC
2026-07-10 15:30:13.173 +05:30 [INF] HealthApp.API.Service.Impl.DoctorService Doctor availability cached for 5 minutes. DoctorId: 7, Date: "2026-07-18T00:00:00.0000000", CacheKey: doctors:7:availability:2026-07-18
2026-07-10 15:30:13.181 +05:30 [INF] Serilog.AspNetCore.RequestLoggingMiddleware HTTP GET /api/doctors/7/availability responded 200 in 987.1570 ms
2026-07-10 15:30:15.573 +05:30 [INF] HealthApp.API.BackgroundServices.HeartbeatService HeartbeatService running at: "2026-07-10T15:30:15.5729668+05:30"
2026-07-10 15:30:15.935 +05:30 [INF] Microsoft.EntityFrameworkCore.Database.Command Executed DbCommand (8ms) [Parameters=[@userId='?' (Size = 4000)], CommandType='"Text"', CommandTimeout='30']
SELECT TOP(1) [p].[PatientId], [p].[CreatedDate], [p].[DateOfBirth], [p].[Email], [p].[Gender], [p].[InsuranceId], [p].[PatientName], [p].[PhoneNumber], [p].[UserId]
FROM [Patients] AS [p]
WHERE [p].[UserId] = @userId
2026-07-10 15:30:15.951 +05:30 [INF] Microsoft.EntityFrameworkCore.Database.Command Executed DbCommand (2ms) [Parameters=[@p='?' (DbType = Int32)], CommandType='"Text"', CommandTimeout='30']
SELECT TOP(1) [d].[DoctorId], [d].[ConsultationFee], [d].[CreatedDate], [d].[DoctorName], [d].[IsActive], [d].[Specialisation], [d].[UserId], [d].[YearsOfExperience]
FROM [Doctors] AS [d]
WHERE [d].[DoctorId] = @p
2026-07-10 15:30:16.082 +05:30 [INF] Microsoft.EntityFrameworkCore.Database.Command Executed DbCommand (22ms) [Parameters=[@doctorId='?' (DbType = Int32), @date_Date='?' (DbType = DateTime2), @timeSlot='?' (Size = 4000)], CommandType='"Text"', CommandTimeout='30']
SELECT CASE
    WHEN EXISTS (
        SELECT 1
        FROM [Appointments] AS [a]
        WHERE [a].[DoctorId] = @doctorId AND CONVERT(date, [a].[ScheduledDate]) = @date_Date AND [a].[TimeSlots] = @timeSlot AND [a].[Status] <> N'Cancelled' AND [a].[Status] <> N'Completed') THEN CAST(1 AS bit)
    ELSE CAST(0 AS bit)
END
2026-07-10 15:30:16.137 +05:30 [INF] Microsoft.EntityFrameworkCore.Database.Command Executed DbCommand (19ms) [Parameters=[@patientId='?' (DbType = Int32), @date_Date='?' (DbType = DateTime2), @timeSlot='?' (Size = 4000)], CommandType='"Text"', CommandTimeout='30']
SELECT CASE
    WHEN EXISTS (
        SELECT 1
        FROM [Appointments] AS [a]
        WHERE [a].[PatientId] = @patientId AND CONVERT(date, [a].[ScheduledDate]) = @date_Date AND [a].[TimeSlots] = @timeSlot AND [a].[Status] <> N'Cancelled' AND [a].[Status] <> N'Completed') THEN CAST(1 AS bit)
    ELSE CAST(0 AS bit)
END
2026-07-10 15:30:16.185 +05:30 [INF] Microsoft.EntityFrameworkCore.Database.Command Executed DbCommand (23ms) [Parameters=[@patientId='?' (DbType = Int32), @doctorId='?' (DbType = Int32), @date_Date='?' (DbType = DateTime2)], CommandType='"Text"', CommandTimeout='30']
SELECT CASE
    WHEN EXISTS (
        SELECT 1
        FROM [Appointments] AS [a]
        WHERE [a].[PatientId] = @patientId AND [a].[DoctorId] = @doctorId AND CONVERT(date, [a].[ScheduledDate]) = @date_Date AND [a].[Status] <> N'Cancelled' AND [a].[Status] <> N'Completed') THEN CAST(1 AS bit)
    ELSE CAST(0 AS bit)
END
2026-07-10 15:30:16.364 +05:30 [INF] Microsoft.EntityFrameworkCore.Database.Command Executed DbCommand (38ms) [Parameters=[@p0='?' (Size = 200), @p1='?' (DbType = DateTime2), @p2='?' (DbType = Int32), @p3='?' (DbType = Int32), @p4='?' (DbType = DateTime2), @p5='?' (Size = 4000), @p6='?' (Size = 4000)], CommandType='"Text"', CommandTimeout='30']
SET IMPLICIT_TRANSACTIONS OFF;
SET NOCOUNT ON;
INSERT INTO [Appointments] ([CancellationReason], [CreatedDate], [DoctorId], [PatientId], [ScheduledDate], [Status], [TimeSlots])
OUTPUT INSERTED.[AppointmentId]
VALUES (@p0, @p1, @p2, @p3, @p4, @p5, @p6);
2026-07-10 15:30:16.988 +05:30 [INF] HealthApp.API.Service.Impl.AppointmentService AppointmentBookedEvent published. AppointmentId: 16, DoctorId: 7
2026-07-10 15:30:17.058 +05:30 [INF] Microsoft.EntityFrameworkCore.Database.Command Executed DbCommand (16ms) [Parameters=[@appointmentId='?' (DbType = Int32)], CommandType='"Text"', CommandTimeout='30']
SELECT TOP(1) [a].[AppointmentId], [a].[CancellationReason], [a].[CreatedDate], [a].[DoctorId], [a].[PatientId], [a].[ScheduledDate], [a].[Status], [a].[TimeSlots], [p].[PatientId], [p].[CreatedDate], [p].[DateOfBirth], [p].[Email], [p].[Gender], [p].[InsuranceId], [p].[PatientName], [p].[PhoneNumber], [p].[UserId], [d].[DoctorId], [d].[ConsultationFee], [d].[CreatedDate], [d].[DoctorName], [d].[IsActive], [d].[Specialisation], [d].[UserId], [d].[YearsOfExperience]
FROM [Appointments] AS [a]
INNER JOIN [Patients] AS [p] ON [a].[PatientId] = [p].[PatientId]
INNER JOIN [Doctors] AS [d] ON [a].[DoctorId] = [d].[DoctorId]
WHERE [a].[AppointmentId] = @appointmentId
2026-07-10 15:30:17.142 +05:30 [INF] Serilog.AspNetCore.RequestLoggingMiddleware HTTP POST /api/appointments responded 201 in 1259.8658 ms
2026-07-10 15:30:17.162 +05:30 [INF] Microsoft.EntityFrameworkCore.Database.Command Executed DbCommand (13ms) [Parameters=[@p0='?' (DbType = Int32), @p1='?' (DbType = DateTime2), @p2='?' (DbType = Int32), @p3='?' (DbType = Boolean), @p4='?' (Size = 4000), @p5='?' (Size = 4000)], CommandType='"Text"', CommandTimeout='30']
SET IMPLICIT_TRANSACTIONS OFF;
SET NOCOUNT ON;
INSERT INTO [Notifications] ([AppointmentId], [CreatedDate], [DoctorId], [IsRead], [Message], [Title])
OUTPUT INSERTED.[NotificationId]
VALUES (@p0, @p1, @p2, @p3, @p4, @p5);
2026-07-10 15:30:17.177 +05:30 [INF] HealthApp.API.Messaging.AppointmentBookedConsumer AppointmentBookedEvent consumed successfully. AppointmentId: 16, DoctorId: 7
2026-07-10 15:30:17.970 +05:30 [INF] Microsoft.EntityFrameworkCore.Database.Command Executed DbCommand (1ms) [Parameters=[@userId='?' (Size = 4000)], CommandType='"Text"', CommandTimeout='30']
SELECT TOP(1) [p].[PatientId], [p].[CreatedDate], [p].[DateOfBirth], [p].[Email], [p].[Gender], [p].[InsuranceId], [p].[PatientName], [p].[PhoneNumber], [p].[UserId]
FROM [Patients] AS [p]
WHERE [p].[UserId] = @userId
2026-07-10 15:30:17.995 +05:30 [INF] Microsoft.EntityFrameworkCore.Database.Command Executed DbCommand (18ms) [Parameters=[@patientId='?' (DbType = Int32)], CommandType='"Text"', CommandTimeout='30']
SELECT [a].[AppointmentId], [a].[CancellationReason], [a].[CreatedDate], [a].[DoctorId], [a].[PatientId], [a].[ScheduledDate], [a].[Status], [a].[TimeSlots], [p].[PatientId], [p].[CreatedDate], [p].[DateOfBirth], [p].[Email], [p].[Gender], [p].[InsuranceId], [p].[PatientName], [p].[PhoneNumber], [p].[UserId], [d].[DoctorId], [d].[ConsultationFee], [d].[CreatedDate], [d].[DoctorName], [d].[IsActive], [d].[Specialisation], [d].[UserId], [d].[YearsOfExperience]
FROM [Appointments] AS [a]
INNER JOIN [Patients] AS [p] ON [a].[PatientId] = [p].[PatientId]
INNER JOIN [Doctors] AS [d] ON [a].[DoctorId] = [d].[DoctorId]
WHERE [a].[PatientId] = @patientId
ORDER BY [a].[ScheduledDate] DESC
2026-07-10 15:30:18.005 +05:30 [INF] Serilog.AspNetCore.RequestLoggingMiddleware HTTP GET /api/appointments responded 200 in 38.8520 ms
2026-07-10 15:30:25.585 +05:30 [INF] HealthApp.API.BackgroundServices.HeartbeatService HeartbeatService running at: "2026-07-10T15:30:25.5849910+05:30"
2026-07-10 15:30:35.592 +05:30 [INF] HealthApp.API.BackgroundServices.HeartbeatService HeartbeatService running at: "2026-07-10T15:30:35.5922059+05:30"
2026-07-10 15:30:45.597 +05:30 [INF] HealthApp.API.BackgroundServices.HeartbeatService HeartbeatService running at: "2026-07-10T15:30:45.5978495+05:30"
2026-07-10 15:30:55.613 +05:30 [INF] HealthApp.API.BackgroundServices.HeartbeatService HeartbeatService running at: "2026-07-10T15:30:55.6132536+05:30"
2026-07-10 15:31:05.616 +05:30 [INF] HealthApp.API.BackgroundServices.HeartbeatService HeartbeatService running at: "2026-07-10T15:31:05.6163622+05:30"
2026-07-10 15:31:15.627 +05:30 [INF] HealthApp.API.BackgroundServices.HeartbeatService HeartbeatService running at: "2026-07-10T15:31:15.6270630+05:30"
2026-07-10 15:31:25.632 +05:30 [INF] HealthApp.API.BackgroundServices.HeartbeatService HeartbeatService running at: "2026-07-10T15:31:25.6321551+05:30"
2026-07-10 15:31:35.648 +05:30 [INF] HealthApp.API.BackgroundServices.HeartbeatService HeartbeatService running at: "2026-07-10T15:31:35.6479549+05:30"
2026-07-10 15:31:45.652 +05:30 [INF] HealthApp.API.BackgroundServices.HeartbeatService HeartbeatService running at: "2026-07-10T15:31:45.6509992+05:30"
2026-07-10 15:31:55.663 +05:30 [INF] HealthApp.API.BackgroundServices.HeartbeatService HeartbeatService running at: "2026-07-10T15:31:55.6634913+05:30"
2026-07-10 15:32:05.671 +05:30 [INF] HealthApp.API.BackgroundServices.HeartbeatService HeartbeatService running at: "2026-07-10T15:32:05.6706270+05:30"
2026-07-10 15:32:15.690 +05:30 [INF] HealthApp.API.BackgroundServices.HeartbeatService HeartbeatService running at: "2026-07-10T15:32:15.6901415+05:30"
2026-07-10 15:32:25.704 +05:30 [INF] HealthApp.API.BackgroundServices.HeartbeatService HeartbeatService running at: "2026-07-10T15:32:25.7036346+05:30"
2026-07-10 15:32:35.718 +05:30 [INF] HealthApp.API.BackgroundServices.HeartbeatService HeartbeatService running at: "2026-07-10T15:32:35.7177419+05:30"
2026-07-10 15:32:45.733 +05:30 [INF] HealthApp.API.BackgroundServices.HeartbeatService HeartbeatService running at: "2026-07-10T15:32:45.7338076+05:30"
2026-07-10 15:32:55.750 +05:30 [INF] HealthApp.API.BackgroundServices.HeartbeatService HeartbeatService running at: "2026-07-10T15:32:55.7501525+05:30"
2026-07-10 15:33:05.758 +05:30 [INF] HealthApp.API.BackgroundServices.HeartbeatService HeartbeatService running at: "2026-07-10T15:33:05.7584547+05:30"
2026-07-10 15:33:15.777 +05:30 [INF] HealthApp.API.BackgroundServices.HeartbeatService HeartbeatService running at: "2026-07-10T15:33:15.7777147+05:30"
2026-07-10 15:33:25.787 +05:30 [INF] HealthApp.API.BackgroundServices.HeartbeatService HeartbeatService running at: "2026-07-10T15:33:25.7877108+05:30"
2026-07-10 15:33:35.799 +05:30 [INF] HealthApp.API.BackgroundServices.HeartbeatService HeartbeatService running at: "2026-07-10T15:33:35.7997731+05:30"
2026-07-10 15:33:45.919 +05:30 [INF] HealthApp.API.BackgroundServices.HeartbeatService HeartbeatService running at: "2026-07-10T15:33:45.9191451+05:30"
2026-07-10 15:33:55.927 +05:30 [INF] HealthApp.API.BackgroundServices.HeartbeatService HeartbeatService running at: "2026-07-10T15:33:55.9270011+05:30"
2026-07-10 15:34:05.934 +05:30 [INF] HealthApp.API.BackgroundServices.HeartbeatService HeartbeatService running at: "2026-07-10T15:34:05.9342898+05:30"
2026-07-10 15:34:15.938 +05:30 [INF] HealthApp.API.BackgroundServices.HeartbeatService HeartbeatService running at: "2026-07-10T15:34:15.9388556+05:30"
2026-07-10 15:34:16.686 +05:30 [INF] MassTransit Usage Telemetry: {"id":"604c0000-9990-197a-7cfe-08dede69e637","created":"2026-07-10T15:29:14.8520884\u002B05:30","host":{"framework_version":"10.0.9","mass_transit_version":"8.5.10.0","operating_system_version":"Microsoft Windows NT 10.0.26200.0","time_zone_info":"(UTC\u002B05:30) Chennai, Kolkata, Mumbai, New Delhi","commit_hash":"62ab339afa3bac2e9b3fe1769d0d35d7e44778e9"},"bus":[{"created":"2026-07-10T15:29:14.8576862\u002B05:30","configured":"2026-07-10T15:29:15.2944648\u002B05:30","started":"2026-07-10T15:29:16.5735615\u002B05:30","name":"IBus","endpoints":[{"name":"appointment.booked.queue","type":"RabbitMQ","prefetch_count":16,"consumer_count":1,"message_count":1},{"name":"_bus_","type":"RabbitMQ","prefetch_count":16}]}]}
2026-07-10 15:34:25.943 +05:30 [INF] HealthApp.API.BackgroundServices.HeartbeatService HeartbeatService running at: "2026-07-10T15:34:25.9429536+05:30"
2026-07-10 15:34:35.954 +05:30 [INF] HealthApp.API.BackgroundServices.HeartbeatService HeartbeatService running at: "2026-07-10T15:34:35.9548269+05:30"
2026-07-10 15:34:45.963 +05:30 [INF] HealthApp.API.BackgroundServices.HeartbeatService HeartbeatService running at: "2026-07-10T15:34:45.9632734+05:30"
2026-07-10 15:34:55.981 +05:30 [INF] HealthApp.API.BackgroundServices.HeartbeatService HeartbeatService running at: "2026-07-10T15:34:55.9809810+05:30"
2026-07-10 15:35:05.995 +05:30 [INF] HealthApp.API.BackgroundServices.HeartbeatService HeartbeatService running at: "2026-07-10T15:35:05.9950061+05:30"
2026-07-10 15:35:16.001 +05:30 [INF] HealthApp.API.BackgroundServices.HeartbeatService HeartbeatService running at: "2026-07-10T15:35:16.0019247+05:30"
2026-07-10 15:35:26.010 +05:30 [INF] HealthApp.API.BackgroundServices.HeartbeatService HeartbeatService running at: "2026-07-10T15:35:26.0107202+05:30"
2026-07-10 15:35:36.022 +05:30 [INF] HealthApp.API.BackgroundServices.HeartbeatService HeartbeatService running at: "2026-07-10T15:35:36.0226219+05:30"
2026-07-10 15:35:46.027 +05:30 [INF] HealthApp.API.BackgroundServices.HeartbeatService HeartbeatService running at: "2026-07-10T15:35:46.0274741+05:30"
2026-07-10 15:35:56.039 +05:30 [INF] HealthApp.API.BackgroundServices.HeartbeatService HeartbeatService running at: "2026-07-10T15:35:56.0392568+05:30"
2026-07-10 15:36:06.045 +05:30 [INF] HealthApp.API.BackgroundServices.HeartbeatService HeartbeatService running at: "2026-07-10T15:36:06.0459259+05:30"
2026-07-10 15:36:16.054 +05:30 [INF] HealthApp.API.BackgroundServices.HeartbeatService HeartbeatService running at: "2026-07-10T15:36:16.0548152+05:30"
2026-07-10 15:36:26.060 +05:30 [INF] HealthApp.API.BackgroundServices.HeartbeatService HeartbeatService running at: "2026-07-10T15:36:26.0597530+05:30"
2026-07-10 15:36:36.067 +05:30 [INF] HealthApp.API.BackgroundServices.HeartbeatService HeartbeatService running at: "2026-07-10T15:36:36.0669963+05:30"
2026-07-10 15:36:46.079 +05:30 [INF] HealthApp.API.BackgroundServices.HeartbeatService HeartbeatService running at: "2026-07-10T15:36:46.0792190+05:30"
2026-07-10 15:36:56.092 +05:30 [INF] HealthApp.API.BackgroundServices.HeartbeatService HeartbeatService running at: "2026-07-10T15:36:56.0926823+05:30"
2026-07-10 15:37:06.094 +05:30 [INF] HealthApp.API.BackgroundServices.HeartbeatService HeartbeatService running at: "2026-07-10T15:37:06.0943878+05:30"
2026-07-10 15:37:16.107 +05:30 [INF] HealthApp.API.BackgroundServices.HeartbeatService HeartbeatService running at: "2026-07-10T15:37:16.1071161+05:30"
2026-07-10 15:37:26.114 +05:30 [INF] HealthApp.API.BackgroundServices.HeartbeatService HeartbeatService running at: "2026-07-10T15:37:26.1141799+05:30"
2026-07-10 15:37:36.125 +05:30 [INF] HealthApp.API.BackgroundServices.HeartbeatService HeartbeatService running at: "2026-07-10T15:37:36.1253824+05:30"
2026-07-10 15:37:46.139 +05:30 [INF] HealthApp.API.BackgroundServices.HeartbeatService HeartbeatService running at: "2026-07-10T15:37:46.1390421+05:30"
2026-07-10 15:37:56.141 +05:30 [INF] HealthApp.API.BackgroundServices.HeartbeatService HeartbeatService running at: "2026-07-10T15:37:56.1413066+05:30"
2026-07-10 15:38:06.144 +05:30 [INF] HealthApp.API.BackgroundServices.HeartbeatService HeartbeatService running at: "2026-07-10T15:38:06.1448515+05:30"
2026-07-10 15:38:16.162 +05:30 [INF] HealthApp.API.BackgroundServices.HeartbeatService HeartbeatService running at: "2026-07-10T15:38:16.1621487+05:30"
2026-07-10 15:38:26.173 +05:30 [INF] HealthApp.API.BackgroundServices.HeartbeatService HeartbeatService running at: "2026-07-10T15:38:26.1732022+05:30"
2026-07-10 15:38:36.189 +05:30 [INF] HealthApp.API.BackgroundServices.HeartbeatService HeartbeatService running at: "2026-07-10T15:38:36.1897959+05:30"
2026-07-10 15:38:46.198 +05:30 [INF] HealthApp.API.BackgroundServices.HeartbeatService HeartbeatService running at: "2026-07-10T15:38:46.1982115+05:30"
2026-07-10 15:38:56.206 +05:30 [INF] HealthApp.API.BackgroundServices.HeartbeatService HeartbeatService running at: "2026-07-10T15:38:56.2060621+05:30"
2026-07-10 15:39:06.209 +05:30 [INF] HealthApp.API.BackgroundServices.HeartbeatService HeartbeatService running at: "2026-07-10T15:39:06.2094622+05:30"
2026-07-10 15:39:16.227 +05:30 [INF] HealthApp.API.BackgroundServices.HeartbeatService HeartbeatService running at: "2026-07-10T15:39:16.2274462+05:30"
2026-07-10 15:39:26.242 +05:30 [INF] HealthApp.API.BackgroundServices.HeartbeatService HeartbeatService running at: "2026-07-10T15:39:26.2428623+05:30"
2026-07-10 15:39:36.246 +05:30 [INF] HealthApp.API.BackgroundServices.HeartbeatService HeartbeatService running at: "2026-07-10T15:39:36.2463995+05:30"
2026-07-10 15:39:46.256 +05:30 [INF] HealthApp.API.BackgroundServices.HeartbeatService HeartbeatService running at: "2026-07-10T15:39:46.2559959+05:30"
2026-07-10 15:39:56.262 +05:30 [INF] HealthApp.API.BackgroundServices.HeartbeatService HeartbeatService running at: "2026-07-10T15:39:56.2628227+05:30"
2026-07-10 15:40:06.273 +05:30 [INF] HealthApp.API.BackgroundServices.HeartbeatService HeartbeatService running at: "2026-07-10T15:40:06.2731441+05:30"
2026-07-10 15:40:16.279 +05:30 [INF] HealthApp.API.BackgroundServices.HeartbeatService HeartbeatService running at: "2026-07-10T15:40:16.2789624+05:30"
2026-07-10 15:40:26.285 +05:30 [INF] HealthApp.API.BackgroundServices.HeartbeatService HeartbeatService running at: "2026-07-10T15:40:26.2850462+05:30"
2026-07-10 15:40:36.298 +05:30 [INF] HealthApp.API.BackgroundServices.HeartbeatService HeartbeatService running at: "2026-07-10T15:40:36.2984127+05:30"
2026-07-10 15:40:46.302 +05:30 [INF] HealthApp.API.BackgroundServices.HeartbeatService HeartbeatService running at: "2026-07-10T15:40:46.3021208+05:30"
2026-07-10 15:40:56.305 +05:30 [INF] HealthApp.API.BackgroundServices.HeartbeatService HeartbeatService running at: "2026-07-10T15:40:56.3053835+05:30"
2026-07-10 15:41:06.319 +05:30 [INF] HealthApp.API.BackgroundServices.HeartbeatService HeartbeatService running at: "2026-07-10T15:41:06.3195900+05:30"
2026-07-10 15:41:16.331 +05:30 [INF] HealthApp.API.BackgroundServices.HeartbeatService HeartbeatService running at: "2026-07-10T15:41:16.3317689+05:30"
2026-07-10 15:41:26.338 +05:30 [INF] HealthApp.API.BackgroundServices.HeartbeatService HeartbeatService running at: "2026-07-10T15:41:26.3388892+05:30"
2026-07-10 15:41:36.350 +05:30 [INF] HealthApp.API.BackgroundServices.HeartbeatService HeartbeatService running at: "2026-07-10T15:41:36.3508832+05:30"
2026-07-10 15:41:46.363 +05:30 [INF] HealthApp.API.BackgroundServices.HeartbeatService HeartbeatService running at: "2026-07-10T15:41:46.3638173+05:30"
2026-07-10 15:41:56.370 +05:30 [INF] HealthApp.API.BackgroundServices.HeartbeatService HeartbeatService running at: "2026-07-10T15:41:56.3700903+05:30"
2026-07-10 15:42:06.390 +05:30 [INF] HealthApp.API.BackgroundServices.HeartbeatService HeartbeatService running at: "2026-07-10T15:42:06.3906904+05:30"
2026-07-10 15:42:16.400 +05:30 [INF] HealthApp.API.BackgroundServices.HeartbeatService HeartbeatService running at: "2026-07-10T15:42:16.4000745+05:30"
2026-07-10 15:42:26.401 +05:30 [INF] HealthApp.API.BackgroundServices.HeartbeatService HeartbeatService running at: "2026-07-10T15:42:26.4015386+05:30"
2026-07-10 15:42:36.404 +05:30 [INF] HealthApp.API.BackgroundServices.HeartbeatService HeartbeatService running at: "2026-07-10T15:42:36.4043433+05:30"
2026-07-10 15:42:46.420 +05:30 [INF] HealthApp.API.BackgroundServices.HeartbeatService HeartbeatService running at: "2026-07-10T15:42:46.4207282+05:30"
2026-07-10 15:42:56.423 +05:30 [INF] HealthApp.API.BackgroundServices.HeartbeatService HeartbeatService running at: "2026-07-10T15:42:56.4230331+05:30"
2026-07-10 15:43:06.439 +05:30 [INF] HealthApp.API.BackgroundServices.HeartbeatService HeartbeatService running at: "2026-07-10T15:43:06.4399406+05:30"
2026-07-10 15:43:16.455 +05:30 [INF] HealthApp.API.BackgroundServices.HeartbeatService HeartbeatService running at: "2026-07-10T15:43:16.4553701+05:30"
2026-07-10 15:43:26.460 +05:30 [INF] HealthApp.API.BackgroundServices.HeartbeatService HeartbeatService running at: "2026-07-10T15:43:26.4601124+05:30"
2026-07-10 15:43:36.468 +05:30 [INF] HealthApp.API.BackgroundServices.HeartbeatService HeartbeatService running at: "2026-07-10T15:43:36.4680015+05:30"
2026-07-10 15:43:46.488 +05:30 [INF] HealthApp.API.BackgroundServices.HeartbeatService HeartbeatService running at: "2026-07-10T15:43:46.4886504+05:30"
2026-07-10 15:43:56.503 +05:30 [INF] HealthApp.API.BackgroundServices.HeartbeatService HeartbeatService running at: "2026-07-10T15:43:56.5038401+05:30"
2026-07-10 15:44:06.511 +05:30 [INF] HealthApp.API.BackgroundServices.HeartbeatService HeartbeatService running at: "2026-07-10T15:44:06.5115620+05:30"
2026-07-10 15:44:16.520 +05:30 [INF] HealthApp.API.BackgroundServices.HeartbeatService HeartbeatService running at: "2026-07-10T15:44:16.5204842+05:30"
2026-07-10 15:44:26.523 +05:30 [INF] HealthApp.API.BackgroundServices.HeartbeatService HeartbeatService running at: "2026-07-10T15:44:26.5234474+05:30"
2026-07-10 15:44:36.527 +05:30 [INF] HealthApp.API.BackgroundServices.HeartbeatService HeartbeatService running at: "2026-07-10T15:44:36.5277585+05:30"
2026-07-10 15:44:46.537 +05:30 [INF] HealthApp.API.BackgroundServices.HeartbeatService HeartbeatService running at: "2026-07-10T15:44:46.5374832+05:30"
2026-07-10 15:44:56.542 +05:30 [INF] HealthApp.API.BackgroundServices.HeartbeatService HeartbeatService running at: "2026-07-10T15:44:56.5421934+05:30"
2026-07-10 15:45:06.558 +05:30 [INF] HealthApp.API.BackgroundServices.HeartbeatService HeartbeatService running at: "2026-07-10T15:45:06.5582536+05:30"
2026-07-10 15:45:16.574 +05:30 [INF] HealthApp.API.BackgroundServices.HeartbeatService HeartbeatService running at: "2026-07-10T15:45:16.5744565+05:30"
2026-07-10 15:45:26.589 +05:30 [INF] HealthApp.API.BackgroundServices.HeartbeatService HeartbeatService running at: "2026-07-10T15:45:26.5896477+05:30"
2026-07-10 15:45:36.599 +05:30 [INF] HealthApp.API.BackgroundServices.HeartbeatService HeartbeatService running at: "2026-07-10T15:45:36.5991944+05:30"
2026-07-10 15:45:46.605 +05:30 [INF] HealthApp.API.BackgroundServices.HeartbeatService HeartbeatService running at: "2026-07-10T15:45:46.6052814+05:30"
2026-07-10 15:45:56.618 +05:30 [INF] HealthApp.API.BackgroundServices.HeartbeatService HeartbeatService running at: "2026-07-10T15:45:56.6180737+05:30"
2026-07-10 15:46:06.630 +05:30 [INF] HealthApp.API.BackgroundServices.HeartbeatService HeartbeatService running at: "2026-07-10T15:46:06.6301707+05:30"
2026-07-10 15:46:16.642 +05:30 [INF] HealthApp.API.BackgroundServices.HeartbeatService HeartbeatService running at: "2026-07-10T15:46:16.6420765+05:30"
2026-07-10 15:46:26.657 +05:30 [INF] HealthApp.API.BackgroundServices.HeartbeatService HeartbeatService running at: "2026-07-10T15:46:26.6573236+05:30"
2026-07-10 15:46:36.673 +05:30 [INF] HealthApp.API.BackgroundServices.HeartbeatService HeartbeatService running at: "2026-07-10T15:46:36.6739563+05:30"
2026-07-10 15:46:46.679 +05:30 [INF] HealthApp.API.BackgroundServices.HeartbeatService HeartbeatService running at: "2026-07-10T15:46:46.6798495+05:30"
2026-07-10 15:46:56.689 +05:30 [INF] HealthApp.API.BackgroundServices.HeartbeatService HeartbeatService running at: "2026-07-10T15:46:56.6897394+05:30"
2026-07-10 15:47:06.703 +05:30 [INF] HealthApp.API.BackgroundServices.HeartbeatService HeartbeatService running at: "2026-07-10T15:47:06.7033689+05:30"
2026-07-10 15:47:16.709 +05:30 [INF] HealthApp.API.BackgroundServices.HeartbeatService HeartbeatService running at: "2026-07-10T15:47:16.7092299+05:30"
2026-07-10 15:47:26.723 +05:30 [INF] HealthApp.API.BackgroundServices.HeartbeatService HeartbeatService running at: "2026-07-10T15:47:26.7238742+05:30"
2026-07-10 15:47:36.726 +05:30 [INF] HealthApp.API.BackgroundServices.HeartbeatService HeartbeatService running at: "2026-07-10T15:47:36.7264380+05:30"
2026-07-10 15:47:46.736 +05:30 [INF] HealthApp.API.BackgroundServices.HeartbeatService HeartbeatService running at: "2026-07-10T15:47:46.7368136+05:30"
2026-07-10 15:47:56.750 +05:30 [INF] HealthApp.API.BackgroundServices.HeartbeatService HeartbeatService running at: "2026-07-10T15:47:56.7508192+05:30"
2026-07-10 15:48:06.765 +05:30 [INF] HealthApp.API.BackgroundServices.HeartbeatService HeartbeatService running at: "2026-07-10T15:48:06.7654348+05:30"
2026-07-10 15:48:16.778 +05:30 [INF] HealthApp.API.BackgroundServices.HeartbeatService HeartbeatService running at: "2026-07-10T15:48:16.7784951+05:30"
2026-07-10 15:48:26.783 +05:30 [INF] HealthApp.API.BackgroundServices.HeartbeatService HeartbeatService running at: "2026-07-10T15:48:26.7837031+05:30"
2026-07-10 15:48:36.798 +05:30 [INF] HealthApp.API.BackgroundServices.HeartbeatService HeartbeatService running at: "2026-07-10T15:48:36.7981595+05:30"
2026-07-10 15:48:46.800 +05:30 [INF] HealthApp.API.BackgroundServices.HeartbeatService HeartbeatService running at: "2026-07-10T15:48:46.8002204+05:30"
2026-07-10 15:48:56.810 +05:30 [INF] HealthApp.API.BackgroundServices.HeartbeatService HeartbeatService running at: "2026-07-10T15:48:56.8109020+05:30"
2026-07-10 15:49:06.815 +05:30 [INF] HealthApp.API.BackgroundServices.HeartbeatService HeartbeatService running at: "2026-07-10T15:49:06.8155599+05:30"
2026-07-10 15:49:16.829 +05:30 [INF] HealthApp.API.BackgroundServices.HeartbeatService HeartbeatService running at: "2026-07-10T15:49:16.8296730+05:30"
2026-07-10 15:49:26.831 +05:30 [INF] HealthApp.API.BackgroundServices.HeartbeatService HeartbeatService running at: "2026-07-10T15:49:26.8318052+05:30"
2026-07-10 15:49:36.835 +05:30 [INF] HealthApp.API.BackgroundServices.HeartbeatService HeartbeatService running at: "2026-07-10T15:49:36.8354237+05:30"
2026-07-10 15:49:46.839 +05:30 [INF] HealthApp.API.BackgroundServices.HeartbeatService HeartbeatService running at: "2026-07-10T15:49:46.8390095+05:30"
2026-07-10 15:49:56.851 +05:30 [INF] HealthApp.API.BackgroundServices.HeartbeatService HeartbeatService running at: "2026-07-10T15:49:56.8514924+05:30"
2026-07-10 15:50:06.868 +05:30 [INF] HealthApp.API.BackgroundServices.HeartbeatService HeartbeatService running at: "2026-07-10T15:50:06.8679920+05:30"
2026-07-10 15:50:16.883 +05:30 [INF] HealthApp.API.BackgroundServices.HeartbeatService HeartbeatService running at: "2026-07-10T15:50:16.8839231+05:30"
2026-07-10 15:50:26.899 +05:30 [INF] HealthApp.API.BackgroundServices.HeartbeatService HeartbeatService running at: "2026-07-10T15:50:26.8996759+05:30"
2026-07-10 15:50:36.901 +05:30 [INF] HealthApp.API.BackgroundServices.HeartbeatService HeartbeatService running at: "2026-07-10T15:50:36.9015411+05:30"
2026-07-10 15:50:46.911 +05:30 [INF] HealthApp.API.BackgroundServices.HeartbeatService HeartbeatService running at: "2026-07-10T15:50:46.9109972+05:30"
2026-07-10 15:50:56.915 +05:30 [INF] HealthApp.API.BackgroundServices.HeartbeatService HeartbeatService running at: "2026-07-10T15:50:56.9154927+05:30"
2026-07-10 15:51:06.920 +05:30 [INF] HealthApp.API.BackgroundServices.HeartbeatService HeartbeatService running at: "2026-07-10T15:51:06.9207613+05:30"
2026-07-10 15:51:16.930 +05:30 [INF] HealthApp.API.BackgroundServices.HeartbeatService HeartbeatService running at: "2026-07-10T15:51:16.9303345+05:30"
2026-07-10 15:51:26.947 +05:30 [INF] HealthApp.API.BackgroundServices.HeartbeatService HeartbeatService running at: "2026-07-10T15:51:26.9471346+05:30"
2026-07-10 15:51:36.950 +05:30 [INF] HealthApp.API.BackgroundServices.HeartbeatService HeartbeatService running at: "2026-07-10T15:51:36.9507624+05:30"
2026-07-10 15:51:46.964 +05:30 [INF] HealthApp.API.BackgroundServices.HeartbeatService HeartbeatService running at: "2026-07-10T15:51:46.9640154+05:30"
2026-07-10 15:51:56.977 +05:30 [INF] HealthApp.API.BackgroundServices.HeartbeatService HeartbeatService running at: "2026-07-10T15:51:56.9776979+05:30"
2026-07-10 15:52:06.991 +05:30 [INF] HealthApp.API.BackgroundServices.HeartbeatService HeartbeatService running at: "2026-07-10T15:52:06.9914682+05:30"
2026-07-10 15:52:17.003 +05:30 [INF] HealthApp.API.BackgroundServices.HeartbeatService HeartbeatService running at: "2026-07-10T15:52:17.0036458+05:30"
2026-07-10 15:52:27.011 +05:30 [INF] HealthApp.API.BackgroundServices.HeartbeatService HeartbeatService running at: "2026-07-10T15:52:27.0113540+05:30"
2026-07-10 15:52:37.021 +05:30 [INF] HealthApp.API.BackgroundServices.HeartbeatService HeartbeatService running at: "2026-07-10T15:52:37.0216844+05:30"
2026-07-10 15:52:47.025 +05:30 [INF] HealthApp.API.BackgroundServices.HeartbeatService HeartbeatService running at: "2026-07-10T15:52:47.0255375+05:30"
2026-07-10 15:52:57.038 +05:30 [INF] HealthApp.API.BackgroundServices.HeartbeatService HeartbeatService running at: "2026-07-10T15:52:57.0389377+05:30"
2026-07-10 15:53:07.046 +05:30 [INF] HealthApp.API.BackgroundServices.HeartbeatService HeartbeatService running at: "2026-07-10T15:53:07.0468715+05:30"
2026-07-10 15:53:17.048 +05:30 [INF] HealthApp.API.BackgroundServices.HeartbeatService HeartbeatService running at: "2026-07-10T15:53:17.0485239+05:30"
2026-07-10 15:53:27.052 +05:30 [INF] HealthApp.API.BackgroundServices.HeartbeatService HeartbeatService running at: "2026-07-10T15:53:27.0523119+05:30"
2026-07-10 15:53:37.069 +05:30 [INF] HealthApp.API.BackgroundServices.HeartbeatService HeartbeatService running at: "2026-07-10T15:53:37.0691497+05:30"
2026-07-10 15:53:47.118 +05:30 [INF] HealthApp.API.BackgroundServices.HeartbeatService HeartbeatService running at: "2026-07-10T15:53:47.1182975+05:30"
2026-07-10 15:53:57.132 +05:30 [INF] HealthApp.API.BackgroundServices.HeartbeatService HeartbeatService running at: "2026-07-10T15:53:57.1326173+05:30"
2026-07-10 15:54:07.137 +05:30 [INF] HealthApp.API.BackgroundServices.HeartbeatService HeartbeatService running at: "2026-07-10T15:54:07.1371418+05:30"
2026-07-10 15:54:17.142 +05:30 [INF] HealthApp.API.BackgroundServices.HeartbeatService HeartbeatService running at: "2026-07-10T15:54:17.1427570+05:30"
2026-07-10 15:54:27.154 +05:30 [INF] HealthApp.API.BackgroundServices.HeartbeatService HeartbeatService running at: "2026-07-10T15:54:27.1541145+05:30"
2026-07-10 15:54:37.166 +05:30 [INF] HealthApp.API.BackgroundServices.HeartbeatService HeartbeatService running at: "2026-07-10T15:54:37.1662361+05:30"
2026-07-10 15:54:47.177 +05:30 [INF] HealthApp.API.BackgroundServices.HeartbeatService HeartbeatService running at: "2026-07-10T15:54:47.1778098+05:30"
2026-07-10 15:54:57.186 +05:30 [INF] HealthApp.API.BackgroundServices.HeartbeatService HeartbeatService running at: "2026-07-10T15:54:57.1862248+05:30"
2026-07-10 15:55:07.188 +05:30 [INF] HealthApp.API.BackgroundServices.HeartbeatService HeartbeatService running at: "2026-07-10T15:55:07.1884597+05:30"
2026-07-10 15:55:17.203 +05:30 [INF] HealthApp.API.BackgroundServices.HeartbeatService HeartbeatService running at: "2026-07-10T15:55:17.2030580+05:30"
2026-07-10 15:55:27.211 +05:30 [INF] HealthApp.API.BackgroundServices.HeartbeatService HeartbeatService running at: "2026-07-10T15:55:27.2119585+05:30"
2026-07-10 15:55:37.220 +05:30 [INF] HealthApp.API.BackgroundServices.HeartbeatService HeartbeatService running at: "2026-07-10T15:55:37.2201825+05:30"
2026-07-10 15:55:46.547 +05:30 [INF] HealthApp.API.BackgroundServices.NotificationCleanupService NotificationCleanupService shutdown requested.
2026-07-10 15:55:46.548 +05:30 [INF] HealthApp.API.BackgroundServices.NotificationCleanupService NotificationCleanupService stopped.
2026-07-10 15:55:46.550 +05:30 [INF] HealthApp.API.BackgroundServices.HeartbeatService HeartbeatService stopped.
2026-07-10 15:55:46.609 +05:30 [INF] MassTransit Bus stopped: "rabbitmq://localhost/"
