2026-07-24 16:03:47.016 +05:30 [ERR] An error occurred using the connection to database 'HealthCoreDB' on server '172.31.11.165'.
2026-07-24 16:03:47.064 +05:30 [ERR] An exception occurred while iterating over the results of a query for context type 'HealthAxis.API.Data.HealthAxisDbContext'.
System.InvalidOperationException: An exception has been raised that is likely due to a transient failure. Consider enabling transient error resiliency by adding 'EnableRetryOnFailure' to the 'UseSqlServer' call.
 ---> Microsoft.Data.SqlClient.SqlException (0x80131904): A network-related or instance-specific error occurred while establishing a connection to SQL Server. The server was not found or was not accessible. Verify that the instance name is correct and that SQL Server is configured to allow remote connections. (provider: Named Pipes Provider, error: 40 - Could not open a connection to SQL Server)
 ---> System.ComponentModel.Win32Exception (64): The specified network name is no longer available.
   at Microsoft.Data.SqlClient.SqlInternalConnection.OnError(SqlException exception, Boolean breakConnection, Action`1 wrapCloseInAction)
   at Microsoft.Data.SqlClient.TdsParser.ThrowExceptionAndWarning(TdsParserStateObject stateObj, SqlCommand command, Boolean callerHasConnectionLock, Boolean asyncClose)
   at Microsoft.Data.SqlClient.TdsParser.Connect(ServerInfo serverInfo, SqlInternalConnectionTds connHandler, TimeoutTimer timeout, SqlConnectionString connectionOptions, Boolean withFailover)
   at Microsoft.Data.SqlClient.SqlInternalConnectionTds.AttemptOneLogin(ServerInfo serverInfo, String newPassword, SecureString newSecurePassword, TimeoutTimer timeout, Boolean withFailover)
   at Microsoft.Data.SqlClient.SqlInternalConnectionTds.LoginNoFailover(ServerInfo serverInfo, String newPassword, SecureString newSecurePassword, Boolean redirectedUserInstance, SqlConnectionString connectionOptions, SqlCredential credential, TimeoutTimer timeout)
   at Microsoft.Data.SqlClient.SqlInternalConnectionTds.OpenLoginEnlist(TimeoutTimer timeout, SqlConnectionString connectionOptions, SqlCredential credential, String newPassword, SecureString newSecurePassword, Boolean redirectedUserInstance)
   at Microsoft.Data.SqlClient.SqlInternalConnectionTds..ctor(DbConnectionPoolIdentity identity, SqlConnectionString connectionOptions, SqlCredential credential, Object providerInfo, String newPassword, SecureString newSecurePassword, Boolean redirectedUserInstance, SqlConnectionString userConnectionOptions, SessionData reconnectSessionData, Boolean applyTransientFaultHandling, String accessToken, IDbConnectionPool pool, Func`3 accessTokenCallback)
   at Microsoft.Data.SqlClient.SqlConnectionFactory.CreateConnection(DbConnectionOptions options, DbConnectionPoolKey poolKey, DbConnectionPoolGroupProviderInfo poolGroupProviderInfo, IDbConnectionPool pool, DbConnection owningConnection, DbConnectionOptions userOptions)
   at Microsoft.Data.ProviderBase.DbConnectionFactory.CreatePooledConnection(IDbConnectionPool pool, DbConnection owningObject, DbConnectionOptions options, DbConnectionPoolKey poolKey, DbConnectionOptions userOptions)
   at Microsoft.Data.SqlClient.ConnectionPool.WaitHandleDbConnectionPool.CreateObject(DbConnection owningObject, DbConnectionOptions userOptions, DbConnectionInternal oldConnection)
   at Microsoft.Data.SqlClient.ConnectionPool.WaitHandleDbConnectionPool.UserCreateRequest(DbConnection owningObject, DbConnectionOptions userOptions, DbConnectionInternal oldConnection)
   at Microsoft.Data.SqlClient.ConnectionPool.WaitHandleDbConnectionPool.TryGetConnection(DbConnection owningObject, UInt32 waitForMultipleObjectsTimeout, Boolean allowCreate, Boolean onlyOneCheckConnection, DbConnectionOptions userOptions, DbConnectionInternal& connection)
   at Microsoft.Data.SqlClient.ConnectionPool.WaitHandleDbConnectionPool.WaitForPendingOpen()
--- End of stack trace from previous location ---
   at Microsoft.EntityFrameworkCore.Storage.RelationalConnection.OpenInternalAsync(Boolean errorsExpected, CancellationToken cancellationToken)
   at Microsoft.EntityFrameworkCore.Storage.RelationalConnection.OpenInternalAsync(Boolean errorsExpected, CancellationToken cancellationToken)
   at Microsoft.EntityFrameworkCore.Storage.RelationalConnection.OpenAsync(CancellationToken cancellationToken, Boolean errorsExpected)
   at Microsoft.EntityFrameworkCore.Storage.RelationalCommand.ExecuteReaderAsync(RelationalCommandParameterObject parameterObject, CancellationToken cancellationToken)
   at Microsoft.EntityFrameworkCore.Query.Internal.SingleQueryingEnumerable`1.AsyncEnumerator.InitializeReaderAsync(AsyncEnumerator enumerator, CancellationToken cancellationToken)
   at Microsoft.EntityFrameworkCore.SqlServer.Storage.Internal.SqlServerExecutionStrategy.ExecuteAsync[TState,TResult](TState state, Func`4 operation, Func`4 verifySucceeded, CancellationToken cancellationToken)
ClientConnectionId:00000000-0000-0000-0000-000000000000
Error Number:64,State:0,Class:20
   --- End of inner exception stack trace ---
   at Microsoft.EntityFrameworkCore.SqlServer.Storage.Internal.SqlServerExecutionStrategy.ExecuteAsync[TState,TResult](TState state, Func`4 operation, Func`4 verifySucceeded, CancellationToken cancellationToken)
   at Microsoft.EntityFrameworkCore.Query.Internal.SingleQueryingEnumerable`1.AsyncEnumerator.MoveNextAsync()
System.InvalidOperationException: An exception has been raised that is likely due to a transient failure. Consider enabling transient error resiliency by adding 'EnableRetryOnFailure' to the 'UseSqlServer' call.
 ---> Microsoft.Data.SqlClient.SqlException (0x80131904): A network-related or instance-specific error occurred while establishing a connection to SQL Server. The server was not found or was not accessible. Verify that the instance name is correct and that SQL Server is configured to allow remote connections. (provider: Named Pipes Provider, error: 40 - Could not open a connection to SQL Server)
 ---> System.ComponentModel.Win32Exception (64): The specified network name is no longer available.
   at Microsoft.Data.SqlClient.SqlInternalConnection.OnError(SqlException exception, Boolean breakConnection, Action`1 wrapCloseInAction)
   at Microsoft.Data.SqlClient.TdsParser.ThrowExceptionAndWarning(TdsParserStateObject stateObj, SqlCommand command, Boolean callerHasConnectionLock, Boolean asyncClose)
   at Microsoft.Data.SqlClient.TdsParser.Connect(ServerInfo serverInfo, SqlInternalConnectionTds connHandler, TimeoutTimer timeout, SqlConnectionString connectionOptions, Boolean withFailover)
   at Microsoft.Data.SqlClient.SqlInternalConnectionTds.AttemptOneLogin(ServerInfo serverInfo, String newPassword, SecureString newSecurePassword, TimeoutTimer timeout, Boolean withFailover)
   at Microsoft.Data.SqlClient.SqlInternalConnectionTds.LoginNoFailover(ServerInfo serverInfo, String newPassword, SecureString newSecurePassword, Boolean redirectedUserInstance, SqlConnectionString connectionOptions, SqlCredential credential, TimeoutTimer timeout)
   at Microsoft.Data.SqlClient.SqlInternalConnectionTds.OpenLoginEnlist(TimeoutTimer timeout, SqlConnectionString connectionOptions, SqlCredential credential, String newPassword, SecureString newSecurePassword, Boolean redirectedUserInstance)
   at Microsoft.Data.SqlClient.SqlInternalConnectionTds..ctor(DbConnectionPoolIdentity identity, SqlConnectionString connectionOptions, SqlCredential credential, Object providerInfo, String newPassword, SecureString newSecurePassword, Boolean redirectedUserInstance, SqlConnectionString userConnectionOptions, SessionData reconnectSessionData, Boolean applyTransientFaultHandling, String accessToken, IDbConnectionPool pool, Func`3 accessTokenCallback)
   at Microsoft.Data.SqlClient.SqlConnectionFactory.CreateConnection(DbConnectionOptions options, DbConnectionPoolKey poolKey, DbConnectionPoolGroupProviderInfo poolGroupProviderInfo, IDbConnectionPool pool, DbConnection owningConnection, DbConnectionOptions userOptions)
   at Microsoft.Data.ProviderBase.DbConnectionFactory.CreatePooledConnection(IDbConnectionPool pool, DbConnection owningObject, DbConnectionOptions options, DbConnectionPoolKey poolKey, DbConnectionOptions userOptions)
   at Microsoft.Data.SqlClient.ConnectionPool.WaitHandleDbConnectionPool.CreateObject(DbConnection owningObject, DbConnectionOptions userOptions, DbConnectionInternal oldConnection)
   at Microsoft.Data.SqlClient.ConnectionPool.WaitHandleDbConnectionPool.UserCreateRequest(DbConnection owningObject, DbConnectionOptions userOptions, DbConnectionInternal oldConnection)
   at Microsoft.Data.SqlClient.ConnectionPool.WaitHandleDbConnectionPool.TryGetConnection(DbConnection owningObject, UInt32 waitForMultipleObjectsTimeout, Boolean allowCreate, Boolean onlyOneCheckConnection, DbConnectionOptions userOptions, DbConnectionInternal& connection)
   at Microsoft.Data.SqlClient.ConnectionPool.WaitHandleDbConnectionPool.WaitForPendingOpen()
--- End of stack trace from previous location ---
   at Microsoft.EntityFrameworkCore.Storage.RelationalConnection.OpenInternalAsync(Boolean errorsExpected, CancellationToken cancellationToken)
   at Microsoft.EntityFrameworkCore.Storage.RelationalConnection.OpenInternalAsync(Boolean errorsExpected, CancellationToken cancellationToken)
   at Microsoft.EntityFrameworkCore.Storage.RelationalConnection.OpenAsync(CancellationToken cancellationToken, Boolean errorsExpected)
   at Microsoft.EntityFrameworkCore.Storage.RelationalCommand.ExecuteReaderAsync(RelationalCommandParameterObject parameterObject, CancellationToken cancellationToken)
   at Microsoft.EntityFrameworkCore.Query.Internal.SingleQueryingEnumerable`1.AsyncEnumerator.InitializeReaderAsync(AsyncEnumerator enumerator, CancellationToken cancellationToken)
   at Microsoft.EntityFrameworkCore.SqlServer.Storage.Internal.SqlServerExecutionStrategy.ExecuteAsync[TState,TResult](TState state, Func`4 operation, Func`4 verifySucceeded, CancellationToken cancellationToken)
ClientConnectionId:00000000-0000-0000-0000-000000000000
Error Number:64,State:0,Class:20
   --- End of inner exception stack trace ---
   at Microsoft.EntityFrameworkCore.SqlServer.Storage.Internal.SqlServerExecutionStrategy.ExecuteAsync[TState,TResult](TState state, Func`4 operation, Func`4 verifySucceeded, CancellationToken cancellationToken)
   at Microsoft.EntityFrameworkCore.Query.Internal.SingleQueryingEnumerable`1.AsyncEnumerator.MoveNextAsync()
2026-07-24 16:03:47.076 +05:30 [FTL] HealthAxis API terminated unexpectedly.
System.InvalidOperationException: An exception has been raised that is likely due to a transient failure. Consider enabling transient error resiliency by adding 'EnableRetryOnFailure' to the 'UseSqlServer' call.
 ---> Microsoft.Data.SqlClient.SqlException (0x80131904): A network-related or instance-specific error occurred while establishing a connection to SQL Server. The server was not found or was not accessible. Verify that the instance name is correct and that SQL Server is configured to allow remote connections. (provider: Named Pipes Provider, error: 40 - Could not open a connection to SQL Server)
 ---> System.ComponentModel.Win32Exception (64): The specified network name is no longer available.
   at Microsoft.Data.SqlClient.SqlInternalConnection.OnError(SqlException exception, Boolean breakConnection, Action`1 wrapCloseInAction)
   at Microsoft.Data.SqlClient.TdsParser.ThrowExceptionAndWarning(TdsParserStateObject stateObj, SqlCommand command, Boolean callerHasConnectionLock, Boolean asyncClose)
   at Microsoft.Data.SqlClient.TdsParser.Connect(ServerInfo serverInfo, SqlInternalConnectionTds connHandler, TimeoutTimer timeout, SqlConnectionString connectionOptions, Boolean withFailover)
   at Microsoft.Data.SqlClient.SqlInternalConnectionTds.AttemptOneLogin(ServerInfo serverInfo, String newPassword, SecureString newSecurePassword, TimeoutTimer timeout, Boolean withFailover)
   at Microsoft.Data.SqlClient.SqlInternalConnectionTds.LoginNoFailover(ServerInfo serverInfo, String newPassword, SecureString newSecurePassword, Boolean redirectedUserInstance, SqlConnectionString connectionOptions, SqlCredential credential, TimeoutTimer timeout)
   at Microsoft.Data.SqlClient.SqlInternalConnectionTds.OpenLoginEnlist(TimeoutTimer timeout, SqlConnectionString connectionOptions, SqlCredential credential, String newPassword, SecureString newSecurePassword, Boolean redirectedUserInstance)
   at Microsoft.Data.SqlClient.SqlInternalConnectionTds..ctor(DbConnectionPoolIdentity identity, SqlConnectionString connectionOptions, SqlCredential credential, Object providerInfo, String newPassword, SecureString newSecurePassword, Boolean redirectedUserInstance, SqlConnectionString userConnectionOptions, SessionData reconnectSessionData, Boolean applyTransientFaultHandling, String accessToken, IDbConnectionPool pool, Func`3 accessTokenCallback)
   at Microsoft.Data.SqlClient.SqlConnectionFactory.CreateConnection(DbConnectionOptions options, DbConnectionPoolKey poolKey, DbConnectionPoolGroupProviderInfo poolGroupProviderInfo, IDbConnectionPool pool, DbConnection owningConnection, DbConnectionOptions userOptions)
   at Microsoft.Data.ProviderBase.DbConnectionFactory.CreatePooledConnection(IDbConnectionPool pool, DbConnection owningObject, DbConnectionOptions options, DbConnectionPoolKey poolKey, DbConnectionOptions userOptions)
   at Microsoft.Data.SqlClient.ConnectionPool.WaitHandleDbConnectionPool.CreateObject(DbConnection owningObject, DbConnectionOptions userOptions, DbConnectionInternal oldConnection)
   at Microsoft.Data.SqlClient.ConnectionPool.WaitHandleDbConnectionPool.UserCreateRequest(DbConnection owningObject, DbConnectionOptions userOptions, DbConnectionInternal oldConnection)
   at Microsoft.Data.SqlClient.ConnectionPool.WaitHandleDbConnectionPool.TryGetConnection(DbConnection owningObject, UInt32 waitForMultipleObjectsTimeout, Boolean allowCreate, Boolean onlyOneCheckConnection, DbConnectionOptions userOptions, DbConnectionInternal& connection)
   at Microsoft.Data.SqlClient.ConnectionPool.WaitHandleDbConnectionPool.WaitForPendingOpen()
--- End of stack trace from previous location ---
   at Microsoft.EntityFrameworkCore.Storage.RelationalConnection.OpenInternalAsync(Boolean errorsExpected, CancellationToken cancellationToken)
   at Microsoft.EntityFrameworkCore.Storage.RelationalConnection.OpenInternalAsync(Boolean errorsExpected, CancellationToken cancellationToken)
   at Microsoft.EntityFrameworkCore.Storage.RelationalConnection.OpenAsync(CancellationToken cancellationToken, Boolean errorsExpected)
   at Microsoft.EntityFrameworkCore.Storage.RelationalCommand.ExecuteReaderAsync(RelationalCommandParameterObject parameterObject, CancellationToken cancellationToken)
   at Microsoft.EntityFrameworkCore.Query.Internal.SingleQueryingEnumerable`1.AsyncEnumerator.InitializeReaderAsync(AsyncEnumerator enumerator, CancellationToken cancellationToken)
   at Microsoft.EntityFrameworkCore.SqlServer.Storage.Internal.SqlServerExecutionStrategy.ExecuteAsync[TState,TResult](TState state, Func`4 operation, Func`4 verifySucceeded, CancellationToken cancellationToken)
ClientConnectionId:00000000-0000-0000-0000-000000000000
Error Number:64,State:0,Class:20
   --- End of inner exception stack trace ---
   at Microsoft.EntityFrameworkCore.SqlServer.Storage.Internal.SqlServerExecutionStrategy.ExecuteAsync[TState,TResult](TState state, Func`4 operation, Func`4 verifySucceeded, CancellationToken cancellationToken)
   at Microsoft.EntityFrameworkCore.Query.Internal.SingleQueryingEnumerable`1.AsyncEnumerator.MoveNextAsync()
   at Microsoft.EntityFrameworkCore.Query.ShapedQueryCompilingExpressionVisitor.SingleOrDefaultAsync[TSource](IAsyncEnumerable`1 asyncEnumerable, CancellationToken cancellationToken)
   at Microsoft.EntityFrameworkCore.Query.ShapedQueryCompilingExpressionVisitor.SingleOrDefaultAsync[TSource](IAsyncEnumerable`1 asyncEnumerable, CancellationToken cancellationToken)
   at Microsoft.AspNetCore.Identity.RoleManager`1.RoleExistsAsync(String roleName)
   at HealthAxis.API.Data.RoleSeeder.SeedRoles(RoleManager`1 roleManager) in C:\Users\310481\source\repos\UST-Live-01\Healthcare.netcore\Healthcare.netcore\Data\RoleSeeder.cs:line 13
   at Program.<Main>$(String[] args) in C:\Users\310481\source\repos\UST-Live-01\Healthcare.netcore\Healthcare.netcore\Program.cs:line 375
2026-07-24 16:05:16.833 +05:30 [ERR] An error occurred using the connection to database 'HealthCoreDB' on server '172.31.11.165'.
2026-07-24 16:05:16.873 +05:30 [ERR] An exception occurred while iterating over the results of a query for context type 'HealthAxis.API.Data.HealthAxisDbContext'.
System.InvalidOperationException: An exception has been raised that is likely due to a transient failure. Consider enabling transient error resiliency by adding 'EnableRetryOnFailure' to the 'UseSqlServer' call.
 ---> Microsoft.Data.SqlClient.SqlException (0x80131904): A network-related or instance-specific error occurred while establishing a connection to SQL Server. The server was not found or was not accessible. Verify that the instance name is correct and that SQL Server is configured to allow remote connections. (provider: Named Pipes Provider, error: 40 - Could not open a connection to SQL Server)
 ---> System.ComponentModel.Win32Exception (64): The specified network name is no longer available.
   at Microsoft.Data.SqlClient.SqlInternalConnection.OnError(SqlException exception, Boolean breakConnection, Action`1 wrapCloseInAction)
   at Microsoft.Data.SqlClient.TdsParser.ThrowExceptionAndWarning(TdsParserStateObject stateObj, SqlCommand command, Boolean callerHasConnectionLock, Boolean asyncClose)
   at Microsoft.Data.SqlClient.TdsParser.Connect(ServerInfo serverInfo, SqlInternalConnectionTds connHandler, TimeoutTimer timeout, SqlConnectionString connectionOptions, Boolean withFailover)
   at Microsoft.Data.SqlClient.SqlInternalConnectionTds.AttemptOneLogin(ServerInfo serverInfo, String newPassword, SecureString newSecurePassword, TimeoutTimer timeout, Boolean withFailover)
   at Microsoft.Data.SqlClient.SqlInternalConnectionTds.LoginNoFailover(ServerInfo serverInfo, String newPassword, SecureString newSecurePassword, Boolean redirectedUserInstance, SqlConnectionString connectionOptions, SqlCredential credential, TimeoutTimer timeout)
   at Microsoft.Data.SqlClient.SqlInternalConnectionTds.OpenLoginEnlist(TimeoutTimer timeout, SqlConnectionString connectionOptions, SqlCredential credential, String newPassword, SecureString newSecurePassword, Boolean redirectedUserInstance)
   at Microsoft.Data.SqlClient.SqlInternalConnectionTds..ctor(DbConnectionPoolIdentity identity, SqlConnectionString connectionOptions, SqlCredential credential, Object providerInfo, String newPassword, SecureString newSecurePassword, Boolean redirectedUserInstance, SqlConnectionString userConnectionOptions, SessionData reconnectSessionData, Boolean applyTransientFaultHandling, String accessToken, IDbConnectionPool pool, Func`3 accessTokenCallback)
   at Microsoft.Data.SqlClient.SqlConnectionFactory.CreateConnection(DbConnectionOptions options, DbConnectionPoolKey poolKey, DbConnectionPoolGroupProviderInfo poolGroupProviderInfo, IDbConnectionPool pool, DbConnection owningConnection, DbConnectionOptions userOptions)
   at Microsoft.Data.ProviderBase.DbConnectionFactory.CreatePooledConnection(IDbConnectionPool pool, DbConnection owningObject, DbConnectionOptions options, DbConnectionPoolKey poolKey, DbConnectionOptions userOptions)
   at Microsoft.Data.SqlClient.ConnectionPool.WaitHandleDbConnectionPool.CreateObject(DbConnection owningObject, DbConnectionOptions userOptions, DbConnectionInternal oldConnection)
   at Microsoft.Data.SqlClient.ConnectionPool.WaitHandleDbConnectionPool.UserCreateRequest(DbConnection owningObject, DbConnectionOptions userOptions, DbConnectionInternal oldConnection)
   at Microsoft.Data.SqlClient.ConnectionPool.WaitHandleDbConnectionPool.TryGetConnection(DbConnection owningObject, UInt32 waitForMultipleObjectsTimeout, Boolean allowCreate, Boolean onlyOneCheckConnection, DbConnectionOptions userOptions, DbConnectionInternal& connection)
   at Microsoft.Data.SqlClient.ConnectionPool.WaitHandleDbConnectionPool.WaitForPendingOpen()
--- End of stack trace from previous location ---
   at Microsoft.EntityFrameworkCore.Storage.RelationalConnection.OpenInternalAsync(Boolean errorsExpected, CancellationToken cancellationToken)
   at Microsoft.EntityFrameworkCore.Storage.RelationalConnection.OpenInternalAsync(Boolean errorsExpected, CancellationToken cancellationToken)
   at Microsoft.EntityFrameworkCore.Storage.RelationalConnection.OpenAsync(CancellationToken cancellationToken, Boolean errorsExpected)
   at Microsoft.EntityFrameworkCore.Storage.RelationalCommand.ExecuteReaderAsync(RelationalCommandParameterObject parameterObject, CancellationToken cancellationToken)
   at Microsoft.EntityFrameworkCore.Query.Internal.SingleQueryingEnumerable`1.AsyncEnumerator.InitializeReaderAsync(AsyncEnumerator enumerator, CancellationToken cancellationToken)
   at Microsoft.EntityFrameworkCore.SqlServer.Storage.Internal.SqlServerExecutionStrategy.ExecuteAsync[TState,TResult](TState state, Func`4 operation, Func`4 verifySucceeded, CancellationToken cancellationToken)
ClientConnectionId:00000000-0000-0000-0000-000000000000
Error Number:64,State:0,Class:20
   --- End of inner exception stack trace ---
   at Microsoft.EntityFrameworkCore.SqlServer.Storage.Internal.SqlServerExecutionStrategy.ExecuteAsync[TState,TResult](TState state, Func`4 operation, Func`4 verifySucceeded, CancellationToken cancellationToken)
   at Microsoft.EntityFrameworkCore.Query.Internal.SingleQueryingEnumerable`1.AsyncEnumerator.MoveNextAsync()
System.InvalidOperationException: An exception has been raised that is likely due to a transient failure. Consider enabling transient error resiliency by adding 'EnableRetryOnFailure' to the 'UseSqlServer' call.
 ---> Microsoft.Data.SqlClient.SqlException (0x80131904): A network-related or instance-specific error occurred while establishing a connection to SQL Server. The server was not found or was not accessible. Verify that the instance name is correct and that SQL Server is configured to allow remote connections. (provider: Named Pipes Provider, error: 40 - Could not open a connection to SQL Server)
 ---> System.ComponentModel.Win32Exception (64): The specified network name is no longer available.
   at Microsoft.Data.SqlClient.SqlInternalConnection.OnError(SqlException exception, Boolean breakConnection, Action`1 wrapCloseInAction)
   at Microsoft.Data.SqlClient.TdsParser.ThrowExceptionAndWarning(TdsParserStateObject stateObj, SqlCommand command, Boolean callerHasConnectionLock, Boolean asyncClose)
   at Microsoft.Data.SqlClient.TdsParser.Connect(ServerInfo serverInfo, SqlInternalConnectionTds connHandler, TimeoutTimer timeout, SqlConnectionString connectionOptions, Boolean withFailover)
   at Microsoft.Data.SqlClient.SqlInternalConnectionTds.AttemptOneLogin(ServerInfo serverInfo, String newPassword, SecureString newSecurePassword, TimeoutTimer timeout, Boolean withFailover)
   at Microsoft.Data.SqlClient.SqlInternalConnectionTds.LoginNoFailover(ServerInfo serverInfo, String newPassword, SecureString newSecurePassword, Boolean redirectedUserInstance, SqlConnectionString connectionOptions, SqlCredential credential, TimeoutTimer timeout)
   at Microsoft.Data.SqlClient.SqlInternalConnectionTds.OpenLoginEnlist(TimeoutTimer timeout, SqlConnectionString connectionOptions, SqlCredential credential, String newPassword, SecureString newSecurePassword, Boolean redirectedUserInstance)
   at Microsoft.Data.SqlClient.SqlInternalConnectionTds..ctor(DbConnectionPoolIdentity identity, SqlConnectionString connectionOptions, SqlCredential credential, Object providerInfo, String newPassword, SecureString newSecurePassword, Boolean redirectedUserInstance, SqlConnectionString userConnectionOptions, SessionData reconnectSessionData, Boolean applyTransientFaultHandling, String accessToken, IDbConnectionPool pool, Func`3 accessTokenCallback)
   at Microsoft.Data.SqlClient.SqlConnectionFactory.CreateConnection(DbConnectionOptions options, DbConnectionPoolKey poolKey, DbConnectionPoolGroupProviderInfo poolGroupProviderInfo, IDbConnectionPool pool, DbConnection owningConnection, DbConnectionOptions userOptions)
   at Microsoft.Data.ProviderBase.DbConnectionFactory.CreatePooledConnection(IDbConnectionPool pool, DbConnection owningObject, DbConnectionOptions options, DbConnectionPoolKey poolKey, DbConnectionOptions userOptions)
   at Microsoft.Data.SqlClient.ConnectionPool.WaitHandleDbConnectionPool.CreateObject(DbConnection owningObject, DbConnectionOptions userOptions, DbConnectionInternal oldConnection)
   at Microsoft.Data.SqlClient.ConnectionPool.WaitHandleDbConnectionPool.UserCreateRequest(DbConnection owningObject, DbConnectionOptions userOptions, DbConnectionInternal oldConnection)
   at Microsoft.Data.SqlClient.ConnectionPool.WaitHandleDbConnectionPool.TryGetConnection(DbConnection owningObject, UInt32 waitForMultipleObjectsTimeout, Boolean allowCreate, Boolean onlyOneCheckConnection, DbConnectionOptions userOptions, DbConnectionInternal& connection)
   at Microsoft.Data.SqlClient.ConnectionPool.WaitHandleDbConnectionPool.WaitForPendingOpen()
--- End of stack trace from previous location ---
   at Microsoft.EntityFrameworkCore.Storage.RelationalConnection.OpenInternalAsync(Boolean errorsExpected, CancellationToken cancellationToken)
   at Microsoft.EntityFrameworkCore.Storage.RelationalConnection.OpenInternalAsync(Boolean errorsExpected, CancellationToken cancellationToken)
   at Microsoft.EntityFrameworkCore.Storage.RelationalConnection.OpenAsync(CancellationToken cancellationToken, Boolean errorsExpected)
   at Microsoft.EntityFrameworkCore.Storage.RelationalCommand.ExecuteReaderAsync(RelationalCommandParameterObject parameterObject, CancellationToken cancellationToken)
   at Microsoft.EntityFrameworkCore.Query.Internal.SingleQueryingEnumerable`1.AsyncEnumerator.InitializeReaderAsync(AsyncEnumerator enumerator, CancellationToken cancellationToken)
   at Microsoft.EntityFrameworkCore.SqlServer.Storage.Internal.SqlServerExecutionStrategy.ExecuteAsync[TState,TResult](TState state, Func`4 operation, Func`4 verifySucceeded, CancellationToken cancellationToken)
ClientConnectionId:00000000-0000-0000-0000-000000000000
Error Number:64,State:0,Class:20
   --- End of inner exception stack trace ---
   at Microsoft.EntityFrameworkCore.SqlServer.Storage.Internal.SqlServerExecutionStrategy.ExecuteAsync[TState,TResult](TState state, Func`4 operation, Func`4 verifySucceeded, CancellationToken cancellationToken)
   at Microsoft.EntityFrameworkCore.Query.Internal.SingleQueryingEnumerable`1.AsyncEnumerator.MoveNextAsync()
2026-07-24 16:05:16.887 +05:30 [FTL] HealthAxis API terminated unexpectedly.
System.InvalidOperationException: An exception has been raised that is likely due to a transient failure. Consider enabling transient error resiliency by adding 'EnableRetryOnFailure' to the 'UseSqlServer' call.
 ---> Microsoft.Data.SqlClient.SqlException (0x80131904): A network-related or instance-specific error occurred while establishing a connection to SQL Server. The server was not found or was not accessible. Verify that the instance name is correct and that SQL Server is configured to allow remote connections. (provider: Named Pipes Provider, error: 40 - Could not open a connection to SQL Server)
 ---> System.ComponentModel.Win32Exception (64): The specified network name is no longer available.
   at Microsoft.Data.SqlClient.SqlInternalConnection.OnError(SqlException exception, Boolean breakConnection, Action`1 wrapCloseInAction)
   at Microsoft.Data.SqlClient.TdsParser.ThrowExceptionAndWarning(TdsParserStateObject stateObj, SqlCommand command, Boolean callerHasConnectionLock, Boolean asyncClose)
   at Microsoft.Data.SqlClient.TdsParser.Connect(ServerInfo serverInfo, SqlInternalConnectionTds connHandler, TimeoutTimer timeout, SqlConnectionString connectionOptions, Boolean withFailover)
   at Microsoft.Data.SqlClient.SqlInternalConnectionTds.AttemptOneLogin(ServerInfo serverInfo, String newPassword, SecureString newSecurePassword, TimeoutTimer timeout, Boolean withFailover)
   at Microsoft.Data.SqlClient.SqlInternalConnectionTds.LoginNoFailover(ServerInfo serverInfo, String newPassword, SecureString newSecurePassword, Boolean redirectedUserInstance, SqlConnectionString connectionOptions, SqlCredential credential, TimeoutTimer timeout)
   at Microsoft.Data.SqlClient.SqlInternalConnectionTds.OpenLoginEnlist(TimeoutTimer timeout, SqlConnectionString connectionOptions, SqlCredential credential, String newPassword, SecureString newSecurePassword, Boolean redirectedUserInstance)
   at Microsoft.Data.SqlClient.SqlInternalConnectionTds..ctor(DbConnectionPoolIdentity identity, SqlConnectionString connectionOptions, SqlCredential credential, Object providerInfo, String newPassword, SecureString newSecurePassword, Boolean redirectedUserInstance, SqlConnectionString userConnectionOptions, SessionData reconnectSessionData, Boolean applyTransientFaultHandling, String accessToken, IDbConnectionPool pool, Func`3 accessTokenCallback)
   at Microsoft.Data.SqlClient.SqlConnectionFactory.CreateConnection(DbConnectionOptions options, DbConnectionPoolKey poolKey, DbConnectionPoolGroupProviderInfo poolGroupProviderInfo, IDbConnectionPool pool, DbConnection owningConnection, DbConnectionOptions userOptions)
   at Microsoft.Data.ProviderBase.DbConnectionFactory.CreatePooledConnection(IDbConnectionPool pool, DbConnection owningObject, DbConnectionOptions options, DbConnectionPoolKey poolKey, DbConnectionOptions userOptions)
   at Microsoft.Data.SqlClient.ConnectionPool.WaitHandleDbConnectionPool.CreateObject(DbConnection owningObject, DbConnectionOptions userOptions, DbConnectionInternal oldConnection)
   at Microsoft.Data.SqlClient.ConnectionPool.WaitHandleDbConnectionPool.UserCreateRequest(DbConnection owningObject, DbConnectionOptions userOptions, DbConnectionInternal oldConnection)
   at Microsoft.Data.SqlClient.ConnectionPool.WaitHandleDbConnectionPool.TryGetConnection(DbConnection owningObject, UInt32 waitForMultipleObjectsTimeout, Boolean allowCreate, Boolean onlyOneCheckConnection, DbConnectionOptions userOptions, DbConnectionInternal& connection)
   at Microsoft.Data.SqlClient.ConnectionPool.WaitHandleDbConnectionPool.WaitForPendingOpen()
--- End of stack trace from previous location ---
   at Microsoft.EntityFrameworkCore.Storage.RelationalConnection.OpenInternalAsync(Boolean errorsExpected, CancellationToken cancellationToken)
   at Microsoft.EntityFrameworkCore.Storage.RelationalConnection.OpenInternalAsync(Boolean errorsExpected, CancellationToken cancellationToken)
   at Microsoft.EntityFrameworkCore.Storage.RelationalConnection.OpenAsync(CancellationToken cancellationToken, Boolean errorsExpected)
   at Microsoft.EntityFrameworkCore.Storage.RelationalCommand.ExecuteReaderAsync(RelationalCommandParameterObject parameterObject, CancellationToken cancellationToken)
   at Microsoft.EntityFrameworkCore.Query.Internal.SingleQueryingEnumerable`1.AsyncEnumerator.InitializeReaderAsync(AsyncEnumerator enumerator, CancellationToken cancellationToken)
   at Microsoft.EntityFrameworkCore.SqlServer.Storage.Internal.SqlServerExecutionStrategy.ExecuteAsync[TState,TResult](TState state, Func`4 operation, Func`4 verifySucceeded, CancellationToken cancellationToken)
ClientConnectionId:00000000-0000-0000-0000-000000000000
Error Number:64,State:0,Class:20
   --- End of inner exception stack trace ---
   at Microsoft.EntityFrameworkCore.SqlServer.Storage.Internal.SqlServerExecutionStrategy.ExecuteAsync[TState,TResult](TState state, Func`4 operation, Func`4 verifySucceeded, CancellationToken cancellationToken)
   at Microsoft.EntityFrameworkCore.Query.Internal.SingleQueryingEnumerable`1.AsyncEnumerator.MoveNextAsync()
   at Microsoft.EntityFrameworkCore.Query.ShapedQueryCompilingExpressionVisitor.SingleOrDefaultAsync[TSource](IAsyncEnumerable`1 asyncEnumerable, CancellationToken cancellationToken)
   at Microsoft.EntityFrameworkCore.Query.ShapedQueryCompilingExpressionVisitor.SingleOrDefaultAsync[TSource](IAsyncEnumerable`1 asyncEnumerable, CancellationToken cancellationToken)
   at Microsoft.AspNetCore.Identity.RoleManager`1.RoleExistsAsync(String roleName)
   at HealthAxis.API.Data.RoleSeeder.SeedRoles(RoleManager`1 roleManager) in C:\Users\310481\source\repos\UST-Live-01\Healthcare.netcore\Healthcare.netcore\Data\RoleSeeder.cs:line 13
   at Program.<Main>$(String[] args) in C:\Users\310481\source\repos\UST-Live-01\Healthcare.netcore\Healthcare.netcore\Program.cs:line 375
2026-07-24 16:07:02.071 +05:30 [INF] Configured endpoint appointment.events.queue, Consumer: HealthAxis.API.Consumers.AppointmentBookedConsumer
2026-07-24 16:07:02.173 +05:30 [INF] HeartbeatService started.
2026-07-24 16:07:02.173 +05:30 [INF] NotificationCleanupService started.
2026-07-24 16:07:02.174 +05:30 [INF] HealthAxis API heartbeat running at "2026-07-24T16:07:02.1740790+05:30"
2026-07-24 16:07:02.248 +05:30 [INF] Now listening on: http://localhost:5145
2026-07-24 16:07:02.250 +05:30 [INF] Application started. Press Ctrl+C to shut down.
2026-07-24 16:07:02.251 +05:30 [INF] Hosting environment: Development
2026-07-24 16:07:02.251 +05:30 [INF] No old notifications found for cleanup.
2026-07-24 16:07:02.252 +05:30 [INF] Content root path: C:\Users\310481\source\repos\UST-Live-01\Healthcare.netcore\Healthcare.netcore
2026-07-24 16:07:12.192 +05:30 [INF] HealthAxis API heartbeat running at "2026-07-24T16:07:12.1926064+05:30"
2026-07-24 16:07:12.244 +05:30 [WRN] Connection Failed: "rabbitmq://172.31.11.165/"
RabbitMQ.Client.Exceptions.BrokerUnreachableException: None of the specified endpoints were reachable
 ---> System.AggregateException: One or more errors occurred. (Connection failed)
 ---> RabbitMQ.Client.Exceptions.ConnectFailureException: Connection failed
 ---> System.TimeoutException: The operation has timed out.
   at RabbitMQ.Client.Impl.TaskExtensions.TimeoutAfter(Task task, TimeSpan timeout)
   at RabbitMQ.Client.Impl.SocketFrameHandler.ConnectOrFail(ITcpClient socket, AmqpTcpEndpoint endpoint, TimeSpan timeout)
   --- End of inner exception stack trace ---
   at RabbitMQ.Client.Impl.SocketFrameHandler.ConnectOrFail(ITcpClient socket, AmqpTcpEndpoint endpoint, TimeSpan timeout)
   at RabbitMQ.Client.Impl.SocketFrameHandler.ConnectUsingAddressFamily(AmqpTcpEndpoint endpoint, Func`2 socketFactory, TimeSpan timeout, AddressFamily family)
   at RabbitMQ.Client.Impl.SocketFrameHandler.ConnectUsingIPv4(AmqpTcpEndpoint endpoint, Func`2 socketFactory, TimeSpan timeout)
   at RabbitMQ.Client.Impl.SocketFrameHandler..ctor(AmqpTcpEndpoint endpoint, Func`2 socketFactory, TimeSpan connectionTimeout, TimeSpan readTimeout, TimeSpan writeTimeout)
   at RabbitMQ.Client.Framing.Impl.IProtocolExtensions.CreateFrameHandler(IProtocol protocol, AmqpTcpEndpoint endpoint, ArrayPool`1 pool, Func`2 socketFactory, TimeSpan connectionTimeout, TimeSpan readTimeout, TimeSpan writeTimeout)
   at RabbitMQ.Client.ConnectionFactory.CreateFrameHandler(AmqpTcpEndpoint endpoint)
   at RabbitMQ.Client.EndpointResolverExtensions.SelectOne[T](IEndpointResolver resolver, Func`2 selector)
   --- End of inner exception stack trace ---
   at RabbitMQ.Client.EndpointResolverExtensions.SelectOne[T](IEndpointResolver resolver, Func`2 selector)
   at RabbitMQ.Client.ConnectionFactory.CreateConnection(IEndpointResolver endpointResolver, String clientProvidedName)
   --- End of inner exception stack trace ---
   at RabbitMQ.Client.ConnectionFactory.CreateConnection(IEndpointResolver endpointResolver, String clientProvidedName)
   at RabbitMQ.Client.ConnectionFactory.CreateConnection(IList`1 hostnames, String clientProvidedName)
   at MassTransit.RabbitMqTransport.ConnectionContextFactory.CreateConnection(ISupervisor supervisor) in /_/src/Transports/MassTransit.RabbitMqTransport/RabbitMqTransport/ConnectionContextFactory.cs:line 86
2026-07-24 16:07:22.205 +05:30 [INF] HealthAxis API heartbeat running at "2026-07-24T16:07:22.2050367+05:30"
2026-07-24 16:07:23.456 +05:30 [WRN] Failed to determine the https port for redirect.
2026-07-24 16:07:23.480 +05:30 [INF] HTTP GET / responded 404 in 51.0777 ms
2026-07-24 16:07:28.590 +05:30 [INF] HTTP GET / responded 404 in 2.6917 ms
2026-07-24 16:07:29.785 +05:30 [WRN] Connection Failed: "rabbitmq://172.31.11.165/"
RabbitMQ.Client.Exceptions.BrokerUnreachableException: None of the specified endpoints were reachable
 ---> System.AggregateException: One or more errors occurred. (Connection failed)
 ---> RabbitMQ.Client.Exceptions.ConnectFailureException: Connection failed
 ---> System.TimeoutException: The operation has timed out.
   at RabbitMQ.Client.Impl.TaskExtensions.TimeoutAfter(Task task, TimeSpan timeout)
   at RabbitMQ.Client.Impl.SocketFrameHandler.ConnectOrFail(ITcpClient socket, AmqpTcpEndpoint endpoint, TimeSpan timeout)
   --- End of inner exception stack trace ---
   at RabbitMQ.Client.Impl.SocketFrameHandler.ConnectOrFail(ITcpClient socket, AmqpTcpEndpoint endpoint, TimeSpan timeout)
   at RabbitMQ.Client.Impl.SocketFrameHandler.ConnectUsingAddressFamily(AmqpTcpEndpoint endpoint, Func`2 socketFactory, TimeSpan timeout, AddressFamily family)
   at RabbitMQ.Client.Impl.SocketFrameHandler.ConnectUsingIPv4(AmqpTcpEndpoint endpoint, Func`2 socketFactory, TimeSpan timeout)
   at RabbitMQ.Client.Impl.SocketFrameHandler..ctor(AmqpTcpEndpoint endpoint, Func`2 socketFactory, TimeSpan connectionTimeout, TimeSpan readTimeout, TimeSpan writeTimeout)
   at RabbitMQ.Client.Framing.Impl.IProtocolExtensions.CreateFrameHandler(IProtocol protocol, AmqpTcpEndpoint endpoint, ArrayPool`1 pool, Func`2 socketFactory, TimeSpan connectionTimeout, TimeSpan readTimeout, TimeSpan writeTimeout)
   at RabbitMQ.Client.ConnectionFactory.CreateFrameHandler(AmqpTcpEndpoint endpoint)
   at RabbitMQ.Client.EndpointResolverExtensions.SelectOne[T](IEndpointResolver resolver, Func`2 selector)
   --- End of inner exception stack trace ---
   at RabbitMQ.Client.EndpointResolverExtensions.SelectOne[T](IEndpointResolver resolver, Func`2 selector)
   at RabbitMQ.Client.ConnectionFactory.CreateConnection(IEndpointResolver endpointResolver, String clientProvidedName)
   --- End of inner exception stack trace ---
   at RabbitMQ.Client.ConnectionFactory.CreateConnection(IEndpointResolver endpointResolver, String clientProvidedName)
   at RabbitMQ.Client.ConnectionFactory.CreateConnection(IList`1 hostnames, String clientProvidedName)
   at MassTransit.RabbitMqTransport.ConnectionContextFactory.CreateConnection(ISupervisor supervisor) in /_/src/Transports/MassTransit.RabbitMqTransport/RabbitMqTransport/ConnectionContextFactory.cs:line 86
2026-07-24 16:07:32.209 +05:30 [INF] HealthAxis API heartbeat running at "2026-07-24T16:07:32.2098022+05:30"
2026-07-24 16:07:39.189 +05:30 [INF] HTTP GET /angular responded 200 in 8.4002 ms
2026-07-24 16:07:39.222 +05:30 [INF] HTTP GET /angular/styles-JKLOJCBN.css responded 200 in 15.6552 ms
2026-07-24 16:07:39.251 +05:30 [INF] HTTP GET /angular/main-ZVXS3OFT.js responded 200 in 44.7400 ms
2026-07-24 16:07:40.150 +05:30 [INF] HTTP GET /angular/favicon.ico responded 200 in 2.5606 ms
2026-07-24 16:07:42.221 +05:30 [INF] HealthAxis API heartbeat running at "2026-07-24T16:07:42.2212186+05:30"
2026-07-24 16:07:50.872 +05:30 [WRN] Connection Failed: "rabbitmq://172.31.11.165/"
RabbitMQ.Client.Exceptions.BrokerUnreachableException: None of the specified endpoints were reachable
 ---> System.AggregateException: One or more errors occurred. (Connection failed)
 ---> RabbitMQ.Client.Exceptions.ConnectFailureException: Connection failed
 ---> System.TimeoutException: The operation has timed out.
   at RabbitMQ.Client.Impl.TaskExtensions.TimeoutAfter(Task task, TimeSpan timeout)
   at RabbitMQ.Client.Impl.SocketFrameHandler.ConnectOrFail(ITcpClient socket, AmqpTcpEndpoint endpoint, TimeSpan timeout)
   --- End of inner exception stack trace ---
   at RabbitMQ.Client.Impl.SocketFrameHandler.ConnectOrFail(ITcpClient socket, AmqpTcpEndpoint endpoint, TimeSpan timeout)
   at RabbitMQ.Client.Impl.SocketFrameHandler.ConnectUsingAddressFamily(AmqpTcpEndpoint endpoint, Func`2 socketFactory, TimeSpan timeout, AddressFamily family)
   at RabbitMQ.Client.Impl.SocketFrameHandler.ConnectUsingIPv4(AmqpTcpEndpoint endpoint, Func`2 socketFactory, TimeSpan timeout)
   at RabbitMQ.Client.Impl.SocketFrameHandler..ctor(AmqpTcpEndpoint endpoint, Func`2 socketFactory, TimeSpan connectionTimeout, TimeSpan readTimeout, TimeSpan writeTimeout)
   at RabbitMQ.Client.Framing.Impl.IProtocolExtensions.CreateFrameHandler(IProtocol protocol, AmqpTcpEndpoint endpoint, ArrayPool`1 pool, Func`2 socketFactory, TimeSpan connectionTimeout, TimeSpan readTimeout, TimeSpan writeTimeout)
   at RabbitMQ.Client.ConnectionFactory.CreateFrameHandler(AmqpTcpEndpoint endpoint)
   at RabbitMQ.Client.EndpointResolverExtensions.SelectOne[T](IEndpointResolver resolver, Func`2 selector)
   --- End of inner exception stack trace ---
   at RabbitMQ.Client.EndpointResolverExtensions.SelectOne[T](IEndpointResolver resolver, Func`2 selector)
   at RabbitMQ.Client.ConnectionFactory.CreateConnection(IEndpointResolver endpointResolver, String clientProvidedName)
   --- End of inner exception stack trace ---
   at RabbitMQ.Client.ConnectionFactory.CreateConnection(IEndpointResolver endpointResolver, String clientProvidedName)
   at RabbitMQ.Client.ConnectionFactory.CreateConnection(IList`1 hostnames, String clientProvidedName)
   at MassTransit.RabbitMqTransport.ConnectionContextFactory.CreateConnection(ISupervisor supervisor) in /_/src/Transports/MassTransit.RabbitMqTransport/RabbitMqTransport/ConnectionContextFactory.cs:line 86
2026-07-24 16:07:52.228 +05:30 [INF] HealthAxis API heartbeat running at "2026-07-24T16:07:52.2287039+05:30"
2026-07-24 16:07:55.806 +05:30 [INF] HTTP POST /api/auth/login responded 200 in 704.7990 ms
2026-07-24 16:07:55.831 +05:30 [INF] HTTP GET /blazor/admin-token-login responded 200 in 1.9774 ms
2026-07-24 16:07:55.843 +05:30 [INF] HTTP GET /blazor/css/app.css responded 200 in 1.5746 ms
2026-07-24 16:07:55.846 +05:30 [INF] HTTP GET /blazor/_framework/blazor.webassembly.js responded 200 in 4.2140 ms
2026-07-24 16:07:55.861 +05:30 [INF] HTTP GET /blazor/_framework/dotnet.js responded 200 in 5.3278 ms
2026-07-24 16:07:55.906 +05:30 [INF] HTTP GET /blazor/_framework/dotnet.runtime.r2kbxkuujc.js responded 200 in 19.6865 ms
2026-07-24 16:07:55.909 +05:30 [INF] HTTP GET /blazor/_framework/System.Runtime.InteropServices.JavaScript.2j7dj8dwvr.wasm responded 200 in 2.6796 ms
2026-07-24 16:07:55.910 +05:30 [INF] HTTP GET /blazor/_framework/dotnet.native.rjbmzc4jpg.js responded 200 in 22.2655 ms
2026-07-24 16:07:55.912 +05:30 [INF] HTTP GET /blazor/_framework/AdminWebApp.z269kb7mv6.wasm responded 200 in 1.6358 ms
2026-07-24 16:07:55.924 +05:30 [INF] HTTP GET /blazor/_framework/HealthcareAxis.Shared.q2ld3rxukz.wasm responded 200 in 1.4007 ms
2026-07-24 16:07:55.926 +05:30 [INF] HTTP GET /blazor/_framework/Microsoft.AspNetCore.Authorization.4azvwcgrhm.wasm responded 200 in 0.9764 ms
2026-07-24 16:07:55.931 +05:30 [INF] HTTP GET /blazor/_framework/Microsoft.AspNetCore.Components.fho2494scd.wasm responded 200 in 1.9888 ms
2026-07-24 16:07:55.934 +05:30 [INF] HTTP GET /blazor/_framework/Microsoft.AspNetCore.Components.Authorization.ewu9kgvlj7.wasm responded 200 in 1.9097 ms
2026-07-24 16:07:55.940 +05:30 [INF] HTTP GET /blazor/_framework/Microsoft.AspNetCore.Components.Forms.xbum8u3r0e.wasm responded 200 in 1.8265 ms
2026-07-24 16:07:55.941 +05:30 [INF] HTTP GET /blazor/_framework/Microsoft.AspNetCore.Components.Web.r7ndl7vy0a.wasm responded 200 in 1.2360 ms
2026-07-24 16:07:55.946 +05:30 [INF] HTTP GET /blazor/_framework/Microsoft.AspNetCore.Components.WebAssembly.6uixp2z2hi.wasm responded 200 in 1.6032 ms
2026-07-24 16:07:55.954 +05:30 [INF] HTTP GET /blazor/_framework/Microsoft.AspNetCore.Metadata.h5rkjprljp.wasm responded 200 in 0.9725 ms
2026-07-24 16:07:55.957 +05:30 [INF] HTTP GET /blazor/_framework/Microsoft.Extensions.Configuration.Abstractions.4ascqjkgzo.wasm responded 200 in 1.1411 ms
2026-07-24 16:07:55.966 +05:30 [INF] HTTP GET /blazor/_framework/Microsoft.Extensions.Configuration.Json.qiwbq8ugx5.wasm responded 200 in 1.2164 ms
2026-07-24 16:07:55.968 +05:30 [INF] HTTP GET /blazor/_framework/Microsoft.Extensions.Configuration.xnovko9l24.wasm responded 200 in 2.0931 ms
2026-07-24 16:07:55.977 +05:30 [INF] HTTP GET /blazor/_framework/Microsoft.Extensions.DependencyInjection.556xh3l82c.wasm responded 200 in 0.9628 ms
2026-07-24 16:07:55.977 +05:30 [INF] HTTP GET /blazor/_framework/Microsoft.Extensions.Diagnostics.Abstractions.xnj79tmbo0.wasm responded 200 in 0.6924 ms
2026-07-24 16:07:55.977 +05:30 [INF] HTTP GET /blazor/_framework/Microsoft.Extensions.DependencyInjection.Abstractions.yd1ay0fi8e.wasm responded 200 in 1.7776 ms
2026-07-24 16:07:55.978 +05:30 [INF] HTTP GET /blazor/_framework/Microsoft.Extensions.Diagnostics.ea9jzo65mq.wasm responded 200 in 0.6627 ms
2026-07-24 16:07:55.982 +05:30 [INF] HTTP GET /blazor/_framework/System.Private.CoreLib.sq853kb5he.wasm responded 200 in 76.7301 ms
2026-07-24 16:07:55.985 +05:30 [INF] HTTP GET /blazor/_framework/Microsoft.Extensions.Logging.Abstractions.19x441zz7x.wasm responded 200 in 1.3440 ms
2026-07-24 16:07:55.987 +05:30 [INF] HTTP GET /blazor/_framework/Microsoft.Extensions.Logging.5ucwms7sds.wasm responded 200 in 1.2875 ms
2026-07-24 16:07:55.989 +05:30 [INF] HTTP GET /blazor/_framework/Microsoft.Extensions.Options.sbfmpxwipp.wasm responded 200 in 1.0789 ms
2026-07-24 16:07:55.991 +05:30 [INF] HTTP GET /blazor/_framework/Microsoft.Extensions.Primitives.072etlnfwu.wasm responded 200 in 0.9259 ms
2026-07-24 16:07:55.997 +05:30 [INF] HTTP GET /blazor/_framework/Microsoft.JSInterop.WebAssembly.r99mmn9mmt.wasm responded 200 in 0.9564 ms
2026-07-24 16:07:55.997 +05:30 [INF] HTTP GET /blazor/_framework/Microsoft.Extensions.Validation.9q24f4ufiz.wasm responded 200 in 1.5105 ms
2026-07-24 16:07:55.997 +05:30 [INF] HTTP GET /blazor/_framework/Microsoft.JSInterop.zwoqhaodt0.wasm responded 200 in 0.8104 ms
2026-07-24 16:07:56.001 +05:30 [INF] HTTP GET /blazor/_framework/System.x4983syfn1.wasm responded 200 in 1.5164 ms
2026-07-24 16:07:56.011 +05:30 [INF] HTTP GET /blazor/_framework/System.Collections.Concurrent.2ojyfp1m8o.wasm responded 200 in 1.1501 ms
2026-07-24 16:07:56.014 +05:30 [INF] HTTP GET /blazor/_framework/dotnet.native.f749u69f30.wasm responded 200 in 126.0849 ms
2026-07-24 16:07:56.018 +05:30 [INF] HTTP GET /blazor/_framework/System.Collections.NonGeneric.8xeubyw9p0.wasm responded 200 in 2.1870 ms
2026-07-24 16:07:56.020 +05:30 [INF] HTTP GET /blazor/_framework/System.Collections.5d4plexxhc.wasm responded 200 in 0.9416 ms
2026-07-24 16:07:56.020 +05:30 [INF] HTTP GET /blazor/_framework/System.Collections.Immutable.le16lab73u.wasm responded 200 in 3.9922 ms
2026-07-24 16:07:56.020 +05:30 [INF] HTTP GET /blazor/_framework/System.Collections.Specialized.lhkx0mulai.wasm responded 200 in 1.8006 ms
2026-07-24 16:07:56.023 +05:30 [INF] HTTP GET /blazor/_framework/System.ComponentModel.Annotations.y6ekadqt3g.wasm responded 200 in 0.9211 ms
2026-07-24 16:07:56.028 +05:30 [INF] HTTP GET /blazor/_framework/System.ComponentModel.Primitives.7km7fgt0r4.wasm responded 200 in 1.1314 ms
2026-07-24 16:07:56.029 +05:30 [INF] HTTP GET /blazor/_framework/System.Console.g12mt8hs20.wasm responded 200 in 0.7010 ms
2026-07-24 16:07:56.029 +05:30 [INF] HTTP GET /blazor/_framework/System.ComponentModel.4ky62zctqc.wasm responded 200 in 1.9192 ms
2026-07-24 16:07:56.030 +05:30 [INF] HTTP GET /blazor/_framework/System.Diagnostics.DiagnosticSource.09ahfhgitn.wasm responded 200 in 1.9119 ms
2026-07-24 16:07:56.030 +05:30 [INF] HTTP GET /blazor/_framework/System.ComponentModel.TypeConverter.qcdukpvman.wasm responded 200 in 2.8344 ms
2026-07-24 16:07:56.035 +05:30 [INF] HTTP GET /blazor/_framework/System.IO.Pipelines.unqpbva9an.wasm responded 200 in 1.9991 ms
2026-07-24 16:07:56.053 +05:30 [INF] HTTP GET /blazor/_framework/System.Memory.hrrv82n9r7.wasm responded 200 in 1.1108 ms
2026-07-24 16:07:56.053 +05:30 [INF] HTTP GET /blazor/_framework/System.Net.Http.Json.qalr5im9kj.wasm responded 200 in 0.9709 ms
2026-07-24 16:07:56.054 +05:30 [INF] HTTP GET /blazor/_framework/System.Linq.cjp2m0qcft.wasm responded 200 in 2.8962 ms
2026-07-24 16:07:56.054 +05:30 [INF] HTTP GET /blazor/_framework/System.Net.Http.hy3vi2kpuw.wasm responded 200 in 2.1539 ms
2026-07-24 16:07:56.055 +05:30 [INF] HTTP GET /blazor/_framework/System.Net.Primitives.vd71qffl5p.wasm responded 200 in 1.6005 ms
2026-07-24 16:07:56.065 +05:30 [INF] HTTP GET /blazor/_framework/System.Linq.Expressions.pfcn2jyrdu.wasm responded 200 in 16.3485 ms
2026-07-24 16:07:56.066 +05:30 [INF] HTTP GET /blazor/_framework/System.Runtime.Serialization.Primitives.xd90b8ri0v.wasm responded 200 in 1.3911 ms
2026-07-24 16:07:56.067 +05:30 [INF] HTTP GET /blazor/_framework/System.Private.Uri.s55kbugrh0.wasm responded 200 in 2.3406 ms
2026-07-24 16:07:56.067 +05:30 [INF] HTTP GET /blazor/_framework/System.ObjectModel.bfrfx59lpg.wasm responded 200 in 2.5834 ms
2026-07-24 16:07:56.072 +05:30 [INF] HTTP GET /blazor/_framework/System.Security.Claims.9nqoa6wy6l.wasm responded 200 in 1.0051 ms
2026-07-24 16:07:56.073 +05:30 [INF] HTTP GET /blazor/_framework/System.Runtime.k9n04jn5db.wasm responded 200 in 0.6609 ms
2026-07-24 16:07:56.084 +05:30 [INF] HTTP GET /blazor/_framework/System.Security.Cryptography.lgu1xsxxgm.wasm responded 200 in 2.2175 ms
2026-07-24 16:07:56.084 +05:30 [INF] HTTP GET /blazor/_framework/System.Text.Encodings.Web.xnqpua35fl.wasm responded 200 in 1.8297 ms
2026-07-24 16:07:56.091 +05:30 [INF] HTTP GET /blazor/_framework/System.Text.RegularExpressions.taxmr3rmwl.wasm responded 200 in 6.1372 ms
2026-07-24 16:07:56.093 +05:30 [INF] HTTP GET /favicon.ico responded 404 in 1.1021 ms
2026-07-24 16:07:56.095 +05:30 [INF] HTTP GET /blazor/_framework/System.Text.Json.5rzgsimx16.wasm responded 200 in 11.1840 ms
2026-07-24 16:07:56.097 +05:30 [INF] HTTP GET /blazor/_framework/icudt_EFIGS.tptq2av103.dat responded 200 in 7.9662 ms
2026-07-24 16:07:56.923 +05:30 [WRN] You do not have a valid license key for the Lucky Penny software AutoMapper. This is allowed for development and testing scenarios. If you are running in production you are required to have a licensed version. Please visit https://luckypennysoftware.com to obtain a valid license.
2026-07-24 16:07:57.132 +05:30 [INF] HTTP GET /api/admin/doctors responded 200 in 483.3100 ms
2026-07-24 16:07:57.296 +05:30 [INF] HTTP GET /api/patients responded 200 in 122.9363 ms
2026-07-24 16:07:57.415 +05:30 [INF] HTTP GET /api/appointments responded 200 in 96.6675 ms
2026-07-24 16:08:00.495 +05:30 [INF] HTTP GET /angular/login responded 200 in 3.7454 ms
2026-07-24 16:08:02.229 +05:30 [INF] HealthAxis API heartbeat running at "2026-07-24T16:08:02.2296368+05:30"
2026-07-24 16:08:12.237 +05:30 [INF] HealthAxis API heartbeat running at "2026-07-24T16:08:12.2372934+05:30"
2026-07-24 16:08:12.743 +05:30 [INF] HTTP POST /api/auth/login responded 200 in 93.1538 ms
2026-07-24 16:08:12.761 +05:30 [INF] HTTP GET /blazor/admin-token-login responded 200 in 1.3309 ms
2026-07-24 16:08:13.192 +05:30 [INF] HTTP GET /api/admin/doctors responded 200 in 19.5595 ms
2026-07-24 16:08:13.233 +05:30 [INF] HTTP GET /api/patients responded 200 in 4.2375 ms
2026-07-24 16:08:13.259 +05:30 [INF] HTTP GET /api/appointments responded 200 in 3.7786 ms
2026-07-24 16:08:17.029 +05:30 [WRN] Connection Failed: "rabbitmq://172.31.11.165/"
RabbitMQ.Client.Exceptions.BrokerUnreachableException: None of the specified endpoints were reachable
 ---> System.AggregateException: One or more errors occurred. (Connection failed)
 ---> RabbitMQ.Client.Exceptions.ConnectFailureException: Connection failed
 ---> System.TimeoutException: The operation has timed out.
   at RabbitMQ.Client.Impl.TaskExtensions.TimeoutAfter(Task task, TimeSpan timeout)
   at RabbitMQ.Client.Impl.SocketFrameHandler.ConnectOrFail(ITcpClient socket, AmqpTcpEndpoint endpoint, TimeSpan timeout)
   --- End of inner exception stack trace ---
   at RabbitMQ.Client.Impl.SocketFrameHandler.ConnectOrFail(ITcpClient socket, AmqpTcpEndpoint endpoint, TimeSpan timeout)
   at RabbitMQ.Client.Impl.SocketFrameHandler.ConnectUsingAddressFamily(AmqpTcpEndpoint endpoint, Func`2 socketFactory, TimeSpan timeout, AddressFamily family)
   at RabbitMQ.Client.Impl.SocketFrameHandler.ConnectUsingIPv4(AmqpTcpEndpoint endpoint, Func`2 socketFactory, TimeSpan timeout)
   at RabbitMQ.Client.Impl.SocketFrameHandler..ctor(AmqpTcpEndpoint endpoint, Func`2 socketFactory, TimeSpan connectionTimeout, TimeSpan readTimeout, TimeSpan writeTimeout)
   at RabbitMQ.Client.Framing.Impl.IProtocolExtensions.CreateFrameHandler(IProtocol protocol, AmqpTcpEndpoint endpoint, ArrayPool`1 pool, Func`2 socketFactory, TimeSpan connectionTimeout, TimeSpan readTimeout, TimeSpan writeTimeout)
   at RabbitMQ.Client.ConnectionFactory.CreateFrameHandler(AmqpTcpEndpoint endpoint)
   at RabbitMQ.Client.EndpointResolverExtensions.SelectOne[T](IEndpointResolver resolver, Func`2 selector)
   --- End of inner exception stack trace ---
   at RabbitMQ.Client.EndpointResolverExtensions.SelectOne[T](IEndpointResolver resolver, Func`2 selector)
   at RabbitMQ.Client.ConnectionFactory.CreateConnection(IEndpointResolver endpointResolver, String clientProvidedName)
   --- End of inner exception stack trace ---
   at RabbitMQ.Client.ConnectionFactory.CreateConnection(IEndpointResolver endpointResolver, String clientProvidedName)
   at RabbitMQ.Client.ConnectionFactory.CreateConnection(IList`1 hostnames, String clientProvidedName)
   at MassTransit.RabbitMqTransport.ConnectionContextFactory.CreateConnection(ISupervisor supervisor) in /_/src/Transports/MassTransit.RabbitMqTransport/RabbitMqTransport/ConnectionContextFactory.cs:line 86
2026-07-24 16:08:22.246 +05:30 [INF] HealthAxis API heartbeat running at "2026-07-24T16:08:22.2462197+05:30"
2026-07-24 16:08:23.924 +05:30 [INF] HTTP GET /angular/login responded 200 in 0.9006 ms
2026-07-24 16:08:23.944 +05:30 [INF] HTTP GET /angular/login responded 200 in 0.9959 ms
2026-07-24 16:08:32.253 +05:30 [INF] HealthAxis API heartbeat running at "2026-07-24T16:08:32.2536718+05:30"
2026-07-24 16:08:42.267 +05:30 [INF] HealthAxis API heartbeat running at "2026-07-24T16:08:42.2674924+05:30"
2026-07-24 16:08:52.281 +05:30 [INF] HealthAxis API heartbeat running at "2026-07-24T16:08:52.2818456+05:30"
2026-07-24 16:08:55.120 +05:30 [WRN] Connection Failed: "rabbitmq://172.31.11.165/"
RabbitMQ.Client.Exceptions.BrokerUnreachableException: None of the specified endpoints were reachable
 ---> System.AggregateException: One or more errors occurred. (Connection failed)
 ---> RabbitMQ.Client.Exceptions.ConnectFailureException: Connection failed
 ---> System.TimeoutException: The operation has timed out.
   at RabbitMQ.Client.Impl.TaskExtensions.TimeoutAfter(Task task, TimeSpan timeout)
   at RabbitMQ.Client.Impl.SocketFrameHandler.ConnectOrFail(ITcpClient socket, AmqpTcpEndpoint endpoint, TimeSpan timeout)
   --- End of inner exception stack trace ---
   at RabbitMQ.Client.Impl.SocketFrameHandler.ConnectOrFail(ITcpClient socket, AmqpTcpEndpoint endpoint, TimeSpan timeout)
   at RabbitMQ.Client.Impl.SocketFrameHandler.ConnectUsingAddressFamily(AmqpTcpEndpoint endpoint, Func`2 socketFactory, TimeSpan timeout, AddressFamily family)
   at RabbitMQ.Client.Impl.SocketFrameHandler.ConnectUsingIPv4(AmqpTcpEndpoint endpoint, Func`2 socketFactory, TimeSpan timeout)
   at RabbitMQ.Client.Impl.SocketFrameHandler..ctor(AmqpTcpEndpoint endpoint, Func`2 socketFactory, TimeSpan connectionTimeout, TimeSpan readTimeout, TimeSpan writeTimeout)
   at RabbitMQ.Client.Framing.Impl.IProtocolExtensions.CreateFrameHandler(IProtocol protocol, AmqpTcpEndpoint endpoint, ArrayPool`1 pool, Func`2 socketFactory, TimeSpan connectionTimeout, TimeSpan readTimeout, TimeSpan writeTimeout)
   at RabbitMQ.Client.ConnectionFactory.CreateFrameHandler(AmqpTcpEndpoint endpoint)
   at RabbitMQ.Client.EndpointResolverExtensions.SelectOne[T](IEndpointResolver resolver, Func`2 selector)
   --- End of inner exception stack trace ---
   at RabbitMQ.Client.EndpointResolverExtensions.SelectOne[T](IEndpointResolver resolver, Func`2 selector)
   at RabbitMQ.Client.ConnectionFactory.CreateConnection(IEndpointResolver endpointResolver, String clientProvidedName)
   --- End of inner exception stack trace ---
   at RabbitMQ.Client.ConnectionFactory.CreateConnection(IEndpointResolver endpointResolver, String clientProvidedName)
   at RabbitMQ.Client.ConnectionFactory.CreateConnection(IList`1 hostnames, String clientProvidedName)
   at MassTransit.RabbitMqTransport.ConnectionContextFactory.CreateConnection(ISupervisor supervisor) in /_/src/Transports/MassTransit.RabbitMqTransport/RabbitMqTransport/ConnectionContextFactory.cs:line 86
2026-07-24 16:09:02.292 +05:30 [INF] HealthAxis API heartbeat running at "2026-07-24T16:09:02.2927270+05:30"
2026-07-24 16:09:12.300 +05:30 [INF] HealthAxis API heartbeat running at "2026-07-24T16:09:12.3000790+05:30"
2026-07-24 16:09:22.315 +05:30 [INF] HealthAxis API heartbeat running at "2026-07-24T16:09:22.3155873+05:30"
2026-07-24 16:09:32.331 +05:30 [INF] HealthAxis API heartbeat running at "2026-07-24T16:09:32.3314072+05:30"
2026-07-24 16:09:36.151 +05:30 [WRN] Connection Failed: "rabbitmq://172.31.11.165/"
RabbitMQ.Client.Exceptions.BrokerUnreachableException: None of the specified endpoints were reachable
 ---> System.AggregateException: One or more errors occurred. (Connection failed)
 ---> RabbitMQ.Client.Exceptions.ConnectFailureException: Connection failed
 ---> System.TimeoutException: The operation has timed out.
   at RabbitMQ.Client.Impl.TaskExtensions.TimeoutAfter(Task task, TimeSpan timeout)
   at RabbitMQ.Client.Impl.SocketFrameHandler.ConnectOrFail(ITcpClient socket, AmqpTcpEndpoint endpoint, TimeSpan timeout)
   --- End of inner exception stack trace ---
   at RabbitMQ.Client.Impl.SocketFrameHandler.ConnectOrFail(ITcpClient socket, AmqpTcpEndpoint endpoint, TimeSpan timeout)
   at RabbitMQ.Client.Impl.SocketFrameHandler.ConnectUsingAddressFamily(AmqpTcpEndpoint endpoint, Func`2 socketFactory, TimeSpan timeout, AddressFamily family)
   at RabbitMQ.Client.Impl.SocketFrameHandler.ConnectUsingIPv4(AmqpTcpEndpoint endpoint, Func`2 socketFactory, TimeSpan timeout)
   at RabbitMQ.Client.Impl.SocketFrameHandler..ctor(AmqpTcpEndpoint endpoint, Func`2 socketFactory, TimeSpan connectionTimeout, TimeSpan readTimeout, TimeSpan writeTimeout)
   at RabbitMQ.Client.Framing.Impl.IProtocolExtensions.CreateFrameHandler(IProtocol protocol, AmqpTcpEndpoint endpoint, ArrayPool`1 pool, Func`2 socketFactory, TimeSpan connectionTimeout, TimeSpan readTimeout, TimeSpan writeTimeout)
   at RabbitMQ.Client.ConnectionFactory.CreateFrameHandler(AmqpTcpEndpoint endpoint)
   at RabbitMQ.Client.EndpointResolverExtensions.SelectOne[T](IEndpointResolver resolver, Func`2 selector)
   --- End of inner exception stack trace ---
   at RabbitMQ.Client.EndpointResolverExtensions.SelectOne[T](IEndpointResolver resolver, Func`2 selector)
   at RabbitMQ.Client.ConnectionFactory.CreateConnection(IEndpointResolver endpointResolver, String clientProvidedName)
   --- End of inner exception stack trace ---
   at RabbitMQ.Client.ConnectionFactory.CreateConnection(IEndpointResolver endpointResolver, String clientProvidedName)
   at RabbitMQ.Client.ConnectionFactory.CreateConnection(IList`1 hostnames, String clientProvidedName)
   at MassTransit.RabbitMqTransport.ConnectionContextFactory.CreateConnection(ISupervisor supervisor) in /_/src/Transports/MassTransit.RabbitMqTransport/RabbitMqTransport/ConnectionContextFactory.cs:line 86
2026-07-24 16:09:42.344 +05:30 [INF] HealthAxis API heartbeat running at "2026-07-24T16:09:42.3439956+05:30"
2026-07-24 16:09:52.355 +05:30 [INF] HealthAxis API heartbeat running at "2026-07-24T16:09:52.3550578+05:30"
2026-07-24 16:10:02.361 +05:30 [INF] HealthAxis API heartbeat running at "2026-07-24T16:10:02.3609646+05:30"
2026-07-24 16:10:12.373 +05:30 [INF] HealthAxis API heartbeat running at "2026-07-24T16:10:12.3729954+05:30"
2026-07-24 16:10:17.187 +05:30 [WRN] Connection Failed: "rabbitmq://172.31.11.165/"
RabbitMQ.Client.Exceptions.BrokerUnreachableException: None of the specified endpoints were reachable
 ---> System.AggregateException: One or more errors occurred. (Connection failed)
 ---> RabbitMQ.Client.Exceptions.ConnectFailureException: Connection failed
 ---> System.TimeoutException: The operation has timed out.
   at RabbitMQ.Client.Impl.TaskExtensions.TimeoutAfter(Task task, TimeSpan timeout)
   at RabbitMQ.Client.Impl.SocketFrameHandler.ConnectOrFail(ITcpClient socket, AmqpTcpEndpoint endpoint, TimeSpan timeout)
   --- End of inner exception stack trace ---
   at RabbitMQ.Client.Impl.SocketFrameHandler.ConnectOrFail(ITcpClient socket, AmqpTcpEndpoint endpoint, TimeSpan timeout)
   at RabbitMQ.Client.Impl.SocketFrameHandler.ConnectUsingAddressFamily(AmqpTcpEndpoint endpoint, Func`2 socketFactory, TimeSpan timeout, AddressFamily family)
   at RabbitMQ.Client.Impl.SocketFrameHandler.ConnectUsingIPv4(AmqpTcpEndpoint endpoint, Func`2 socketFactory, TimeSpan timeout)
   at RabbitMQ.Client.Impl.SocketFrameHandler..ctor(AmqpTcpEndpoint endpoint, Func`2 socketFactory, TimeSpan connectionTimeout, TimeSpan readTimeout, TimeSpan writeTimeout)
   at RabbitMQ.Client.Framing.Impl.IProtocolExtensions.CreateFrameHandler(IProtocol protocol, AmqpTcpEndpoint endpoint, ArrayPool`1 pool, Func`2 socketFactory, TimeSpan connectionTimeout, TimeSpan readTimeout, TimeSpan writeTimeout)
   at RabbitMQ.Client.ConnectionFactory.CreateFrameHandler(AmqpTcpEndpoint endpoint)
   at RabbitMQ.Client.EndpointResolverExtensions.SelectOne[T](IEndpointResolver resolver, Func`2 selector)
   --- End of inner exception stack trace ---
   at RabbitMQ.Client.EndpointResolverExtensions.SelectOne[T](IEndpointResolver resolver, Func`2 selector)
   at RabbitMQ.Client.ConnectionFactory.CreateConnection(IEndpointResolver endpointResolver, String clientProvidedName)
   --- End of inner exception stack trace ---
   at RabbitMQ.Client.ConnectionFactory.CreateConnection(IEndpointResolver endpointResolver, String clientProvidedName)
   at RabbitMQ.Client.ConnectionFactory.CreateConnection(IList`1 hostnames, String clientProvidedName)
   at MassTransit.RabbitMqTransport.ConnectionContextFactory.CreateConnection(ISupervisor supervisor) in /_/src/Transports/MassTransit.RabbitMqTransport/RabbitMqTransport/ConnectionContextFactory.cs:line 86
2026-07-24 16:10:22.383 +05:30 [INF] HealthAxis API heartbeat running at "2026-07-24T16:10:22.3832574+05:30"
2026-07-24 16:10:32.389 +05:30 [INF] HealthAxis API heartbeat running at "2026-07-24T16:10:32.3889797+05:30"
2026-07-24 16:10:42.406 +05:30 [INF] HealthAxis API heartbeat running at "2026-07-24T16:10:42.4065137+05:30"
2026-07-24 16:10:52.415 +05:30 [INF] HealthAxis API heartbeat running at "2026-07-24T16:10:52.4154640+05:30"
2026-07-24 16:10:58.228 +05:30 [WRN] Connection Failed: "rabbitmq://172.31.11.165/"
RabbitMQ.Client.Exceptions.BrokerUnreachableException: None of the specified endpoints were reachable
 ---> System.AggregateException: One or more errors occurred. (Connection failed)
 ---> RabbitMQ.Client.Exceptions.ConnectFailureException: Connection failed
 ---> System.TimeoutException: The operation has timed out.
   at RabbitMQ.Client.Impl.TaskExtensions.TimeoutAfter(Task task, TimeSpan timeout)
   at RabbitMQ.Client.Impl.SocketFrameHandler.ConnectOrFail(ITcpClient socket, AmqpTcpEndpoint endpoint, TimeSpan timeout)
   --- End of inner exception stack trace ---
   at RabbitMQ.Client.Impl.SocketFrameHandler.ConnectOrFail(ITcpClient socket, AmqpTcpEndpoint endpoint, TimeSpan timeout)
   at RabbitMQ.Client.Impl.SocketFrameHandler.ConnectUsingAddressFamily(AmqpTcpEndpoint endpoint, Func`2 socketFactory, TimeSpan timeout, AddressFamily family)
   at RabbitMQ.Client.Impl.SocketFrameHandler.ConnectUsingIPv4(AmqpTcpEndpoint endpoint, Func`2 socketFactory, TimeSpan timeout)
   at RabbitMQ.Client.Impl.SocketFrameHandler..ctor(AmqpTcpEndpoint endpoint, Func`2 socketFactory, TimeSpan connectionTimeout, TimeSpan readTimeout, TimeSpan writeTimeout)
   at RabbitMQ.Client.Framing.Impl.IProtocolExtensions.CreateFrameHandler(IProtocol protocol, AmqpTcpEndpoint endpoint, ArrayPool`1 pool, Func`2 socketFactory, TimeSpan connectionTimeout, TimeSpan readTimeout, TimeSpan writeTimeout)
   at RabbitMQ.Client.ConnectionFactory.CreateFrameHandler(AmqpTcpEndpoint endpoint)
   at RabbitMQ.Client.EndpointResolverExtensions.SelectOne[T](IEndpointResolver resolver, Func`2 selector)
   --- End of inner exception stack trace ---
   at RabbitMQ.Client.EndpointResolverExtensions.SelectOne[T](IEndpointResolver resolver, Func`2 selector)
   at RabbitMQ.Client.ConnectionFactory.CreateConnection(IEndpointResolver endpointResolver, String clientProvidedName)
   --- End of inner exception stack trace ---
   at RabbitMQ.Client.ConnectionFactory.CreateConnection(IEndpointResolver endpointResolver, String clientProvidedName)
   at RabbitMQ.Client.ConnectionFactory.CreateConnection(IList`1 hostnames, String clientProvidedName)
   at MassTransit.RabbitMqTransport.ConnectionContextFactory.CreateConnection(ISupervisor supervisor) in /_/src/Transports/MassTransit.RabbitMqTransport/RabbitMqTransport/ConnectionContextFactory.cs:line 86
2026-07-24 16:11:02.426 +05:30 [INF] HealthAxis API heartbeat running at "2026-07-24T16:11:02.4262782+05:30"
2026-07-24 16:11:12.429 +05:30 [INF] HealthAxis API heartbeat running at "2026-07-24T16:11:12.4297785+05:30"
2026-07-24 16:11:22.447 +05:30 [INF] HealthAxis API heartbeat running at "2026-07-24T16:11:22.4469719+05:30"
2026-07-24 16:11:32.452 +05:30 [INF] HealthAxis API heartbeat running at "2026-07-24T16:11:32.4524974+05:30"
2026-07-24 16:11:39.285 +05:30 [WRN] Connection Failed: "rabbitmq://172.31.11.165/"
RabbitMQ.Client.Exceptions.BrokerUnreachableException: None of the specified endpoints were reachable
 ---> System.AggregateException: One or more errors occurred. (Connection failed)
 ---> RabbitMQ.Client.Exceptions.ConnectFailureException: Connection failed
 ---> System.TimeoutException: The operation has timed out.
   at RabbitMQ.Client.Impl.TaskExtensions.TimeoutAfter(Task task, TimeSpan timeout)
   at RabbitMQ.Client.Impl.SocketFrameHandler.ConnectOrFail(ITcpClient socket, AmqpTcpEndpoint endpoint, TimeSpan timeout)
   --- End of inner exception stack trace ---
   at RabbitMQ.Client.Impl.SocketFrameHandler.ConnectOrFail(ITcpClient socket, AmqpTcpEndpoint endpoint, TimeSpan timeout)
   at RabbitMQ.Client.Impl.SocketFrameHandler.ConnectUsingAddressFamily(AmqpTcpEndpoint endpoint, Func`2 socketFactory, TimeSpan timeout, AddressFamily family)
   at RabbitMQ.Client.Impl.SocketFrameHandler.ConnectUsingIPv4(AmqpTcpEndpoint endpoint, Func`2 socketFactory, TimeSpan timeout)
   at RabbitMQ.Client.Impl.SocketFrameHandler..ctor(AmqpTcpEndpoint endpoint, Func`2 socketFactory, TimeSpan connectionTimeout, TimeSpan readTimeout, TimeSpan writeTimeout)
   at RabbitMQ.Client.Framing.Impl.IProtocolExtensions.CreateFrameHandler(IProtocol protocol, AmqpTcpEndpoint endpoint, ArrayPool`1 pool, Func`2 socketFactory, TimeSpan connectionTimeout, TimeSpan readTimeout, TimeSpan writeTimeout)
   at RabbitMQ.Client.ConnectionFactory.CreateFrameHandler(AmqpTcpEndpoint endpoint)
   at RabbitMQ.Client.EndpointResolverExtensions.SelectOne[T](IEndpointResolver resolver, Func`2 selector)
   --- End of inner exception stack trace ---
   at RabbitMQ.Client.EndpointResolverExtensions.SelectOne[T](IEndpointResolver resolver, Func`2 selector)
   at RabbitMQ.Client.ConnectionFactory.CreateConnection(IEndpointResolver endpointResolver, String clientProvidedName)
   --- End of inner exception stack trace ---
   at RabbitMQ.Client.ConnectionFactory.CreateConnection(IEndpointResolver endpointResolver, String clientProvidedName)
   at RabbitMQ.Client.ConnectionFactory.CreateConnection(IList`1 hostnames, String clientProvidedName)
   at MassTransit.RabbitMqTransport.ConnectionContextFactory.CreateConnection(ISupervisor supervisor) in /_/src/Transports/MassTransit.RabbitMqTransport/RabbitMqTransport/ConnectionContextFactory.cs:line 86
2026-07-24 16:11:42.456 +05:30 [INF] HealthAxis API heartbeat running at "2026-07-24T16:11:42.4565028+05:30"
2026-07-24 16:11:52.462 +05:30 [INF] HealthAxis API heartbeat running at "2026-07-24T16:11:52.4623348+05:30"
2026-07-24 16:12:02.479 +05:30 [INF] HealthAxis API heartbeat running at "2026-07-24T16:12:02.4791323+05:30"
2026-07-24 16:12:12.496 +05:30 [INF] HealthAxis API heartbeat running at "2026-07-24T16:12:12.4967355+05:30"
2026-07-24 16:12:20.342 +05:30 [WRN] Connection Failed: "rabbitmq://172.31.11.165/"
RabbitMQ.Client.Exceptions.BrokerUnreachableException: None of the specified endpoints were reachable
 ---> System.AggregateException: One or more errors occurred. (Connection failed)
 ---> RabbitMQ.Client.Exceptions.ConnectFailureException: Connection failed
 ---> System.TimeoutException: The operation has timed out.
   at RabbitMQ.Client.Impl.TaskExtensions.TimeoutAfter(Task task, TimeSpan timeout)
   at RabbitMQ.Client.Impl.SocketFrameHandler.ConnectOrFail(ITcpClient socket, AmqpTcpEndpoint endpoint, TimeSpan timeout)
   --- End of inner exception stack trace ---
   at RabbitMQ.Client.Impl.SocketFrameHandler.ConnectOrFail(ITcpClient socket, AmqpTcpEndpoint endpoint, TimeSpan timeout)
   at RabbitMQ.Client.Impl.SocketFrameHandler.ConnectUsingAddressFamily(AmqpTcpEndpoint endpoint, Func`2 socketFactory, TimeSpan timeout, AddressFamily family)
   at RabbitMQ.Client.Impl.SocketFrameHandler.ConnectUsingIPv4(AmqpTcpEndpoint endpoint, Func`2 socketFactory, TimeSpan timeout)
   at RabbitMQ.Client.Impl.SocketFrameHandler..ctor(AmqpTcpEndpoint endpoint, Func`2 socketFactory, TimeSpan connectionTimeout, TimeSpan readTimeout, TimeSpan writeTimeout)
   at RabbitMQ.Client.Framing.Impl.IProtocolExtensions.CreateFrameHandler(IProtocol protocol, AmqpTcpEndpoint endpoint, ArrayPool`1 pool, Func`2 socketFactory, TimeSpan connectionTimeout, TimeSpan readTimeout, TimeSpan writeTimeout)
   at RabbitMQ.Client.ConnectionFactory.CreateFrameHandler(AmqpTcpEndpoint endpoint)
   at RabbitMQ.Client.EndpointResolverExtensions.SelectOne[T](IEndpointResolver resolver, Func`2 selector)
   --- End of inner exception stack trace ---
   at RabbitMQ.Client.EndpointResolverExtensions.SelectOne[T](IEndpointResolver resolver, Func`2 selector)
   at RabbitMQ.Client.ConnectionFactory.CreateConnection(IEndpointResolver endpointResolver, String clientProvidedName)
   --- End of inner exception stack trace ---
   at RabbitMQ.Client.ConnectionFactory.CreateConnection(IEndpointResolver endpointResolver, String clientProvidedName)
   at RabbitMQ.Client.ConnectionFactory.CreateConnection(IList`1 hostnames, String clientProvidedName)
   at MassTransit.RabbitMqTransport.ConnectionContextFactory.CreateConnection(ISupervisor supervisor) in /_/src/Transports/MassTransit.RabbitMqTransport/RabbitMqTransport/ConnectionContextFactory.cs:line 86
2026-07-24 16:12:22.512 +05:30 [INF] HealthAxis API heartbeat running at "2026-07-24T16:12:22.5120572+05:30"
2026-07-24 16:12:32.526 +05:30 [INF] HealthAxis API heartbeat running at "2026-07-24T16:12:32.5267747+05:30"
2026-07-24 16:12:42.541 +05:30 [INF] HealthAxis API heartbeat running at "2026-07-24T16:12:42.5417989+05:30"
2026-07-24 16:12:52.555 +05:30 [INF] HealthAxis API heartbeat running at "2026-07-24T16:12:52.5559060+05:30"
2026-07-24 16:13:01.389 +05:30 [WRN] Connection Failed: "rabbitmq://172.31.11.165/"
RabbitMQ.Client.Exceptions.BrokerUnreachableException: None of the specified endpoints were reachable
 ---> System.AggregateException: One or more errors occurred. (Connection failed)
 ---> RabbitMQ.Client.Exceptions.ConnectFailureException: Connection failed
 ---> System.TimeoutException: The operation has timed out.
   at RabbitMQ.Client.Impl.TaskExtensions.TimeoutAfter(Task task, TimeSpan timeout)
   at RabbitMQ.Client.Impl.SocketFrameHandler.ConnectOrFail(ITcpClient socket, AmqpTcpEndpoint endpoint, TimeSpan timeout)
   --- End of inner exception stack trace ---
   at RabbitMQ.Client.Impl.SocketFrameHandler.ConnectOrFail(ITcpClient socket, AmqpTcpEndpoint endpoint, TimeSpan timeout)
   at RabbitMQ.Client.Impl.SocketFrameHandler.ConnectUsingAddressFamily(AmqpTcpEndpoint endpoint, Func`2 socketFactory, TimeSpan timeout, AddressFamily family)
   at RabbitMQ.Client.Impl.SocketFrameHandler.ConnectUsingIPv4(AmqpTcpEndpoint endpoint, Func`2 socketFactory, TimeSpan timeout)
   at RabbitMQ.Client.Impl.SocketFrameHandler..ctor(AmqpTcpEndpoint endpoint, Func`2 socketFactory, TimeSpan connectionTimeout, TimeSpan readTimeout, TimeSpan writeTimeout)
   at RabbitMQ.Client.Framing.Impl.IProtocolExtensions.CreateFrameHandler(IProtocol protocol, AmqpTcpEndpoint endpoint, ArrayPool`1 pool, Func`2 socketFactory, TimeSpan connectionTimeout, TimeSpan readTimeout, TimeSpan writeTimeout)
   at RabbitMQ.Client.ConnectionFactory.CreateFrameHandler(AmqpTcpEndpoint endpoint)
   at RabbitMQ.Client.EndpointResolverExtensions.SelectOne[T](IEndpointResolver resolver, Func`2 selector)
   --- End of inner exception stack trace ---
   at RabbitMQ.Client.EndpointResolverExtensions.SelectOne[T](IEndpointResolver resolver, Func`2 selector)
   at RabbitMQ.Client.ConnectionFactory.CreateConnection(IEndpointResolver endpointResolver, String clientProvidedName)
   --- End of inner exception stack trace ---
   at RabbitMQ.Client.ConnectionFactory.CreateConnection(IEndpointResolver endpointResolver, String clientProvidedName)
   at RabbitMQ.Client.ConnectionFactory.CreateConnection(IList`1 hostnames, String clientProvidedName)
   at MassTransit.RabbitMqTransport.ConnectionContextFactory.CreateConnection(ISupervisor supervisor) in /_/src/Transports/MassTransit.RabbitMqTransport/RabbitMqTransport/ConnectionContextFactory.cs:line 86
2026-07-24 16:13:02.566 +05:30 [INF] HealthAxis API heartbeat running at "2026-07-24T16:13:02.5668796+05:30"
2026-07-24 16:13:12.584 +05:30 [INF] HealthAxis API heartbeat running at "2026-07-24T16:13:12.5849204+05:30"
2026-07-24 16:13:22.591 +05:30 [INF] HealthAxis API heartbeat running at "2026-07-24T16:13:22.5918940+05:30"
2026-07-24 16:13:32.607 +05:30 [INF] HealthAxis API heartbeat running at "2026-07-24T16:13:32.6078352+05:30"
2026-07-24 16:13:42.422 +05:30 [WRN] Connection Failed: "rabbitmq://172.31.11.165/"
RabbitMQ.Client.Exceptions.BrokerUnreachableException: None of the specified endpoints were reachable
 ---> System.AggregateException: One or more errors occurred. (Connection failed)
 ---> RabbitMQ.Client.Exceptions.ConnectFailureException: Connection failed
 ---> System.TimeoutException: The operation has timed out.
   at RabbitMQ.Client.Impl.TaskExtensions.TimeoutAfter(Task task, TimeSpan timeout)
   at RabbitMQ.Client.Impl.SocketFrameHandler.ConnectOrFail(ITcpClient socket, AmqpTcpEndpoint endpoint, TimeSpan timeout)
   --- End of inner exception stack trace ---
   at RabbitMQ.Client.Impl.SocketFrameHandler.ConnectOrFail(ITcpClient socket, AmqpTcpEndpoint endpoint, TimeSpan timeout)
   at RabbitMQ.Client.Impl.SocketFrameHandler.ConnectUsingAddressFamily(AmqpTcpEndpoint endpoint, Func`2 socketFactory, TimeSpan timeout, AddressFamily family)
   at RabbitMQ.Client.Impl.SocketFrameHandler.ConnectUsingIPv4(AmqpTcpEndpoint endpoint, Func`2 socketFactory, TimeSpan timeout)
   at RabbitMQ.Client.Impl.SocketFrameHandler..ctor(AmqpTcpEndpoint endpoint, Func`2 socketFactory, TimeSpan connectionTimeout, TimeSpan readTimeout, TimeSpan writeTimeout)
   at RabbitMQ.Client.Framing.Impl.IProtocolExtensions.CreateFrameHandler(IProtocol protocol, AmqpTcpEndpoint endpoint, ArrayPool`1 pool, Func`2 socketFactory, TimeSpan connectionTimeout, TimeSpan readTimeout, TimeSpan writeTimeout)
   at RabbitMQ.Client.ConnectionFactory.CreateFrameHandler(AmqpTcpEndpoint endpoint)
   at RabbitMQ.Client.EndpointResolverExtensions.SelectOne[T](IEndpointResolver resolver, Func`2 selector)
   --- End of inner exception stack trace ---
   at RabbitMQ.Client.EndpointResolverExtensions.SelectOne[T](IEndpointResolver resolver, Func`2 selector)
   at RabbitMQ.Client.ConnectionFactory.CreateConnection(IEndpointResolver endpointResolver, String clientProvidedName)
   --- End of inner exception stack trace ---
   at RabbitMQ.Client.ConnectionFactory.CreateConnection(IEndpointResolver endpointResolver, String clientProvidedName)
   at RabbitMQ.Client.ConnectionFactory.CreateConnection(IList`1 hostnames, String clientProvidedName)
   at MassTransit.RabbitMqTransport.ConnectionContextFactory.CreateConnection(ISupervisor supervisor) in /_/src/Transports/MassTransit.RabbitMqTransport/RabbitMqTransport/ConnectionContextFactory.cs:line 86
2026-07-24 16:13:42.624 +05:30 [INF] HealthAxis API heartbeat running at "2026-07-24T16:13:42.6241263+05:30"
2026-07-24 16:13:52.627 +05:30 [INF] HealthAxis API heartbeat running at "2026-07-24T16:13:52.6269801+05:30"
2026-07-24 16:14:02.638 +05:30 [INF] HealthAxis API heartbeat running at "2026-07-24T16:14:02.6383144+05:30"
2026-07-24 16:14:12.641 +05:30 [INF] HealthAxis API heartbeat running at "2026-07-24T16:14:12.6411247+05:30"
2026-07-24 16:14:22.656 +05:30 [INF] HealthAxis API heartbeat running at "2026-07-24T16:14:22.6569005+05:30"
2026-07-24 16:14:23.466 +05:30 [WRN] Connection Failed: "rabbitmq://172.31.11.165/"
RabbitMQ.Client.Exceptions.BrokerUnreachableException: None of the specified endpoints were reachable
 ---> System.AggregateException: One or more errors occurred. (Connection failed)
 ---> RabbitMQ.Client.Exceptions.ConnectFailureException: Connection failed
 ---> System.TimeoutException: The operation has timed out.
   at RabbitMQ.Client.Impl.TaskExtensions.TimeoutAfter(Task task, TimeSpan timeout)
   at RabbitMQ.Client.Impl.SocketFrameHandler.ConnectOrFail(ITcpClient socket, AmqpTcpEndpoint endpoint, TimeSpan timeout)
   --- End of inner exception stack trace ---
   at RabbitMQ.Client.Impl.SocketFrameHandler.ConnectOrFail(ITcpClient socket, AmqpTcpEndpoint endpoint, TimeSpan timeout)
   at RabbitMQ.Client.Impl.SocketFrameHandler.ConnectUsingAddressFamily(AmqpTcpEndpoint endpoint, Func`2 socketFactory, TimeSpan timeout, AddressFamily family)
   at RabbitMQ.Client.Impl.SocketFrameHandler.ConnectUsingIPv4(AmqpTcpEndpoint endpoint, Func`2 socketFactory, TimeSpan timeout)
   at RabbitMQ.Client.Impl.SocketFrameHandler..ctor(AmqpTcpEndpoint endpoint, Func`2 socketFactory, TimeSpan connectionTimeout, TimeSpan readTimeout, TimeSpan writeTimeout)
   at RabbitMQ.Client.Framing.Impl.IProtocolExtensions.CreateFrameHandler(IProtocol protocol, AmqpTcpEndpoint endpoint, ArrayPool`1 pool, Func`2 socketFactory, TimeSpan connectionTimeout, TimeSpan readTimeout, TimeSpan writeTimeout)
   at RabbitMQ.Client.ConnectionFactory.CreateFrameHandler(AmqpTcpEndpoint endpoint)
   at RabbitMQ.Client.EndpointResolverExtensions.SelectOne[T](IEndpointResolver resolver, Func`2 selector)
   --- End of inner exception stack trace ---
   at RabbitMQ.Client.EndpointResolverExtensions.SelectOne[T](IEndpointResolver resolver, Func`2 selector)
   at RabbitMQ.Client.ConnectionFactory.CreateConnection(IEndpointResolver endpointResolver, String clientProvidedName)
   --- End of inner exception stack trace ---
   at RabbitMQ.Client.ConnectionFactory.CreateConnection(IEndpointResolver endpointResolver, String clientProvidedName)
   at RabbitMQ.Client.ConnectionFactory.CreateConnection(IList`1 hostnames, String clientProvidedName)
   at MassTransit.RabbitMqTransport.ConnectionContextFactory.CreateConnection(ISupervisor supervisor) in /_/src/Transports/MassTransit.RabbitMqTransport/RabbitMqTransport/ConnectionContextFactory.cs:line 86
2026-07-24 16:14:32.666 +05:30 [INF] HealthAxis API heartbeat running at "2026-07-24T16:14:32.6665503+05:30"
2026-07-24 16:14:42.679 +05:30 [INF] HealthAxis API heartbeat running at "2026-07-24T16:14:42.6791554+05:30"
2026-07-24 16:14:52.689 +05:30 [INF] HealthAxis API heartbeat running at "2026-07-24T16:14:52.6885682+05:30"
2026-07-24 16:15:02.704 +05:30 [INF] HealthAxis API heartbeat running at "2026-07-24T16:15:02.7043436+05:30"
2026-07-24 16:15:04.480 +05:30 [WRN] Connection Failed: "rabbitmq://172.31.11.165/"
RabbitMQ.Client.Exceptions.BrokerUnreachableException: None of the specified endpoints were reachable
 ---> System.AggregateException: One or more errors occurred. (Connection failed)
 ---> RabbitMQ.Client.Exceptions.ConnectFailureException: Connection failed
 ---> System.TimeoutException: The operation has timed out.
   at RabbitMQ.Client.Impl.TaskExtensions.TimeoutAfter(Task task, TimeSpan timeout)
   at RabbitMQ.Client.Impl.SocketFrameHandler.ConnectOrFail(ITcpClient socket, AmqpTcpEndpoint endpoint, TimeSpan timeout)
   --- End of inner exception stack trace ---
   at RabbitMQ.Client.Impl.SocketFrameHandler.ConnectOrFail(ITcpClient socket, AmqpTcpEndpoint endpoint, TimeSpan timeout)
   at RabbitMQ.Client.Impl.SocketFrameHandler.ConnectUsingAddressFamily(AmqpTcpEndpoint endpoint, Func`2 socketFactory, TimeSpan timeout, AddressFamily family)
   at RabbitMQ.Client.Impl.SocketFrameHandler.ConnectUsingIPv4(AmqpTcpEndpoint endpoint, Func`2 socketFactory, TimeSpan timeout)
   at RabbitMQ.Client.Impl.SocketFrameHandler..ctor(AmqpTcpEndpoint endpoint, Func`2 socketFactory, TimeSpan connectionTimeout, TimeSpan readTimeout, TimeSpan writeTimeout)
   at RabbitMQ.Client.Framing.Impl.IProtocolExtensions.CreateFrameHandler(IProtocol protocol, AmqpTcpEndpoint endpoint, ArrayPool`1 pool, Func`2 socketFactory, TimeSpan connectionTimeout, TimeSpan readTimeout, TimeSpan writeTimeout)
   at RabbitMQ.Client.ConnectionFactory.CreateFrameHandler(AmqpTcpEndpoint endpoint)
   at RabbitMQ.Client.EndpointResolverExtensions.SelectOne[T](IEndpointResolver resolver, Func`2 selector)
   --- End of inner exception stack trace ---
   at RabbitMQ.Client.EndpointResolverExtensions.SelectOne[T](IEndpointResolver resolver, Func`2 selector)
   at RabbitMQ.Client.ConnectionFactory.CreateConnection(IEndpointResolver endpointResolver, String clientProvidedName)
   --- End of inner exception stack trace ---
   at RabbitMQ.Client.ConnectionFactory.CreateConnection(IEndpointResolver endpointResolver, String clientProvidedName)
   at RabbitMQ.Client.ConnectionFactory.CreateConnection(IList`1 hostnames, String clientProvidedName)
   at MassTransit.RabbitMqTransport.ConnectionContextFactory.CreateConnection(ISupervisor supervisor) in /_/src/Transports/MassTransit.RabbitMqTransport/RabbitMqTransport/ConnectionContextFactory.cs:line 86
2026-07-24 16:15:12.712 +05:30 [INF] HealthAxis API heartbeat running at "2026-07-24T16:15:12.7126556+05:30"
2026-07-24 16:15:22.722 +05:30 [INF] HealthAxis API heartbeat running at "2026-07-24T16:15:22.7225133+05:30"
2026-07-24 16:15:32.730 +05:30 [INF] HealthAxis API heartbeat running at "2026-07-24T16:15:32.7306686+05:30"
2026-07-24 16:15:42.736 +05:30 [INF] HealthAxis API heartbeat running at "2026-07-24T16:15:42.7367943+05:30"
2026-07-24 16:15:45.514 +05:30 [WRN] Connection Failed: "rabbitmq://172.31.11.165/"
RabbitMQ.Client.Exceptions.BrokerUnreachableException: None of the specified endpoints were reachable
 ---> System.AggregateException: One or more errors occurred. (Connection failed)
 ---> RabbitMQ.Client.Exceptions.ConnectFailureException: Connection failed
 ---> System.TimeoutException: The operation has timed out.
   at RabbitMQ.Client.Impl.TaskExtensions.TimeoutAfter(Task task, TimeSpan timeout)
   at RabbitMQ.Client.Impl.SocketFrameHandler.ConnectOrFail(ITcpClient socket, AmqpTcpEndpoint endpoint, TimeSpan timeout)
   --- End of inner exception stack trace ---
   at RabbitMQ.Client.Impl.SocketFrameHandler.ConnectOrFail(ITcpClient socket, AmqpTcpEndpoint endpoint, TimeSpan timeout)
   at RabbitMQ.Client.Impl.SocketFrameHandler.ConnectUsingAddressFamily(AmqpTcpEndpoint endpoint, Func`2 socketFactory, TimeSpan timeout, AddressFamily family)
   at RabbitMQ.Client.Impl.SocketFrameHandler.ConnectUsingIPv4(AmqpTcpEndpoint endpoint, Func`2 socketFactory, TimeSpan timeout)
   at RabbitMQ.Client.Impl.SocketFrameHandler..ctor(AmqpTcpEndpoint endpoint, Func`2 socketFactory, TimeSpan connectionTimeout, TimeSpan readTimeout, TimeSpan writeTimeout)
   at RabbitMQ.Client.Framing.Impl.IProtocolExtensions.CreateFrameHandler(IProtocol protocol, AmqpTcpEndpoint endpoint, ArrayPool`1 pool, Func`2 socketFactory, TimeSpan connectionTimeout, TimeSpan readTimeout, TimeSpan writeTimeout)
   at RabbitMQ.Client.ConnectionFactory.CreateFrameHandler(AmqpTcpEndpoint endpoint)
   at RabbitMQ.Client.EndpointResolverExtensions.SelectOne[T](IEndpointResolver resolver, Func`2 selector)
   --- End of inner exception stack trace ---
   at RabbitMQ.Client.EndpointResolverExtensions.SelectOne[T](IEndpointResolver resolver, Func`2 selector)
   at RabbitMQ.Client.ConnectionFactory.CreateConnection(IEndpointResolver endpointResolver, String clientProvidedName)
   --- End of inner exception stack trace ---
   at RabbitMQ.Client.ConnectionFactory.CreateConnection(IEndpointResolver endpointResolver, String clientProvidedName)
   at RabbitMQ.Client.ConnectionFactory.CreateConnection(IList`1 hostnames, String clientProvidedName)
   at MassTransit.RabbitMqTransport.ConnectionContextFactory.CreateConnection(ISupervisor supervisor) in /_/src/Transports/MassTransit.RabbitMqTransport/RabbitMqTransport/ConnectionContextFactory.cs:line 86
2026-07-24 16:15:52.744 +05:30 [INF] HealthAxis API heartbeat running at "2026-07-24T16:15:52.7448395+05:30"
2026-07-24 16:16:02.759 +05:30 [INF] HealthAxis API heartbeat running at "2026-07-24T16:16:02.7595559+05:30"
2026-07-24 16:16:12.774 +05:30 [INF] HealthAxis API heartbeat running at "2026-07-24T16:16:12.7743673+05:30"
2026-07-24 16:16:22.781 +05:30 [INF] HealthAxis API heartbeat running at "2026-07-24T16:16:22.7813298+05:30"
2026-07-24 16:16:26.538 +05:30 [WRN] Connection Failed: "rabbitmq://172.31.11.165/"
RabbitMQ.Client.Exceptions.BrokerUnreachableException: None of the specified endpoints were reachable
 ---> System.AggregateException: One or more errors occurred. (Connection failed)
 ---> RabbitMQ.Client.Exceptions.ConnectFailureException: Connection failed
 ---> System.TimeoutException: The operation has timed out.
   at RabbitMQ.Client.Impl.TaskExtensions.TimeoutAfter(Task task, TimeSpan timeout)
   at RabbitMQ.Client.Impl.SocketFrameHandler.ConnectOrFail(ITcpClient socket, AmqpTcpEndpoint endpoint, TimeSpan timeout)
   --- End of inner exception stack trace ---
   at RabbitMQ.Client.Impl.SocketFrameHandler.ConnectOrFail(ITcpClient socket, AmqpTcpEndpoint endpoint, TimeSpan timeout)
   at RabbitMQ.Client.Impl.SocketFrameHandler.ConnectUsingAddressFamily(AmqpTcpEndpoint endpoint, Func`2 socketFactory, TimeSpan timeout, AddressFamily family)
   at RabbitMQ.Client.Impl.SocketFrameHandler.ConnectUsingIPv4(AmqpTcpEndpoint endpoint, Func`2 socketFactory, TimeSpan timeout)
   at RabbitMQ.Client.Impl.SocketFrameHandler..ctor(AmqpTcpEndpoint endpoint, Func`2 socketFactory, TimeSpan connectionTimeout, TimeSpan readTimeout, TimeSpan writeTimeout)
   at RabbitMQ.Client.Framing.Impl.IProtocolExtensions.CreateFrameHandler(IProtocol protocol, AmqpTcpEndpoint endpoint, ArrayPool`1 pool, Func`2 socketFactory, TimeSpan connectionTimeout, TimeSpan readTimeout, TimeSpan writeTimeout)
   at RabbitMQ.Client.ConnectionFactory.CreateFrameHandler(AmqpTcpEndpoint endpoint)
   at RabbitMQ.Client.EndpointResolverExtensions.SelectOne[T](IEndpointResolver resolver, Func`2 selector)
   --- End of inner exception stack trace ---
   at RabbitMQ.Client.EndpointResolverExtensions.SelectOne[T](IEndpointResolver resolver, Func`2 selector)
   at RabbitMQ.Client.ConnectionFactory.CreateConnection(IEndpointResolver endpointResolver, String clientProvidedName)
   --- End of inner exception stack trace ---
   at RabbitMQ.Client.ConnectionFactory.CreateConnection(IEndpointResolver endpointResolver, String clientProvidedName)
   at RabbitMQ.Client.ConnectionFactory.CreateConnection(IList`1 hostnames, String clientProvidedName)
   at MassTransit.RabbitMqTransport.ConnectionContextFactory.CreateConnection(ISupervisor supervisor) in /_/src/Transports/MassTransit.RabbitMqTransport/RabbitMqTransport/ConnectionContextFactory.cs:line 86
2026-07-24 16:16:32.797 +05:30 [INF] HealthAxis API heartbeat running at "2026-07-24T16:16:32.7971919+05:30"
2026-07-24 16:16:42.804 +05:30 [INF] HealthAxis API heartbeat running at "2026-07-24T16:16:42.8048724+05:30"
2026-07-24 16:16:52.822 +05:30 [INF] HealthAxis API heartbeat running at "2026-07-24T16:16:52.8224901+05:30"
2026-07-24 16:17:02.823 +05:30 [INF] HealthAxis API heartbeat running at "2026-07-24T16:17:02.8236001+05:30"
2026-07-24 16:17:07.578 +05:30 [WRN] Connection Failed: "rabbitmq://172.31.11.165/"
RabbitMQ.Client.Exceptions.BrokerUnreachableException: None of the specified endpoints were reachable
 ---> System.AggregateException: One or more errors occurred. (Connection failed)
 ---> RabbitMQ.Client.Exceptions.ConnectFailureException: Connection failed
 ---> System.TimeoutException: The operation has timed out.
   at RabbitMQ.Client.Impl.TaskExtensions.TimeoutAfter(Task task, TimeSpan timeout)
   at RabbitMQ.Client.Impl.SocketFrameHandler.ConnectOrFail(ITcpClient socket, AmqpTcpEndpoint endpoint, TimeSpan timeout)
   --- End of inner exception stack trace ---
   at RabbitMQ.Client.Impl.SocketFrameHandler.ConnectOrFail(ITcpClient socket, AmqpTcpEndpoint endpoint, TimeSpan timeout)
   at RabbitMQ.Client.Impl.SocketFrameHandler.ConnectUsingAddressFamily(AmqpTcpEndpoint endpoint, Func`2 socketFactory, TimeSpan timeout, AddressFamily family)
   at RabbitMQ.Client.Impl.SocketFrameHandler.ConnectUsingIPv4(AmqpTcpEndpoint endpoint, Func`2 socketFactory, TimeSpan timeout)
   at RabbitMQ.Client.Impl.SocketFrameHandler..ctor(AmqpTcpEndpoint endpoint, Func`2 socketFactory, TimeSpan connectionTimeout, TimeSpan readTimeout, TimeSpan writeTimeout)
   at RabbitMQ.Client.Framing.Impl.IProtocolExtensions.CreateFrameHandler(IProtocol protocol, AmqpTcpEndpoint endpoint, ArrayPool`1 pool, Func`2 socketFactory, TimeSpan connectionTimeout, TimeSpan readTimeout, TimeSpan writeTimeout)
   at RabbitMQ.Client.ConnectionFactory.CreateFrameHandler(AmqpTcpEndpoint endpoint)
   at RabbitMQ.Client.EndpointResolverExtensions.SelectOne[T](IEndpointResolver resolver, Func`2 selector)
   --- End of inner exception stack trace ---
   at RabbitMQ.Client.EndpointResolverExtensions.SelectOne[T](IEndpointResolver resolver, Func`2 selector)
   at RabbitMQ.Client.ConnectionFactory.CreateConnection(IEndpointResolver endpointResolver, String clientProvidedName)
   --- End of inner exception stack trace ---
   at RabbitMQ.Client.ConnectionFactory.CreateConnection(IEndpointResolver endpointResolver, String clientProvidedName)
   at RabbitMQ.Client.ConnectionFactory.CreateConnection(IList`1 hostnames, String clientProvidedName)
   at MassTransit.RabbitMqTransport.ConnectionContextFactory.CreateConnection(ISupervisor supervisor) in /_/src/Transports/MassTransit.RabbitMqTransport/RabbitMqTransport/ConnectionContextFactory.cs:line 86
2026-07-24 16:17:12.837 +05:30 [INF] HealthAxis API heartbeat running at "2026-07-24T16:17:12.8371877+05:30"
2026-07-24 16:17:22.850 +05:30 [INF] HealthAxis API heartbeat running at "2026-07-24T16:17:22.8506119+05:30"
2026-07-24 16:17:32.864 +05:30 [INF] HealthAxis API heartbeat running at "2026-07-24T16:17:32.8646809+05:30"
2026-07-24 16:17:42.878 +05:30 [INF] HealthAxis API heartbeat running at "2026-07-24T16:17:42.8780568+05:30"
2026-07-24 16:17:48.621 +05:30 [WRN] Connection Failed: "rabbitmq://172.31.11.165/"
RabbitMQ.Client.Exceptions.BrokerUnreachableException: None of the specified endpoints were reachable
 ---> System.AggregateException: One or more errors occurred. (Connection failed)
 ---> RabbitMQ.Client.Exceptions.ConnectFailureException: Connection failed
 ---> System.TimeoutException: The operation has timed out.
   at RabbitMQ.Client.Impl.TaskExtensions.TimeoutAfter(Task task, TimeSpan timeout)
   at RabbitMQ.Client.Impl.SocketFrameHandler.ConnectOrFail(ITcpClient socket, AmqpTcpEndpoint endpoint, TimeSpan timeout)
   --- End of inner exception stack trace ---
   at RabbitMQ.Client.Impl.SocketFrameHandler.ConnectOrFail(ITcpClient socket, AmqpTcpEndpoint endpoint, TimeSpan timeout)
   at RabbitMQ.Client.Impl.SocketFrameHandler.ConnectUsingAddressFamily(AmqpTcpEndpoint endpoint, Func`2 socketFactory, TimeSpan timeout, AddressFamily family)
   at RabbitMQ.Client.Impl.SocketFrameHandler.ConnectUsingIPv4(AmqpTcpEndpoint endpoint, Func`2 socketFactory, TimeSpan timeout)
   at RabbitMQ.Client.Impl.SocketFrameHandler..ctor(AmqpTcpEndpoint endpoint, Func`2 socketFactory, TimeSpan connectionTimeout, TimeSpan readTimeout, TimeSpan writeTimeout)
   at RabbitMQ.Client.Framing.Impl.IProtocolExtensions.CreateFrameHandler(IProtocol protocol, AmqpTcpEndpoint endpoint, ArrayPool`1 pool, Func`2 socketFactory, TimeSpan connectionTimeout, TimeSpan readTimeout, TimeSpan writeTimeout)
   at RabbitMQ.Client.ConnectionFactory.CreateFrameHandler(AmqpTcpEndpoint endpoint)
   at RabbitMQ.Client.EndpointResolverExtensions.SelectOne[T](IEndpointResolver resolver, Func`2 selector)
   --- End of inner exception stack trace ---
   at RabbitMQ.Client.EndpointResolverExtensions.SelectOne[T](IEndpointResolver resolver, Func`2 selector)
   at RabbitMQ.Client.ConnectionFactory.CreateConnection(IEndpointResolver endpointResolver, String clientProvidedName)
   --- End of inner exception stack trace ---
   at RabbitMQ.Client.ConnectionFactory.CreateConnection(IEndpointResolver endpointResolver, String clientProvidedName)
   at RabbitMQ.Client.ConnectionFactory.CreateConnection(IList`1 hostnames, String clientProvidedName)
   at MassTransit.RabbitMqTransport.ConnectionContextFactory.CreateConnection(ISupervisor supervisor) in /_/src/Transports/MassTransit.RabbitMqTransport/RabbitMqTransport/ConnectionContextFactory.cs:line 86
2026-07-24 16:17:52.890 +05:30 [INF] HealthAxis API heartbeat running at "2026-07-24T16:17:52.8907970+05:30"
2026-07-24 16:18:02.901 +05:30 [INF] HealthAxis API heartbeat running at "2026-07-24T16:18:02.9012754+05:30"
2026-07-24 16:18:12.912 +05:30 [INF] HealthAxis API heartbeat running at "2026-07-24T16:18:12.9121965+05:30"
2026-07-24 16:18:22.916 +05:30 [INF] HealthAxis API heartbeat running at "2026-07-24T16:18:22.9160994+05:30"
2026-07-24 16:18:29.661 +05:30 [WRN] Connection Failed: "rabbitmq://172.31.11.165/"
RabbitMQ.Client.Exceptions.BrokerUnreachableException: None of the specified endpoints were reachable
 ---> System.AggregateException: One or more errors occurred. (Connection failed)
 ---> RabbitMQ.Client.Exceptions.ConnectFailureException: Connection failed
 ---> System.TimeoutException: The operation has timed out.
   at RabbitMQ.Client.Impl.TaskExtensions.TimeoutAfter(Task task, TimeSpan timeout)
   at RabbitMQ.Client.Impl.SocketFrameHandler.ConnectOrFail(ITcpClient socket, AmqpTcpEndpoint endpoint, TimeSpan timeout)
   --- End of inner exception stack trace ---
   at RabbitMQ.Client.Impl.SocketFrameHandler.ConnectOrFail(ITcpClient socket, AmqpTcpEndpoint endpoint, TimeSpan timeout)
   at RabbitMQ.Client.Impl.SocketFrameHandler.ConnectUsingAddressFamily(AmqpTcpEndpoint endpoint, Func`2 socketFactory, TimeSpan timeout, AddressFamily family)
   at RabbitMQ.Client.Impl.SocketFrameHandler.ConnectUsingIPv4(AmqpTcpEndpoint endpoint, Func`2 socketFactory, TimeSpan timeout)
   at RabbitMQ.Client.Impl.SocketFrameHandler..ctor(AmqpTcpEndpoint endpoint, Func`2 socketFactory, TimeSpan connectionTimeout, TimeSpan readTimeout, TimeSpan writeTimeout)
   at RabbitMQ.Client.Framing.Impl.IProtocolExtensions.CreateFrameHandler(IProtocol protocol, AmqpTcpEndpoint endpoint, ArrayPool`1 pool, Func`2 socketFactory, TimeSpan connectionTimeout, TimeSpan readTimeout, TimeSpan writeTimeout)
   at RabbitMQ.Client.ConnectionFactory.CreateFrameHandler(AmqpTcpEndpoint endpoint)
   at RabbitMQ.Client.EndpointResolverExtensions.SelectOne[T](IEndpointResolver resolver, Func`2 selector)
   --- End of inner exception stack trace ---
   at RabbitMQ.Client.EndpointResolverExtensions.SelectOne[T](IEndpointResolver resolver, Func`2 selector)
   at RabbitMQ.Client.ConnectionFactory.CreateConnection(IEndpointResolver endpointResolver, String clientProvidedName)
   --- End of inner exception stack trace ---
   at RabbitMQ.Client.ConnectionFactory.CreateConnection(IEndpointResolver endpointResolver, String clientProvidedName)
   at RabbitMQ.Client.ConnectionFactory.CreateConnection(IList`1 hostnames, String clientProvidedName)
   at MassTransit.RabbitMqTransport.ConnectionContextFactory.CreateConnection(ISupervisor supervisor) in /_/src/Transports/MassTransit.RabbitMqTransport/RabbitMqTransport/ConnectionContextFactory.cs:line 86
2026-07-24 16:18:32.928 +05:30 [INF] HealthAxis API heartbeat running at "2026-07-24T16:18:32.9284237+05:30"
2026-07-24 16:18:42.943 +05:30 [INF] HealthAxis API heartbeat running at "2026-07-24T16:18:42.9435906+05:30"
2026-07-24 16:18:52.950 +05:30 [INF] HealthAxis API heartbeat running at "2026-07-24T16:18:52.9506578+05:30"
2026-07-24 16:19:02.967 +05:30 [INF] HealthAxis API heartbeat running at "2026-07-24T16:19:02.9673733+05:30"
2026-07-24 16:19:10.702 +05:30 [WRN] Connection Failed: "rabbitmq://172.31.11.165/"
RabbitMQ.Client.Exceptions.BrokerUnreachableException: None of the specified endpoints were reachable
 ---> System.AggregateException: One or more errors occurred. (Connection failed)
 ---> RabbitMQ.Client.Exceptions.ConnectFailureException: Connection failed
 ---> System.TimeoutException: The operation has timed out.
   at RabbitMQ.Client.Impl.TaskExtensions.TimeoutAfter(Task task, TimeSpan timeout)
   at RabbitMQ.Client.Impl.SocketFrameHandler.ConnectOrFail(ITcpClient socket, AmqpTcpEndpoint endpoint, TimeSpan timeout)
   --- End of inner exception stack trace ---
   at RabbitMQ.Client.Impl.SocketFrameHandler.ConnectOrFail(ITcpClient socket, AmqpTcpEndpoint endpoint, TimeSpan timeout)
   at RabbitMQ.Client.Impl.SocketFrameHandler.ConnectUsingAddressFamily(AmqpTcpEndpoint endpoint, Func`2 socketFactory, TimeSpan timeout, AddressFamily family)
   at RabbitMQ.Client.Impl.SocketFrameHandler.ConnectUsingIPv4(AmqpTcpEndpoint endpoint, Func`2 socketFactory, TimeSpan timeout)
   at RabbitMQ.Client.Impl.SocketFrameHandler..ctor(AmqpTcpEndpoint endpoint, Func`2 socketFactory, TimeSpan connectionTimeout, TimeSpan readTimeout, TimeSpan writeTimeout)
   at RabbitMQ.Client.Framing.Impl.IProtocolExtensions.CreateFrameHandler(IProtocol protocol, AmqpTcpEndpoint endpoint, ArrayPool`1 pool, Func`2 socketFactory, TimeSpan connectionTimeout, TimeSpan readTimeout, TimeSpan writeTimeout)
   at RabbitMQ.Client.ConnectionFactory.CreateFrameHandler(AmqpTcpEndpoint endpoint)
   at RabbitMQ.Client.EndpointResolverExtensions.SelectOne[T](IEndpointResolver resolver, Func`2 selector)
   --- End of inner exception stack trace ---
   at RabbitMQ.Client.EndpointResolverExtensions.SelectOne[T](IEndpointResolver resolver, Func`2 selector)
   at RabbitMQ.Client.ConnectionFactory.CreateConnection(IEndpointResolver endpointResolver, String clientProvidedName)
   --- End of inner exception stack trace ---
   at RabbitMQ.Client.ConnectionFactory.CreateConnection(IEndpointResolver endpointResolver, String clientProvidedName)
   at RabbitMQ.Client.ConnectionFactory.CreateConnection(IList`1 hostnames, String clientProvidedName)
   at MassTransit.RabbitMqTransport.ConnectionContextFactory.CreateConnection(ISupervisor supervisor) in /_/src/Transports/MassTransit.RabbitMqTransport/RabbitMqTransport/ConnectionContextFactory.cs:line 86
2026-07-24 16:19:12.977 +05:30 [INF] HealthAxis API heartbeat running at "2026-07-24T16:19:12.9774461+05:30"
2026-07-24 16:19:22.981 +05:30 [INF] HealthAxis API heartbeat running at "2026-07-24T16:19:22.9814259+05:30"
2026-07-24 16:19:32.989 +05:30 [INF] HealthAxis API heartbeat running at "2026-07-24T16:19:32.9895311+05:30"
2026-07-24 16:19:43.006 +05:30 [INF] HealthAxis API heartbeat running at "2026-07-24T16:19:43.0064006+05:30"
2026-07-24 16:19:51.758 +05:30 [WRN] Connection Failed: "rabbitmq://172.31.11.165/"
RabbitMQ.Client.Exceptions.BrokerUnreachableException: None of the specified endpoints were reachable
 ---> System.AggregateException: One or more errors occurred. (Connection failed)
 ---> RabbitMQ.Client.Exceptions.ConnectFailureException: Connection failed
 ---> System.TimeoutException: The operation has timed out.
   at RabbitMQ.Client.Impl.TaskExtensions.TimeoutAfter(Task task, TimeSpan timeout)
   at RabbitMQ.Client.Impl.SocketFrameHandler.ConnectOrFail(ITcpClient socket, AmqpTcpEndpoint endpoint, TimeSpan timeout)
   --- End of inner exception stack trace ---
   at RabbitMQ.Client.Impl.SocketFrameHandler.ConnectOrFail(ITcpClient socket, AmqpTcpEndpoint endpoint, TimeSpan timeout)
   at RabbitMQ.Client.Impl.SocketFrameHandler.ConnectUsingAddressFamily(AmqpTcpEndpoint endpoint, Func`2 socketFactory, TimeSpan timeout, AddressFamily family)
   at RabbitMQ.Client.Impl.SocketFrameHandler.ConnectUsingIPv4(AmqpTcpEndpoint endpoint, Func`2 socketFactory, TimeSpan timeout)
   at RabbitMQ.Client.Impl.SocketFrameHandler..ctor(AmqpTcpEndpoint endpoint, Func`2 socketFactory, TimeSpan connectionTimeout, TimeSpan readTimeout, TimeSpan writeTimeout)
   at RabbitMQ.Client.Framing.Impl.IProtocolExtensions.CreateFrameHandler(IProtocol protocol, AmqpTcpEndpoint endpoint, ArrayPool`1 pool, Func`2 socketFactory, TimeSpan connectionTimeout, TimeSpan readTimeout, TimeSpan writeTimeout)
   at RabbitMQ.Client.ConnectionFactory.CreateFrameHandler(AmqpTcpEndpoint endpoint)
   at RabbitMQ.Client.EndpointResolverExtensions.SelectOne[T](IEndpointResolver resolver, Func`2 selector)
   --- End of inner exception stack trace ---
   at RabbitMQ.Client.EndpointResolverExtensions.SelectOne[T](IEndpointResolver resolver, Func`2 selector)
   at RabbitMQ.Client.ConnectionFactory.CreateConnection(IEndpointResolver endpointResolver, String clientProvidedName)
   --- End of inner exception stack trace ---
   at RabbitMQ.Client.ConnectionFactory.CreateConnection(IEndpointResolver endpointResolver, String clientProvidedName)
   at RabbitMQ.Client.ConnectionFactory.CreateConnection(IList`1 hostnames, String clientProvidedName)
   at MassTransit.RabbitMqTransport.ConnectionContextFactory.CreateConnection(ISupervisor supervisor) in /_/src/Transports/MassTransit.RabbitMqTransport/RabbitMqTransport/ConnectionContextFactory.cs:line 86
2026-07-24 16:19:53.021 +05:30 [INF] HealthAxis API heartbeat running at "2026-07-24T16:19:53.0218556+05:30"
2026-07-24 16:20:03.033 +05:30 [INF] HealthAxis API heartbeat running at "2026-07-24T16:20:03.0335556+05:30"
2026-07-24 16:20:13.038 +05:30 [INF] HealthAxis API heartbeat running at "2026-07-24T16:20:13.0380922+05:30"
2026-07-24 16:20:23.056 +05:30 [INF] HealthAxis API heartbeat running at "2026-07-24T16:20:23.0561339+05:30"
2026-07-24 16:20:32.792 +05:30 [WRN] Connection Failed: "rabbitmq://172.31.11.165/"
RabbitMQ.Client.Exceptions.BrokerUnreachableException: None of the specified endpoints were reachable
 ---> System.AggregateException: One or more errors occurred. (Connection failed)
 ---> RabbitMQ.Client.Exceptions.ConnectFailureException: Connection failed
 ---> System.TimeoutException: The operation has timed out.
   at RabbitMQ.Client.Impl.TaskExtensions.TimeoutAfter(Task task, TimeSpan timeout)
   at RabbitMQ.Client.Impl.SocketFrameHandler.ConnectOrFail(ITcpClient socket, AmqpTcpEndpoint endpoint, TimeSpan timeout)
   --- End of inner exception stack trace ---
   at RabbitMQ.Client.Impl.SocketFrameHandler.ConnectOrFail(ITcpClient socket, AmqpTcpEndpoint endpoint, TimeSpan timeout)
   at RabbitMQ.Client.Impl.SocketFrameHandler.ConnectUsingAddressFamily(AmqpTcpEndpoint endpoint, Func`2 socketFactory, TimeSpan timeout, AddressFamily family)
   at RabbitMQ.Client.Impl.SocketFrameHandler.ConnectUsingIPv4(AmqpTcpEndpoint endpoint, Func`2 socketFactory, TimeSpan timeout)
   at RabbitMQ.Client.Impl.SocketFrameHandler..ctor(AmqpTcpEndpoint endpoint, Func`2 socketFactory, TimeSpan connectionTimeout, TimeSpan readTimeout, TimeSpan writeTimeout)
   at RabbitMQ.Client.Framing.Impl.IProtocolExtensions.CreateFrameHandler(IProtocol protocol, AmqpTcpEndpoint endpoint, ArrayPool`1 pool, Func`2 socketFactory, TimeSpan connectionTimeout, TimeSpan readTimeout, TimeSpan writeTimeout)
   at RabbitMQ.Client.ConnectionFactory.CreateFrameHandler(AmqpTcpEndpoint endpoint)
   at RabbitMQ.Client.EndpointResolverExtensions.SelectOne[T](IEndpointResolver resolver, Func`2 selector)
   --- End of inner exception stack trace ---
   at RabbitMQ.Client.EndpointResolverExtensions.SelectOne[T](IEndpointResolver resolver, Func`2 selector)
   at RabbitMQ.Client.ConnectionFactory.CreateConnection(IEndpointResolver endpointResolver, String clientProvidedName)
   --- End of inner exception stack trace ---
   at RabbitMQ.Client.ConnectionFactory.CreateConnection(IEndpointResolver endpointResolver, String clientProvidedName)
   at RabbitMQ.Client.ConnectionFactory.CreateConnection(IList`1 hostnames, String clientProvidedName)
   at MassTransit.RabbitMqTransport.ConnectionContextFactory.CreateConnection(ISupervisor supervisor) in /_/src/Transports/MassTransit.RabbitMqTransport/RabbitMqTransport/ConnectionContextFactory.cs:line 86
2026-07-24 16:20:33.056 +05:30 [INF] HealthAxis API heartbeat running at "2026-07-24T16:20:33.0567465+05:30"
2026-07-24 16:20:43.074 +05:30 [INF] HealthAxis API heartbeat running at "2026-07-24T16:20:43.0748110+05:30"
2026-07-24 16:20:53.092 +05:30 [INF] HealthAxis API heartbeat running at "2026-07-24T16:20:53.0923038+05:30"
2026-07-24 16:21:03.096 +05:30 [INF] HealthAxis API heartbeat running at "2026-07-24T16:21:03.0966269+05:30"
2026-07-24 16:21:13.104 +05:30 [INF] HealthAxis API heartbeat running at "2026-07-24T16:21:13.1044030+05:30"
2026-07-24 16:21:13.839 +05:30 [WRN] Connection Failed: "rabbitmq://172.31.11.165/"
RabbitMQ.Client.Exceptions.BrokerUnreachableException: None of the specified endpoints were reachable
 ---> System.AggregateException: One or more errors occurred. (Connection failed)
 ---> RabbitMQ.Client.Exceptions.ConnectFailureException: Connection failed
 ---> System.TimeoutException: The operation has timed out.
   at RabbitMQ.Client.Impl.TaskExtensions.TimeoutAfter(Task task, TimeSpan timeout)
   at RabbitMQ.Client.Impl.SocketFrameHandler.ConnectOrFail(ITcpClient socket, AmqpTcpEndpoint endpoint, TimeSpan timeout)
   --- End of inner exception stack trace ---
   at RabbitMQ.Client.Impl.SocketFrameHandler.ConnectOrFail(ITcpClient socket, AmqpTcpEndpoint endpoint, TimeSpan timeout)
   at RabbitMQ.Client.Impl.SocketFrameHandler.ConnectUsingAddressFamily(AmqpTcpEndpoint endpoint, Func`2 socketFactory, TimeSpan timeout, AddressFamily family)
   at RabbitMQ.Client.Impl.SocketFrameHandler.ConnectUsingIPv4(AmqpTcpEndpoint endpoint, Func`2 socketFactory, TimeSpan timeout)
   at RabbitMQ.Client.Impl.SocketFrameHandler..ctor(AmqpTcpEndpoint endpoint, Func`2 socketFactory, TimeSpan connectionTimeout, TimeSpan readTimeout, TimeSpan writeTimeout)
   at RabbitMQ.Client.Framing.Impl.IProtocolExtensions.CreateFrameHandler(IProtocol protocol, AmqpTcpEndpoint endpoint, ArrayPool`1 pool, Func`2 socketFactory, TimeSpan connectionTimeout, TimeSpan readTimeout, TimeSpan writeTimeout)
   at RabbitMQ.Client.ConnectionFactory.CreateFrameHandler(AmqpTcpEndpoint endpoint)
   at RabbitMQ.Client.EndpointResolverExtensions.SelectOne[T](IEndpointResolver resolver, Func`2 selector)
   --- End of inner exception stack trace ---
   at RabbitMQ.Client.EndpointResolverExtensions.SelectOne[T](IEndpointResolver resolver, Func`2 selector)
   at RabbitMQ.Client.ConnectionFactory.CreateConnection(IEndpointResolver endpointResolver, String clientProvidedName)
   --- End of inner exception stack trace ---
   at RabbitMQ.Client.ConnectionFactory.CreateConnection(IEndpointResolver endpointResolver, String clientProvidedName)
   at RabbitMQ.Client.ConnectionFactory.CreateConnection(IList`1 hostnames, String clientProvidedName)
   at MassTransit.RabbitMqTransport.ConnectionContextFactory.CreateConnection(ISupervisor supervisor) in /_/src/Transports/MassTransit.RabbitMqTransport/RabbitMqTransport/ConnectionContextFactory.cs:line 86
2026-07-24 16:21:23.121 +05:30 [INF] HealthAxis API heartbeat running at "2026-07-24T16:21:23.1212675+05:30"
2026-07-24 16:21:33.139 +05:30 [INF] HealthAxis API heartbeat running at "2026-07-24T16:21:33.1395337+05:30"
2026-07-24 16:21:43.145 +05:30 [INF] HealthAxis API heartbeat running at "2026-07-24T16:21:43.1452158+05:30"
2026-07-24 16:21:53.161 +05:30 [INF] HealthAxis API heartbeat running at "2026-07-24T16:21:53.1618735+05:30"
2026-07-24 16:21:54.876 +05:30 [WRN] Connection Failed: "rabbitmq://172.31.11.165/"
RabbitMQ.Client.Exceptions.BrokerUnreachableException: None of the specified endpoints were reachable
 ---> System.AggregateException: One or more errors occurred. (Connection failed)
 ---> RabbitMQ.Client.Exceptions.ConnectFailureException: Connection failed
 ---> System.TimeoutException: The operation has timed out.
   at RabbitMQ.Client.Impl.TaskExtensions.TimeoutAfter(Task task, TimeSpan timeout)
   at RabbitMQ.Client.Impl.SocketFrameHandler.ConnectOrFail(ITcpClient socket, AmqpTcpEndpoint endpoint, TimeSpan timeout)
   --- End of inner exception stack trace ---
   at RabbitMQ.Client.Impl.SocketFrameHandler.ConnectOrFail(ITcpClient socket, AmqpTcpEndpoint endpoint, TimeSpan timeout)
   at RabbitMQ.Client.Impl.SocketFrameHandler.ConnectUsingAddressFamily(AmqpTcpEndpoint endpoint, Func`2 socketFactory, TimeSpan timeout, AddressFamily family)
   at RabbitMQ.Client.Impl.SocketFrameHandler.ConnectUsingIPv4(AmqpTcpEndpoint endpoint, Func`2 socketFactory, TimeSpan timeout)
   at RabbitMQ.Client.Impl.SocketFrameHandler..ctor(AmqpTcpEndpoint endpoint, Func`2 socketFactory, TimeSpan connectionTimeout, TimeSpan readTimeout, TimeSpan writeTimeout)
   at RabbitMQ.Client.Framing.Impl.IProtocolExtensions.CreateFrameHandler(IProtocol protocol, AmqpTcpEndpoint endpoint, ArrayPool`1 pool, Func`2 socketFactory, TimeSpan connectionTimeout, TimeSpan readTimeout, TimeSpan writeTimeout)
   at RabbitMQ.Client.ConnectionFactory.CreateFrameHandler(AmqpTcpEndpoint endpoint)
   at RabbitMQ.Client.EndpointResolverExtensions.SelectOne[T](IEndpointResolver resolver, Func`2 selector)
   --- End of inner exception stack trace ---
   at RabbitMQ.Client.EndpointResolverExtensions.SelectOne[T](IEndpointResolver resolver, Func`2 selector)
   at RabbitMQ.Client.ConnectionFactory.CreateConnection(IEndpointResolver endpointResolver, String clientProvidedName)
   --- End of inner exception stack trace ---
   at RabbitMQ.Client.ConnectionFactory.CreateConnection(IEndpointResolver endpointResolver, String clientProvidedName)
   at RabbitMQ.Client.ConnectionFactory.CreateConnection(IList`1 hostnames, String clientProvidedName)
   at MassTransit.RabbitMqTransport.ConnectionContextFactory.CreateConnection(ISupervisor supervisor) in /_/src/Transports/MassTransit.RabbitMqTransport/RabbitMqTransport/ConnectionContextFactory.cs:line 86
2026-07-24 16:22:03.180 +05:30 [INF] HealthAxis API heartbeat running at "2026-07-24T16:22:03.1801748+05:30"
2026-07-24 16:22:13.195 +05:30 [INF] HealthAxis API heartbeat running at "2026-07-24T16:22:13.1952190+05:30"
2026-07-24 16:22:23.206 +05:30 [INF] HealthAxis API heartbeat running at "2026-07-24T16:22:23.2061866+05:30"
2026-07-24 16:22:33.211 +05:30 [INF] HealthAxis API heartbeat running at "2026-07-24T16:22:33.2109851+05:30"
2026-07-24 16:22:35.911 +05:30 [WRN] Connection Failed: "rabbitmq://172.31.11.165/"
RabbitMQ.Client.Exceptions.BrokerUnreachableException: None of the specified endpoints were reachable
 ---> System.AggregateException: One or more errors occurred. (Connection failed)
 ---> RabbitMQ.Client.Exceptions.ConnectFailureException: Connection failed
 ---> System.TimeoutException: The operation has timed out.
   at RabbitMQ.Client.Impl.TaskExtensions.TimeoutAfter(Task task, TimeSpan timeout)
   at RabbitMQ.Client.Impl.SocketFrameHandler.ConnectOrFail(ITcpClient socket, AmqpTcpEndpoint endpoint, TimeSpan timeout)
   --- End of inner exception stack trace ---
   at RabbitMQ.Client.Impl.SocketFrameHandler.ConnectOrFail(ITcpClient socket, AmqpTcpEndpoint endpoint, TimeSpan timeout)
   at RabbitMQ.Client.Impl.SocketFrameHandler.ConnectUsingAddressFamily(AmqpTcpEndpoint endpoint, Func`2 socketFactory, TimeSpan timeout, AddressFamily family)
   at RabbitMQ.Client.Impl.SocketFrameHandler.ConnectUsingIPv4(AmqpTcpEndpoint endpoint, Func`2 socketFactory, TimeSpan timeout)
   at RabbitMQ.Client.Impl.SocketFrameHandler..ctor(AmqpTcpEndpoint endpoint, Func`2 socketFactory, TimeSpan connectionTimeout, TimeSpan readTimeout, TimeSpan writeTimeout)
   at RabbitMQ.Client.Framing.Impl.IProtocolExtensions.CreateFrameHandler(IProtocol protocol, AmqpTcpEndpoint endpoint, ArrayPool`1 pool, Func`2 socketFactory, TimeSpan connectionTimeout, TimeSpan readTimeout, TimeSpan writeTimeout)
   at RabbitMQ.Client.ConnectionFactory.CreateFrameHandler(AmqpTcpEndpoint endpoint)
   at RabbitMQ.Client.EndpointResolverExtensions.SelectOne[T](IEndpointResolver resolver, Func`2 selector)
   --- End of inner exception stack trace ---
   at RabbitMQ.Client.EndpointResolverExtensions.SelectOne[T](IEndpointResolver resolver, Func`2 selector)
   at RabbitMQ.Client.ConnectionFactory.CreateConnection(IEndpointResolver endpointResolver, String clientProvidedName)
   --- End of inner exception stack trace ---
   at RabbitMQ.Client.ConnectionFactory.CreateConnection(IEndpointResolver endpointResolver, String clientProvidedName)
   at RabbitMQ.Client.ConnectionFactory.CreateConnection(IList`1 hostnames, String clientProvidedName)
   at MassTransit.RabbitMqTransport.ConnectionContextFactory.CreateConnection(ISupervisor supervisor) in /_/src/Transports/MassTransit.RabbitMqTransport/RabbitMqTransport/ConnectionContextFactory.cs:line 86
2026-07-24 16:22:43.214 +05:30 [INF] HealthAxis API heartbeat running at "2026-07-24T16:22:43.2147364+05:30"
2026-07-24 16:22:53.227 +05:30 [INF] HealthAxis API heartbeat running at "2026-07-24T16:22:53.2273294+05:30"
2026-07-24 16:23:03.235 +05:30 [INF] HealthAxis API heartbeat running at "2026-07-24T16:23:03.2359727+05:30"
2026-07-24 16:23:13.239 +05:30 [INF] HealthAxis API heartbeat running at "2026-07-24T16:23:13.2396607+05:30"
2026-07-24 16:23:16.932 +05:30 [WRN] Connection Failed: "rabbitmq://172.31.11.165/"
RabbitMQ.Client.Exceptions.BrokerUnreachableException: None of the specified endpoints were reachable
 ---> System.AggregateException: One or more errors occurred. (Connection failed)
 ---> RabbitMQ.Client.Exceptions.ConnectFailureException: Connection failed
 ---> System.TimeoutException: The operation has timed out.
   at RabbitMQ.Client.Impl.TaskExtensions.TimeoutAfter(Task task, TimeSpan timeout)
   at RabbitMQ.Client.Impl.SocketFrameHandler.ConnectOrFail(ITcpClient socket, AmqpTcpEndpoint endpoint, TimeSpan timeout)
   --- End of inner exception stack trace ---
   at RabbitMQ.Client.Impl.SocketFrameHandler.ConnectOrFail(ITcpClient socket, AmqpTcpEndpoint endpoint, TimeSpan timeout)
   at RabbitMQ.Client.Impl.SocketFrameHandler.ConnectUsingAddressFamily(AmqpTcpEndpoint endpoint, Func`2 socketFactory, TimeSpan timeout, AddressFamily family)
   at RabbitMQ.Client.Impl.SocketFrameHandler.ConnectUsingIPv4(AmqpTcpEndpoint endpoint, Func`2 socketFactory, TimeSpan timeout)
   at RabbitMQ.Client.Impl.SocketFrameHandler..ctor(AmqpTcpEndpoint endpoint, Func`2 socketFactory, TimeSpan connectionTimeout, TimeSpan readTimeout, TimeSpan writeTimeout)
   at RabbitMQ.Client.Framing.Impl.IProtocolExtensions.CreateFrameHandler(IProtocol protocol, AmqpTcpEndpoint endpoint, ArrayPool`1 pool, Func`2 socketFactory, TimeSpan connectionTimeout, TimeSpan readTimeout, TimeSpan writeTimeout)
   at RabbitMQ.Client.ConnectionFactory.CreateFrameHandler(AmqpTcpEndpoint endpoint)
   at RabbitMQ.Client.EndpointResolverExtensions.SelectOne[T](IEndpointResolver resolver, Func`2 selector)
   --- End of inner exception stack trace ---
   at RabbitMQ.Client.EndpointResolverExtensions.SelectOne[T](IEndpointResolver resolver, Func`2 selector)
   at RabbitMQ.Client.ConnectionFactory.CreateConnection(IEndpointResolver endpointResolver, String clientProvidedName)
   --- End of inner exception stack trace ---
   at RabbitMQ.Client.ConnectionFactory.CreateConnection(IEndpointResolver endpointResolver, String clientProvidedName)
   at RabbitMQ.Client.ConnectionFactory.CreateConnection(IList`1 hostnames, String clientProvidedName)
   at MassTransit.RabbitMqTransport.ConnectionContextFactory.CreateConnection(ISupervisor supervisor) in /_/src/Transports/MassTransit.RabbitMqTransport/RabbitMqTransport/ConnectionContextFactory.cs:line 86
2026-07-24 16:23:23.259 +05:30 [INF] HealthAxis API heartbeat running at "2026-07-24T16:23:23.2590396+05:30"
2026-07-24 16:23:33.262 +05:30 [INF] HealthAxis API heartbeat running at "2026-07-24T16:23:33.2624917+05:30"
2026-07-24 16:23:43.271 +05:30 [INF] HealthAxis API heartbeat running at "2026-07-24T16:23:43.2710172+05:30"
2026-07-24 16:23:53.275 +05:30 [INF] HealthAxis API heartbeat running at "2026-07-24T16:23:53.2756114+05:30"
2026-07-24 16:23:57.967 +05:30 [WRN] Connection Failed: "rabbitmq://172.31.11.165/"
RabbitMQ.Client.Exceptions.BrokerUnreachableException: None of the specified endpoints were reachable
 ---> System.AggregateException: One or more errors occurred. (Connection failed)
 ---> RabbitMQ.Client.Exceptions.ConnectFailureException: Connection failed
 ---> System.TimeoutException: The operation has timed out.
   at RabbitMQ.Client.Impl.TaskExtensions.TimeoutAfter(Task task, TimeSpan timeout)
   at RabbitMQ.Client.Impl.SocketFrameHandler.ConnectOrFail(ITcpClient socket, AmqpTcpEndpoint endpoint, TimeSpan timeout)
   --- End of inner exception stack trace ---
   at RabbitMQ.Client.Impl.SocketFrameHandler.ConnectOrFail(ITcpClient socket, AmqpTcpEndpoint endpoint, TimeSpan timeout)
   at RabbitMQ.Client.Impl.SocketFrameHandler.ConnectUsingAddressFamily(AmqpTcpEndpoint endpoint, Func`2 socketFactory, TimeSpan timeout, AddressFamily family)
   at RabbitMQ.Client.Impl.SocketFrameHandler.ConnectUsingIPv4(AmqpTcpEndpoint endpoint, Func`2 socketFactory, TimeSpan timeout)
   at RabbitMQ.Client.Impl.SocketFrameHandler..ctor(AmqpTcpEndpoint endpoint, Func`2 socketFactory, TimeSpan connectionTimeout, TimeSpan readTimeout, TimeSpan writeTimeout)
   at RabbitMQ.Client.Framing.Impl.IProtocolExtensions.CreateFrameHandler(IProtocol protocol, AmqpTcpEndpoint endpoint, ArrayPool`1 pool, Func`2 socketFactory, TimeSpan connectionTimeout, TimeSpan readTimeout, TimeSpan writeTimeout)
   at RabbitMQ.Client.ConnectionFactory.CreateFrameHandler(AmqpTcpEndpoint endpoint)
   at RabbitMQ.Client.EndpointResolverExtensions.SelectOne[T](IEndpointResolver resolver, Func`2 selector)
   --- End of inner exception stack trace ---
   at RabbitMQ.Client.EndpointResolverExtensions.SelectOne[T](IEndpointResolver resolver, Func`2 selector)
   at RabbitMQ.Client.ConnectionFactory.CreateConnection(IEndpointResolver endpointResolver, String clientProvidedName)
   --- End of inner exception stack trace ---
   at RabbitMQ.Client.ConnectionFactory.CreateConnection(IEndpointResolver endpointResolver, String clientProvidedName)
   at RabbitMQ.Client.ConnectionFactory.CreateConnection(IList`1 hostnames, String clientProvidedName)
   at MassTransit.RabbitMqTransport.ConnectionContextFactory.CreateConnection(ISupervisor supervisor) in /_/src/Transports/MassTransit.RabbitMqTransport/RabbitMqTransport/ConnectionContextFactory.cs:line 86
2026-07-24 16:24:03.293 +05:30 [INF] HealthAxis API heartbeat running at "2026-07-24T16:24:03.2938311+05:30"
2026-07-24 16:24:13.302 +05:30 [INF] HealthAxis API heartbeat running at "2026-07-24T16:24:13.3023013+05:30"
2026-07-24 16:24:23.313 +05:30 [INF] HealthAxis API heartbeat running at "2026-07-24T16:24:23.3131722+05:30"
2026-07-24 16:24:33.329 +05:30 [INF] HealthAxis API heartbeat running at "2026-07-24T16:24:33.3290005+05:30"
2026-07-24 16:24:39.006 +05:30 [WRN] Connection Failed: "rabbitmq://172.31.11.165/"
RabbitMQ.Client.Exceptions.BrokerUnreachableException: None of the specified endpoints were reachable
 ---> System.AggregateException: One or more errors occurred. (Connection failed)
 ---> RabbitMQ.Client.Exceptions.ConnectFailureException: Connection failed
 ---> System.TimeoutException: The operation has timed out.
   at RabbitMQ.Client.Impl.TaskExtensions.TimeoutAfter(Task task, TimeSpan timeout)
   at RabbitMQ.Client.Impl.SocketFrameHandler.ConnectOrFail(ITcpClient socket, AmqpTcpEndpoint endpoint, TimeSpan timeout)
   --- End of inner exception stack trace ---
   at RabbitMQ.Client.Impl.SocketFrameHandler.ConnectOrFail(ITcpClient socket, AmqpTcpEndpoint endpoint, TimeSpan timeout)
   at RabbitMQ.Client.Impl.SocketFrameHandler.ConnectUsingAddressFamily(AmqpTcpEndpoint endpoint, Func`2 socketFactory, TimeSpan timeout, AddressFamily family)
   at RabbitMQ.Client.Impl.SocketFrameHandler.ConnectUsingIPv4(AmqpTcpEndpoint endpoint, Func`2 socketFactory, TimeSpan timeout)
   at RabbitMQ.Client.Impl.SocketFrameHandler..ctor(AmqpTcpEndpoint endpoint, Func`2 socketFactory, TimeSpan connectionTimeout, TimeSpan readTimeout, TimeSpan writeTimeout)
   at RabbitMQ.Client.Framing.Impl.IProtocolExtensions.CreateFrameHandler(IProtocol protocol, AmqpTcpEndpoint endpoint, ArrayPool`1 pool, Func`2 socketFactory, TimeSpan connectionTimeout, TimeSpan readTimeout, TimeSpan writeTimeout)
   at RabbitMQ.Client.ConnectionFactory.CreateFrameHandler(AmqpTcpEndpoint endpoint)
   at RabbitMQ.Client.EndpointResolverExtensions.SelectOne[T](IEndpointResolver resolver, Func`2 selector)
   --- End of inner exception stack trace ---
   at RabbitMQ.Client.EndpointResolverExtensions.SelectOne[T](IEndpointResolver resolver, Func`2 selector)
   at RabbitMQ.Client.ConnectionFactory.CreateConnection(IEndpointResolver endpointResolver, String clientProvidedName)
   --- End of inner exception stack trace ---
   at RabbitMQ.Client.ConnectionFactory.CreateConnection(IEndpointResolver endpointResolver, String clientProvidedName)
   at RabbitMQ.Client.ConnectionFactory.CreateConnection(IList`1 hostnames, String clientProvidedName)
   at MassTransit.RabbitMqTransport.ConnectionContextFactory.CreateConnection(ISupervisor supervisor) in /_/src/Transports/MassTransit.RabbitMqTransport/RabbitMqTransport/ConnectionContextFactory.cs:line 86
2026-07-24 16:24:43.348 +05:30 [INF] HealthAxis API heartbeat running at "2026-07-24T16:24:43.3482871+05:30"
2026-07-24 16:24:53.363 +05:30 [INF] HealthAxis API heartbeat running at "2026-07-24T16:24:53.3635357+05:30"
2026-07-24 16:25:03.377 +05:30 [INF] HealthAxis API heartbeat running at "2026-07-24T16:25:03.3776922+05:30"
2026-07-24 16:25:13.384 +05:30 [INF] HealthAxis API heartbeat running at "2026-07-24T16:25:13.3844416+05:30"
2026-07-24 16:25:20.045 +05:30 [WRN] Connection Failed: "rabbitmq://172.31.11.165/"
RabbitMQ.Client.Exceptions.BrokerUnreachableException: None of the specified endpoints were reachable
 ---> System.AggregateException: One or more errors occurred. (Connection failed)
 ---> RabbitMQ.Client.Exceptions.ConnectFailureException: Connection failed
 ---> System.TimeoutException: The operation has timed out.
   at RabbitMQ.Client.Impl.TaskExtensions.TimeoutAfter(Task task, TimeSpan timeout)
   at RabbitMQ.Client.Impl.SocketFrameHandler.ConnectOrFail(ITcpClient socket, AmqpTcpEndpoint endpoint, TimeSpan timeout)
   --- End of inner exception stack trace ---
   at RabbitMQ.Client.Impl.SocketFrameHandler.ConnectOrFail(ITcpClient socket, AmqpTcpEndpoint endpoint, TimeSpan timeout)
   at RabbitMQ.Client.Impl.SocketFrameHandler.ConnectUsingAddressFamily(AmqpTcpEndpoint endpoint, Func`2 socketFactory, TimeSpan timeout, AddressFamily family)
   at RabbitMQ.Client.Impl.SocketFrameHandler.ConnectUsingIPv4(AmqpTcpEndpoint endpoint, Func`2 socketFactory, TimeSpan timeout)
   at RabbitMQ.Client.Impl.SocketFrameHandler..ctor(AmqpTcpEndpoint endpoint, Func`2 socketFactory, TimeSpan connectionTimeout, TimeSpan readTimeout, TimeSpan writeTimeout)
   at RabbitMQ.Client.Framing.Impl.IProtocolExtensions.CreateFrameHandler(IProtocol protocol, AmqpTcpEndpoint endpoint, ArrayPool`1 pool, Func`2 socketFactory, TimeSpan connectionTimeout, TimeSpan readTimeout, TimeSpan writeTimeout)
   at RabbitMQ.Client.ConnectionFactory.CreateFrameHandler(AmqpTcpEndpoint endpoint)
   at RabbitMQ.Client.EndpointResolverExtensions.SelectOne[T](IEndpointResolver resolver, Func`2 selector)
   --- End of inner exception stack trace ---
   at RabbitMQ.Client.EndpointResolverExtensions.SelectOne[T](IEndpointResolver resolver, Func`2 selector)
   at RabbitMQ.Client.ConnectionFactory.CreateConnection(IEndpointResolver endpointResolver, String clientProvidedName)
   --- End of inner exception stack trace ---
   at RabbitMQ.Client.ConnectionFactory.CreateConnection(IEndpointResolver endpointResolver, String clientProvidedName)
   at RabbitMQ.Client.ConnectionFactory.CreateConnection(IList`1 hostnames, String clientProvidedName)
   at MassTransit.RabbitMqTransport.ConnectionContextFactory.CreateConnection(ISupervisor supervisor) in /_/src/Transports/MassTransit.RabbitMqTransport/RabbitMqTransport/ConnectionContextFactory.cs:line 86
2026-07-24 16:25:23.390 +05:30 [INF] HealthAxis API heartbeat running at "2026-07-24T16:25:23.3909440+05:30"
2026-07-24 16:25:33.407 +05:30 [INF] HealthAxis API heartbeat running at "2026-07-24T16:25:33.4078117+05:30"
2026-07-24 16:25:43.411 +05:30 [INF] HealthAxis API heartbeat running at "2026-07-24T16:25:43.4117305+05:30"
2026-07-24 16:25:53.425 +05:30 [INF] HealthAxis API heartbeat running at "2026-07-24T16:25:53.4249773+05:30"
2026-07-24 16:26:01.090 +05:30 [WRN] Connection Failed: "rabbitmq://172.31.11.165/"
RabbitMQ.Client.Exceptions.BrokerUnreachableException: None of the specified endpoints were reachable
 ---> System.AggregateException: One or more errors occurred. (Connection failed)
 ---> RabbitMQ.Client.Exceptions.ConnectFailureException: Connection failed
 ---> System.TimeoutException: The operation has timed out.
   at RabbitMQ.Client.Impl.TaskExtensions.TimeoutAfter(Task task, TimeSpan timeout)
   at RabbitMQ.Client.Impl.SocketFrameHandler.ConnectOrFail(ITcpClient socket, AmqpTcpEndpoint endpoint, TimeSpan timeout)
   --- End of inner exception stack trace ---
   at RabbitMQ.Client.Impl.SocketFrameHandler.ConnectOrFail(ITcpClient socket, AmqpTcpEndpoint endpoint, TimeSpan timeout)
   at RabbitMQ.Client.Impl.SocketFrameHandler.ConnectUsingAddressFamily(AmqpTcpEndpoint endpoint, Func`2 socketFactory, TimeSpan timeout, AddressFamily family)
   at RabbitMQ.Client.Impl.SocketFrameHandler.ConnectUsingIPv4(AmqpTcpEndpoint endpoint, Func`2 socketFactory, TimeSpan timeout)
   at RabbitMQ.Client.Impl.SocketFrameHandler..ctor(AmqpTcpEndpoint endpoint, Func`2 socketFactory, TimeSpan connectionTimeout, TimeSpan readTimeout, TimeSpan writeTimeout)
   at RabbitMQ.Client.Framing.Impl.IProtocolExtensions.CreateFrameHandler(IProtocol protocol, AmqpTcpEndpoint endpoint, ArrayPool`1 pool, Func`2 socketFactory, TimeSpan connectionTimeout, TimeSpan readTimeout, TimeSpan writeTimeout)
   at RabbitMQ.Client.ConnectionFactory.CreateFrameHandler(AmqpTcpEndpoint endpoint)
   at RabbitMQ.Client.EndpointResolverExtensions.SelectOne[T](IEndpointResolver resolver, Func`2 selector)
   --- End of inner exception stack trace ---
   at RabbitMQ.Client.EndpointResolverExtensions.SelectOne[T](IEndpointResolver resolver, Func`2 selector)
   at RabbitMQ.Client.ConnectionFactory.CreateConnection(IEndpointResolver endpointResolver, String clientProvidedName)
   --- End of inner exception stack trace ---
   at RabbitMQ.Client.ConnectionFactory.CreateConnection(IEndpointResolver endpointResolver, String clientProvidedName)
   at RabbitMQ.Client.ConnectionFactory.CreateConnection(IList`1 hostnames, String clientProvidedName)
   at MassTransit.RabbitMqTransport.ConnectionContextFactory.CreateConnection(ISupervisor supervisor) in /_/src/Transports/MassTransit.RabbitMqTransport/RabbitMqTransport/ConnectionContextFactory.cs:line 86
2026-07-24 16:26:03.431 +05:30 [INF] HealthAxis API heartbeat running at "2026-07-24T16:26:03.4314097+05:30"
2026-07-24 16:26:13.437 +05:30 [INF] HealthAxis API heartbeat running at "2026-07-24T16:26:13.4370695+05:30"
2026-07-24 16:26:23.447 +05:30 [INF] HealthAxis API heartbeat running at "2026-07-24T16:26:23.4476229+05:30"
2026-07-24 16:26:33.456 +05:30 [INF] HealthAxis API heartbeat running at "2026-07-24T16:26:33.4561588+05:30"
2026-07-24 16:26:42.121 +05:30 [WRN] Connection Failed: "rabbitmq://172.31.11.165/"
RabbitMQ.Client.Exceptions.BrokerUnreachableException: None of the specified endpoints were reachable
 ---> System.AggregateException: One or more errors occurred. (Connection failed)
 ---> RabbitMQ.Client.Exceptions.ConnectFailureException: Connection failed
 ---> System.TimeoutException: The operation has timed out.
   at RabbitMQ.Client.Impl.TaskExtensions.TimeoutAfter(Task task, TimeSpan timeout)
   at RabbitMQ.Client.Impl.SocketFrameHandler.ConnectOrFail(ITcpClient socket, AmqpTcpEndpoint endpoint, TimeSpan timeout)
   --- End of inner exception stack trace ---
   at RabbitMQ.Client.Impl.SocketFrameHandler.ConnectOrFail(ITcpClient socket, AmqpTcpEndpoint endpoint, TimeSpan timeout)
   at RabbitMQ.Client.Impl.SocketFrameHandler.ConnectUsingAddressFamily(AmqpTcpEndpoint endpoint, Func`2 socketFactory, TimeSpan timeout, AddressFamily family)
   at RabbitMQ.Client.Impl.SocketFrameHandler.ConnectUsingIPv4(AmqpTcpEndpoint endpoint, Func`2 socketFactory, TimeSpan timeout)
   at RabbitMQ.Client.Impl.SocketFrameHandler..ctor(AmqpTcpEndpoint endpoint, Func`2 socketFactory, TimeSpan connectionTimeout, TimeSpan readTimeout, TimeSpan writeTimeout)
   at RabbitMQ.Client.Framing.Impl.IProtocolExtensions.CreateFrameHandler(IProtocol protocol, AmqpTcpEndpoint endpoint, ArrayPool`1 pool, Func`2 socketFactory, TimeSpan connectionTimeout, TimeSpan readTimeout, TimeSpan writeTimeout)
   at RabbitMQ.Client.ConnectionFactory.CreateFrameHandler(AmqpTcpEndpoint endpoint)
   at RabbitMQ.Client.EndpointResolverExtensions.SelectOne[T](IEndpointResolver resolver, Func`2 selector)
   --- End of inner exception stack trace ---
   at RabbitMQ.Client.EndpointResolverExtensions.SelectOne[T](IEndpointResolver resolver, Func`2 selector)
   at RabbitMQ.Client.ConnectionFactory.CreateConnection(IEndpointResolver endpointResolver, String clientProvidedName)
   --- End of inner exception stack trace ---
   at RabbitMQ.Client.ConnectionFactory.CreateConnection(IEndpointResolver endpointResolver, String clientProvidedName)
   at RabbitMQ.Client.ConnectionFactory.CreateConnection(IList`1 hostnames, String clientProvidedName)
   at MassTransit.RabbitMqTransport.ConnectionContextFactory.CreateConnection(ISupervisor supervisor) in /_/src/Transports/MassTransit.RabbitMqTransport/RabbitMqTransport/ConnectionContextFactory.cs:line 86
2026-07-24 16:26:43.465 +05:30 [INF] HealthAxis API heartbeat running at "2026-07-24T16:26:43.4650325+05:30"
2026-07-24 16:26:53.481 +05:30 [INF] HealthAxis API heartbeat running at "2026-07-24T16:26:53.4814628+05:30"
2026-07-24 16:27:03.488 +05:30 [INF] HealthAxis API heartbeat running at "2026-07-24T16:27:03.4886468+05:30"
2026-07-24 16:27:13.496 +05:30 [INF] HealthAxis API heartbeat running at "2026-07-24T16:27:13.4965932+05:30"
2026-07-24 16:27:23.149 +05:30 [WRN] Connection Failed: "rabbitmq://172.31.11.165/"
RabbitMQ.Client.Exceptions.BrokerUnreachableException: None of the specified endpoints were reachable
 ---> System.AggregateException: One or more errors occurred. (Connection failed)
 ---> RabbitMQ.Client.Exceptions.ConnectFailureException: Connection failed
 ---> System.TimeoutException: The operation has timed out.
   at RabbitMQ.Client.Impl.TaskExtensions.TimeoutAfter(Task task, TimeSpan timeout)
   at RabbitMQ.Client.Impl.SocketFrameHandler.ConnectOrFail(ITcpClient socket, AmqpTcpEndpoint endpoint, TimeSpan timeout)
   --- End of inner exception stack trace ---
   at RabbitMQ.Client.Impl.SocketFrameHandler.ConnectOrFail(ITcpClient socket, AmqpTcpEndpoint endpoint, TimeSpan timeout)
   at RabbitMQ.Client.Impl.SocketFrameHandler.ConnectUsingAddressFamily(AmqpTcpEndpoint endpoint, Func`2 socketFactory, TimeSpan timeout, AddressFamily family)
   at RabbitMQ.Client.Impl.SocketFrameHandler.ConnectUsingIPv4(AmqpTcpEndpoint endpoint, Func`2 socketFactory, TimeSpan timeout)
   at RabbitMQ.Client.Impl.SocketFrameHandler..ctor(AmqpTcpEndpoint endpoint, Func`2 socketFactory, TimeSpan connectionTimeout, TimeSpan readTimeout, TimeSpan writeTimeout)
   at RabbitMQ.Client.Framing.Impl.IProtocolExtensions.CreateFrameHandler(IProtocol protocol, AmqpTcpEndpoint endpoint, ArrayPool`1 pool, Func`2 socketFactory, TimeSpan connectionTimeout, TimeSpan readTimeout, TimeSpan writeTimeout)
   at RabbitMQ.Client.ConnectionFactory.CreateFrameHandler(AmqpTcpEndpoint endpoint)
   at RabbitMQ.Client.EndpointResolverExtensions.SelectOne[T](IEndpointResolver resolver, Func`2 selector)
   --- End of inner exception stack trace ---
   at RabbitMQ.Client.EndpointResolverExtensions.SelectOne[T](IEndpointResolver resolver, Func`2 selector)
   at RabbitMQ.Client.ConnectionFactory.CreateConnection(IEndpointResolver endpointResolver, String clientProvidedName)
   --- End of inner exception stack trace ---
   at RabbitMQ.Client.ConnectionFactory.CreateConnection(IEndpointResolver endpointResolver, String clientProvidedName)
   at RabbitMQ.Client.ConnectionFactory.CreateConnection(IList`1 hostnames, String clientProvidedName)
   at MassTransit.RabbitMqTransport.ConnectionContextFactory.CreateConnection(ISupervisor supervisor) in /_/src/Transports/MassTransit.RabbitMqTransport/RabbitMqTransport/ConnectionContextFactory.cs:line 86
2026-07-24 16:27:23.508 +05:30 [INF] HealthAxis API heartbeat running at "2026-07-24T16:27:23.5085348+05:30"
2026-07-24 16:27:33.517 +05:30 [INF] HealthAxis API heartbeat running at "2026-07-24T16:27:33.5177885+05:30"
2026-07-24 16:27:43.529 +05:30 [INF] HealthAxis API heartbeat running at "2026-07-24T16:27:43.5289945+05:30"
2026-07-24 16:27:53.538 +05:30 [INF] HealthAxis API heartbeat running at "2026-07-24T16:27:53.5383218+05:30"
2026-07-24 16:28:03.546 +05:30 [INF] HealthAxis API heartbeat running at "2026-07-24T16:28:03.5467473+05:30"
2026-07-24 16:28:04.193 +05:30 [WRN] Connection Failed: "rabbitmq://172.31.11.165/"
RabbitMQ.Client.Exceptions.BrokerUnreachableException: None of the specified endpoints were reachable
 ---> System.AggregateException: One or more errors occurred. (Connection failed)
 ---> RabbitMQ.Client.Exceptions.ConnectFailureException: Connection failed
 ---> System.TimeoutException: The operation has timed out.
   at RabbitMQ.Client.Impl.TaskExtensions.TimeoutAfter(Task task, TimeSpan timeout)
   at RabbitMQ.Client.Impl.SocketFrameHandler.ConnectOrFail(ITcpClient socket, AmqpTcpEndpoint endpoint, TimeSpan timeout)
   --- End of inner exception stack trace ---
   at RabbitMQ.Client.Impl.SocketFrameHandler.ConnectOrFail(ITcpClient socket, AmqpTcpEndpoint endpoint, TimeSpan timeout)
   at RabbitMQ.Client.Impl.SocketFrameHandler.ConnectUsingAddressFamily(AmqpTcpEndpoint endpoint, Func`2 socketFactory, TimeSpan timeout, AddressFamily family)
   at RabbitMQ.Client.Impl.SocketFrameHandler.ConnectUsingIPv4(AmqpTcpEndpoint endpoint, Func`2 socketFactory, TimeSpan timeout)
   at RabbitMQ.Client.Impl.SocketFrameHandler..ctor(AmqpTcpEndpoint endpoint, Func`2 socketFactory, TimeSpan connectionTimeout, TimeSpan readTimeout, TimeSpan writeTimeout)
   at RabbitMQ.Client.Framing.Impl.IProtocolExtensions.CreateFrameHandler(IProtocol protocol, AmqpTcpEndpoint endpoint, ArrayPool`1 pool, Func`2 socketFactory, TimeSpan connectionTimeout, TimeSpan readTimeout, TimeSpan writeTimeout)
   at RabbitMQ.Client.ConnectionFactory.CreateFrameHandler(AmqpTcpEndpoint endpoint)
   at RabbitMQ.Client.EndpointResolverExtensions.SelectOne[T](IEndpointResolver resolver, Func`2 selector)
   --- End of inner exception stack trace ---
   at RabbitMQ.Client.EndpointResolverExtensions.SelectOne[T](IEndpointResolver resolver, Func`2 selector)
   at RabbitMQ.Client.ConnectionFactory.CreateConnection(IEndpointResolver endpointResolver, String clientProvidedName)
   --- End of inner exception stack trace ---
   at RabbitMQ.Client.ConnectionFactory.CreateConnection(IEndpointResolver endpointResolver, String clientProvidedName)
   at RabbitMQ.Client.ConnectionFactory.CreateConnection(IList`1 hostnames, String clientProvidedName)
   at MassTransit.RabbitMqTransport.ConnectionContextFactory.CreateConnection(ISupervisor supervisor) in /_/src/Transports/MassTransit.RabbitMqTransport/RabbitMqTransport/ConnectionContextFactory.cs:line 86
2026-07-24 16:28:13.555 +05:30 [INF] HealthAxis API heartbeat running at "2026-07-24T16:28:13.5553091+05:30"
2026-07-24 16:28:23.572 +05:30 [INF] HealthAxis API heartbeat running at "2026-07-24T16:28:23.5721295+05:30"
2026-07-24 16:28:33.575 +05:30 [INF] HealthAxis API heartbeat running at "2026-07-24T16:28:33.5753356+05:30"
2026-07-24 16:28:43.591 +05:30 [INF] HealthAxis API heartbeat running at "2026-07-24T16:28:43.5913210+05:30"
2026-07-24 16:28:45.222 +05:30 [WRN] Connection Failed: "rabbitmq://172.31.11.165/"
RabbitMQ.Client.Exceptions.BrokerUnreachableException: None of the specified endpoints were reachable
 ---> System.AggregateException: One or more errors occurred. (Connection failed)
 ---> RabbitMQ.Client.Exceptions.ConnectFailureException: Connection failed
 ---> System.TimeoutException: The operation has timed out.
   at RabbitMQ.Client.Impl.TaskExtensions.TimeoutAfter(Task task, TimeSpan timeout)
   at RabbitMQ.Client.Impl.SocketFrameHandler.ConnectOrFail(ITcpClient socket, AmqpTcpEndpoint endpoint, TimeSpan timeout)
   --- End of inner exception stack trace ---
   at RabbitMQ.Client.Impl.SocketFrameHandler.ConnectOrFail(ITcpClient socket, AmqpTcpEndpoint endpoint, TimeSpan timeout)
   at RabbitMQ.Client.Impl.SocketFrameHandler.ConnectUsingAddressFamily(AmqpTcpEndpoint endpoint, Func`2 socketFactory, TimeSpan timeout, AddressFamily family)
   at RabbitMQ.Client.Impl.SocketFrameHandler.ConnectUsingIPv4(AmqpTcpEndpoint endpoint, Func`2 socketFactory, TimeSpan timeout)
   at RabbitMQ.Client.Impl.SocketFrameHandler..ctor(AmqpTcpEndpoint endpoint, Func`2 socketFactory, TimeSpan connectionTimeout, TimeSpan readTimeout, TimeSpan writeTimeout)
   at RabbitMQ.Client.Framing.Impl.IProtocolExtensions.CreateFrameHandler(IProtocol protocol, AmqpTcpEndpoint endpoint, ArrayPool`1 pool, Func`2 socketFactory, TimeSpan connectionTimeout, TimeSpan readTimeout, TimeSpan writeTimeout)
   at RabbitMQ.Client.ConnectionFactory.CreateFrameHandler(AmqpTcpEndpoint endpoint)
   at RabbitMQ.Client.EndpointResolverExtensions.SelectOne[T](IEndpointResolver resolver, Func`2 selector)
   --- End of inner exception stack trace ---
   at RabbitMQ.Client.EndpointResolverExtensions.SelectOne[T](IEndpointResolver resolver, Func`2 selector)
   at RabbitMQ.Client.ConnectionFactory.CreateConnection(IEndpointResolver endpointResolver, String clientProvidedName)
   --- End of inner exception stack trace ---
   at RabbitMQ.Client.ConnectionFactory.CreateConnection(IEndpointResolver endpointResolver, String clientProvidedName)
   at RabbitMQ.Client.ConnectionFactory.CreateConnection(IList`1 hostnames, String clientProvidedName)
   at MassTransit.RabbitMqTransport.ConnectionContextFactory.CreateConnection(ISupervisor supervisor) in /_/src/Transports/MassTransit.RabbitMqTransport/RabbitMqTransport/ConnectionContextFactory.cs:line 86
2026-07-24 16:28:53.603 +05:30 [INF] HealthAxis API heartbeat running at "2026-07-24T16:28:53.6036231+05:30"
2026-07-24 16:29:03.615 +05:30 [INF] HealthAxis API heartbeat running at "2026-07-24T16:29:03.6151271+05:30"
2026-07-24 16:29:13.618 +05:30 [INF] HealthAxis API heartbeat running at "2026-07-24T16:29:13.6186751+05:30"
2026-07-24 16:29:23.630 +05:30 [INF] HealthAxis API heartbeat running at "2026-07-24T16:29:23.6303045+05:30"
2026-07-24 16:29:26.256 +05:30 [WRN] Connection Failed: "rabbitmq://172.31.11.165/"
RabbitMQ.Client.Exceptions.BrokerUnreachableException: None of the specified endpoints were reachable
 ---> System.AggregateException: One or more errors occurred. (Connection failed)
 ---> RabbitMQ.Client.Exceptions.ConnectFailureException: Connection failed
 ---> System.TimeoutException: The operation has timed out.
   at RabbitMQ.Client.Impl.TaskExtensions.TimeoutAfter(Task task, TimeSpan timeout)
   at RabbitMQ.Client.Impl.SocketFrameHandler.ConnectOrFail(ITcpClient socket, AmqpTcpEndpoint endpoint, TimeSpan timeout)
   --- End of inner exception stack trace ---
   at RabbitMQ.Client.Impl.SocketFrameHandler.ConnectOrFail(ITcpClient socket, AmqpTcpEndpoint endpoint, TimeSpan timeout)
   at RabbitMQ.Client.Impl.SocketFrameHandler.ConnectUsingAddressFamily(AmqpTcpEndpoint endpoint, Func`2 socketFactory, TimeSpan timeout, AddressFamily family)
   at RabbitMQ.Client.Impl.SocketFrameHandler.ConnectUsingIPv4(AmqpTcpEndpoint endpoint, Func`2 socketFactory, TimeSpan timeout)
   at RabbitMQ.Client.Impl.SocketFrameHandler..ctor(AmqpTcpEndpoint endpoint, Func`2 socketFactory, TimeSpan connectionTimeout, TimeSpan readTimeout, TimeSpan writeTimeout)
   at RabbitMQ.Client.Framing.Impl.IProtocolExtensions.CreateFrameHandler(IProtocol protocol, AmqpTcpEndpoint endpoint, ArrayPool`1 pool, Func`2 socketFactory, TimeSpan connectionTimeout, TimeSpan readTimeout, TimeSpan writeTimeout)
   at RabbitMQ.Client.ConnectionFactory.CreateFrameHandler(AmqpTcpEndpoint endpoint)
   at RabbitMQ.Client.EndpointResolverExtensions.SelectOne[T](IEndpointResolver resolver, Func`2 selector)
   --- End of inner exception stack trace ---
   at RabbitMQ.Client.EndpointResolverExtensions.SelectOne[T](IEndpointResolver resolver, Func`2 selector)
   at RabbitMQ.Client.ConnectionFactory.CreateConnection(IEndpointResolver endpointResolver, String clientProvidedName)
   --- End of inner exception stack trace ---
   at RabbitMQ.Client.ConnectionFactory.CreateConnection(IEndpointResolver endpointResolver, String clientProvidedName)
   at RabbitMQ.Client.ConnectionFactory.CreateConnection(IList`1 hostnames, String clientProvidedName)
   at MassTransit.RabbitMqTransport.ConnectionContextFactory.CreateConnection(ISupervisor supervisor) in /_/src/Transports/MassTransit.RabbitMqTransport/RabbitMqTransport/ConnectionContextFactory.cs:line 86
2026-07-24 16:29:33.640 +05:30 [INF] HealthAxis API heartbeat running at "2026-07-24T16:29:33.6409484+05:30"
2026-07-24 16:29:43.657 +05:30 [INF] HealthAxis API heartbeat running at "2026-07-24T16:29:43.6578458+05:30"
2026-07-24 16:29:53.700 +05:30 [INF] HealthAxis API heartbeat running at "2026-07-24T16:29:53.7004087+05:30"
2026-07-24 16:30:03.705 +05:30 [INF] HealthAxis API heartbeat running at "2026-07-24T16:30:03.7059377+05:30"
2026-07-24 16:30:07.279 +05:30 [WRN] Connection Failed: "rabbitmq://172.31.11.165/"
RabbitMQ.Client.Exceptions.BrokerUnreachableException: None of the specified endpoints were reachable
 ---> System.AggregateException: One or more errors occurred. (Connection failed)
 ---> RabbitMQ.Client.Exceptions.ConnectFailureException: Connection failed
 ---> System.TimeoutException: The operation has timed out.
   at RabbitMQ.Client.Impl.TaskExtensions.TimeoutAfter(Task task, TimeSpan timeout)
   at RabbitMQ.Client.Impl.SocketFrameHandler.ConnectOrFail(ITcpClient socket, AmqpTcpEndpoint endpoint, TimeSpan timeout)
   --- End of inner exception stack trace ---
   at RabbitMQ.Client.Impl.SocketFrameHandler.ConnectOrFail(ITcpClient socket, AmqpTcpEndpoint endpoint, TimeSpan timeout)
   at RabbitMQ.Client.Impl.SocketFrameHandler.ConnectUsingAddressFamily(AmqpTcpEndpoint endpoint, Func`2 socketFactory, TimeSpan timeout, AddressFamily family)
   at RabbitMQ.Client.Impl.SocketFrameHandler.ConnectUsingIPv4(AmqpTcpEndpoint endpoint, Func`2 socketFactory, TimeSpan timeout)
   at RabbitMQ.Client.Impl.SocketFrameHandler..ctor(AmqpTcpEndpoint endpoint, Func`2 socketFactory, TimeSpan connectionTimeout, TimeSpan readTimeout, TimeSpan writeTimeout)
   at RabbitMQ.Client.Framing.Impl.IProtocolExtensions.CreateFrameHandler(IProtocol protocol, AmqpTcpEndpoint endpoint, ArrayPool`1 pool, Func`2 socketFactory, TimeSpan connectionTimeout, TimeSpan readTimeout, TimeSpan writeTimeout)
   at RabbitMQ.Client.ConnectionFactory.CreateFrameHandler(AmqpTcpEndpoint endpoint)
   at RabbitMQ.Client.EndpointResolverExtensions.SelectOne[T](IEndpointResolver resolver, Func`2 selector)
   --- End of inner exception stack trace ---
   at RabbitMQ.Client.EndpointResolverExtensions.SelectOne[T](IEndpointResolver resolver, Func`2 selector)
   at RabbitMQ.Client.ConnectionFactory.CreateConnection(IEndpointResolver endpointResolver, String clientProvidedName)
   --- End of inner exception stack trace ---
   at RabbitMQ.Client.ConnectionFactory.CreateConnection(IEndpointResolver endpointResolver, String clientProvidedName)
   at RabbitMQ.Client.ConnectionFactory.CreateConnection(IList`1 hostnames, String clientProvidedName)
   at MassTransit.RabbitMqTransport.ConnectionContextFactory.CreateConnection(ISupervisor supervisor) in /_/src/Transports/MassTransit.RabbitMqTransport/RabbitMqTransport/ConnectionContextFactory.cs:line 86
2026-07-24 16:30:13.718 +05:30 [INF] HealthAxis API heartbeat running at "2026-07-24T16:30:13.7184131+05:30"
2026-07-24 16:30:23.724 +05:30 [INF] HealthAxis API heartbeat running at "2026-07-24T16:30:23.7241619+05:30"
2026-07-24 16:30:33.729 +05:30 [INF] HealthAxis API heartbeat running at "2026-07-24T16:30:33.7294976+05:30"
2026-07-24 16:30:43.739 +05:30 [INF] HealthAxis API heartbeat running at "2026-07-24T16:30:43.7396481+05:30"
2026-07-24 16:30:48.307 +05:30 [WRN] Connection Failed: "rabbitmq://172.31.11.165/"
RabbitMQ.Client.Exceptions.BrokerUnreachableException: None of the specified endpoints were reachable
 ---> System.AggregateException: One or more errors occurred. (Connection failed)
 ---> RabbitMQ.Client.Exceptions.ConnectFailureException: Connection failed
 ---> System.TimeoutException: The operation has timed out.
   at RabbitMQ.Client.Impl.TaskExtensions.TimeoutAfter(Task task, TimeSpan timeout)
   at RabbitMQ.Client.Impl.SocketFrameHandler.ConnectOrFail(ITcpClient socket, AmqpTcpEndpoint endpoint, TimeSpan timeout)
   --- End of inner exception stack trace ---
   at RabbitMQ.Client.Impl.SocketFrameHandler.ConnectOrFail(ITcpClient socket, AmqpTcpEndpoint endpoint, TimeSpan timeout)
   at RabbitMQ.Client.Impl.SocketFrameHandler.ConnectUsingAddressFamily(AmqpTcpEndpoint endpoint, Func`2 socketFactory, TimeSpan timeout, AddressFamily family)
   at RabbitMQ.Client.Impl.SocketFrameHandler.ConnectUsingIPv4(AmqpTcpEndpoint endpoint, Func`2 socketFactory, TimeSpan timeout)
   at RabbitMQ.Client.Impl.SocketFrameHandler..ctor(AmqpTcpEndpoint endpoint, Func`2 socketFactory, TimeSpan connectionTimeout, TimeSpan readTimeout, TimeSpan writeTimeout)
   at RabbitMQ.Client.Framing.Impl.IProtocolExtensions.CreateFrameHandler(IProtocol protocol, AmqpTcpEndpoint endpoint, ArrayPool`1 pool, Func`2 socketFactory, TimeSpan connectionTimeout, TimeSpan readTimeout, TimeSpan writeTimeout)
   at RabbitMQ.Client.ConnectionFactory.CreateFrameHandler(AmqpTcpEndpoint endpoint)
   at RabbitMQ.Client.EndpointResolverExtensions.SelectOne[T](IEndpointResolver resolver, Func`2 selector)
   --- End of inner exception stack trace ---
   at RabbitMQ.Client.EndpointResolverExtensions.SelectOne[T](IEndpointResolver resolver, Func`2 selector)
   at RabbitMQ.Client.ConnectionFactory.CreateConnection(IEndpointResolver endpointResolver, String clientProvidedName)
   --- End of inner exception stack trace ---
   at RabbitMQ.Client.ConnectionFactory.CreateConnection(IEndpointResolver endpointResolver, String clientProvidedName)
   at RabbitMQ.Client.ConnectionFactory.CreateConnection(IList`1 hostnames, String clientProvidedName)
   at MassTransit.RabbitMqTransport.ConnectionContextFactory.CreateConnection(ISupervisor supervisor) in /_/src/Transports/MassTransit.RabbitMqTransport/RabbitMqTransport/ConnectionContextFactory.cs:line 86
2026-07-24 16:30:53.757 +05:30 [INF] HealthAxis API heartbeat running at "2026-07-24T16:30:53.7569803+05:30"
2026-07-24 16:31:03.769 +05:30 [INF] HealthAxis API heartbeat running at "2026-07-24T16:31:03.7695249+05:30"
2026-07-24 16:31:13.774 +05:30 [INF] HealthAxis API heartbeat running at "2026-07-24T16:31:13.7743729+05:30"
2026-07-24 16:31:23.791 +05:30 [INF] HealthAxis API heartbeat running at "2026-07-24T16:31:23.7916634+05:30"
2026-07-24 16:31:29.351 +05:30 [WRN] Connection Failed: "rabbitmq://172.31.11.165/"
RabbitMQ.Client.Exceptions.BrokerUnreachableException: None of the specified endpoints were reachable
 ---> System.AggregateException: One or more errors occurred. (Connection failed)
 ---> RabbitMQ.Client.Exceptions.ConnectFailureException: Connection failed
 ---> System.TimeoutException: The operation has timed out.
   at RabbitMQ.Client.Impl.TaskExtensions.TimeoutAfter(Task task, TimeSpan timeout)
   at RabbitMQ.Client.Impl.SocketFrameHandler.ConnectOrFail(ITcpClient socket, AmqpTcpEndpoint endpoint, TimeSpan timeout)
   --- End of inner exception stack trace ---
   at RabbitMQ.Client.Impl.SocketFrameHandler.ConnectOrFail(ITcpClient socket, AmqpTcpEndpoint endpoint, TimeSpan timeout)
   at RabbitMQ.Client.Impl.SocketFrameHandler.ConnectUsingAddressFamily(AmqpTcpEndpoint endpoint, Func`2 socketFactory, TimeSpan timeout, AddressFamily family)
   at RabbitMQ.Client.Impl.SocketFrameHandler.ConnectUsingIPv4(AmqpTcpEndpoint endpoint, Func`2 socketFactory, TimeSpan timeout)
   at RabbitMQ.Client.Impl.SocketFrameHandler..ctor(AmqpTcpEndpoint endpoint, Func`2 socketFactory, TimeSpan connectionTimeout, TimeSpan readTimeout, TimeSpan writeTimeout)
   at RabbitMQ.Client.Framing.Impl.IProtocolExtensions.CreateFrameHandler(IProtocol protocol, AmqpTcpEndpoint endpoint, ArrayPool`1 pool, Func`2 socketFactory, TimeSpan connectionTimeout, TimeSpan readTimeout, TimeSpan writeTimeout)
   at RabbitMQ.Client.ConnectionFactory.CreateFrameHandler(AmqpTcpEndpoint endpoint)
   at RabbitMQ.Client.EndpointResolverExtensions.SelectOne[T](IEndpointResolver resolver, Func`2 selector)
   --- End of inner exception stack trace ---
   at RabbitMQ.Client.EndpointResolverExtensions.SelectOne[T](IEndpointResolver resolver, Func`2 selector)
   at RabbitMQ.Client.ConnectionFactory.CreateConnection(IEndpointResolver endpointResolver, String clientProvidedName)
   --- End of inner exception stack trace ---
   at RabbitMQ.Client.ConnectionFactory.CreateConnection(IEndpointResolver endpointResolver, String clientProvidedName)
   at RabbitMQ.Client.ConnectionFactory.CreateConnection(IList`1 hostnames, String clientProvidedName)
   at MassTransit.RabbitMqTransport.ConnectionContextFactory.CreateConnection(ISupervisor supervisor) in /_/src/Transports/MassTransit.RabbitMqTransport/RabbitMqTransport/ConnectionContextFactory.cs:line 86
2026-07-24 16:31:33.803 +05:30 [INF] HealthAxis API heartbeat running at "2026-07-24T16:31:33.8030459+05:30"
2026-07-24 16:31:43.819 +05:30 [INF] HealthAxis API heartbeat running at "2026-07-24T16:31:43.8195670+05:30"
2026-07-24 16:31:53.822 +05:30 [INF] HealthAxis API heartbeat running at "2026-07-24T16:31:53.8221825+05:30"
2026-07-24 16:32:03.825 +05:30 [INF] HealthAxis API heartbeat running at "2026-07-24T16:32:03.8258220+05:30"
2026-07-24 16:32:10.369 +05:30 [WRN] Connection Failed: "rabbitmq://172.31.11.165/"
RabbitMQ.Client.Exceptions.BrokerUnreachableException: None of the specified endpoints were reachable
 ---> System.AggregateException: One or more errors occurred. (Connection failed)
 ---> RabbitMQ.Client.Exceptions.ConnectFailureException: Connection failed
 ---> System.TimeoutException: The operation has timed out.
   at RabbitMQ.Client.Impl.TaskExtensions.TimeoutAfter(Task task, TimeSpan timeout)
   at RabbitMQ.Client.Impl.SocketFrameHandler.ConnectOrFail(ITcpClient socket, AmqpTcpEndpoint endpoint, TimeSpan timeout)
   --- End of inner exception stack trace ---
   at RabbitMQ.Client.Impl.SocketFrameHandler.ConnectOrFail(ITcpClient socket, AmqpTcpEndpoint endpoint, TimeSpan timeout)
   at RabbitMQ.Client.Impl.SocketFrameHandler.ConnectUsingAddressFamily(AmqpTcpEndpoint endpoint, Func`2 socketFactory, TimeSpan timeout, AddressFamily family)
   at RabbitMQ.Client.Impl.SocketFrameHandler.ConnectUsingIPv4(AmqpTcpEndpoint endpoint, Func`2 socketFactory, TimeSpan timeout)
   at RabbitMQ.Client.Impl.SocketFrameHandler..ctor(AmqpTcpEndpoint endpoint, Func`2 socketFactory, TimeSpan connectionTimeout, TimeSpan readTimeout, TimeSpan writeTimeout)
   at RabbitMQ.Client.Framing.Impl.IProtocolExtensions.CreateFrameHandler(IProtocol protocol, AmqpTcpEndpoint endpoint, ArrayPool`1 pool, Func`2 socketFactory, TimeSpan connectionTimeout, TimeSpan readTimeout, TimeSpan writeTimeout)
   at RabbitMQ.Client.ConnectionFactory.CreateFrameHandler(AmqpTcpEndpoint endpoint)
   at RabbitMQ.Client.EndpointResolverExtensions.SelectOne[T](IEndpointResolver resolver, Func`2 selector)
   --- End of inner exception stack trace ---
   at RabbitMQ.Client.EndpointResolverExtensions.SelectOne[T](IEndpointResolver resolver, Func`2 selector)
   at RabbitMQ.Client.ConnectionFactory.CreateConnection(IEndpointResolver endpointResolver, String clientProvidedName)
   --- End of inner exception stack trace ---
   at RabbitMQ.Client.ConnectionFactory.CreateConnection(IEndpointResolver endpointResolver, String clientProvidedName)
   at RabbitMQ.Client.ConnectionFactory.CreateConnection(IList`1 hostnames, String clientProvidedName)
   at MassTransit.RabbitMqTransport.ConnectionContextFactory.CreateConnection(ISupervisor supervisor) in /_/src/Transports/MassTransit.RabbitMqTransport/RabbitMqTransport/ConnectionContextFactory.cs:line 86
2026-07-24 16:32:13.833 +05:30 [INF] HealthAxis API heartbeat running at "2026-07-24T16:32:13.8331163+05:30"
2026-07-24 16:32:23.848 +05:30 [INF] HealthAxis API heartbeat running at "2026-07-24T16:32:23.8488656+05:30"
2026-07-24 16:32:33.851 +05:30 [INF] HealthAxis API heartbeat running at "2026-07-24T16:32:33.8515486+05:30"
2026-07-24 16:32:43.854 +05:30 [INF] HealthAxis API heartbeat running at "2026-07-24T16:32:43.8542923+05:30"
2026-07-24 16:32:51.404 +05:30 [WRN] Connection Failed: "rabbitmq://172.31.11.165/"
RabbitMQ.Client.Exceptions.BrokerUnreachableException: None of the specified endpoints were reachable
 ---> System.AggregateException: One or more errors occurred. (Connection failed)
 ---> RabbitMQ.Client.Exceptions.ConnectFailureException: Connection failed
 ---> System.TimeoutException: The operation has timed out.
   at RabbitMQ.Client.Impl.TaskExtensions.TimeoutAfter(Task task, TimeSpan timeout)
   at RabbitMQ.Client.Impl.SocketFrameHandler.ConnectOrFail(ITcpClient socket, AmqpTcpEndpoint endpoint, TimeSpan timeout)
   --- End of inner exception stack trace ---
   at RabbitMQ.Client.Impl.SocketFrameHandler.ConnectOrFail(ITcpClient socket, AmqpTcpEndpoint endpoint, TimeSpan timeout)
   at RabbitMQ.Client.Impl.SocketFrameHandler.ConnectUsingAddressFamily(AmqpTcpEndpoint endpoint, Func`2 socketFactory, TimeSpan timeout, AddressFamily family)
   at RabbitMQ.Client.Impl.SocketFrameHandler.ConnectUsingIPv4(AmqpTcpEndpoint endpoint, Func`2 socketFactory, TimeSpan timeout)
   at RabbitMQ.Client.Impl.SocketFrameHandler..ctor(AmqpTcpEndpoint endpoint, Func`2 socketFactory, TimeSpan connectionTimeout, TimeSpan readTimeout, TimeSpan writeTimeout)
   at RabbitMQ.Client.Framing.Impl.IProtocolExtensions.CreateFrameHandler(IProtocol protocol, AmqpTcpEndpoint endpoint, ArrayPool`1 pool, Func`2 socketFactory, TimeSpan connectionTimeout, TimeSpan readTimeout, TimeSpan writeTimeout)
   at RabbitMQ.Client.ConnectionFactory.CreateFrameHandler(AmqpTcpEndpoint endpoint)
   at RabbitMQ.Client.EndpointResolverExtensions.SelectOne[T](IEndpointResolver resolver, Func`2 selector)
   --- End of inner exception stack trace ---
   at RabbitMQ.Client.EndpointResolverExtensions.SelectOne[T](IEndpointResolver resolver, Func`2 selector)
   at RabbitMQ.Client.ConnectionFactory.CreateConnection(IEndpointResolver endpointResolver, String clientProvidedName)
   --- End of inner exception stack trace ---
   at RabbitMQ.Client.ConnectionFactory.CreateConnection(IEndpointResolver endpointResolver, String clientProvidedName)
   at RabbitMQ.Client.ConnectionFactory.CreateConnection(IList`1 hostnames, String clientProvidedName)
   at MassTransit.RabbitMqTransport.ConnectionContextFactory.CreateConnection(ISupervisor supervisor) in /_/src/Transports/MassTransit.RabbitMqTransport/RabbitMqTransport/ConnectionContextFactory.cs:line 86
2026-07-24 16:32:53.859 +05:30 [INF] HealthAxis API heartbeat running at "2026-07-24T16:32:53.8592785+05:30"
2026-07-24 16:33:03.868 +05:30 [INF] HealthAxis API heartbeat running at "2026-07-24T16:33:03.8680489+05:30"
2026-07-24 16:33:13.880 +05:30 [INF] HealthAxis API heartbeat running at "2026-07-24T16:33:13.8808844+05:30"
2026-07-24 16:33:23.891 +05:30 [INF] HealthAxis API heartbeat running at "2026-07-24T16:33:23.8913846+05:30"
2026-07-24 16:33:32.446 +05:30 [WRN] Connection Failed: "rabbitmq://172.31.11.165/"
RabbitMQ.Client.Exceptions.BrokerUnreachableException: None of the specified endpoints were reachable
 ---> System.AggregateException: One or more errors occurred. (Connection failed)
 ---> RabbitMQ.Client.Exceptions.ConnectFailureException: Connection failed
 ---> System.TimeoutException: The operation has timed out.
   at RabbitMQ.Client.Impl.TaskExtensions.TimeoutAfter(Task task, TimeSpan timeout)
   at RabbitMQ.Client.Impl.SocketFrameHandler.ConnectOrFail(ITcpClient socket, AmqpTcpEndpoint endpoint, TimeSpan timeout)
   --- End of inner exception stack trace ---
   at RabbitMQ.Client.Impl.SocketFrameHandler.ConnectOrFail(ITcpClient socket, AmqpTcpEndpoint endpoint, TimeSpan timeout)
   at RabbitMQ.Client.Impl.SocketFrameHandler.ConnectUsingAddressFamily(AmqpTcpEndpoint endpoint, Func`2 socketFactory, TimeSpan timeout, AddressFamily family)
   at RabbitMQ.Client.Impl.SocketFrameHandler.ConnectUsingIPv4(AmqpTcpEndpoint endpoint, Func`2 socketFactory, TimeSpan timeout)
   at RabbitMQ.Client.Impl.SocketFrameHandler..ctor(AmqpTcpEndpoint endpoint, Func`2 socketFactory, TimeSpan connectionTimeout, TimeSpan readTimeout, TimeSpan writeTimeout)
   at RabbitMQ.Client.Framing.Impl.IProtocolExtensions.CreateFrameHandler(IProtocol protocol, AmqpTcpEndpoint endpoint, ArrayPool`1 pool, Func`2 socketFactory, TimeSpan connectionTimeout, TimeSpan readTimeout, TimeSpan writeTimeout)
   at RabbitMQ.Client.ConnectionFactory.CreateFrameHandler(AmqpTcpEndpoint endpoint)
   at RabbitMQ.Client.EndpointResolverExtensions.SelectOne[T](IEndpointResolver resolver, Func`2 selector)
   --- End of inner exception stack trace ---
   at RabbitMQ.Client.EndpointResolverExtensions.SelectOne[T](IEndpointResolver resolver, Func`2 selector)
   at RabbitMQ.Client.ConnectionFactory.CreateConnection(IEndpointResolver endpointResolver, String clientProvidedName)
   --- End of inner exception stack trace ---
   at RabbitMQ.Client.ConnectionFactory.CreateConnection(IEndpointResolver endpointResolver, String clientProvidedName)
   at RabbitMQ.Client.ConnectionFactory.CreateConnection(IList`1 hostnames, String clientProvidedName)
   at MassTransit.RabbitMqTransport.ConnectionContextFactory.CreateConnection(ISupervisor supervisor) in /_/src/Transports/MassTransit.RabbitMqTransport/RabbitMqTransport/ConnectionContextFactory.cs:line 86
2026-07-24 16:33:33.907 +05:30 [INF] HealthAxis API heartbeat running at "2026-07-24T16:33:33.9077896+05:30"
2026-07-24 16:33:43.921 +05:30 [INF] HealthAxis API heartbeat running at "2026-07-24T16:33:43.9210179+05:30"
2026-07-24 16:33:53.927 +05:30 [INF] HealthAxis API heartbeat running at "2026-07-24T16:33:53.9275177+05:30"
2026-07-24 16:34:03.940 +05:30 [INF] HealthAxis API heartbeat running at "2026-07-24T16:34:03.9400875+05:30"
2026-07-24 16:34:13.463 +05:30 [WRN] Connection Failed: "rabbitmq://172.31.11.165/"
RabbitMQ.Client.Exceptions.BrokerUnreachableException: None of the specified endpoints were reachable
 ---> System.AggregateException: One or more errors occurred. (Connection failed)
 ---> RabbitMQ.Client.Exceptions.ConnectFailureException: Connection failed
 ---> System.TimeoutException: The operation has timed out.
   at RabbitMQ.Client.Impl.TaskExtensions.TimeoutAfter(Task task, TimeSpan timeout)
   at RabbitMQ.Client.Impl.SocketFrameHandler.ConnectOrFail(ITcpClient socket, AmqpTcpEndpoint endpoint, TimeSpan timeout)
   --- End of inner exception stack trace ---
   at RabbitMQ.Client.Impl.SocketFrameHandler.ConnectOrFail(ITcpClient socket, AmqpTcpEndpoint endpoint, TimeSpan timeout)
   at RabbitMQ.Client.Impl.SocketFrameHandler.ConnectUsingAddressFamily(AmqpTcpEndpoint endpoint, Func`2 socketFactory, TimeSpan timeout, AddressFamily family)
   at RabbitMQ.Client.Impl.SocketFrameHandler.ConnectUsingIPv4(AmqpTcpEndpoint endpoint, Func`2 socketFactory, TimeSpan timeout)
   at RabbitMQ.Client.Impl.SocketFrameHandler..ctor(AmqpTcpEndpoint endpoint, Func`2 socketFactory, TimeSpan connectionTimeout, TimeSpan readTimeout, TimeSpan writeTimeout)
   at RabbitMQ.Client.Framing.Impl.IProtocolExtensions.CreateFrameHandler(IProtocol protocol, AmqpTcpEndpoint endpoint, ArrayPool`1 pool, Func`2 socketFactory, TimeSpan connectionTimeout, TimeSpan readTimeout, TimeSpan writeTimeout)
   at RabbitMQ.Client.ConnectionFactory.CreateFrameHandler(AmqpTcpEndpoint endpoint)
   at RabbitMQ.Client.EndpointResolverExtensions.SelectOne[T](IEndpointResolver resolver, Func`2 selector)
   --- End of inner exception stack trace ---
   at RabbitMQ.Client.EndpointResolverExtensions.SelectOne[T](IEndpointResolver resolver, Func`2 selector)
   at RabbitMQ.Client.ConnectionFactory.CreateConnection(IEndpointResolver endpointResolver, String clientProvidedName)
   --- End of inner exception stack trace ---
   at RabbitMQ.Client.ConnectionFactory.CreateConnection(IEndpointResolver endpointResolver, String clientProvidedName)
   at RabbitMQ.Client.ConnectionFactory.CreateConnection(IList`1 hostnames, String clientProvidedName)
   at MassTransit.RabbitMqTransport.ConnectionContextFactory.CreateConnection(ISupervisor supervisor) in /_/src/Transports/MassTransit.RabbitMqTransport/RabbitMqTransport/ConnectionContextFactory.cs:line 86
2026-07-24 16:34:13.948 +05:30 [INF] HealthAxis API heartbeat running at "2026-07-24T16:34:13.9486681+05:30"
2026-07-24 16:34:23.938 +05:30 [INF] HTTP POST /api/auth/login responded 200 in 367.4837 ms
2026-07-24 16:34:23.953 +05:30 [INF] HealthAxis API heartbeat running at "2026-07-24T16:34:23.9532085+05:30"
2026-07-24 16:34:23.959 +05:30 [INF] HTTP GET /blazor/admin-token-login responded 200 in 1.0236 ms
2026-07-24 16:34:24.535 +05:30 [INF] HTTP GET /api/admin/doctors responded 200 in 18.4689 ms
2026-07-24 16:34:24.593 +05:30 [INF] HTTP GET /api/patients responded 200 in 7.0294 ms
2026-07-24 16:34:24.627 +05:30 [INF] HTTP GET /api/appointments responded 200 in 5.5950 ms
2026-07-24 16:34:26.610 +05:30 [INF] HTTP GET /angular/login responded 200 in 1.0750 ms
2026-07-24 16:34:33.967 +05:30 [INF] HealthAxis API heartbeat running at "2026-07-24T16:34:33.9675012+05:30"
2026-07-24 16:34:43.968 +05:30 [INF] HealthAxis API heartbeat running at "2026-07-24T16:34:43.9682454+05:30"
2026-07-24 16:34:44.235 +05:30 [INF] HTTP POST /api/auth/login responded 200 in 119.3253 ms
2026-07-24 16:34:44.268 +05:30 [INF] HTTP GET /api/patients/me responded 200 in 20.5235 ms
2026-07-24 16:34:44.273 +05:30 [INF] HTTP GET /api/patients/me responded 200 in 2.6859 ms
2026-07-24 16:34:44.282 +05:30 [INF] HTTP GET /api/appointments responded 200 in 3.6723 ms
2026-07-24 16:34:44.292 +05:30 [INF] HTTP GET /api/doctors responded 200 in 14.0554 ms
2026-07-24 16:34:44.353 +05:30 [INF] HTTP GET /api/patients/1006/health-records responded 200 in 73.5427 ms
2026-07-24 16:34:46.236 +05:30 [INF] HTTP GET /api/doctors responded 200 in 4.7584 ms
2026-07-24 16:34:53.975 +05:30 [INF] HealthAxis API heartbeat running at "2026-07-24T16:34:53.9753031+05:30"
2026-07-24 16:34:54.505 +05:30 [WRN] Connection Failed: "rabbitmq://172.31.11.165/"
RabbitMQ.Client.Exceptions.BrokerUnreachableException: None of the specified endpoints were reachable
 ---> System.AggregateException: One or more errors occurred. (Connection failed)
 ---> RabbitMQ.Client.Exceptions.ConnectFailureException: Connection failed
 ---> System.TimeoutException: The operation has timed out.
   at RabbitMQ.Client.Impl.TaskExtensions.TimeoutAfter(Task task, TimeSpan timeout)
   at RabbitMQ.Client.Impl.SocketFrameHandler.ConnectOrFail(ITcpClient socket, AmqpTcpEndpoint endpoint, TimeSpan timeout)
   --- End of inner exception stack trace ---
   at RabbitMQ.Client.Impl.SocketFrameHandler.ConnectOrFail(ITcpClient socket, AmqpTcpEndpoint endpoint, TimeSpan timeout)
   at RabbitMQ.Client.Impl.SocketFrameHandler.ConnectUsingAddressFamily(AmqpTcpEndpoint endpoint, Func`2 socketFactory, TimeSpan timeout, AddressFamily family)
   at RabbitMQ.Client.Impl.SocketFrameHandler.ConnectUsingIPv4(AmqpTcpEndpoint endpoint, Func`2 socketFactory, TimeSpan timeout)
   at RabbitMQ.Client.Impl.SocketFrameHandler..ctor(AmqpTcpEndpoint endpoint, Func`2 socketFactory, TimeSpan connectionTimeout, TimeSpan readTimeout, TimeSpan writeTimeout)
   at RabbitMQ.Client.Framing.Impl.IProtocolExtensions.CreateFrameHandler(IProtocol protocol, AmqpTcpEndpoint endpoint, ArrayPool`1 pool, Func`2 socketFactory, TimeSpan connectionTimeout, TimeSpan readTimeout, TimeSpan writeTimeout)
   at RabbitMQ.Client.ConnectionFactory.CreateFrameHandler(AmqpTcpEndpoint endpoint)
   at RabbitMQ.Client.EndpointResolverExtensions.SelectOne[T](IEndpointResolver resolver, Func`2 selector)
   --- End of inner exception stack trace ---
   at RabbitMQ.Client.EndpointResolverExtensions.SelectOne[T](IEndpointResolver resolver, Func`2 selector)
   at RabbitMQ.Client.ConnectionFactory.CreateConnection(IEndpointResolver endpointResolver, String clientProvidedName)
   --- End of inner exception stack trace ---
   at RabbitMQ.Client.ConnectionFactory.CreateConnection(IEndpointResolver endpointResolver, String clientProvidedName)
   at RabbitMQ.Client.ConnectionFactory.CreateConnection(IList`1 hostnames, String clientProvidedName)
   at MassTransit.RabbitMqTransport.ConnectionContextFactory.CreateConnection(ISupervisor supervisor) in /_/src/Transports/MassTransit.RabbitMqTransport/RabbitMqTransport/ConnectionContextFactory.cs:line 86
2026-07-24 16:34:55.296 +05:30 [INF] HTTP GET /api/doctors/4/availability responded 200 in 42.9213 ms
2026-07-24 16:35:03.978 +05:30 [INF] HealthAxis API heartbeat running at "2026-07-24T16:35:03.9785419+05:30"
2026-07-24 16:35:08.699 +05:30 [WRN] Connection Failed: "rabbitmq://172.31.11.165/"
RabbitMQ.Client.Exceptions.BrokerUnreachableException: None of the specified endpoints were reachable
 ---> System.AggregateException: One or more errors occurred. (Connection failed)
 ---> RabbitMQ.Client.Exceptions.ConnectFailureException: Connection failed
 ---> System.TimeoutException: The operation has timed out.
   at RabbitMQ.Client.Impl.TaskExtensions.TimeoutAfter(Task task, TimeSpan timeout)
   at RabbitMQ.Client.Impl.SocketFrameHandler.ConnectOrFail(ITcpClient socket, AmqpTcpEndpoint endpoint, TimeSpan timeout)
   --- End of inner exception stack trace ---
   at RabbitMQ.Client.Impl.SocketFrameHandler.ConnectOrFail(ITcpClient socket, AmqpTcpEndpoint endpoint, TimeSpan timeout)
   at RabbitMQ.Client.Impl.SocketFrameHandler.ConnectUsingAddressFamily(AmqpTcpEndpoint endpoint, Func`2 socketFactory, TimeSpan timeout, AddressFamily family)
   at RabbitMQ.Client.Impl.SocketFrameHandler.ConnectUsingIPv4(AmqpTcpEndpoint endpoint, Func`2 socketFactory, TimeSpan timeout)
   at RabbitMQ.Client.Impl.SocketFrameHandler..ctor(AmqpTcpEndpoint endpoint, Func`2 socketFactory, TimeSpan connectionTimeout, TimeSpan readTimeout, TimeSpan writeTimeout)
   at RabbitMQ.Client.Framing.Impl.IProtocolExtensions.CreateFrameHandler(IProtocol protocol, AmqpTcpEndpoint endpoint, ArrayPool`1 pool, Func`2 socketFactory, TimeSpan connectionTimeout, TimeSpan readTimeout, TimeSpan writeTimeout)
   at RabbitMQ.Client.ConnectionFactory.CreateFrameHandler(AmqpTcpEndpoint endpoint)
   at RabbitMQ.Client.EndpointResolverExtensions.SelectOne[T](IEndpointResolver resolver, Func`2 selector)
   --- End of inner exception stack trace ---
   at RabbitMQ.Client.EndpointResolverExtensions.SelectOne[T](IEndpointResolver resolver, Func`2 selector)
   at RabbitMQ.Client.ConnectionFactory.CreateConnection(IEndpointResolver endpointResolver, String clientProvidedName)
   --- End of inner exception stack trace ---
   at RabbitMQ.Client.ConnectionFactory.CreateConnection(IEndpointResolver endpointResolver, String clientProvidedName)
   at RabbitMQ.Client.ConnectionFactory.CreateConnection(IList`1 hostnames, String clientProvidedName)
   at MassTransit.RabbitMqTransport.ConnectionContextFactory.CreateConnection(ISupervisor supervisor) in /_/src/Transports/MassTransit.RabbitMqTransport/RabbitMqTransport/ConnectionContextFactory.cs:line 86
2026-07-24 16:35:13.982 +05:30 [INF] HealthAxis API heartbeat running at "2026-07-24T16:35:13.9822126+05:30"
2026-07-24 16:35:23.991 +05:30 [INF] HealthAxis API heartbeat running at "2026-07-24T16:35:23.9911143+05:30"
2026-07-24 16:35:26.226 +05:30 [WRN] Connection Failed: "rabbitmq://172.31.11.165/"
RabbitMQ.Client.Exceptions.BrokerUnreachableException: None of the specified endpoints were reachable
 ---> System.AggregateException: One or more errors occurred. (Connection failed)
 ---> RabbitMQ.Client.Exceptions.ConnectFailureException: Connection failed
 ---> System.TimeoutException: The operation has timed out.
   at RabbitMQ.Client.Impl.TaskExtensions.TimeoutAfter(Task task, TimeSpan timeout)
   at RabbitMQ.Client.Impl.SocketFrameHandler.ConnectOrFail(ITcpClient socket, AmqpTcpEndpoint endpoint, TimeSpan timeout)
   --- End of inner exception stack trace ---
   at RabbitMQ.Client.Impl.SocketFrameHandler.ConnectOrFail(ITcpClient socket, AmqpTcpEndpoint endpoint, TimeSpan timeout)
   at RabbitMQ.Client.Impl.SocketFrameHandler.ConnectUsingAddressFamily(AmqpTcpEndpoint endpoint, Func`2 socketFactory, TimeSpan timeout, AddressFamily family)
   at RabbitMQ.Client.Impl.SocketFrameHandler.ConnectUsingIPv4(AmqpTcpEndpoint endpoint, Func`2 socketFactory, TimeSpan timeout)
   at RabbitMQ.Client.Impl.SocketFrameHandler..ctor(AmqpTcpEndpoint endpoint, Func`2 socketFactory, TimeSpan connectionTimeout, TimeSpan readTimeout, TimeSpan writeTimeout)
   at RabbitMQ.Client.Framing.Impl.IProtocolExtensions.CreateFrameHandler(IProtocol protocol, AmqpTcpEndpoint endpoint, ArrayPool`1 pool, Func`2 socketFactory, TimeSpan connectionTimeout, TimeSpan readTimeout, TimeSpan writeTimeout)
   at RabbitMQ.Client.ConnectionFactory.CreateFrameHandler(AmqpTcpEndpoint endpoint)
   at RabbitMQ.Client.EndpointResolverExtensions.SelectOne[T](IEndpointResolver resolver, Func`2 selector)
   --- End of inner exception stack trace ---
   at RabbitMQ.Client.EndpointResolverExtensions.SelectOne[T](IEndpointResolver resolver, Func`2 selector)
   at RabbitMQ.Client.ConnectionFactory.CreateConnection(IEndpointResolver endpointResolver, String clientProvidedName)
   --- End of inner exception stack trace ---
   at RabbitMQ.Client.ConnectionFactory.CreateConnection(IEndpointResolver endpointResolver, String clientProvidedName)
   at RabbitMQ.Client.ConnectionFactory.CreateConnection(IList`1 hostnames, String clientProvidedName)
   at MassTransit.RabbitMqTransport.ConnectionContextFactory.CreateConnection(ISupervisor supervisor) in /_/src/Transports/MassTransit.RabbitMqTransport/RabbitMqTransport/ConnectionContextFactory.cs:line 86
2026-07-24 16:35:33.993 +05:30 [INF] HealthAxis API heartbeat running at "2026-07-24T16:35:33.9931129+05:30"
2026-07-24 16:35:44.009 +05:30 [INF] HealthAxis API heartbeat running at "2026-07-24T16:35:44.0091312+05:30"
2026-07-24 16:35:47.323 +05:30 [WRN] Connection Failed: "rabbitmq://172.31.11.165/"
RabbitMQ.Client.Exceptions.BrokerUnreachableException: None of the specified endpoints were reachable
 ---> System.AggregateException: One or more errors occurred. (Connection failed)
 ---> RabbitMQ.Client.Exceptions.ConnectFailureException: Connection failed
 ---> System.TimeoutException: The operation has timed out.
   at RabbitMQ.Client.Impl.TaskExtensions.TimeoutAfter(Task task, TimeSpan timeout)
   at RabbitMQ.Client.Impl.SocketFrameHandler.ConnectOrFail(ITcpClient socket, AmqpTcpEndpoint endpoint, TimeSpan timeout)
   --- End of inner exception stack trace ---
   at RabbitMQ.Client.Impl.SocketFrameHandler.ConnectOrFail(ITcpClient socket, AmqpTcpEndpoint endpoint, TimeSpan timeout)
   at RabbitMQ.Client.Impl.SocketFrameHandler.ConnectUsingAddressFamily(AmqpTcpEndpoint endpoint, Func`2 socketFactory, TimeSpan timeout, AddressFamily family)
   at RabbitMQ.Client.Impl.SocketFrameHandler.ConnectUsingIPv4(AmqpTcpEndpoint endpoint, Func`2 socketFactory, TimeSpan timeout)
   at RabbitMQ.Client.Impl.SocketFrameHandler..ctor(AmqpTcpEndpoint endpoint, Func`2 socketFactory, TimeSpan connectionTimeout, TimeSpan readTimeout, TimeSpan writeTimeout)
   at RabbitMQ.Client.Framing.Impl.IProtocolExtensions.CreateFrameHandler(IProtocol protocol, AmqpTcpEndpoint endpoint, ArrayPool`1 pool, Func`2 socketFactory, TimeSpan connectionTimeout, TimeSpan readTimeout, TimeSpan writeTimeout)
   at RabbitMQ.Client.ConnectionFactory.CreateFrameHandler(AmqpTcpEndpoint endpoint)
   at RabbitMQ.Client.EndpointResolverExtensions.SelectOne[T](IEndpointResolver resolver, Func`2 selector)
   --- End of inner exception stack trace ---
   at RabbitMQ.Client.EndpointResolverExtensions.SelectOne[T](IEndpointResolver resolver, Func`2 selector)
   at RabbitMQ.Client.ConnectionFactory.CreateConnection(IEndpointResolver endpointResolver, String clientProvidedName)
   --- End of inner exception stack trace ---
   at RabbitMQ.Client.ConnectionFactory.CreateConnection(IEndpointResolver endpointResolver, String clientProvidedName)
   at RabbitMQ.Client.ConnectionFactory.CreateConnection(IList`1 hostnames, String clientProvidedName)
   at MassTransit.RabbitMqTransport.ConnectionContextFactory.CreateConnection(ISupervisor supervisor) in /_/src/Transports/MassTransit.RabbitMqTransport/RabbitMqTransport/ConnectionContextFactory.cs:line 86
2026-07-24 16:35:54.020 +05:30 [INF] HealthAxis API heartbeat running at "2026-07-24T16:35:54.0208136+05:30"
2026-07-24 16:36:04.027 +05:30 [INF] HealthAxis API heartbeat running at "2026-07-24T16:36:04.0277388+05:30"
2026-07-24 16:36:07.242 +05:30 [WRN] Connection Failed: "rabbitmq://172.31.11.165/"
RabbitMQ.Client.Exceptions.BrokerUnreachableException: None of the specified endpoints were reachable
 ---> System.AggregateException: One or more errors occurred. (Connection failed)
 ---> RabbitMQ.Client.Exceptions.ConnectFailureException: Connection failed
 ---> System.TimeoutException: The operation has timed out.
   at RabbitMQ.Client.Impl.TaskExtensions.TimeoutAfter(Task task, TimeSpan timeout)
   at RabbitMQ.Client.Impl.SocketFrameHandler.ConnectOrFail(ITcpClient socket, AmqpTcpEndpoint endpoint, TimeSpan timeout)
   --- End of inner exception stack trace ---
   at RabbitMQ.Client.Impl.SocketFrameHandler.ConnectOrFail(ITcpClient socket, AmqpTcpEndpoint endpoint, TimeSpan timeout)
   at RabbitMQ.Client.Impl.SocketFrameHandler.ConnectUsingAddressFamily(AmqpTcpEndpoint endpoint, Func`2 socketFactory, TimeSpan timeout, AddressFamily family)
   at RabbitMQ.Client.Impl.SocketFrameHandler.ConnectUsingIPv4(AmqpTcpEndpoint endpoint, Func`2 socketFactory, TimeSpan timeout)
   at RabbitMQ.Client.Impl.SocketFrameHandler..ctor(AmqpTcpEndpoint endpoint, Func`2 socketFactory, TimeSpan connectionTimeout, TimeSpan readTimeout, TimeSpan writeTimeout)
   at RabbitMQ.Client.Framing.Impl.IProtocolExtensions.CreateFrameHandler(IProtocol protocol, AmqpTcpEndpoint endpoint, ArrayPool`1 pool, Func`2 socketFactory, TimeSpan connectionTimeout, TimeSpan readTimeout, TimeSpan writeTimeout)
   at RabbitMQ.Client.ConnectionFactory.CreateFrameHandler(AmqpTcpEndpoint endpoint)
   at RabbitMQ.Client.EndpointResolverExtensions.SelectOne[T](IEndpointResolver resolver, Func`2 selector)
   --- End of inner exception stack trace ---
   at RabbitMQ.Client.EndpointResolverExtensions.SelectOne[T](IEndpointResolver resolver, Func`2 selector)
   at RabbitMQ.Client.ConnectionFactory.CreateConnection(IEndpointResolver endpointResolver, String clientProvidedName)
   --- End of inner exception stack trace ---
   at RabbitMQ.Client.ConnectionFactory.CreateConnection(IEndpointResolver endpointResolver, String clientProvidedName)
   at RabbitMQ.Client.ConnectionFactory.CreateConnection(IList`1 hostnames, String clientProvidedName)
   at MassTransit.RabbitMqTransport.ConnectionContextFactory.CreateConnection(ISupervisor supervisor) in /_/src/Transports/MassTransit.RabbitMqTransport/RabbitMqTransport/ConnectionContextFactory.cs:line 86
2026-07-24 16:36:14.043 +05:30 [INF] HealthAxis API heartbeat running at "2026-07-24T16:36:14.0431826+05:30"
2026-07-24 16:36:24.045 +05:30 [INF] HealthAxis API heartbeat running at "2026-07-24T16:36:24.0452917+05:30"
2026-07-24 16:36:34.062 +05:30 [INF] HealthAxis API heartbeat running at "2026-07-24T16:36:34.0624824+05:30"
2026-07-24 16:36:44.069 +05:30 [INF] HealthAxis API heartbeat running at "2026-07-24T16:36:44.0698032+05:30"
2026-07-24 16:36:45.300 +05:30 [WRN] Connection Failed: "rabbitmq://172.31.11.165/"
RabbitMQ.Client.Exceptions.BrokerUnreachableException: None of the specified endpoints were reachable
 ---> System.AggregateException: One or more errors occurred. (Connection failed)
 ---> RabbitMQ.Client.Exceptions.ConnectFailureException: Connection failed
 ---> System.TimeoutException: The operation has timed out.
   at RabbitMQ.Client.Impl.TaskExtensions.TimeoutAfter(Task task, TimeSpan timeout)
   at RabbitMQ.Client.Impl.SocketFrameHandler.ConnectOrFail(ITcpClient socket, AmqpTcpEndpoint endpoint, TimeSpan timeout)
   --- End of inner exception stack trace ---
   at RabbitMQ.Client.Impl.SocketFrameHandler.ConnectOrFail(ITcpClient socket, AmqpTcpEndpoint endpoint, TimeSpan timeout)
   at RabbitMQ.Client.Impl.SocketFrameHandler.ConnectUsingAddressFamily(AmqpTcpEndpoint endpoint, Func`2 socketFactory, TimeSpan timeout, AddressFamily family)
   at RabbitMQ.Client.Impl.SocketFrameHandler.ConnectUsingIPv4(AmqpTcpEndpoint endpoint, Func`2 socketFactory, TimeSpan timeout)
   at RabbitMQ.Client.Impl.SocketFrameHandler..ctor(AmqpTcpEndpoint endpoint, Func`2 socketFactory, TimeSpan connectionTimeout, TimeSpan readTimeout, TimeSpan writeTimeout)
   at RabbitMQ.Client.Framing.Impl.IProtocolExtensions.CreateFrameHandler(IProtocol protocol, AmqpTcpEndpoint endpoint, ArrayPool`1 pool, Func`2 socketFactory, TimeSpan connectionTimeout, TimeSpan readTimeout, TimeSpan writeTimeout)
   at RabbitMQ.Client.ConnectionFactory.CreateFrameHandler(AmqpTcpEndpoint endpoint)
   at RabbitMQ.Client.EndpointResolverExtensions.SelectOne[T](IEndpointResolver resolver, Func`2 selector)
   --- End of inner exception stack trace ---
   at RabbitMQ.Client.EndpointResolverExtensions.SelectOne[T](IEndpointResolver resolver, Func`2 selector)
   at RabbitMQ.Client.ConnectionFactory.CreateConnection(IEndpointResolver endpointResolver, String clientProvidedName)
   --- End of inner exception stack trace ---
   at RabbitMQ.Client.ConnectionFactory.CreateConnection(IEndpointResolver endpointResolver, String clientProvidedName)
   at RabbitMQ.Client.ConnectionFactory.CreateConnection(IList`1 hostnames, String clientProvidedName)
   at MassTransit.RabbitMqTransport.ConnectionContextFactory.CreateConnection(ISupervisor supervisor) in /_/src/Transports/MassTransit.RabbitMqTransport/RabbitMqTransport/ConnectionContextFactory.cs:line 86
2026-07-24 16:36:45.524 +05:30 [INF] HTTP POST /api/auth/login responded 200 in 127.7947 ms
2026-07-24 16:36:45.544 +05:30 [INF] HTTP GET /blazor/admin-token-login responded 200 in 0.7756 ms
2026-07-24 16:36:46.004 +05:30 [INF] HTTP GET /api/admin/doctors responded 200 in 21.5139 ms
2026-07-24 16:36:46.056 +05:30 [INF] HTTP GET /api/patients responded 200 in 7.8776 ms
2026-07-24 16:36:46.084 +05:30 [INF] HTTP GET /api/appointments responded 200 in 2.7958 ms
2026-07-24 16:36:47.725 +05:30 [INF] HTTP GET /angular/login responded 200 in 0.7259 ms
2026-07-24 16:36:54.082 +05:30 [INF] HealthAxis API heartbeat running at "2026-07-24T16:36:54.0820220+05:30"
2026-07-24 16:37:04.100 +05:30 [INF] HealthAxis API heartbeat running at "2026-07-24T16:37:04.0999838+05:30"
2026-07-24 16:37:14.109 +05:30 [INF] HealthAxis API heartbeat running at "2026-07-24T16:37:14.1097062+05:30"
2026-07-24 16:37:24.110 +05:30 [INF] HealthAxis API heartbeat running at "2026-07-24T16:37:24.1107085+05:30"
2026-07-24 16:37:26.344 +05:30 [WRN] Connection Failed: "rabbitmq://172.31.11.165/"
RabbitMQ.Client.Exceptions.BrokerUnreachableException: None of the specified endpoints were reachable
 ---> System.AggregateException: One or more errors occurred. (Connection failed)
 ---> RabbitMQ.Client.Exceptions.ConnectFailureException: Connection failed
 ---> System.TimeoutException: The operation has timed out.
   at RabbitMQ.Client.Impl.TaskExtensions.TimeoutAfter(Task task, TimeSpan timeout)
   at RabbitMQ.Client.Impl.SocketFrameHandler.ConnectOrFail(ITcpClient socket, AmqpTcpEndpoint endpoint, TimeSpan timeout)
   --- End of inner exception stack trace ---
   at RabbitMQ.Client.Impl.SocketFrameHandler.ConnectOrFail(ITcpClient socket, AmqpTcpEndpoint endpoint, TimeSpan timeout)
   at RabbitMQ.Client.Impl.SocketFrameHandler.ConnectUsingAddressFamily(AmqpTcpEndpoint endpoint, Func`2 socketFactory, TimeSpan timeout, AddressFamily family)
   at RabbitMQ.Client.Impl.SocketFrameHandler.ConnectUsingIPv4(AmqpTcpEndpoint endpoint, Func`2 socketFactory, TimeSpan timeout)
   at RabbitMQ.Client.Impl.SocketFrameHandler..ctor(AmqpTcpEndpoint endpoint, Func`2 socketFactory, TimeSpan connectionTimeout, TimeSpan readTimeout, TimeSpan writeTimeout)
   at RabbitMQ.Client.Framing.Impl.IProtocolExtensions.CreateFrameHandler(IProtocol protocol, AmqpTcpEndpoint endpoint, ArrayPool`1 pool, Func`2 socketFactory, TimeSpan connectionTimeout, TimeSpan readTimeout, TimeSpan writeTimeout)
   at RabbitMQ.Client.ConnectionFactory.CreateFrameHandler(AmqpTcpEndpoint endpoint)
   at RabbitMQ.Client.EndpointResolverExtensions.SelectOne[T](IEndpointResolver resolver, Func`2 selector)
   --- End of inner exception stack trace ---
   at RabbitMQ.Client.EndpointResolverExtensions.SelectOne[T](IEndpointResolver resolver, Func`2 selector)
   at RabbitMQ.Client.ConnectionFactory.CreateConnection(IEndpointResolver endpointResolver, String clientProvidedName)
   --- End of inner exception stack trace ---
   at RabbitMQ.Client.ConnectionFactory.CreateConnection(IEndpointResolver endpointResolver, String clientProvidedName)
   at RabbitMQ.Client.ConnectionFactory.CreateConnection(IList`1 hostnames, String clientProvidedName)
   at MassTransit.RabbitMqTransport.ConnectionContextFactory.CreateConnection(ISupervisor supervisor) in /_/src/Transports/MassTransit.RabbitMqTransport/RabbitMqTransport/ConnectionContextFactory.cs:line 86
2026-07-24 16:37:34.125 +05:30 [INF] HealthAxis API heartbeat running at "2026-07-24T16:37:34.1256031+05:30"
2026-07-24 16:37:44.140 +05:30 [INF] HealthAxis API heartbeat running at "2026-07-24T16:37:44.1402575+05:30"
2026-07-24 16:37:54.155 +05:30 [INF] HealthAxis API heartbeat running at "2026-07-24T16:37:54.1556183+05:30"
2026-07-24 16:38:04.163 +05:30 [INF] HealthAxis API heartbeat running at "2026-07-24T16:38:04.1638012+05:30"
2026-07-24 16:38:07.369 +05:30 [WRN] Connection Failed: "rabbitmq://172.31.11.165/"
RabbitMQ.Client.Exceptions.BrokerUnreachableException: None of the specified endpoints were reachable
 ---> System.AggregateException: One or more errors occurred. (Connection failed)
 ---> RabbitMQ.Client.Exceptions.ConnectFailureException: Connection failed
 ---> System.TimeoutException: The operation has timed out.
   at RabbitMQ.Client.Impl.TaskExtensions.TimeoutAfter(Task task, TimeSpan timeout)
   at RabbitMQ.Client.Impl.SocketFrameHandler.ConnectOrFail(ITcpClient socket, AmqpTcpEndpoint endpoint, TimeSpan timeout)
   --- End of inner exception stack trace ---
   at RabbitMQ.Client.Impl.SocketFrameHandler.ConnectOrFail(ITcpClient socket, AmqpTcpEndpoint endpoint, TimeSpan timeout)
   at RabbitMQ.Client.Impl.SocketFrameHandler.ConnectUsingAddressFamily(AmqpTcpEndpoint endpoint, Func`2 socketFactory, TimeSpan timeout, AddressFamily family)
   at RabbitMQ.Client.Impl.SocketFrameHandler.ConnectUsingIPv4(AmqpTcpEndpoint endpoint, Func`2 socketFactory, TimeSpan timeout)
   at RabbitMQ.Client.Impl.SocketFrameHandler..ctor(AmqpTcpEndpoint endpoint, Func`2 socketFactory, TimeSpan connectionTimeout, TimeSpan readTimeout, TimeSpan writeTimeout)
   at RabbitMQ.Client.Framing.Impl.IProtocolExtensions.CreateFrameHandler(IProtocol protocol, AmqpTcpEndpoint endpoint, ArrayPool`1 pool, Func`2 socketFactory, TimeSpan connectionTimeout, TimeSpan readTimeout, TimeSpan writeTimeout)
   at RabbitMQ.Client.ConnectionFactory.CreateFrameHandler(AmqpTcpEndpoint endpoint)
   at RabbitMQ.Client.EndpointResolverExtensions.SelectOne[T](IEndpointResolver resolver, Func`2 selector)
   --- End of inner exception stack trace ---
   at RabbitMQ.Client.EndpointResolverExtensions.SelectOne[T](IEndpointResolver resolver, Func`2 selector)
   at RabbitMQ.Client.ConnectionFactory.CreateConnection(IEndpointResolver endpointResolver, String clientProvidedName)
   --- End of inner exception stack trace ---
   at RabbitMQ.Client.ConnectionFactory.CreateConnection(IEndpointResolver endpointResolver, String clientProvidedName)
   at RabbitMQ.Client.ConnectionFactory.CreateConnection(IList`1 hostnames, String clientProvidedName)
   at MassTransit.RabbitMqTransport.ConnectionContextFactory.CreateConnection(ISupervisor supervisor) in /_/src/Transports/MassTransit.RabbitMqTransport/RabbitMqTransport/ConnectionContextFactory.cs:line 86
2026-07-24 16:38:14.170 +05:30 [INF] HealthAxis API heartbeat running at "2026-07-24T16:38:14.1704225+05:30"
2026-07-24 16:38:24.172 +05:30 [INF] HealthAxis API heartbeat running at "2026-07-24T16:38:24.1726051+05:30"
2026-07-24 16:38:34.187 +05:30 [INF] HealthAxis API heartbeat running at "2026-07-24T16:38:34.1879663+05:30"
2026-07-24 16:38:44.198 +05:30 [INF] HealthAxis API heartbeat running at "2026-07-24T16:38:44.1982045+05:30"
2026-07-24 16:38:48.398 +05:30 [WRN] Connection Failed: "rabbitmq://172.31.11.165/"
RabbitMQ.Client.Exceptions.BrokerUnreachableException: None of the specified endpoints were reachable
 ---> System.AggregateException: One or more errors occurred. (Connection failed)
 ---> RabbitMQ.Client.Exceptions.ConnectFailureException: Connection failed
 ---> System.TimeoutException: The operation has timed out.
   at RabbitMQ.Client.Impl.TaskExtensions.TimeoutAfter(Task task, TimeSpan timeout)
   at RabbitMQ.Client.Impl.SocketFrameHandler.ConnectOrFail(ITcpClient socket, AmqpTcpEndpoint endpoint, TimeSpan timeout)
   --- End of inner exception stack trace ---
   at RabbitMQ.Client.Impl.SocketFrameHandler.ConnectOrFail(ITcpClient socket, AmqpTcpEndpoint endpoint, TimeSpan timeout)
   at RabbitMQ.Client.Impl.SocketFrameHandler.ConnectUsingAddressFamily(AmqpTcpEndpoint endpoint, Func`2 socketFactory, TimeSpan timeout, AddressFamily family)
   at RabbitMQ.Client.Impl.SocketFrameHandler.ConnectUsingIPv4(AmqpTcpEndpoint endpoint, Func`2 socketFactory, TimeSpan timeout)
   at RabbitMQ.Client.Impl.SocketFrameHandler..ctor(AmqpTcpEndpoint endpoint, Func`2 socketFactory, TimeSpan connectionTimeout, TimeSpan readTimeout, TimeSpan writeTimeout)
   at RabbitMQ.Client.Framing.Impl.IProtocolExtensions.CreateFrameHandler(IProtocol protocol, AmqpTcpEndpoint endpoint, ArrayPool`1 pool, Func`2 socketFactory, TimeSpan connectionTimeout, TimeSpan readTimeout, TimeSpan writeTimeout)
   at RabbitMQ.Client.ConnectionFactory.CreateFrameHandler(AmqpTcpEndpoint endpoint)
   at RabbitMQ.Client.EndpointResolverExtensions.SelectOne[T](IEndpointResolver resolver, Func`2 selector)
   --- End of inner exception stack trace ---
   at RabbitMQ.Client.EndpointResolverExtensions.SelectOne[T](IEndpointResolver resolver, Func`2 selector)
   at RabbitMQ.Client.ConnectionFactory.CreateConnection(IEndpointResolver endpointResolver, String clientProvidedName)
   --- End of inner exception stack trace ---
   at RabbitMQ.Client.ConnectionFactory.CreateConnection(IEndpointResolver endpointResolver, String clientProvidedName)
   at RabbitMQ.Client.ConnectionFactory.CreateConnection(IList`1 hostnames, String clientProvidedName)
   at MassTransit.RabbitMqTransport.ConnectionContextFactory.CreateConnection(ISupervisor supervisor) in /_/src/Transports/MassTransit.RabbitMqTransport/RabbitMqTransport/ConnectionContextFactory.cs:line 86
2026-07-24 16:38:54.200 +05:30 [INF] HealthAxis API heartbeat running at "2026-07-24T16:38:54.2000949+05:30"
2026-07-24 16:39:04.205 +05:30 [INF] HealthAxis API heartbeat running at "2026-07-24T16:39:04.2054027+05:30"
2026-07-24 16:39:14.210 +05:30 [INF] HealthAxis API heartbeat running at "2026-07-24T16:39:14.2108448+05:30"
2026-07-24 16:39:24.218 +05:30 [INF] HealthAxis API heartbeat running at "2026-07-24T16:39:24.2185480+05:30"
2026-07-24 16:39:29.435 +05:30 [WRN] Connection Failed: "rabbitmq://172.31.11.165/"
RabbitMQ.Client.Exceptions.BrokerUnreachableException: None of the specified endpoints were reachable
 ---> System.AggregateException: One or more errors occurred. (Connection failed)
 ---> RabbitMQ.Client.Exceptions.ConnectFailureException: Connection failed
 ---> System.TimeoutException: The operation has timed out.
   at RabbitMQ.Client.Impl.TaskExtensions.TimeoutAfter(Task task, TimeSpan timeout)
   at RabbitMQ.Client.Impl.SocketFrameHandler.ConnectOrFail(ITcpClient socket, AmqpTcpEndpoint endpoint, TimeSpan timeout)
   --- End of inner exception stack trace ---
   at RabbitMQ.Client.Impl.SocketFrameHandler.ConnectOrFail(ITcpClient socket, AmqpTcpEndpoint endpoint, TimeSpan timeout)
   at RabbitMQ.Client.Impl.SocketFrameHandler.ConnectUsingAddressFamily(AmqpTcpEndpoint endpoint, Func`2 socketFactory, TimeSpan timeout, AddressFamily family)
   at RabbitMQ.Client.Impl.SocketFrameHandler.ConnectUsingIPv4(AmqpTcpEndpoint endpoint, Func`2 socketFactory, TimeSpan timeout)
   at RabbitMQ.Client.Impl.SocketFrameHandler..ctor(AmqpTcpEndpoint endpoint, Func`2 socketFactory, TimeSpan connectionTimeout, TimeSpan readTimeout, TimeSpan writeTimeout)
   at RabbitMQ.Client.Framing.Impl.IProtocolExtensions.CreateFrameHandler(IProtocol protocol, AmqpTcpEndpoint endpoint, ArrayPool`1 pool, Func`2 socketFactory, TimeSpan connectionTimeout, TimeSpan readTimeout, TimeSpan writeTimeout)
   at RabbitMQ.Client.ConnectionFactory.CreateFrameHandler(AmqpTcpEndpoint endpoint)
   at RabbitMQ.Client.EndpointResolverExtensions.SelectOne[T](IEndpointResolver resolver, Func`2 selector)
   --- End of inner exception stack trace ---
   at RabbitMQ.Client.EndpointResolverExtensions.SelectOne[T](IEndpointResolver resolver, Func`2 selector)
   at RabbitMQ.Client.ConnectionFactory.CreateConnection(IEndpointResolver endpointResolver, String clientProvidedName)
   --- End of inner exception stack trace ---
   at RabbitMQ.Client.ConnectionFactory.CreateConnection(IEndpointResolver endpointResolver, String clientProvidedName)
   at RabbitMQ.Client.ConnectionFactory.CreateConnection(IList`1 hostnames, String clientProvidedName)
   at MassTransit.RabbitMqTransport.ConnectionContextFactory.CreateConnection(ISupervisor supervisor) in /_/src/Transports/MassTransit.RabbitMqTransport/RabbitMqTransport/ConnectionContextFactory.cs:line 86
2026-07-24 16:39:34.226 +05:30 [INF] HealthAxis API heartbeat running at "2026-07-24T16:39:34.2265479+05:30"
2026-07-24 16:39:44.234 +05:30 [INF] HealthAxis API heartbeat running at "2026-07-24T16:39:44.2340850+05:30"
2026-07-24 16:39:54.249 +05:30 [INF] HealthAxis API heartbeat running at "2026-07-24T16:39:54.2492623+05:30"
2026-07-24 16:40:04.258 +05:30 [INF] HealthAxis API heartbeat running at "2026-07-24T16:40:04.2586326+05:30"
2026-07-24 16:40:10.458 +05:30 [WRN] Connection Failed: "rabbitmq://172.31.11.165/"
RabbitMQ.Client.Exceptions.BrokerUnreachableException: None of the specified endpoints were reachable
 ---> System.AggregateException: One or more errors occurred. (Connection failed)
 ---> RabbitMQ.Client.Exceptions.ConnectFailureException: Connection failed
 ---> System.TimeoutException: The operation has timed out.
   at RabbitMQ.Client.Impl.TaskExtensions.TimeoutAfter(Task task, TimeSpan timeout)
   at RabbitMQ.Client.Impl.SocketFrameHandler.ConnectOrFail(ITcpClient socket, AmqpTcpEndpoint endpoint, TimeSpan timeout)
   --- End of inner exception stack trace ---
   at RabbitMQ.Client.Impl.SocketFrameHandler.ConnectOrFail(ITcpClient socket, AmqpTcpEndpoint endpoint, TimeSpan timeout)
   at RabbitMQ.Client.Impl.SocketFrameHandler.ConnectUsingAddressFamily(AmqpTcpEndpoint endpoint, Func`2 socketFactory, TimeSpan timeout, AddressFamily family)
   at RabbitMQ.Client.Impl.SocketFrameHandler.ConnectUsingIPv4(AmqpTcpEndpoint endpoint, Func`2 socketFactory, TimeSpan timeout)
   at RabbitMQ.Client.Impl.SocketFrameHandler..ctor(AmqpTcpEndpoint endpoint, Func`2 socketFactory, TimeSpan connectionTimeout, TimeSpan readTimeout, TimeSpan writeTimeout)
   at RabbitMQ.Client.Framing.Impl.IProtocolExtensions.CreateFrameHandler(IProtocol protocol, AmqpTcpEndpoint endpoint, ArrayPool`1 pool, Func`2 socketFactory, TimeSpan connectionTimeout, TimeSpan readTimeout, TimeSpan writeTimeout)
   at RabbitMQ.Client.ConnectionFactory.CreateFrameHandler(AmqpTcpEndpoint endpoint)
   at RabbitMQ.Client.EndpointResolverExtensions.SelectOne[T](IEndpointResolver resolver, Func`2 selector)
   --- End of inner exception stack trace ---
   at RabbitMQ.Client.EndpointResolverExtensions.SelectOne[T](IEndpointResolver resolver, Func`2 selector)
   at RabbitMQ.Client.ConnectionFactory.CreateConnection(IEndpointResolver endpointResolver, String clientProvidedName)
   --- End of inner exception stack trace ---
   at RabbitMQ.Client.ConnectionFactory.CreateConnection(IEndpointResolver endpointResolver, String clientProvidedName)
   at RabbitMQ.Client.ConnectionFactory.CreateConnection(IList`1 hostnames, String clientProvidedName)
   at MassTransit.RabbitMqTransport.ConnectionContextFactory.CreateConnection(ISupervisor supervisor) in /_/src/Transports/MassTransit.RabbitMqTransport/RabbitMqTransport/ConnectionContextFactory.cs:line 86
2026-07-24 16:40:14.263 +05:30 [INF] HealthAxis API heartbeat running at "2026-07-24T16:40:14.2634372+05:30"
2026-07-24 16:40:24.275 +05:30 [INF] HealthAxis API heartbeat running at "2026-07-24T16:40:24.2759702+05:30"
2026-07-24 16:40:34.278 +05:30 [INF] HealthAxis API heartbeat running at "2026-07-24T16:40:34.2780458+05:30"
2026-07-24 16:40:44.281 +05:30 [INF] HealthAxis API heartbeat running at "2026-07-24T16:40:44.2815687+05:30"
2026-07-24 16:40:51.487 +05:30 [WRN] Connection Failed: "rabbitmq://172.31.11.165/"
RabbitMQ.Client.Exceptions.BrokerUnreachableException: None of the specified endpoints were reachable
 ---> System.AggregateException: One or more errors occurred. (Connection failed)
 ---> RabbitMQ.Client.Exceptions.ConnectFailureException: Connection failed
 ---> System.TimeoutException: The operation has timed out.
   at RabbitMQ.Client.Impl.TaskExtensions.TimeoutAfter(Task task, TimeSpan timeout)
   at RabbitMQ.Client.Impl.SocketFrameHandler.ConnectOrFail(ITcpClient socket, AmqpTcpEndpoint endpoint, TimeSpan timeout)
   --- End of inner exception stack trace ---
   at RabbitMQ.Client.Impl.SocketFrameHandler.ConnectOrFail(ITcpClient socket, AmqpTcpEndpoint endpoint, TimeSpan timeout)
   at RabbitMQ.Client.Impl.SocketFrameHandler.ConnectUsingAddressFamily(AmqpTcpEndpoint endpoint, Func`2 socketFactory, TimeSpan timeout, AddressFamily family)
   at RabbitMQ.Client.Impl.SocketFrameHandler.ConnectUsingIPv4(AmqpTcpEndpoint endpoint, Func`2 socketFactory, TimeSpan timeout)
   at RabbitMQ.Client.Impl.SocketFrameHandler..ctor(AmqpTcpEndpoint endpoint, Func`2 socketFactory, TimeSpan connectionTimeout, TimeSpan readTimeout, TimeSpan writeTimeout)
   at RabbitMQ.Client.Framing.Impl.IProtocolExtensions.CreateFrameHandler(IProtocol protocol, AmqpTcpEndpoint endpoint, ArrayPool`1 pool, Func`2 socketFactory, TimeSpan connectionTimeout, TimeSpan readTimeout, TimeSpan writeTimeout)
   at RabbitMQ.Client.ConnectionFactory.CreateFrameHandler(AmqpTcpEndpoint endpoint)
   at RabbitMQ.Client.EndpointResolverExtensions.SelectOne[T](IEndpointResolver resolver, Func`2 selector)
   --- End of inner exception stack trace ---
   at RabbitMQ.Client.EndpointResolverExtensions.SelectOne[T](IEndpointResolver resolver, Func`2 selector)
   at RabbitMQ.Client.ConnectionFactory.CreateConnection(IEndpointResolver endpointResolver, String clientProvidedName)
   --- End of inner exception stack trace ---
   at RabbitMQ.Client.ConnectionFactory.CreateConnection(IEndpointResolver endpointResolver, String clientProvidedName)
   at RabbitMQ.Client.ConnectionFactory.CreateConnection(IList`1 hostnames, String clientProvidedName)
   at MassTransit.RabbitMqTransport.ConnectionContextFactory.CreateConnection(ISupervisor supervisor) in /_/src/Transports/MassTransit.RabbitMqTransport/RabbitMqTransport/ConnectionContextFactory.cs:line 86
2026-07-24 16:40:54.288 +05:30 [INF] HealthAxis API heartbeat running at "2026-07-24T16:40:54.2885584+05:30"
2026-07-24 16:41:04.290 +05:30 [INF] HealthAxis API heartbeat running at "2026-07-24T16:41:04.2901334+05:30"
2026-07-24 16:41:14.300 +05:30 [INF] HealthAxis API heartbeat running at "2026-07-24T16:41:14.3006202+05:30"
2026-07-24 16:41:24.311 +05:30 [INF] HealthAxis API heartbeat running at "2026-07-24T16:41:24.3117390+05:30"
2026-07-24 16:41:32.524 +05:30 [WRN] Connection Failed: "rabbitmq://172.31.11.165/"
RabbitMQ.Client.Exceptions.BrokerUnreachableException: None of the specified endpoints were reachable
 ---> System.AggregateException: One or more errors occurred. (Connection failed)
 ---> RabbitMQ.Client.Exceptions.ConnectFailureException: Connection failed
 ---> System.TimeoutException: The operation has timed out.
   at RabbitMQ.Client.Impl.TaskExtensions.TimeoutAfter(Task task, TimeSpan timeout)
   at RabbitMQ.Client.Impl.SocketFrameHandler.ConnectOrFail(ITcpClient socket, AmqpTcpEndpoint endpoint, TimeSpan timeout)
   --- End of inner exception stack trace ---
   at RabbitMQ.Client.Impl.SocketFrameHandler.ConnectOrFail(ITcpClient socket, AmqpTcpEndpoint endpoint, TimeSpan timeout)
   at RabbitMQ.Client.Impl.SocketFrameHandler.ConnectUsingAddressFamily(AmqpTcpEndpoint endpoint, Func`2 socketFactory, TimeSpan timeout, AddressFamily family)
   at RabbitMQ.Client.Impl.SocketFrameHandler.ConnectUsingIPv4(AmqpTcpEndpoint endpoint, Func`2 socketFactory, TimeSpan timeout)
   at RabbitMQ.Client.Impl.SocketFrameHandler..ctor(AmqpTcpEndpoint endpoint, Func`2 socketFactory, TimeSpan connectionTimeout, TimeSpan readTimeout, TimeSpan writeTimeout)
   at RabbitMQ.Client.Framing.Impl.IProtocolExtensions.CreateFrameHandler(IProtocol protocol, AmqpTcpEndpoint endpoint, ArrayPool`1 pool, Func`2 socketFactory, TimeSpan connectionTimeout, TimeSpan readTimeout, TimeSpan writeTimeout)
   at RabbitMQ.Client.ConnectionFactory.CreateFrameHandler(AmqpTcpEndpoint endpoint)
   at RabbitMQ.Client.EndpointResolverExtensions.SelectOne[T](IEndpointResolver resolver, Func`2 selector)
   --- End of inner exception stack trace ---
   at RabbitMQ.Client.EndpointResolverExtensions.SelectOne[T](IEndpointResolver resolver, Func`2 selector)
   at RabbitMQ.Client.ConnectionFactory.CreateConnection(IEndpointResolver endpointResolver, String clientProvidedName)
   --- End of inner exception stack trace ---
   at RabbitMQ.Client.ConnectionFactory.CreateConnection(IEndpointResolver endpointResolver, String clientProvidedName)
   at RabbitMQ.Client.ConnectionFactory.CreateConnection(IList`1 hostnames, String clientProvidedName)
   at MassTransit.RabbitMqTransport.ConnectionContextFactory.CreateConnection(ISupervisor supervisor) in /_/src/Transports/MassTransit.RabbitMqTransport/RabbitMqTransport/ConnectionContextFactory.cs:line 86
2026-07-24 16:41:34.327 +05:30 [INF] HealthAxis API heartbeat running at "2026-07-24T16:41:34.3277852+05:30"
2026-07-24 16:41:44.342 +05:30 [INF] HealthAxis API heartbeat running at "2026-07-24T16:41:44.3422957+05:30"
2026-07-24 16:41:54.353 +05:30 [INF] HealthAxis API heartbeat running at "2026-07-24T16:41:54.3537183+05:30"
2026-07-24 16:42:04.364 +05:30 [INF] HealthAxis API heartbeat running at "2026-07-24T16:42:04.3641662+05:30"
2026-07-24 16:42:13.556 +05:30 [WRN] Connection Failed: "rabbitmq://172.31.11.165/"
RabbitMQ.Client.Exceptions.BrokerUnreachableException: None of the specified endpoints were reachable
 ---> System.AggregateException: One or more errors occurred. (Connection failed)
 ---> RabbitMQ.Client.Exceptions.ConnectFailureException: Connection failed
 ---> System.TimeoutException: The operation has timed out.
   at RabbitMQ.Client.Impl.TaskExtensions.TimeoutAfter(Task task, TimeSpan timeout)
   at RabbitMQ.Client.Impl.SocketFrameHandler.ConnectOrFail(ITcpClient socket, AmqpTcpEndpoint endpoint, TimeSpan timeout)
   --- End of inner exception stack trace ---
   at RabbitMQ.Client.Impl.SocketFrameHandler.ConnectOrFail(ITcpClient socket, AmqpTcpEndpoint endpoint, TimeSpan timeout)
   at RabbitMQ.Client.Impl.SocketFrameHandler.ConnectUsingAddressFamily(AmqpTcpEndpoint endpoint, Func`2 socketFactory, TimeSpan timeout, AddressFamily family)
   at RabbitMQ.Client.Impl.SocketFrameHandler.ConnectUsingIPv4(AmqpTcpEndpoint endpoint, Func`2 socketFactory, TimeSpan timeout)
   at RabbitMQ.Client.Impl.SocketFrameHandler..ctor(AmqpTcpEndpoint endpoint, Func`2 socketFactory, TimeSpan connectionTimeout, TimeSpan readTimeout, TimeSpan writeTimeout)
   at RabbitMQ.Client.Framing.Impl.IProtocolExtensions.CreateFrameHandler(IProtocol protocol, AmqpTcpEndpoint endpoint, ArrayPool`1 pool, Func`2 socketFactory, TimeSpan connectionTimeout, TimeSpan readTimeout, TimeSpan writeTimeout)
   at RabbitMQ.Client.ConnectionFactory.CreateFrameHandler(AmqpTcpEndpoint endpoint)
   at RabbitMQ.Client.EndpointResolverExtensions.SelectOne[T](IEndpointResolver resolver, Func`2 selector)
   --- End of inner exception stack trace ---
   at RabbitMQ.Client.EndpointResolverExtensions.SelectOne[T](IEndpointResolver resolver, Func`2 selector)
   at RabbitMQ.Client.ConnectionFactory.CreateConnection(IEndpointResolver endpointResolver, String clientProvidedName)
   --- End of inner exception stack trace ---
   at RabbitMQ.Client.ConnectionFactory.CreateConnection(IEndpointResolver endpointResolver, String clientProvidedName)
   at RabbitMQ.Client.ConnectionFactory.CreateConnection(IList`1 hostnames, String clientProvidedName)
   at MassTransit.RabbitMqTransport.ConnectionContextFactory.CreateConnection(ISupervisor supervisor) in /_/src/Transports/MassTransit.RabbitMqTransport/RabbitMqTransport/ConnectionContextFactory.cs:line 86
2026-07-24 16:42:14.367 +05:30 [INF] HealthAxis API heartbeat running at "2026-07-24T16:42:14.3675634+05:30"
2026-07-24 16:42:24.373 +05:30 [INF] HealthAxis API heartbeat running at "2026-07-24T16:42:24.3734102+05:30"
2026-07-24 16:42:34.385 +05:30 [INF] HealthAxis API heartbeat running at "2026-07-24T16:42:34.3858465+05:30"
2026-07-24 16:42:44.400 +05:30 [INF] HealthAxis API heartbeat running at "2026-07-24T16:42:44.4002115+05:30"
2026-07-24 16:42:54.403 +05:30 [INF] HealthAxis API heartbeat running at "2026-07-24T16:42:54.4033426+05:30"
2026-07-24 16:42:54.574 +05:30 [WRN] Connection Failed: "rabbitmq://172.31.11.165/"
RabbitMQ.Client.Exceptions.BrokerUnreachableException: None of the specified endpoints were reachable
 ---> System.AggregateException: One or more errors occurred. (Connection failed)
 ---> RabbitMQ.Client.Exceptions.ConnectFailureException: Connection failed
 ---> System.TimeoutException: The operation has timed out.
   at RabbitMQ.Client.Impl.TaskExtensions.TimeoutAfter(Task task, TimeSpan timeout)
   at RabbitMQ.Client.Impl.SocketFrameHandler.ConnectOrFail(ITcpClient socket, AmqpTcpEndpoint endpoint, TimeSpan timeout)
   --- End of inner exception stack trace ---
   at RabbitMQ.Client.Impl.SocketFrameHandler.ConnectOrFail(ITcpClient socket, AmqpTcpEndpoint endpoint, TimeSpan timeout)
   at RabbitMQ.Client.Impl.SocketFrameHandler.ConnectUsingAddressFamily(AmqpTcpEndpoint endpoint, Func`2 socketFactory, TimeSpan timeout, AddressFamily family)
   at RabbitMQ.Client.Impl.SocketFrameHandler.ConnectUsingIPv4(AmqpTcpEndpoint endpoint, Func`2 socketFactory, TimeSpan timeout)
   at RabbitMQ.Client.Impl.SocketFrameHandler..ctor(AmqpTcpEndpoint endpoint, Func`2 socketFactory, TimeSpan connectionTimeout, TimeSpan readTimeout, TimeSpan writeTimeout)
   at RabbitMQ.Client.Framing.Impl.IProtocolExtensions.CreateFrameHandler(IProtocol protocol, AmqpTcpEndpoint endpoint, ArrayPool`1 pool, Func`2 socketFactory, TimeSpan connectionTimeout, TimeSpan readTimeout, TimeSpan writeTimeout)
   at RabbitMQ.Client.ConnectionFactory.CreateFrameHandler(AmqpTcpEndpoint endpoint)
   at RabbitMQ.Client.EndpointResolverExtensions.SelectOne[T](IEndpointResolver resolver, Func`2 selector)
   --- End of inner exception stack trace ---
   at RabbitMQ.Client.EndpointResolverExtensions.SelectOne[T](IEndpointResolver resolver, Func`2 selector)
   at RabbitMQ.Client.ConnectionFactory.CreateConnection(IEndpointResolver endpointResolver, String clientProvidedName)
   --- End of inner exception stack trace ---
   at RabbitMQ.Client.ConnectionFactory.CreateConnection(IEndpointResolver endpointResolver, String clientProvidedName)
   at RabbitMQ.Client.ConnectionFactory.CreateConnection(IList`1 hostnames, String clientProvidedName)
   at MassTransit.RabbitMqTransport.ConnectionContextFactory.CreateConnection(ISupervisor supervisor) in /_/src/Transports/MassTransit.RabbitMqTransport/RabbitMqTransport/ConnectionContextFactory.cs:line 86
2026-07-24 16:43:04.409 +05:30 [INF] HealthAxis API heartbeat running at "2026-07-24T16:43:04.4098240+05:30"
2026-07-24 16:43:14.420 +05:30 [INF] HealthAxis API heartbeat running at "2026-07-24T16:43:14.4206706+05:30"
2026-07-24 16:43:24.427 +05:30 [INF] HealthAxis API heartbeat running at "2026-07-24T16:43:24.4275022+05:30"
2026-07-24 16:43:34.435 +05:30 [INF] HealthAxis API heartbeat running at "2026-07-24T16:43:34.4358665+05:30"
2026-07-24 16:43:35.610 +05:30 [WRN] Connection Failed: "rabbitmq://172.31.11.165/"
RabbitMQ.Client.Exceptions.BrokerUnreachableException: None of the specified endpoints were reachable
 ---> System.AggregateException: One or more errors occurred. (Connection failed)
 ---> RabbitMQ.Client.Exceptions.ConnectFailureException: Connection failed
 ---> System.TimeoutException: The operation has timed out.
   at RabbitMQ.Client.Impl.TaskExtensions.TimeoutAfter(Task task, TimeSpan timeout)
   at RabbitMQ.Client.Impl.SocketFrameHandler.ConnectOrFail(ITcpClient socket, AmqpTcpEndpoint endpoint, TimeSpan timeout)
   --- End of inner exception stack trace ---
   at RabbitMQ.Client.Impl.SocketFrameHandler.ConnectOrFail(ITcpClient socket, AmqpTcpEndpoint endpoint, TimeSpan timeout)
   at RabbitMQ.Client.Impl.SocketFrameHandler.ConnectUsingAddressFamily(AmqpTcpEndpoint endpoint, Func`2 socketFactory, TimeSpan timeout, AddressFamily family)
   at RabbitMQ.Client.Impl.SocketFrameHandler.ConnectUsingIPv4(AmqpTcpEndpoint endpoint, Func`2 socketFactory, TimeSpan timeout)
   at RabbitMQ.Client.Impl.SocketFrameHandler..ctor(AmqpTcpEndpoint endpoint, Func`2 socketFactory, TimeSpan connectionTimeout, TimeSpan readTimeout, TimeSpan writeTimeout)
   at RabbitMQ.Client.Framing.Impl.IProtocolExtensions.CreateFrameHandler(IProtocol protocol, AmqpTcpEndpoint endpoint, ArrayPool`1 pool, Func`2 socketFactory, TimeSpan connectionTimeout, TimeSpan readTimeout, TimeSpan writeTimeout)
   at RabbitMQ.Client.ConnectionFactory.CreateFrameHandler(AmqpTcpEndpoint endpoint)
   at RabbitMQ.Client.EndpointResolverExtensions.SelectOne[T](IEndpointResolver resolver, Func`2 selector)
   --- End of inner exception stack trace ---
   at RabbitMQ.Client.EndpointResolverExtensions.SelectOne[T](IEndpointResolver resolver, Func`2 selector)
   at RabbitMQ.Client.ConnectionFactory.CreateConnection(IEndpointResolver endpointResolver, String clientProvidedName)
   --- End of inner exception stack trace ---
   at RabbitMQ.Client.ConnectionFactory.CreateConnection(IEndpointResolver endpointResolver, String clientProvidedName)
   at RabbitMQ.Client.ConnectionFactory.CreateConnection(IList`1 hostnames, String clientProvidedName)
   at MassTransit.RabbitMqTransport.ConnectionContextFactory.CreateConnection(ISupervisor supervisor) in /_/src/Transports/MassTransit.RabbitMqTransport/RabbitMqTransport/ConnectionContextFactory.cs:line 86
2026-07-24 16:43:44.439 +05:30 [INF] HealthAxis API heartbeat running at "2026-07-24T16:43:44.4399088+05:30"
2026-07-24 16:43:54.451 +05:30 [INF] HealthAxis API heartbeat running at "2026-07-24T16:43:54.4513563+05:30"
2026-07-24 16:44:04.457 +05:30 [INF] HealthAxis API heartbeat running at "2026-07-24T16:44:04.4575587+05:30"
2026-07-24 16:44:14.470 +05:30 [INF] HealthAxis API heartbeat running at "2026-07-24T16:44:14.4707786+05:30"
2026-07-24 16:44:16.652 +05:30 [WRN] Connection Failed: "rabbitmq://172.31.11.165/"
RabbitMQ.Client.Exceptions.BrokerUnreachableException: None of the specified endpoints were reachable
 ---> System.AggregateException: One or more errors occurred. (Connection failed)
 ---> RabbitMQ.Client.Exceptions.ConnectFailureException: Connection failed
 ---> System.TimeoutException: The operation has timed out.
   at RabbitMQ.Client.Impl.TaskExtensions.TimeoutAfter(Task task, TimeSpan timeout)
   at RabbitMQ.Client.Impl.SocketFrameHandler.ConnectOrFail(ITcpClient socket, AmqpTcpEndpoint endpoint, TimeSpan timeout)
   --- End of inner exception stack trace ---
   at RabbitMQ.Client.Impl.SocketFrameHandler.ConnectOrFail(ITcpClient socket, AmqpTcpEndpoint endpoint, TimeSpan timeout)
   at RabbitMQ.Client.Impl.SocketFrameHandler.ConnectUsingAddressFamily(AmqpTcpEndpoint endpoint, Func`2 socketFactory, TimeSpan timeout, AddressFamily family)
   at RabbitMQ.Client.Impl.SocketFrameHandler.ConnectUsingIPv4(AmqpTcpEndpoint endpoint, Func`2 socketFactory, TimeSpan timeout)
   at RabbitMQ.Client.Impl.SocketFrameHandler..ctor(AmqpTcpEndpoint endpoint, Func`2 socketFactory, TimeSpan connectionTimeout, TimeSpan readTimeout, TimeSpan writeTimeout)
   at RabbitMQ.Client.Framing.Impl.IProtocolExtensions.CreateFrameHandler(IProtocol protocol, AmqpTcpEndpoint endpoint, ArrayPool`1 pool, Func`2 socketFactory, TimeSpan connectionTimeout, TimeSpan readTimeout, TimeSpan writeTimeout)
   at RabbitMQ.Client.ConnectionFactory.CreateFrameHandler(AmqpTcpEndpoint endpoint)
   at RabbitMQ.Client.EndpointResolverExtensions.SelectOne[T](IEndpointResolver resolver, Func`2 selector)
   --- End of inner exception stack trace ---
   at RabbitMQ.Client.EndpointResolverExtensions.SelectOne[T](IEndpointResolver resolver, Func`2 selector)
   at RabbitMQ.Client.ConnectionFactory.CreateConnection(IEndpointResolver endpointResolver, String clientProvidedName)
   --- End of inner exception stack trace ---
   at RabbitMQ.Client.ConnectionFactory.CreateConnection(IEndpointResolver endpointResolver, String clientProvidedName)
   at RabbitMQ.Client.ConnectionFactory.CreateConnection(IList`1 hostnames, String clientProvidedName)
   at MassTransit.RabbitMqTransport.ConnectionContextFactory.CreateConnection(ISupervisor supervisor) in /_/src/Transports/MassTransit.RabbitMqTransport/RabbitMqTransport/ConnectionContextFactory.cs:line 86
2026-07-24 16:44:24.479 +05:30 [INF] HealthAxis API heartbeat running at "2026-07-24T16:44:24.4793477+05:30"
2026-07-24 16:44:34.489 +05:30 [INF] HealthAxis API heartbeat running at "2026-07-24T16:44:34.4893069+05:30"
2026-07-24 16:44:44.504 +05:30 [INF] HealthAxis API heartbeat running at "2026-07-24T16:44:44.5047699+05:30"
2026-07-24 16:44:54.511 +05:30 [INF] HealthAxis API heartbeat running at "2026-07-24T16:44:54.5119450+05:30"
2026-07-24 16:44:57.682 +05:30 [WRN] Connection Failed: "rabbitmq://172.31.11.165/"
RabbitMQ.Client.Exceptions.BrokerUnreachableException: None of the specified endpoints were reachable
 ---> System.AggregateException: One or more errors occurred. (Connection failed)
 ---> RabbitMQ.Client.Exceptions.ConnectFailureException: Connection failed
 ---> System.TimeoutException: The operation has timed out.
   at RabbitMQ.Client.Impl.TaskExtensions.TimeoutAfter(Task task, TimeSpan timeout)
   at RabbitMQ.Client.Impl.SocketFrameHandler.ConnectOrFail(ITcpClient socket, AmqpTcpEndpoint endpoint, TimeSpan timeout)
   --- End of inner exception stack trace ---
   at RabbitMQ.Client.Impl.SocketFrameHandler.ConnectOrFail(ITcpClient socket, AmqpTcpEndpoint endpoint, TimeSpan timeout)
   at RabbitMQ.Client.Impl.SocketFrameHandler.ConnectUsingAddressFamily(AmqpTcpEndpoint endpoint, Func`2 socketFactory, TimeSpan timeout, AddressFamily family)
   at RabbitMQ.Client.Impl.SocketFrameHandler.ConnectUsingIPv4(AmqpTcpEndpoint endpoint, Func`2 socketFactory, TimeSpan timeout)
   at RabbitMQ.Client.Impl.SocketFrameHandler..ctor(AmqpTcpEndpoint endpoint, Func`2 socketFactory, TimeSpan connectionTimeout, TimeSpan readTimeout, TimeSpan writeTimeout)
   at RabbitMQ.Client.Framing.Impl.IProtocolExtensions.CreateFrameHandler(IProtocol protocol, AmqpTcpEndpoint endpoint, ArrayPool`1 pool, Func`2 socketFactory, TimeSpan connectionTimeout, TimeSpan readTimeout, TimeSpan writeTimeout)
   at RabbitMQ.Client.ConnectionFactory.CreateFrameHandler(AmqpTcpEndpoint endpoint)
   at RabbitMQ.Client.EndpointResolverExtensions.SelectOne[T](IEndpointResolver resolver, Func`2 selector)
   --- End of inner exception stack trace ---
   at RabbitMQ.Client.EndpointResolverExtensions.SelectOne[T](IEndpointResolver resolver, Func`2 selector)
   at RabbitMQ.Client.ConnectionFactory.CreateConnection(IEndpointResolver endpointResolver, String clientProvidedName)
   --- End of inner exception stack trace ---
   at RabbitMQ.Client.ConnectionFactory.CreateConnection(IEndpointResolver endpointResolver, String clientProvidedName)
   at RabbitMQ.Client.ConnectionFactory.CreateConnection(IList`1 hostnames, String clientProvidedName)
   at MassTransit.RabbitMqTransport.ConnectionContextFactory.CreateConnection(ISupervisor supervisor) in /_/src/Transports/MassTransit.RabbitMqTransport/RabbitMqTransport/ConnectionContextFactory.cs:line 86
2026-07-24 16:45:04.524 +05:30 [INF] HealthAxis API heartbeat running at "2026-07-24T16:45:04.5240604+05:30"
2026-07-24 16:45:14.528 +05:30 [INF] HealthAxis API heartbeat running at "2026-07-24T16:45:14.5282944+05:30"
2026-07-24 16:45:24.529 +05:30 [INF] HealthAxis API heartbeat running at "2026-07-24T16:45:24.5296154+05:30"
2026-07-24 16:45:34.541 +05:30 [INF] HealthAxis API heartbeat running at "2026-07-24T16:45:34.5417893+05:30"
2026-07-24 16:45:38.719 +05:30 [WRN] Connection Failed: "rabbitmq://172.31.11.165/"
RabbitMQ.Client.Exceptions.BrokerUnreachableException: None of the specified endpoints were reachable
 ---> System.AggregateException: One or more errors occurred. (Connection failed)
 ---> RabbitMQ.Client.Exceptions.ConnectFailureException: Connection failed
 ---> System.TimeoutException: The operation has timed out.
   at RabbitMQ.Client.Impl.TaskExtensions.TimeoutAfter(Task task, TimeSpan timeout)
   at RabbitMQ.Client.Impl.SocketFrameHandler.ConnectOrFail(ITcpClient socket, AmqpTcpEndpoint endpoint, TimeSpan timeout)
   --- End of inner exception stack trace ---
   at RabbitMQ.Client.Impl.SocketFrameHandler.ConnectOrFail(ITcpClient socket, AmqpTcpEndpoint endpoint, TimeSpan timeout)
   at RabbitMQ.Client.Impl.SocketFrameHandler.ConnectUsingAddressFamily(AmqpTcpEndpoint endpoint, Func`2 socketFactory, TimeSpan timeout, AddressFamily family)
   at RabbitMQ.Client.Impl.SocketFrameHandler.ConnectUsingIPv4(AmqpTcpEndpoint endpoint, Func`2 socketFactory, TimeSpan timeout)
   at RabbitMQ.Client.Impl.SocketFrameHandler..ctor(AmqpTcpEndpoint endpoint, Func`2 socketFactory, TimeSpan connectionTimeout, TimeSpan readTimeout, TimeSpan writeTimeout)
   at RabbitMQ.Client.Framing.Impl.IProtocolExtensions.CreateFrameHandler(IProtocol protocol, AmqpTcpEndpoint endpoint, ArrayPool`1 pool, Func`2 socketFactory, TimeSpan connectionTimeout, TimeSpan readTimeout, TimeSpan writeTimeout)
   at RabbitMQ.Client.ConnectionFactory.CreateFrameHandler(AmqpTcpEndpoint endpoint)
   at RabbitMQ.Client.EndpointResolverExtensions.SelectOne[T](IEndpointResolver resolver, Func`2 selector)
   --- End of inner exception stack trace ---
   at RabbitMQ.Client.EndpointResolverExtensions.SelectOne[T](IEndpointResolver resolver, Func`2 selector)
   at RabbitMQ.Client.ConnectionFactory.CreateConnection(IEndpointResolver endpointResolver, String clientProvidedName)
   --- End of inner exception stack trace ---
   at RabbitMQ.Client.ConnectionFactory.CreateConnection(IEndpointResolver endpointResolver, String clientProvidedName)
   at RabbitMQ.Client.ConnectionFactory.CreateConnection(IList`1 hostnames, String clientProvidedName)
   at MassTransit.RabbitMqTransport.ConnectionContextFactory.CreateConnection(ISupervisor supervisor) in /_/src/Transports/MassTransit.RabbitMqTransport/RabbitMqTransport/ConnectionContextFactory.cs:line 86
2026-07-24 16:45:44.552 +05:30 [INF] HealthAxis API heartbeat running at "2026-07-24T16:45:44.5522974+05:30"
2026-07-24 16:45:54.563 +05:30 [INF] HealthAxis API heartbeat running at "2026-07-24T16:45:54.5631237+05:30"
2026-07-24 16:46:04.570 +05:30 [INF] HealthAxis API heartbeat running at "2026-07-24T16:46:04.5702036+05:30"
2026-07-24 16:46:14.579 +05:30 [INF] HealthAxis API heartbeat running at "2026-07-24T16:46:14.5792897+05:30"
2026-07-24 16:46:19.740 +05:30 [WRN] Connection Failed: "rabbitmq://172.31.11.165/"
RabbitMQ.Client.Exceptions.BrokerUnreachableException: None of the specified endpoints were reachable
 ---> System.AggregateException: One or more errors occurred. (Connection failed)
 ---> RabbitMQ.Client.Exceptions.ConnectFailureException: Connection failed
 ---> System.TimeoutException: The operation has timed out.
   at RabbitMQ.Client.Impl.TaskExtensions.TimeoutAfter(Task task, TimeSpan timeout)
   at RabbitMQ.Client.Impl.SocketFrameHandler.ConnectOrFail(ITcpClient socket, AmqpTcpEndpoint endpoint, TimeSpan timeout)
   --- End of inner exception stack trace ---
   at RabbitMQ.Client.Impl.SocketFrameHandler.ConnectOrFail(ITcpClient socket, AmqpTcpEndpoint endpoint, TimeSpan timeout)
   at RabbitMQ.Client.Impl.SocketFrameHandler.ConnectUsingAddressFamily(AmqpTcpEndpoint endpoint, Func`2 socketFactory, TimeSpan timeout, AddressFamily family)
   at RabbitMQ.Client.Impl.SocketFrameHandler..ctor(AmqpTcpEndpoint endpoint, Func`2 socketFactory, TimeSpan connectionTimeout, TimeSpan readTimeout, TimeSpan writeTimeout)
   at RabbitMQ.Client.EndpointResolverExtensions.SelectOne[T](IEndpointResolver resolver, Func`2 selector)
   --- End of inner exception stack trace ---
   at RabbitMQ.Client.EndpointResolverExtensions.SelectOne[T](IEndpointResolver resolver, Func`2 selector)
   at RabbitMQ.Client.ConnectionFactory.CreateConnection(IEndpointResolver endpointResolver, String clientProvidedName)
   --- End of inner exception stack trace ---
   at RabbitMQ.Client.ConnectionFactory.CreateConnection(IEndpointResolver endpointResolver, String clientProvidedName)
   at MassTransit.RabbitMqTransport.ConnectionContextFactory.CreateConnection(ISupervisor supervisor)
2026-07-24 16:46:24.591 +05:30 [INF] HealthAxis API heartbeat running at "2026-07-24T16:46:24.5911068+05:30"
2026-07-24 16:46:34.593 +05:30 [INF] HealthAxis API heartbeat running at "2026-07-24T16:46:34.5937780+05:30"
2026-07-24 16:46:44.607 +05:30 [INF] HealthAxis API heartbeat running at "2026-07-24T16:46:44.6073814+05:30"
2026-07-24 16:46:54.616 +05:30 [INF] HealthAxis API heartbeat running at "2026-07-24T16:46:54.6169304+05:30"
2026-07-24 16:47:00.777 +05:30 [WRN] Connection Failed: "rabbitmq://172.31.11.165/"
RabbitMQ.Client.Exceptions.BrokerUnreachableException: None of the specified endpoints were reachable
 ---> System.AggregateException: One or more errors occurred. (Connection failed)
 ---> RabbitMQ.Client.Exceptions.ConnectFailureException: Connection failed
 ---> System.TimeoutException: The operation has timed out.
   at RabbitMQ.Client.Impl.TaskExtensions.TimeoutAfter(Task task, TimeSpan timeout)
   at RabbitMQ.Client.Impl.SocketFrameHandler.ConnectOrFail(ITcpClient socket, AmqpTcpEndpoint endpoint, TimeSpan timeout)
   --- End of inner exception stack trace ---
   at RabbitMQ.Client.Impl.SocketFrameHandler.ConnectOrFail(ITcpClient socket, AmqpTcpEndpoint endpoint, TimeSpan timeout)
   at RabbitMQ.Client.Impl.SocketFrameHandler.ConnectUsingAddressFamily(AmqpTcpEndpoint endpoint, Func`2 socketFactory, TimeSpan timeout, AddressFamily family)
   at RabbitMQ.Client.Impl.SocketFrameHandler..ctor(AmqpTcpEndpoint endpoint, Func`2 socketFactory, TimeSpan connectionTimeout, TimeSpan readTimeout, TimeSpan writeTimeout)
   at RabbitMQ.Client.EndpointResolverExtensions.SelectOne[T](IEndpointResolver resolver, Func`2 selector)
   --- End of inner exception stack trace ---
   at RabbitMQ.Client.EndpointResolverExtensions.SelectOne[T](IEndpointResolver resolver, Func`2 selector)
   at RabbitMQ.Client.ConnectionFactory.CreateConnection(IEndpointResolver endpointResolver, String clientProvidedName)
   --- End of inner exception stack trace ---
   at RabbitMQ.Client.ConnectionFactory.CreateConnection(IEndpointResolver endpointResolver, String clientProvidedName)
   at MassTransit.RabbitMqTransport.ConnectionContextFactory.CreateConnection(ISupervisor supervisor)
2026-07-24 16:47:04.619 +05:30 [INF] HealthAxis API heartbeat running at "2026-07-24T16:47:04.6192201+05:30"
2026-07-24 16:47:14.620 +05:30 [INF] HealthAxis API heartbeat running at "2026-07-24T16:47:14.6200728+05:30"
2026-07-24 16:47:24.632 +05:30 [INF] HealthAxis API heartbeat running at "2026-07-24T16:47:24.6320625+05:30"
2026-07-24 16:47:34.646 +05:30 [INF] HealthAxis API heartbeat running at "2026-07-24T16:47:34.6464382+05:30"
2026-07-24 16:47:41.801 +05:30 [WRN] Connection Failed: "rabbitmq://172.31.11.165/"
RabbitMQ.Client.Exceptions.BrokerUnreachableException: None of the specified endpoints were reachable
 ---> System.AggregateException: One or more errors occurred. (Connection failed)
 ---> RabbitMQ.Client.Exceptions.ConnectFailureException: Connection failed
 ---> System.TimeoutException: The operation has timed out.
   at RabbitMQ.Client.Impl.TaskExtensions.TimeoutAfter(Task task, TimeSpan timeout)
   at RabbitMQ.Client.Impl.SocketFrameHandler.ConnectOrFail(ITcpClient socket, AmqpTcpEndpoint endpoint, TimeSpan timeout)
   --- End of inner exception stack trace ---
   at RabbitMQ.Client.Impl.SocketFrameHandler.ConnectOrFail(ITcpClient socket, AmqpTcpEndpoint endpoint, TimeSpan timeout)
   at RabbitMQ.Client.Impl.SocketFrameHandler.ConnectUsingAddressFamily(AmqpTcpEndpoint endpoint, Func`2 socketFactory, TimeSpan timeout, AddressFamily family)
   at RabbitMQ.Client.Impl.SocketFrameHandler..ctor(AmqpTcpEndpoint endpoint, Func`2 socketFactory, TimeSpan connectionTimeout, TimeSpan readTimeout, TimeSpan writeTimeout)
   at RabbitMQ.Client.EndpointResolverExtensions.SelectOne[T](IEndpointResolver resolver, Func`2 selector)
   --- End of inner exception stack trace ---
   at RabbitMQ.Client.EndpointResolverExtensions.SelectOne[T](IEndpointResolver resolver, Func`2 selector)
   at RabbitMQ.Client.ConnectionFactory.CreateConnection(IEndpointResolver endpointResolver, String clientProvidedName)
   --- End of inner exception stack trace ---
   at RabbitMQ.Client.ConnectionFactory.CreateConnection(IEndpointResolver endpointResolver, String clientProvidedName)
   at MassTransit.RabbitMqTransport.ConnectionContextFactory.CreateConnection(ISupervisor supervisor)
2026-07-24 16:47:44.652 +05:30 [INF] HealthAxis API heartbeat running at "2026-07-24T16:47:44.6521776+05:30"
2026-07-24 16:47:54.657 +05:30 [INF] HealthAxis API heartbeat running at "2026-07-24T16:47:54.6577204+05:30"
2026-07-24 16:48:04.659 +05:30 [INF] HealthAxis API heartbeat running at "2026-07-24T16:48:04.6597676+05:30"
2026-07-24 16:48:14.672 +05:30 [INF] HealthAxis API heartbeat running at "2026-07-24T16:48:14.6727414+05:30"
2026-07-24 16:48:22.822 +05:30 [WRN] Connection Failed: "rabbitmq://172.31.11.165/"
RabbitMQ.Client.Exceptions.BrokerUnreachableException: None of the specified endpoints were reachable
 ---> System.AggregateException: One or more errors occurred. (Connection failed)
 ---> RabbitMQ.Client.Exceptions.ConnectFailureException: Connection failed
 ---> System.TimeoutException: The operation has timed out.
   at RabbitMQ.Client.Impl.TaskExtensions.TimeoutAfter(Task task, TimeSpan timeout)
   at RabbitMQ.Client.Impl.SocketFrameHandler.ConnectOrFail(ITcpClient socket, AmqpTcpEndpoint endpoint, TimeSpan timeout)
   --- End of inner exception stack trace ---
   at RabbitMQ.Client.Impl.SocketFrameHandler.ConnectOrFail(ITcpClient socket, AmqpTcpEndpoint endpoint, TimeSpan timeout)
   at RabbitMQ.Client.Impl.SocketFrameHandler.ConnectUsingAddressFamily(AmqpTcpEndpoint endpoint, Func`2 socketFactory, TimeSpan timeout, AddressFamily family)
   at RabbitMQ.Client.Impl.SocketFrameHandler..ctor(AmqpTcpEndpoint endpoint, Func`2 socketFactory, TimeSpan connectionTimeout, TimeSpan readTimeout, TimeSpan writeTimeout)
   at RabbitMQ.Client.EndpointResolverExtensions.SelectOne[T](IEndpointResolver resolver, Func`2 selector)
   --- End of inner exception stack trace ---
   at RabbitMQ.Client.EndpointResolverExtensions.SelectOne[T](IEndpointResolver resolver, Func`2 selector)
   at RabbitMQ.Client.ConnectionFactory.CreateConnection(IEndpointResolver endpointResolver, String clientProvidedName)
   --- End of inner exception stack trace ---
   at RabbitMQ.Client.ConnectionFactory.CreateConnection(IEndpointResolver endpointResolver, String clientProvidedName)
   at MassTransit.RabbitMqTransport.ConnectionContextFactory.CreateConnection(ISupervisor supervisor)
2026-07-24 16:48:24.681 +05:30 [INF] HealthAxis API heartbeat running at "2026-07-24T16:48:24.6819144+05:30"
2026-07-24 16:48:34.693 +05:30 [INF] HealthAxis API heartbeat running at "2026-07-24T16:48:34.6936123+05:30"
2026-07-24 16:48:44.698 +05:30 [INF] HealthAxis API heartbeat running at "2026-07-24T16:48:44.6985724+05:30"
2026-07-24 16:48:54.706 +05:30 [INF] HealthAxis API heartbeat running at "2026-07-24T16:48:54.7066823+05:30"
2026-07-24 16:49:03.850 +05:30 [WRN] Connection Failed: "rabbitmq://172.31.11.165/"
RabbitMQ.Client.Exceptions.BrokerUnreachableException: None of the specified endpoints were reachable
 ---> System.AggregateException: One or more errors occurred. (Connection failed)
 ---> RabbitMQ.Client.Exceptions.ConnectFailureException: Connection failed
 ---> System.TimeoutException: The operation has timed out.
   at RabbitMQ.Client.Impl.TaskExtensions.TimeoutAfter(Task task, TimeSpan timeout)
   at RabbitMQ.Client.Impl.SocketFrameHandler.ConnectOrFail(ITcpClient socket, AmqpTcpEndpoint endpoint, TimeSpan timeout)
   --- End of inner exception stack trace ---
   at RabbitMQ.Client.Impl.SocketFrameHandler.ConnectOrFail(ITcpClient socket, AmqpTcpEndpoint endpoint, TimeSpan timeout)
   at RabbitMQ.Client.Impl.SocketFrameHandler.ConnectUsingAddressFamily(AmqpTcpEndpoint endpoint, Func`2 socketFactory, TimeSpan timeout, AddressFamily family)
   at RabbitMQ.Client.Impl.SocketFrameHandler..ctor(AmqpTcpEndpoint endpoint, Func`2 socketFactory, TimeSpan connectionTimeout, TimeSpan readTimeout, TimeSpan writeTimeout)
   at RabbitMQ.Client.EndpointResolverExtensions.SelectOne[T](IEndpointResolver resolver, Func`2 selector)
   --- End of inner exception stack trace ---
   at RabbitMQ.Client.EndpointResolverExtensions.SelectOne[T](IEndpointResolver resolver, Func`2 selector)
   at RabbitMQ.Client.ConnectionFactory.CreateConnection(IEndpointResolver endpointResolver, String clientProvidedName)
   --- End of inner exception stack trace ---
   at RabbitMQ.Client.ConnectionFactory.CreateConnection(IEndpointResolver endpointResolver, String clientProvidedName)
   at MassTransit.RabbitMqTransport.ConnectionContextFactory.CreateConnection(ISupervisor supervisor)
2026-07-24 16:49:04.707 +05:30 [INF] HealthAxis API heartbeat running at "2026-07-24T16:49:04.7075250+05:30"
2026-07-24 16:49:14.738 +05:30 [INF] HealthAxis API heartbeat running at "2026-07-24T16:49:14.7382671+05:30"
2026-07-24 16:49:24.752 +05:30 [INF] HealthAxis API heartbeat running at "2026-07-24T16:49:24.7528680+05:30"
2026-07-24 16:49:34.768 +05:30 [INF] HealthAxis API heartbeat running at "2026-07-24T16:49:34.7684854+05:30"
2026-07-24 16:49:44.778 +05:30 [INF] HealthAxis API heartbeat running at "2026-07-24T16:49:44.7785564+05:30"
2026-07-24 16:49:44.887 +05:30 [WRN] Connection Failed: "rabbitmq://172.31.11.165/"
RabbitMQ.Client.Exceptions.BrokerUnreachableException: None of the specified endpoints were reachable
 ---> System.AggregateException: One or more errors occurred. (Connection failed)
 ---> RabbitMQ.Client.Exceptions.ConnectFailureException: Connection failed
 ---> System.TimeoutException: The operation has timed out.
   at RabbitMQ.Client.Impl.TaskExtensions.TimeoutAfter(Task task, TimeSpan timeout)
   at RabbitMQ.Client.Impl.SocketFrameHandler.ConnectOrFail(ITcpClient socket, AmqpTcpEndpoint endpoint, TimeSpan timeout)
   --- End of inner exception stack trace ---
   at RabbitMQ.Client.Impl.SocketFrameHandler.ConnectOrFail(ITcpClient socket, AmqpTcpEndpoint endpoint, TimeSpan timeout)
   at RabbitMQ.Client.Impl.SocketFrameHandler.ConnectUsingAddressFamily(AmqpTcpEndpoint endpoint, Func`2 socketFactory, TimeSpan timeout, AddressFamily family)
   at RabbitMQ.Client.Impl.SocketFrameHandler..ctor(AmqpTcpEndpoint endpoint, Func`2 socketFactory, TimeSpan connectionTimeout, TimeSpan readTimeout, TimeSpan writeTimeout)
   at RabbitMQ.Client.EndpointResolverExtensions.SelectOne[T](IEndpointResolver resolver, Func`2 selector)
   --- End of inner exception stack trace ---
   at RabbitMQ.Client.EndpointResolverExtensions.SelectOne[T](IEndpointResolver resolver, Func`2 selector)
   at RabbitMQ.Client.ConnectionFactory.CreateConnection(IEndpointResolver endpointResolver, String clientProvidedName)
   --- End of inner exception stack trace ---
   at RabbitMQ.Client.ConnectionFactory.CreateConnection(IEndpointResolver endpointResolver, String clientProvidedName)
   at MassTransit.RabbitMqTransport.ConnectionContextFactory.CreateConnection(ISupervisor supervisor)
2026-07-24 16:49:54.781 +05:30 [INF] HealthAxis API heartbeat running at "2026-07-24T16:49:54.7815722+05:30"
2026-07-24 16:50:04.785 +05:30 [INF] HealthAxis API heartbeat running at "2026-07-24T16:50:04.7857766+05:30"
2026-07-24 16:50:14.789 +05:30 [INF] HealthAxis API heartbeat running at "2026-07-24T16:50:14.7894726+05:30"
2026-07-24 16:50:24.797 +05:30 [INF] HealthAxis API heartbeat running at "2026-07-24T16:50:24.7972122+05:30"
2026-07-24 16:50:25.916 +05:30 [WRN] Connection Failed: "rabbitmq://172.31.11.165/"
RabbitMQ.Client.Exceptions.BrokerUnreachableException: None of the specified endpoints were reachable
 ---> System.AggregateException: One or more errors occurred. (Connection failed)
 ---> RabbitMQ.Client.Exceptions.ConnectFailureException: Connection failed
 ---> System.TimeoutException: The operation has timed out.
   at RabbitMQ.Client.Impl.TaskExtensions.TimeoutAfter(Task task, TimeSpan timeout)
   at RabbitMQ.Client.Impl.SocketFrameHandler.ConnectOrFail(ITcpClient socket, AmqpTcpEndpoint endpoint, TimeSpan timeout)
   --- End of inner exception stack trace ---
   at RabbitMQ.Client.Impl.SocketFrameHandler.ConnectOrFail(ITcpClient socket, AmqpTcpEndpoint endpoint, TimeSpan timeout)
   at RabbitMQ.Client.Impl.SocketFrameHandler.ConnectUsingAddressFamily(AmqpTcpEndpoint endpoint, Func`2 socketFactory, TimeSpan timeout, AddressFamily family)
   at RabbitMQ.Client.Impl.SocketFrameHandler..ctor(AmqpTcpEndpoint endpoint, Func`2 socketFactory, TimeSpan connectionTimeout, TimeSpan readTimeout, TimeSpan writeTimeout)
   at RabbitMQ.Client.EndpointResolverExtensions.SelectOne[T](IEndpointResolver resolver, Func`2 selector)
   --- End of inner exception stack trace ---
   at RabbitMQ.Client.EndpointResolverExtensions.SelectOne[T](IEndpointResolver resolver, Func`2 selector)
   at RabbitMQ.Client.ConnectionFactory.CreateConnection(IEndpointResolver endpointResolver, String clientProvidedName)
   --- End of inner exception stack trace ---
   at RabbitMQ.Client.ConnectionFactory.CreateConnection(IEndpointResolver endpointResolver, String clientProvidedName)
   at MassTransit.RabbitMqTransport.ConnectionContextFactory.CreateConnection(ISupervisor supervisor)
2026-07-24 16:50:34.809 +05:30 [INF] HealthAxis API heartbeat running at "2026-07-24T16:50:34.8089854+05:30"
2026-07-24 16:50:44.815 +05:30 [INF] HealthAxis API heartbeat running at "2026-07-24T16:50:44.8151136+05:30"
2026-07-24 16:50:54.828 +05:30 [INF] HealthAxis API heartbeat running at "2026-07-24T16:50:54.8283620+05:30"
2026-07-24 16:51:04.839 +05:30 [INF] HealthAxis API heartbeat running at "2026-07-24T16:51:04.8390543+05:30"
2026-07-24 16:51:06.950 +05:30 [WRN] Connection Failed: "rabbitmq://172.31.11.165/"
RabbitMQ.Client.Exceptions.BrokerUnreachableException: None of the specified endpoints were reachable
 ---> System.AggregateException: One or more errors occurred. (Connection failed)
 ---> RabbitMQ.Client.Exceptions.ConnectFailureException: Connection failed
 ---> System.TimeoutException: The operation has timed out.
   at RabbitMQ.Client.Impl.TaskExtensions.TimeoutAfter(Task task, TimeSpan timeout)
   at RabbitMQ.Client.Impl.SocketFrameHandler.ConnectOrFail(ITcpClient socket, AmqpTcpEndpoint endpoint, TimeSpan timeout)
   --- End of inner exception stack trace ---
   at RabbitMQ.Client.Impl.SocketFrameHandler.ConnectOrFail(ITcpClient socket, AmqpTcpEndpoint endpoint, TimeSpan timeout)
   at RabbitMQ.Client.Impl.SocketFrameHandler.ConnectUsingAddressFamily(AmqpTcpEndpoint endpoint, Func`2 socketFactory, TimeSpan timeout, AddressFamily family)
   at RabbitMQ.Client.Impl.SocketFrameHandler..ctor(AmqpTcpEndpoint endpoint, Func`2 socketFactory, TimeSpan connectionTimeout, TimeSpan readTimeout, TimeSpan writeTimeout)
   at RabbitMQ.Client.EndpointResolverExtensions.SelectOne[T](IEndpointResolver resolver, Func`2 selector)
   --- End of inner exception stack trace ---
   at RabbitMQ.Client.EndpointResolverExtensions.SelectOne[T](IEndpointResolver resolver, Func`2 selector)
   at RabbitMQ.Client.ConnectionFactory.CreateConnection(IEndpointResolver endpointResolver, String clientProvidedName)
   --- End of inner exception stack trace ---
   at RabbitMQ.Client.ConnectionFactory.CreateConnection(IEndpointResolver endpointResolver, String clientProvidedName)
   at MassTransit.RabbitMqTransport.ConnectionContextFactory.CreateConnection(ISupervisor supervisor)
2026-07-24 16:51:14.846 +05:30 [INF] HealthAxis API heartbeat running at "2026-07-24T16:51:14.8463122+05:30"
2026-07-24 16:51:24.860 +05:30 [INF] HealthAxis API heartbeat running at "2026-07-24T16:51:24.8600191+05:30"
2026-07-24 16:51:34.870 +05:30 [INF] HealthAxis API heartbeat running at "2026-07-24T16:51:34.8707274+05:30"
2026-07-24 16:51:44.881 +05:30 [INF] HealthAxis API heartbeat running at "2026-07-24T16:51:44.8813383+05:30"
2026-07-24 16:51:47.975 +05:30 [WRN] Connection Failed: "rabbitmq://172.31.11.165/"
RabbitMQ.Client.Exceptions.BrokerUnreachableException: None of the specified endpoints were reachable
 ---> System.AggregateException: One or more errors occurred. (Connection failed)
 ---> RabbitMQ.Client.Exceptions.ConnectFailureException: Connection failed
 ---> System.TimeoutException: The operation has timed out.
   at RabbitMQ.Client.Impl.TaskExtensions.TimeoutAfter(Task task, TimeSpan timeout)
   at RabbitMQ.Client.Impl.SocketFrameHandler.ConnectOrFail(ITcpClient socket, AmqpTcpEndpoint endpoint, TimeSpan timeout)
   --- End of inner exception stack trace ---
   at RabbitMQ.Client.Impl.SocketFrameHandler.ConnectOrFail(ITcpClient socket, AmqpTcpEndpoint endpoint, TimeSpan timeout)
   at RabbitMQ.Client.Impl.SocketFrameHandler.ConnectUsingAddressFamily(AmqpTcpEndpoint endpoint, Func`2 socketFactory, TimeSpan timeout, AddressFamily family)
   at RabbitMQ.Client.Impl.SocketFrameHandler..ctor(AmqpTcpEndpoint endpoint, Func`2 socketFactory, TimeSpan connectionTimeout, TimeSpan readTimeout, TimeSpan writeTimeout)
   at RabbitMQ.Client.EndpointResolverExtensions.SelectOne[T](IEndpointResolver resolver, Func`2 selector)
   --- End of inner exception stack trace ---
   at RabbitMQ.Client.EndpointResolverExtensions.SelectOne[T](IEndpointResolver resolver, Func`2 selector)
   at RabbitMQ.Client.ConnectionFactory.CreateConnection(IEndpointResolver endpointResolver, String clientProvidedName)
   --- End of inner exception stack trace ---
   at RabbitMQ.Client.ConnectionFactory.CreateConnection(IEndpointResolver endpointResolver, String clientProvidedName)
   at MassTransit.RabbitMqTransport.ConnectionContextFactory.CreateConnection(ISupervisor supervisor)
2026-07-24 16:51:54.898 +05:30 [INF] HealthAxis API heartbeat running at "2026-07-24T16:51:54.8981483+05:30"
2026-07-24 16:52:04.900 +05:30 [INF] HealthAxis API heartbeat running at "2026-07-24T16:52:04.9005652+05:30"
2026-07-24 16:52:14.912 +05:30 [INF] HealthAxis API heartbeat running at "2026-07-24T16:52:14.9125142+05:30"
2026-07-24 16:52:24.917 +05:30 [INF] HealthAxis API heartbeat running at "2026-07-24T16:52:24.9174169+05:30"
2026-07-24 16:52:29.012 +05:30 [WRN] Connection Failed: "rabbitmq://172.31.11.165/"
RabbitMQ.Client.Exceptions.BrokerUnreachableException: None of the specified endpoints were reachable
 ---> System.AggregateException: One or more errors occurred. (Connection failed)
 ---> RabbitMQ.Client.Exceptions.ConnectFailureException: Connection failed
 ---> System.TimeoutException: The operation has timed out.
   at RabbitMQ.Client.Impl.TaskExtensions.TimeoutAfter(Task task, TimeSpan timeout)
   at RabbitMQ.Client.Impl.SocketFrameHandler.ConnectOrFail(ITcpClient socket, AmqpTcpEndpoint endpoint, TimeSpan timeout)
   --- End of inner exception stack trace ---
   at RabbitMQ.Client.Impl.SocketFrameHandler.ConnectOrFail(ITcpClient socket, AmqpTcpEndpoint endpoint, TimeSpan timeout)
   at RabbitMQ.Client.Impl.SocketFrameHandler.ConnectUsingAddressFamily(AmqpTcpEndpoint endpoint, Func`2 socketFactory, TimeSpan timeout, AddressFamily family)
   at RabbitMQ.Client.Impl.SocketFrameHandler..ctor(AmqpTcpEndpoint endpoint, Func`2 socketFactory, TimeSpan connectionTimeout, TimeSpan readTimeout, TimeSpan writeTimeout)
   at RabbitMQ.Client.EndpointResolverExtensions.SelectOne[T](IEndpointResolver resolver, Func`2 selector)
   --- End of inner exception stack trace ---
   at RabbitMQ.Client.EndpointResolverExtensions.SelectOne[T](IEndpointResolver resolver, Func`2 selector)
   at RabbitMQ.Client.ConnectionFactory.CreateConnection(IEndpointResolver endpointResolver, String clientProvidedName)
   --- End of inner exception stack trace ---
   at RabbitMQ.Client.ConnectionFactory.CreateConnection(IEndpointResolver endpointResolver, String clientProvidedName)
   at MassTransit.RabbitMqTransport.ConnectionContextFactory.CreateConnection(ISupervisor supervisor)
2026-07-24 16:52:34.921 +05:30 [INF] HealthAxis API heartbeat running at "2026-07-24T16:52:34.9211512+05:30"
2026-07-24 16:52:44.926 +05:30 [INF] HealthAxis API heartbeat running at "2026-07-24T16:52:44.9265224+05:30"
2026-07-24 16:52:54.934 +05:30 [INF] HealthAxis API heartbeat running at "2026-07-24T16:52:54.9343575+05:30"
2026-07-24 16:53:04.939 +05:30 [INF] HealthAxis API heartbeat running at "2026-07-24T16:53:04.9399277+05:30"
2026-07-24 16:53:10.029 +05:30 [WRN] Connection Failed: "rabbitmq://172.31.11.165/"
RabbitMQ.Client.Exceptions.BrokerUnreachableException: None of the specified endpoints were reachable
 ---> System.AggregateException: One or more errors occurred. (Connection failed)
 ---> RabbitMQ.Client.Exceptions.ConnectFailureException: Connection failed
 ---> System.TimeoutException: The operation has timed out.
   at RabbitMQ.Client.Impl.TaskExtensions.TimeoutAfter(Task task, TimeSpan timeout)
   at RabbitMQ.Client.Impl.SocketFrameHandler.ConnectOrFail(ITcpClient socket, AmqpTcpEndpoint endpoint, TimeSpan timeout)
   --- End of inner exception stack trace ---
   at RabbitMQ.Client.Impl.SocketFrameHandler.ConnectOrFail(ITcpClient socket, AmqpTcpEndpoint endpoint, TimeSpan timeout)
   at RabbitMQ.Client.Impl.SocketFrameHandler.ConnectUsingAddressFamily(AmqpTcpEndpoint endpoint, Func`2 socketFactory, TimeSpan timeout, AddressFamily family)
   at RabbitMQ.Client.Impl.SocketFrameHandler..ctor(AmqpTcpEndpoint endpoint, Func`2 socketFactory, TimeSpan connectionTimeout, TimeSpan readTimeout, TimeSpan writeTimeout)
   at RabbitMQ.Client.EndpointResolverExtensions.SelectOne[T](IEndpointResolver resolver, Func`2 selector)
   --- End of inner exception stack trace ---
   at RabbitMQ.Client.EndpointResolverExtensions.SelectOne[T](IEndpointResolver resolver, Func`2 selector)
   at RabbitMQ.Client.ConnectionFactory.CreateConnection(IEndpointResolver endpointResolver, String clientProvidedName)
   --- End of inner exception stack trace ---
   at RabbitMQ.Client.ConnectionFactory.CreateConnection(IEndpointResolver endpointResolver, String clientProvidedName)
   at MassTransit.RabbitMqTransport.ConnectionContextFactory.CreateConnection(ISupervisor supervisor)
2026-07-24 16:53:14.948 +05:30 [INF] HealthAxis API heartbeat running at "2026-07-24T16:53:14.9489695+05:30"
2026-07-24 16:53:24.955 +05:30 [INF] HealthAxis API heartbeat running at "2026-07-24T16:53:24.9552398+05:30"
2026-07-24 16:53:34.968 +05:30 [INF] HealthAxis API heartbeat running at "2026-07-24T16:53:34.9682950+05:30"
2026-07-24 16:53:44.984 +05:30 [INF] HealthAxis API heartbeat running at "2026-07-24T16:53:44.9843665+05:30"
2026-07-24 16:53:51.051 +05:30 [WRN] Connection Failed: "rabbitmq://172.31.11.165/"
RabbitMQ.Client.Exceptions.BrokerUnreachableException: None of the specified endpoints were reachable
 ---> System.AggregateException: One or more errors occurred. (Connection failed)
 ---> RabbitMQ.Client.Exceptions.ConnectFailureException: Connection failed
 ---> System.TimeoutException: The operation has timed out.
   at RabbitMQ.Client.Impl.TaskExtensions.TimeoutAfter(Task task, TimeSpan timeout)
   at RabbitMQ.Client.Impl.SocketFrameHandler.ConnectOrFail(ITcpClient socket, AmqpTcpEndpoint endpoint, TimeSpan timeout)
   --- End of inner exception stack trace ---
   at RabbitMQ.Client.Impl.SocketFrameHandler.ConnectOrFail(ITcpClient socket, AmqpTcpEndpoint endpoint, TimeSpan timeout)
   at RabbitMQ.Client.Impl.SocketFrameHandler.ConnectUsingAddressFamily(AmqpTcpEndpoint endpoint, Func`2 socketFactory, TimeSpan timeout, AddressFamily family)
   at RabbitMQ.Client.Impl.SocketFrameHandler..ctor(AmqpTcpEndpoint endpoint, Func`2 socketFactory, TimeSpan connectionTimeout, TimeSpan readTimeout, TimeSpan writeTimeout)
   at RabbitMQ.Client.EndpointResolverExtensions.SelectOne[T](IEndpointResolver resolver, Func`2 selector)
   --- End of inner exception stack trace ---
   at RabbitMQ.Client.EndpointResolverExtensions.SelectOne[T](IEndpointResolver resolver, Func`2 selector)
   at RabbitMQ.Client.ConnectionFactory.CreateConnection(IEndpointResolver endpointResolver, String clientProvidedName)
   --- End of inner exception stack trace ---
   at RabbitMQ.Client.ConnectionFactory.CreateConnection(IEndpointResolver endpointResolver, String clientProvidedName)
   at MassTransit.RabbitMqTransport.ConnectionContextFactory.CreateConnection(ISupervisor supervisor)
2026-07-24 16:53:54.995 +05:30 [INF] HealthAxis API heartbeat running at "2026-07-24T16:53:54.9956739+05:30"
2026-07-24 16:54:05.029 +05:30 [INF] HealthAxis API heartbeat running at "2026-07-24T16:54:05.0291914+05:30"
2026-07-24 16:54:15.325 +05:30 [INF] HealthAxis API heartbeat running at "2026-07-24T16:54:15.3259126+05:30"
2026-07-24 16:54:25.330 +05:30 [INF] HealthAxis API heartbeat running at "2026-07-24T16:54:25.3301553+05:30"
2026-07-24 16:54:32.074 +05:30 [WRN] Connection Failed: "rabbitmq://172.31.11.165/"
RabbitMQ.Client.Exceptions.BrokerUnreachableException: None of the specified endpoints were reachable
 ---> System.AggregateException: One or more errors occurred. (Connection failed)
 ---> RabbitMQ.Client.Exceptions.ConnectFailureException: Connection failed
 ---> System.TimeoutException: The operation has timed out.
   at RabbitMQ.Client.Impl.TaskExtensions.TimeoutAfter(Task task, TimeSpan timeout)
   at RabbitMQ.Client.Impl.SocketFrameHandler.ConnectOrFail(ITcpClient socket, AmqpTcpEndpoint endpoint, TimeSpan timeout)
   --- End of inner exception stack trace ---
   at RabbitMQ.Client.Impl.SocketFrameHandler.ConnectOrFail(ITcpClient socket, AmqpTcpEndpoint endpoint, TimeSpan timeout)
   at RabbitMQ.Client.Impl.SocketFrameHandler.ConnectUsingAddressFamily(AmqpTcpEndpoint endpoint, Func`2 socketFactory, TimeSpan timeout, AddressFamily family)
   at RabbitMQ.Client.Impl.SocketFrameHandler..ctor(AmqpTcpEndpoint endpoint, Func`2 socketFactory, TimeSpan connectionTimeout, TimeSpan readTimeout, TimeSpan writeTimeout)
   at RabbitMQ.Client.EndpointResolverExtensions.SelectOne[T](IEndpointResolver resolver, Func`2 selector)
   --- End of inner exception stack trace ---
   at RabbitMQ.Client.EndpointResolverExtensions.SelectOne[T](IEndpointResolver resolver, Func`2 selector)
   at RabbitMQ.Client.ConnectionFactory.CreateConnection(IEndpointResolver endpointResolver, String clientProvidedName)
   --- End of inner exception stack trace ---
   at RabbitMQ.Client.ConnectionFactory.CreateConnection(IEndpointResolver endpointResolver, String clientProvidedName)
   at MassTransit.RabbitMqTransport.ConnectionContextFactory.CreateConnection(ISupervisor supervisor)
2026-07-24 16:54:35.348 +05:30 [INF] HealthAxis API heartbeat running at "2026-07-24T16:54:35.3484171+05:30"
2026-07-24 16:54:45.363 +05:30 [INF] HealthAxis API heartbeat running at "2026-07-24T16:54:45.3634473+05:30"
2026-07-24 16:54:55.374 +05:30 [INF] HealthAxis API heartbeat running at "2026-07-24T16:54:55.3743284+05:30"
2026-07-24 16:55:05.386 +05:30 [INF] HealthAxis API heartbeat running at "2026-07-24T16:55:05.3865452+05:30"
2026-07-24 16:55:13.114 +05:30 [WRN] Connection Failed: "rabbitmq://172.31.11.165/"
RabbitMQ.Client.Exceptions.BrokerUnreachableException: None of the specified endpoints were reachable
 ---> System.AggregateException: One or more errors occurred. (Connection failed)
 ---> RabbitMQ.Client.Exceptions.ConnectFailureException: Connection failed
 ---> System.TimeoutException: The operation has timed out.
   at RabbitMQ.Client.Impl.TaskExtensions.TimeoutAfter(Task task, TimeSpan timeout)
   at RabbitMQ.Client.Impl.SocketFrameHandler.ConnectOrFail(ITcpClient socket, AmqpTcpEndpoint endpoint, TimeSpan timeout)
   --- End of inner exception stack trace ---
   at RabbitMQ.Client.Impl.SocketFrameHandler.ConnectOrFail(ITcpClient socket, AmqpTcpEndpoint endpoint, TimeSpan timeout)
   at RabbitMQ.Client.Impl.SocketFrameHandler.ConnectUsingAddressFamily(AmqpTcpEndpoint endpoint, Func`2 socketFactory, TimeSpan timeout, AddressFamily family)
   at RabbitMQ.Client.Impl.SocketFrameHandler..ctor(AmqpTcpEndpoint endpoint, Func`2 socketFactory, TimeSpan connectionTimeout, TimeSpan readTimeout, TimeSpan writeTimeout)
   at RabbitMQ.Client.EndpointResolverExtensions.SelectOne[T](IEndpointResolver resolver, Func`2 selector)
   --- End of inner exception stack trace ---
   at RabbitMQ.Client.EndpointResolverExtensions.SelectOne[T](IEndpointResolver resolver, Func`2 selector)
   at RabbitMQ.Client.ConnectionFactory.CreateConnection(IEndpointResolver endpointResolver, String clientProvidedName)
   --- End of inner exception stack trace ---
   at RabbitMQ.Client.ConnectionFactory.CreateConnection(IEndpointResolver endpointResolver, String clientProvidedName)
   at MassTransit.RabbitMqTransport.ConnectionContextFactory.CreateConnection(ISupervisor supervisor)
2026-07-24 16:55:15.403 +05:30 [INF] HealthAxis API heartbeat running at "2026-07-24T16:55:15.4030993+05:30"
2026-07-24 16:55:25.412 +05:30 [INF] HealthAxis API heartbeat running at "2026-07-24T16:55:25.4128911+05:30"
2026-07-24 16:55:35.419 +05:30 [INF] HealthAxis API heartbeat running at "2026-07-24T16:55:35.4197949+05:30"
2026-07-24 16:55:45.430 +05:30 [INF] HealthAxis API heartbeat running at "2026-07-24T16:55:45.4306419+05:30"
2026-07-24 16:55:54.148 +05:30 [WRN] Connection Failed: "rabbitmq://172.31.11.165/"
RabbitMQ.Client.Exceptions.BrokerUnreachableException: None of the specified endpoints were reachable
 ---> System.AggregateException: One or more errors occurred. (Connection failed)
 ---> RabbitMQ.Client.Exceptions.ConnectFailureException: Connection failed
 ---> System.TimeoutException: The operation has timed out.
   at RabbitMQ.Client.Impl.TaskExtensions.TimeoutAfter(Task task, TimeSpan timeout)
   at RabbitMQ.Client.Impl.SocketFrameHandler.ConnectOrFail(ITcpClient socket, AmqpTcpEndpoint endpoint, TimeSpan timeout)
   --- End of inner exception stack trace ---
   at RabbitMQ.Client.Impl.SocketFrameHandler.ConnectOrFail(ITcpClient socket, AmqpTcpEndpoint endpoint, TimeSpan timeout)
   at RabbitMQ.Client.Impl.SocketFrameHandler.ConnectUsingAddressFamily(AmqpTcpEndpoint endpoint, Func`2 socketFactory, TimeSpan timeout, AddressFamily family)
   at RabbitMQ.Client.Impl.SocketFrameHandler..ctor(AmqpTcpEndpoint endpoint, Func`2 socketFactory, TimeSpan connectionTimeout, TimeSpan readTimeout, TimeSpan writeTimeout)
   at RabbitMQ.Client.EndpointResolverExtensions.SelectOne[T](IEndpointResolver resolver, Func`2 selector)
   --- End of inner exception stack trace ---
   at RabbitMQ.Client.EndpointResolverExtensions.SelectOne[T](IEndpointResolver resolver, Func`2 selector)
   at RabbitMQ.Client.ConnectionFactory.CreateConnection(IEndpointResolver endpointResolver, String clientProvidedName)
   --- End of inner exception stack trace ---
   at RabbitMQ.Client.ConnectionFactory.CreateConnection(IEndpointResolver endpointResolver, String clientProvidedName)
   at MassTransit.RabbitMqTransport.ConnectionContextFactory.CreateConnection(ISupervisor supervisor)
2026-07-24 16:55:55.445 +05:30 [INF] HealthAxis API heartbeat running at "2026-07-24T16:55:55.4452659+05:30"
2026-07-24 16:56:05.447 +05:30 [INF] HealthAxis API heartbeat running at "2026-07-24T16:56:05.4474886+05:30"
2026-07-24 16:56:15.460 +05:30 [INF] HealthAxis API heartbeat running at "2026-07-24T16:56:15.4607902+05:30"
2026-07-24 16:56:25.477 +05:30 [INF] HealthAxis API heartbeat running at "2026-07-24T16:56:25.4773286+05:30"
2026-07-24 16:56:35.173 +05:30 [WRN] Connection Failed: "rabbitmq://172.31.11.165/"
RabbitMQ.Client.Exceptions.BrokerUnreachableException: None of the specified endpoints were reachable
 ---> System.AggregateException: One or more errors occurred. (Connection failed)
 ---> RabbitMQ.Client.Exceptions.ConnectFailureException: Connection failed
 ---> System.TimeoutException: The operation has timed out.
   at RabbitMQ.Client.Impl.TaskExtensions.TimeoutAfter(Task task, TimeSpan timeout)
   at RabbitMQ.Client.Impl.SocketFrameHandler.ConnectOrFail(ITcpClient socket, AmqpTcpEndpoint endpoint, TimeSpan timeout)
   --- End of inner exception stack trace ---
   at RabbitMQ.Client.Impl.SocketFrameHandler.ConnectOrFail(ITcpClient socket, AmqpTcpEndpoint endpoint, TimeSpan timeout)
   at RabbitMQ.Client.Impl.SocketFrameHandler.ConnectUsingAddressFamily(AmqpTcpEndpoint endpoint, Func`2 socketFactory, TimeSpan timeout, AddressFamily family)
   at RabbitMQ.Client.Impl.SocketFrameHandler..ctor(AmqpTcpEndpoint endpoint, Func`2 socketFactory, TimeSpan connectionTimeout, TimeSpan readTimeout, TimeSpan writeTimeout)
   at RabbitMQ.Client.EndpointResolverExtensions.SelectOne[T](IEndpointResolver resolver, Func`2 selector)
   --- End of inner exception stack trace ---
   at RabbitMQ.Client.EndpointResolverExtensions.SelectOne[T](IEndpointResolver resolver, Func`2 selector)
   at RabbitMQ.Client.ConnectionFactory.CreateConnection(IEndpointResolver endpointResolver, String clientProvidedName)
   --- End of inner exception stack trace ---
   at RabbitMQ.Client.ConnectionFactory.CreateConnection(IEndpointResolver endpointResolver, String clientProvidedName)
   at MassTransit.RabbitMqTransport.ConnectionContextFactory.CreateConnection(ISupervisor supervisor)
2026-07-24 16:56:35.483 +05:30 [INF] HealthAxis API heartbeat running at "2026-07-24T16:56:35.4836464+05:30"
2026-07-24 16:56:45.493 +05:30 [INF] HealthAxis API heartbeat running at "2026-07-24T16:56:45.4931663+05:30"
2026-07-24 16:56:55.509 +05:30 [INF] HealthAxis API heartbeat running at "2026-07-24T16:56:55.5091348+05:30"
2026-07-24 16:57:05.522 +05:30 [INF] HealthAxis API heartbeat running at "2026-07-24T16:57:05.5225064+05:30"
2026-07-24 16:57:15.524 +05:30 [INF] HealthAxis API heartbeat running at "2026-07-24T16:57:15.5243619+05:30"
2026-07-24 16:57:16.210 +05:30 [WRN] Connection Failed: "rabbitmq://172.31.11.165/"
RabbitMQ.Client.Exceptions.BrokerUnreachableException: None of the specified endpoints were reachable
 ---> System.AggregateException: One or more errors occurred. (Connection failed)
 ---> RabbitMQ.Client.Exceptions.ConnectFailureException: Connection failed
 ---> System.TimeoutException: The operation has timed out.
   at RabbitMQ.Client.Impl.TaskExtensions.TimeoutAfter(Task task, TimeSpan timeout)
   at RabbitMQ.Client.Impl.SocketFrameHandler.ConnectOrFail(ITcpClient socket, AmqpTcpEndpoint endpoint, TimeSpan timeout)
   --- End of inner exception stack trace ---
   at RabbitMQ.Client.Impl.SocketFrameHandler.ConnectOrFail(ITcpClient socket, AmqpTcpEndpoint endpoint, TimeSpan timeout)
   at RabbitMQ.Client.Impl.SocketFrameHandler.ConnectUsingAddressFamily(AmqpTcpEndpoint endpoint, Func`2 socketFactory, TimeSpan timeout, AddressFamily family)
   at RabbitMQ.Client.Impl.SocketFrameHandler..ctor(AmqpTcpEndpoint endpoint, Func`2 socketFactory, TimeSpan connectionTimeout, TimeSpan readTimeout, TimeSpan writeTimeout)
   at RabbitMQ.Client.EndpointResolverExtensions.SelectOne[T](IEndpointResolver resolver, Func`2 selector)
   --- End of inner exception stack trace ---
   at RabbitMQ.Client.EndpointResolverExtensions.SelectOne[T](IEndpointResolver resolver, Func`2 selector)
   at RabbitMQ.Client.ConnectionFactory.CreateConnection(IEndpointResolver endpointResolver, String clientProvidedName)
   --- End of inner exception stack trace ---
   at RabbitMQ.Client.ConnectionFactory.CreateConnection(IEndpointResolver endpointResolver, String clientProvidedName)
   at MassTransit.RabbitMqTransport.ConnectionContextFactory.CreateConnection(ISupervisor supervisor)
2026-07-24 16:57:25.529 +05:30 [INF] HealthAxis API heartbeat running at "2026-07-24T16:57:25.5293860+05:30"
2026-07-24 16:57:35.533 +05:30 [INF] HealthAxis API heartbeat running at "2026-07-24T16:57:35.5332948+05:30"
2026-07-24 16:57:45.544 +05:30 [INF] HealthAxis API heartbeat running at "2026-07-24T16:57:45.5443296+05:30"
2026-07-24 16:57:55.554 +05:30 [INF] HealthAxis API heartbeat running at "2026-07-24T16:57:55.5539909+05:30"
2026-07-24 16:57:57.238 +05:30 [WRN] Connection Failed: "rabbitmq://172.31.11.165/"
RabbitMQ.Client.Exceptions.BrokerUnreachableException: None of the specified endpoints were reachable
 ---> System.AggregateException: One or more errors occurred. (Connection failed)
 ---> RabbitMQ.Client.Exceptions.ConnectFailureException: Connection failed
 ---> System.TimeoutException: The operation has timed out.
   at RabbitMQ.Client.Impl.TaskExtensions.TimeoutAfter(Task task, TimeSpan timeout)
   at RabbitMQ.Client.Impl.SocketFrameHandler.ConnectOrFail(ITcpClient socket, AmqpTcpEndpoint endpoint, TimeSpan timeout)
   --- End of inner exception stack trace ---
   at RabbitMQ.Client.Impl.SocketFrameHandler.ConnectOrFail(ITcpClient socket, AmqpTcpEndpoint endpoint, TimeSpan timeout)
   at RabbitMQ.Client.Impl.SocketFrameHandler.ConnectUsingAddressFamily(AmqpTcpEndpoint endpoint, Func`2 socketFactory, TimeSpan timeout, AddressFamily family)
   at RabbitMQ.Client.Impl.SocketFrameHandler..ctor(AmqpTcpEndpoint endpoint, Func`2 socketFactory, TimeSpan connectionTimeout, TimeSpan readTimeout, TimeSpan writeTimeout)
   at RabbitMQ.Client.EndpointResolverExtensions.SelectOne[T](IEndpointResolver resolver, Func`2 selector)
   --- End of inner exception stack trace ---
   at RabbitMQ.Client.EndpointResolverExtensions.SelectOne[T](IEndpointResolver resolver, Func`2 selector)
   at RabbitMQ.Client.ConnectionFactory.CreateConnection(IEndpointResolver endpointResolver, String clientProvidedName)
   --- End of inner exception stack trace ---
   at RabbitMQ.Client.ConnectionFactory.CreateConnection(IEndpointResolver endpointResolver, String clientProvidedName)
   at MassTransit.RabbitMqTransport.ConnectionContextFactory.CreateConnection(ISupervisor supervisor)
2026-07-24 16:58:05.562 +05:30 [INF] HealthAxis API heartbeat running at "2026-07-24T16:58:05.5622021+05:30"
2026-07-24 16:58:15.566 +05:30 [INF] HealthAxis API heartbeat running at "2026-07-24T16:58:15.5664507+05:30"
2026-07-24 16:58:25.580 +05:30 [INF] HealthAxis API heartbeat running at "2026-07-24T16:58:25.5802748+05:30"
2026-07-24 16:58:35.596 +05:30 [INF] HealthAxis API heartbeat running at "2026-07-24T16:58:35.5961422+05:30"
2026-07-24 16:58:38.266 +05:30 [WRN] Connection Failed: "rabbitmq://172.31.11.165/"
RabbitMQ.Client.Exceptions.BrokerUnreachableException: None of the specified endpoints were reachable
 ---> System.AggregateException: One or more errors occurred. (Connection failed)
 ---> RabbitMQ.Client.Exceptions.ConnectFailureException: Connection failed
 ---> System.TimeoutException: The operation has timed out.
   at RabbitMQ.Client.Impl.TaskExtensions.TimeoutAfter(Task task, TimeSpan timeout)
   at RabbitMQ.Client.Impl.SocketFrameHandler.ConnectOrFail(ITcpClient socket, AmqpTcpEndpoint endpoint, TimeSpan timeout)
   --- End of inner exception stack trace ---
   at RabbitMQ.Client.Impl.SocketFrameHandler.ConnectOrFail(ITcpClient socket, AmqpTcpEndpoint endpoint, TimeSpan timeout)
   at RabbitMQ.Client.Impl.SocketFrameHandler.ConnectUsingAddressFamily(AmqpTcpEndpoint endpoint, Func`2 socketFactory, TimeSpan timeout, AddressFamily family)
   at RabbitMQ.Client.Impl.SocketFrameHandler..ctor(AmqpTcpEndpoint endpoint, Func`2 socketFactory, TimeSpan connectionTimeout, TimeSpan readTimeout, TimeSpan writeTimeout)
   at RabbitMQ.Client.EndpointResolverExtensions.SelectOne[T](IEndpointResolver resolver, Func`2 selector)
   --- End of inner exception stack trace ---
   at RabbitMQ.Client.EndpointResolverExtensions.SelectOne[T](IEndpointResolver resolver, Func`2 selector)
   at RabbitMQ.Client.ConnectionFactory.CreateConnection(IEndpointResolver endpointResolver, String clientProvidedName)
   --- End of inner exception stack trace ---
   at RabbitMQ.Client.ConnectionFactory.CreateConnection(IEndpointResolver endpointResolver, String clientProvidedName)
   at MassTransit.RabbitMqTransport.ConnectionContextFactory.CreateConnection(ISupervisor supervisor)
2026-07-24 16:58:45.611 +05:30 [INF] HealthAxis API heartbeat running at "2026-07-24T16:58:45.6112764+05:30"
2026-07-24 16:58:55.628 +05:30 [INF] HealthAxis API heartbeat running at "2026-07-24T16:58:55.6282216+05:30"
2026-07-24 16:59:05.637 +05:30 [INF] HealthAxis API heartbeat running at "2026-07-24T16:59:05.6378292+05:30"
2026-07-24 16:59:15.643 +05:30 [INF] HealthAxis API heartbeat running at "2026-07-24T16:59:15.6436288+05:30"
2026-07-24 16:59:19.286 +05:30 [WRN] Connection Failed: "rabbitmq://172.31.11.165/"
RabbitMQ.Client.Exceptions.BrokerUnreachableException: None of the specified endpoints were reachable
 ---> System.AggregateException: One or more errors occurred. (Connection failed)
 ---> RabbitMQ.Client.Exceptions.ConnectFailureException: Connection failed
 ---> System.TimeoutException: The operation has timed out.
   at RabbitMQ.Client.Impl.TaskExtensions.TimeoutAfter(Task task, TimeSpan timeout)
   at RabbitMQ.Client.Impl.SocketFrameHandler.ConnectOrFail(ITcpClient socket, AmqpTcpEndpoint endpoint, TimeSpan timeout)
   --- End of inner exception stack trace ---
   at RabbitMQ.Client.Impl.SocketFrameHandler.ConnectOrFail(ITcpClient socket, AmqpTcpEndpoint endpoint, TimeSpan timeout)
   at RabbitMQ.Client.Impl.SocketFrameHandler.ConnectUsingAddressFamily(AmqpTcpEndpoint endpoint, Func`2 socketFactory, TimeSpan timeout, AddressFamily family)
   at RabbitMQ.Client.Impl.SocketFrameHandler..ctor(AmqpTcpEndpoint endpoint, Func`2 socketFactory, TimeSpan connectionTimeout, TimeSpan readTimeout, TimeSpan writeTimeout)
   at RabbitMQ.Client.EndpointResolverExtensions.SelectOne[T](IEndpointResolver resolver, Func`2 selector)
   --- End of inner exception stack trace ---
   at RabbitMQ.Client.EndpointResolverExtensions.SelectOne[T](IEndpointResolver resolver, Func`2 selector)
   at RabbitMQ.Client.ConnectionFactory.CreateConnection(IEndpointResolver endpointResolver, String clientProvidedName)
   --- End of inner exception stack trace ---
   at RabbitMQ.Client.ConnectionFactory.CreateConnection(IEndpointResolver endpointResolver, String clientProvidedName)
   at MassTransit.RabbitMqTransport.ConnectionContextFactory.CreateConnection(ISupervisor supervisor)
2026-07-24 16:59:25.648 +05:30 [INF] HealthAxis API heartbeat running at "2026-07-24T16:59:25.6483171+05:30"
2026-07-24 16:59:35.660 +05:30 [INF] HealthAxis API heartbeat running at "2026-07-24T16:59:35.6604110+05:30"
2026-07-24 16:59:45.674 +05:30 [INF] HealthAxis API heartbeat running at "2026-07-24T16:59:45.6740962+05:30"
2026-07-24 16:59:55.688 +05:30 [INF] HealthAxis API heartbeat running at "2026-07-24T16:59:55.6884923+05:30"
2026-07-24 17:00:00.310 +05:30 [WRN] Connection Failed: "rabbitmq://172.31.11.165/"
RabbitMQ.Client.Exceptions.BrokerUnreachableException: None of the specified endpoints were reachable
 ---> System.AggregateException: One or more errors occurred. (Connection failed)
 ---> RabbitMQ.Client.Exceptions.ConnectFailureException: Connection failed
 ---> System.TimeoutException: The operation has timed out.
   at RabbitMQ.Client.Impl.TaskExtensions.TimeoutAfter(Task task, TimeSpan timeout)
   at RabbitMQ.Client.Impl.SocketFrameHandler.ConnectOrFail(ITcpClient socket, AmqpTcpEndpoint endpoint, TimeSpan timeout)
   --- End of inner exception stack trace ---
   at RabbitMQ.Client.Impl.SocketFrameHandler.ConnectOrFail(ITcpClient socket, AmqpTcpEndpoint endpoint, TimeSpan timeout)
   at RabbitMQ.Client.Impl.SocketFrameHandler.ConnectUsingAddressFamily(AmqpTcpEndpoint endpoint, Func`2 socketFactory, TimeSpan timeout, AddressFamily family)
   at RabbitMQ.Client.Impl.SocketFrameHandler..ctor(AmqpTcpEndpoint endpoint, Func`2 socketFactory, TimeSpan connectionTimeout, TimeSpan readTimeout, TimeSpan writeTimeout)
   at RabbitMQ.Client.EndpointResolverExtensions.SelectOne[T](IEndpointResolver resolver, Func`2 selector)
   --- End of inner exception stack trace ---
   at RabbitMQ.Client.EndpointResolverExtensions.SelectOne[T](IEndpointResolver resolver, Func`2 selector)
   at RabbitMQ.Client.ConnectionFactory.CreateConnection(IEndpointResolver endpointResolver, String clientProvidedName)
   --- End of inner exception stack trace ---
   at RabbitMQ.Client.ConnectionFactory.CreateConnection(IEndpointResolver endpointResolver, String clientProvidedName)
   at MassTransit.RabbitMqTransport.ConnectionContextFactory.CreateConnection(ISupervisor supervisor)
2026-07-24 17:00:05.691 +05:30 [INF] HealthAxis API heartbeat running at "2026-07-24T17:00:05.6918921+05:30"
2026-07-24 17:00:15.699 +05:30 [INF] HealthAxis API heartbeat running at "2026-07-24T17:00:15.6995795+05:30"
2026-07-24 17:00:25.711 +05:30 [INF] HealthAxis API heartbeat running at "2026-07-24T17:00:25.7112298+05:30"
2026-07-24 17:00:35.716 +05:30 [INF] HealthAxis API heartbeat running at "2026-07-24T17:00:35.7164439+05:30"
2026-07-24 17:00:41.341 +05:30 [WRN] Connection Failed: "rabbitmq://172.31.11.165/"
RabbitMQ.Client.Exceptions.BrokerUnreachableException: None of the specified endpoints were reachable
 ---> System.AggregateException: One or more errors occurred. (Connection failed)
 ---> RabbitMQ.Client.Exceptions.ConnectFailureException: Connection failed
 ---> System.TimeoutException: The operation has timed out.
   at RabbitMQ.Client.Impl.TaskExtensions.TimeoutAfter(Task task, TimeSpan timeout)
   at RabbitMQ.Client.Impl.SocketFrameHandler.ConnectOrFail(ITcpClient socket, AmqpTcpEndpoint endpoint, TimeSpan timeout)
   --- End of inner exception stack trace ---
   at RabbitMQ.Client.Impl.SocketFrameHandler.ConnectOrFail(ITcpClient socket, AmqpTcpEndpoint endpoint, TimeSpan timeout)
   at RabbitMQ.Client.Impl.SocketFrameHandler.ConnectUsingAddressFamily(AmqpTcpEndpoint endpoint, Func`2 socketFactory, TimeSpan timeout, AddressFamily family)
   at RabbitMQ.Client.Impl.SocketFrameHandler..ctor(AmqpTcpEndpoint endpoint, Func`2 socketFactory, TimeSpan connectionTimeout, TimeSpan readTimeout, TimeSpan writeTimeout)
   at RabbitMQ.Client.EndpointResolverExtensions.SelectOne[T](IEndpointResolver resolver, Func`2 selector)
   --- End of inner exception stack trace ---
   at RabbitMQ.Client.EndpointResolverExtensions.SelectOne[T](IEndpointResolver resolver, Func`2 selector)
   at RabbitMQ.Client.ConnectionFactory.CreateConnection(IEndpointResolver endpointResolver, String clientProvidedName)
   --- End of inner exception stack trace ---
   at RabbitMQ.Client.ConnectionFactory.CreateConnection(IEndpointResolver endpointResolver, String clientProvidedName)
   at MassTransit.RabbitMqTransport.ConnectionContextFactory.CreateConnection(ISupervisor supervisor)
2026-07-24 17:00:45.719 +05:30 [INF] HealthAxis API heartbeat running at "2026-07-24T17:00:45.7198450+05:30"
2026-07-24 17:00:55.723 +05:30 [INF] HealthAxis API heartbeat running at "2026-07-24T17:00:55.7230264+05:30"
2026-07-24 17:01:05.733 +05:30 [INF] HealthAxis API heartbeat running at "2026-07-24T17:01:05.7339134+05:30"
2026-07-24 17:01:15.740 +05:30 [INF] HealthAxis API heartbeat running at "2026-07-24T17:01:15.7407949+05:30"
2026-07-24 17:01:22.371 +05:30 [WRN] Connection Failed: "rabbitmq://172.31.11.165/"
RabbitMQ.Client.Exceptions.BrokerUnreachableException: None of the specified endpoints were reachable
 ---> System.AggregateException: One or more errors occurred. (Connection failed)
 ---> RabbitMQ.Client.Exceptions.ConnectFailureException: Connection failed
 ---> System.TimeoutException: The operation has timed out.
   at RabbitMQ.Client.Impl.TaskExtensions.TimeoutAfter(Task task, TimeSpan timeout)
   at RabbitMQ.Client.Impl.SocketFrameHandler.ConnectOrFail(ITcpClient socket, AmqpTcpEndpoint endpoint, TimeSpan timeout)
   --- End of inner exception stack trace ---
   at RabbitMQ.Client.Impl.SocketFrameHandler.ConnectOrFail(ITcpClient socket, AmqpTcpEndpoint endpoint, TimeSpan timeout)
   at RabbitMQ.Client.Impl.SocketFrameHandler.ConnectUsingAddressFamily(AmqpTcpEndpoint endpoint, Func`2 socketFactory, TimeSpan timeout, AddressFamily family)
   at RabbitMQ.Client.Impl.SocketFrameHandler..ctor(AmqpTcpEndpoint endpoint, Func`2 socketFactory, TimeSpan connectionTimeout, TimeSpan readTimeout, TimeSpan writeTimeout)
   at RabbitMQ.Client.EndpointResolverExtensions.SelectOne[T](IEndpointResolver resolver, Func`2 selector)
   --- End of inner exception stack trace ---
   at RabbitMQ.Client.EndpointResolverExtensions.SelectOne[T](IEndpointResolver resolver, Func`2 selector)
   at RabbitMQ.Client.ConnectionFactory.CreateConnection(IEndpointResolver endpointResolver, String clientProvidedName)
   --- End of inner exception stack trace ---
   at RabbitMQ.Client.ConnectionFactory.CreateConnection(IEndpointResolver endpointResolver, String clientProvidedName)
   at MassTransit.RabbitMqTransport.ConnectionContextFactory.CreateConnection(ISupervisor supervisor)
2026-07-24 17:01:25.743 +05:30 [INF] HealthAxis API heartbeat running at "2026-07-24T17:01:25.7435231+05:30"
2026-07-24 17:01:35.746 +05:30 [INF] HealthAxis API heartbeat running at "2026-07-24T17:01:35.7466581+05:30"
2026-07-24 17:01:45.751 +05:30 [INF] HealthAxis API heartbeat running at "2026-07-24T17:01:45.7511266+05:30"
2026-07-24 17:01:55.764 +05:30 [INF] HealthAxis API heartbeat running at "2026-07-24T17:01:55.7645941+05:30"
2026-07-24 17:02:03.396 +05:30 [WRN] Connection Failed: "rabbitmq://172.31.11.165/"
RabbitMQ.Client.Exceptions.BrokerUnreachableException: None of the specified endpoints were reachable
 ---> System.AggregateException: One or more errors occurred. (Connection failed)
 ---> RabbitMQ.Client.Exceptions.ConnectFailureException: Connection failed
 ---> System.TimeoutException: The operation has timed out.
   at RabbitMQ.Client.Impl.TaskExtensions.TimeoutAfter(Task task, TimeSpan timeout)
   at RabbitMQ.Client.Impl.SocketFrameHandler.ConnectOrFail(ITcpClient socket, AmqpTcpEndpoint endpoint, TimeSpan timeout)
   --- End of inner exception stack trace ---
   at RabbitMQ.Client.Impl.SocketFrameHandler.ConnectOrFail(ITcpClient socket, AmqpTcpEndpoint endpoint, TimeSpan timeout)
   at RabbitMQ.Client.Impl.SocketFrameHandler.ConnectUsingAddressFamily(AmqpTcpEndpoint endpoint, Func`2 socketFactory, TimeSpan timeout, AddressFamily family)
   at RabbitMQ.Client.Impl.SocketFrameHandler..ctor(AmqpTcpEndpoint endpoint, Func`2 socketFactory, TimeSpan connectionTimeout, TimeSpan readTimeout, TimeSpan writeTimeout)
   at RabbitMQ.Client.EndpointResolverExtensions.SelectOne[T](IEndpointResolver resolver, Func`2 selector)
   --- End of inner exception stack trace ---
   at RabbitMQ.Client.EndpointResolverExtensions.SelectOne[T](IEndpointResolver resolver, Func`2 selector)
   at RabbitMQ.Client.ConnectionFactory.CreateConnection(IEndpointResolver endpointResolver, String clientProvidedName)
   --- End of inner exception stack trace ---
   at RabbitMQ.Client.ConnectionFactory.CreateConnection(IEndpointResolver endpointResolver, String clientProvidedName)
   at MassTransit.RabbitMqTransport.ConnectionContextFactory.CreateConnection(ISupervisor supervisor)
2026-07-24 17:02:05.781 +05:30 [INF] HealthAxis API heartbeat running at "2026-07-24T17:02:05.7818612+05:30"
2026-07-24 17:02:15.786 +05:30 [INF] HealthAxis API heartbeat running at "2026-07-24T17:02:15.7868938+05:30"
2026-07-24 17:02:25.804 +05:30 [INF] HealthAxis API heartbeat running at "2026-07-24T17:02:25.8048473+05:30"
2026-07-24 17:02:35.819 +05:30 [INF] HealthAxis API heartbeat running at "2026-07-24T17:02:35.8197324+05:30"
2026-07-24 17:02:44.435 +05:30 [WRN] Connection Failed: "rabbitmq://172.31.11.165/"
RabbitMQ.Client.Exceptions.BrokerUnreachableException: None of the specified endpoints were reachable
 ---> System.AggregateException: One or more errors occurred. (Connection failed)
 ---> RabbitMQ.Client.Exceptions.ConnectFailureException: Connection failed
 ---> System.TimeoutException: The operation has timed out.
   at RabbitMQ.Client.Impl.TaskExtensions.TimeoutAfter(Task task, TimeSpan timeout)
   at RabbitMQ.Client.Impl.SocketFrameHandler.ConnectOrFail(ITcpClient socket, AmqpTcpEndpoint endpoint, TimeSpan timeout)
   --- End of inner exception stack trace ---
   at RabbitMQ.Client.Impl.SocketFrameHandler.ConnectOrFail(ITcpClient socket, AmqpTcpEndpoint endpoint, TimeSpan timeout)
   at RabbitMQ.Client.Impl.SocketFrameHandler.ConnectUsingAddressFamily(AmqpTcpEndpoint endpoint, Func`2 socketFactory, TimeSpan timeout, AddressFamily family)
   at RabbitMQ.Client.Impl.SocketFrameHandler..ctor(AmqpTcpEndpoint endpoint, Func`2 socketFactory, TimeSpan connectionTimeout, TimeSpan readTimeout, TimeSpan writeTimeout)
   at RabbitMQ.Client.EndpointResolverExtensions.SelectOne[T](IEndpointResolver resolver, Func`2 selector)
   --- End of inner exception stack trace ---
   at RabbitMQ.Client.EndpointResolverExtensions.SelectOne[T](IEndpointResolver resolver, Func`2 selector)
   at RabbitMQ.Client.ConnectionFactory.CreateConnection(IEndpointResolver endpointResolver, String clientProvidedName)
   --- End of inner exception stack trace ---
   at RabbitMQ.Client.ConnectionFactory.CreateConnection(IEndpointResolver endpointResolver, String clientProvidedName)
   at MassTransit.RabbitMqTransport.ConnectionContextFactory.CreateConnection(ISupervisor supervisor)
2026-07-24 17:02:45.835 +05:30 [INF] HealthAxis API heartbeat running at "2026-07-24T17:02:45.8358393+05:30"
2026-07-24 17:02:55.847 +05:30 [INF] HealthAxis API heartbeat running at "2026-07-24T17:02:55.8471806+05:30"
2026-07-24 17:03:05.858 +05:30 [INF] HealthAxis API heartbeat running at "2026-07-24T17:03:05.8582559+05:30"
2026-07-24 17:03:15.867 +05:30 [INF] HealthAxis API heartbeat running at "2026-07-24T17:03:15.8670086+05:30"
2026-07-24 17:03:25.467 +05:30 [WRN] Connection Failed: "rabbitmq://172.31.11.165/"
RabbitMQ.Client.Exceptions.BrokerUnreachableException: None of the specified endpoints were reachable
 ---> System.AggregateException: One or more errors occurred. (Connection failed)
 ---> RabbitMQ.Client.Exceptions.ConnectFailureException: Connection failed
 ---> System.TimeoutException: The operation has timed out.
   at RabbitMQ.Client.Impl.TaskExtensions.TimeoutAfter(Task task, TimeSpan timeout)
   at RabbitMQ.Client.Impl.SocketFrameHandler.ConnectOrFail(ITcpClient socket, AmqpTcpEndpoint endpoint, TimeSpan timeout)
   --- End of inner exception stack trace ---
   at RabbitMQ.Client.Impl.SocketFrameHandler.ConnectOrFail(ITcpClient socket, AmqpTcpEndpoint endpoint, TimeSpan timeout)
   at RabbitMQ.Client.Impl.SocketFrameHandler.ConnectUsingAddressFamily(AmqpTcpEndpoint endpoint, Func`2 socketFactory, TimeSpan timeout, AddressFamily family)
   at RabbitMQ.Client.Impl.SocketFrameHandler..ctor(AmqpTcpEndpoint endpoint, Func`2 socketFactory, TimeSpan connectionTimeout, TimeSpan readTimeout, TimeSpan writeTimeout)
   at RabbitMQ.Client.EndpointResolverExtensions.SelectOne[T](IEndpointResolver resolver, Func`2 selector)
   --- End of inner exception stack trace ---
   at RabbitMQ.Client.EndpointResolverExtensions.SelectOne[T](IEndpointResolver resolver, Func`2 selector)
   at RabbitMQ.Client.ConnectionFactory.CreateConnection(IEndpointResolver endpointResolver, String clientProvidedName)
   --- End of inner exception stack trace ---
   at RabbitMQ.Client.ConnectionFactory.CreateConnection(IEndpointResolver endpointResolver, String clientProvidedName)
   at MassTransit.RabbitMqTransport.ConnectionContextFactory.CreateConnection(ISupervisor supervisor)
2026-07-24 17:03:25.875 +05:30 [INF] HealthAxis API heartbeat running at "2026-07-24T17:03:25.8754945+05:30"
2026-07-24 17:03:35.888 +05:30 [INF] HealthAxis API heartbeat running at "2026-07-24T17:03:35.8885993+05:30"
2026-07-24 17:03:45.899 +05:30 [INF] HealthAxis API heartbeat running at "2026-07-24T17:03:45.8990315+05:30"
2026-07-24 17:03:55.904 +05:30 [INF] HealthAxis API heartbeat running at "2026-07-24T17:03:55.9043247+05:30"
2026-07-24 17:04:05.913 +05:30 [INF] HealthAxis API heartbeat running at "2026-07-24T17:04:05.9134914+05:30"
2026-07-24 17:04:06.510 +05:30 [WRN] Connection Failed: "rabbitmq://172.31.11.165/"
RabbitMQ.Client.Exceptions.BrokerUnreachableException: None of the specified endpoints were reachable
 ---> System.AggregateException: One or more errors occurred. (Connection failed)
 ---> RabbitMQ.Client.Exceptions.ConnectFailureException: Connection failed
 ---> System.TimeoutException: The operation has timed out.
   at RabbitMQ.Client.Impl.TaskExtensions.TimeoutAfter(Task task, TimeSpan timeout)
   at RabbitMQ.Client.Impl.SocketFrameHandler.ConnectOrFail(ITcpClient socket, AmqpTcpEndpoint endpoint, TimeSpan timeout)
   --- End of inner exception stack trace ---
   at RabbitMQ.Client.Impl.SocketFrameHandler.ConnectOrFail(ITcpClient socket, AmqpTcpEndpoint endpoint, TimeSpan timeout)
   at RabbitMQ.Client.Impl.SocketFrameHandler.ConnectUsingAddressFamily(AmqpTcpEndpoint endpoint, Func`2 socketFactory, TimeSpan timeout, AddressFamily family)
   at RabbitMQ.Client.Impl.SocketFrameHandler..ctor(AmqpTcpEndpoint endpoint, Func`2 socketFactory, TimeSpan connectionTimeout, TimeSpan readTimeout, TimeSpan writeTimeout)
   at RabbitMQ.Client.EndpointResolverExtensions.SelectOne[T](IEndpointResolver resolver, Func`2 selector)
   --- End of inner exception stack trace ---
   at RabbitMQ.Client.EndpointResolverExtensions.SelectOne[T](IEndpointResolver resolver, Func`2 selector)
   at RabbitMQ.Client.ConnectionFactory.CreateConnection(IEndpointResolver endpointResolver, String clientProvidedName)
   --- End of inner exception stack trace ---
   at RabbitMQ.Client.ConnectionFactory.CreateConnection(IEndpointResolver endpointResolver, String clientProvidedName)
   at MassTransit.RabbitMqTransport.ConnectionContextFactory.CreateConnection(ISupervisor supervisor)
2026-07-24 17:04:15.929 +05:30 [INF] HealthAxis API heartbeat running at "2026-07-24T17:04:15.9291227+05:30"
2026-07-24 17:04:25.934 +05:30 [INF] HealthAxis API heartbeat running at "2026-07-24T17:04:25.9341427+05:30"
2026-07-24 17:04:35.939 +05:30 [INF] HealthAxis API heartbeat running at "2026-07-24T17:04:35.9394397+05:30"
2026-07-24 17:04:45.949 +05:30 [INF] HealthAxis API heartbeat running at "2026-07-24T17:04:45.9493833+05:30"
2026-07-24 17:04:47.556 +05:30 [WRN] Connection Failed: "rabbitmq://172.31.11.165/"
RabbitMQ.Client.Exceptions.BrokerUnreachableException: None of the specified endpoints were reachable
 ---> System.AggregateException: One or more errors occurred. (Connection failed)
 ---> RabbitMQ.Client.Exceptions.ConnectFailureException: Connection failed
 ---> System.TimeoutException: The operation has timed out.
   at RabbitMQ.Client.Impl.TaskExtensions.TimeoutAfter(Task task, TimeSpan timeout)
   at RabbitMQ.Client.Impl.SocketFrameHandler.ConnectOrFail(ITcpClient socket, AmqpTcpEndpoint endpoint, TimeSpan timeout)
   --- End of inner exception stack trace ---
   at RabbitMQ.Client.Impl.SocketFrameHandler.ConnectOrFail(ITcpClient socket, AmqpTcpEndpoint endpoint, TimeSpan timeout)
   at RabbitMQ.Client.Impl.SocketFrameHandler.ConnectUsingAddressFamily(AmqpTcpEndpoint endpoint, Func`2 socketFactory, TimeSpan timeout, AddressFamily family)
   at RabbitMQ.Client.Impl.SocketFrameHandler..ctor(AmqpTcpEndpoint endpoint, Func`2 socketFactory, TimeSpan connectionTimeout, TimeSpan readTimeout, TimeSpan writeTimeout)
   at RabbitMQ.Client.EndpointResolverExtensions.SelectOne[T](IEndpointResolver resolver, Func`2 selector)
   --- End of inner exception stack trace ---
   at RabbitMQ.Client.EndpointResolverExtensions.SelectOne[T](IEndpointResolver resolver, Func`2 selector)
   at RabbitMQ.Client.ConnectionFactory.CreateConnection(IEndpointResolver endpointResolver, String clientProvidedName)
   --- End of inner exception stack trace ---
   at RabbitMQ.Client.ConnectionFactory.CreateConnection(IEndpointResolver endpointResolver, String clientProvidedName)
   at MassTransit.RabbitMqTransport.ConnectionContextFactory.CreateConnection(ISupervisor supervisor)
2026-07-24 17:04:55.959 +05:30 [INF] HealthAxis API heartbeat running at "2026-07-24T17:04:55.9598063+05:30"
2026-07-24 17:05:05.970 +05:30 [INF] HealthAxis API heartbeat running at "2026-07-24T17:05:05.9702401+05:30"
2026-07-24 17:05:15.977 +05:30 [INF] HealthAxis API heartbeat running at "2026-07-24T17:05:15.9778783+05:30"
2026-07-24 17:05:25.981 +05:30 [INF] HealthAxis API heartbeat running at "2026-07-24T17:05:25.9816272+05:30"
2026-07-24 17:05:28.596 +05:30 [WRN] Connection Failed: "rabbitmq://172.31.11.165/"
RabbitMQ.Client.Exceptions.BrokerUnreachableException: None of the specified endpoints were reachable
 ---> System.AggregateException: One or more errors occurred. (Connection failed)
 ---> RabbitMQ.Client.Exceptions.ConnectFailureException: Connection failed
 ---> System.TimeoutException: The operation has timed out.
   at RabbitMQ.Client.Impl.TaskExtensions.TimeoutAfter(Task task, TimeSpan timeout)
   at RabbitMQ.Client.Impl.SocketFrameHandler.ConnectOrFail(ITcpClient socket, AmqpTcpEndpoint endpoint, TimeSpan timeout)
   --- End of inner exception stack trace ---
   at RabbitMQ.Client.Impl.SocketFrameHandler.ConnectOrFail(ITcpClient socket, AmqpTcpEndpoint endpoint, TimeSpan timeout)
   at RabbitMQ.Client.Impl.SocketFrameHandler.ConnectUsingAddressFamily(AmqpTcpEndpoint endpoint, Func`2 socketFactory, TimeSpan timeout, AddressFamily family)
   at RabbitMQ.Client.Impl.SocketFrameHandler..ctor(AmqpTcpEndpoint endpoint, Func`2 socketFactory, TimeSpan connectionTimeout, TimeSpan readTimeout, TimeSpan writeTimeout)
   at RabbitMQ.Client.EndpointResolverExtensions.SelectOne[T](IEndpointResolver resolver, Func`2 selector)
   --- End of inner exception stack trace ---
   at RabbitMQ.Client.EndpointResolverExtensions.SelectOne[T](IEndpointResolver resolver, Func`2 selector)
   at RabbitMQ.Client.ConnectionFactory.CreateConnection(IEndpointResolver endpointResolver, String clientProvidedName)
   --- End of inner exception stack trace ---
   at RabbitMQ.Client.ConnectionFactory.CreateConnection(IEndpointResolver endpointResolver, String clientProvidedName)
   at MassTransit.RabbitMqTransport.ConnectionContextFactory.CreateConnection(ISupervisor supervisor)
2026-07-24 17:05:35.991 +05:30 [INF] HealthAxis API heartbeat running at "2026-07-24T17:05:35.9917289+05:30"
2026-07-24 17:05:45.993 +05:30 [INF] HealthAxis API heartbeat running at "2026-07-24T17:05:45.9930667+05:30"
2026-07-24 17:05:56.003 +05:30 [INF] HealthAxis API heartbeat running at "2026-07-24T17:05:56.0030688+05:30"
2026-07-24 17:06:06.015 +05:30 [INF] HealthAxis API heartbeat running at "2026-07-24T17:06:06.0151186+05:30"
2026-07-24 17:06:09.625 +05:30 [WRN] Connection Failed: "rabbitmq://172.31.11.165/"
RabbitMQ.Client.Exceptions.BrokerUnreachableException: None of the specified endpoints were reachable
 ---> System.AggregateException: One or more errors occurred. (Connection failed)
 ---> RabbitMQ.Client.Exceptions.ConnectFailureException: Connection failed
 ---> System.TimeoutException: The operation has timed out.
   at RabbitMQ.Client.Impl.TaskExtensions.TimeoutAfter(Task task, TimeSpan timeout)
   at RabbitMQ.Client.Impl.SocketFrameHandler.ConnectOrFail(ITcpClient socket, AmqpTcpEndpoint endpoint, TimeSpan timeout)
   --- End of inner exception stack trace ---
   at RabbitMQ.Client.Impl.SocketFrameHandler.ConnectOrFail(ITcpClient socket, AmqpTcpEndpoint endpoint, TimeSpan timeout)
   at RabbitMQ.Client.Impl.SocketFrameHandler.ConnectUsingAddressFamily(AmqpTcpEndpoint endpoint, Func`2 socketFactory, TimeSpan timeout, AddressFamily family)
   at RabbitMQ.Client.Impl.SocketFrameHandler..ctor(AmqpTcpEndpoint endpoint, Func`2 socketFactory, TimeSpan connectionTimeout, TimeSpan readTimeout, TimeSpan writeTimeout)
   at RabbitMQ.Client.EndpointResolverExtensions.SelectOne[T](IEndpointResolver resolver, Func`2 selector)
   --- End of inner exception stack trace ---
   at RabbitMQ.Client.EndpointResolverExtensions.SelectOne[T](IEndpointResolver resolver, Func`2 selector)
   at RabbitMQ.Client.ConnectionFactory.CreateConnection(IEndpointResolver endpointResolver, String clientProvidedName)
   --- End of inner exception stack trace ---
   at RabbitMQ.Client.ConnectionFactory.CreateConnection(IEndpointResolver endpointResolver, String clientProvidedName)
   at MassTransit.RabbitMqTransport.ConnectionContextFactory.CreateConnection(ISupervisor supervisor)
2026-07-24 17:06:16.023 +05:30 [INF] HealthAxis API heartbeat running at "2026-07-24T17:06:16.0232801+05:30"
2026-07-24 17:06:26.036 +05:30 [INF] HealthAxis API heartbeat running at "2026-07-24T17:06:26.0361198+05:30"
2026-07-24 17:06:36.050 +05:30 [INF] HealthAxis API heartbeat running at "2026-07-24T17:06:36.0503268+05:30"
2026-07-24 17:06:46.055 +05:30 [INF] HealthAxis API heartbeat running at "2026-07-24T17:06:46.0558725+05:30"
2026-07-24 17:06:50.643 +05:30 [WRN] Connection Failed: "rabbitmq://172.31.11.165/"
RabbitMQ.Client.Exceptions.BrokerUnreachableException: None of the specified endpoints were reachable
 ---> System.AggregateException: One or more errors occurred. (Connection failed)
 ---> RabbitMQ.Client.Exceptions.ConnectFailureException: Connection failed
 ---> System.TimeoutException: The operation has timed out.
   at RabbitMQ.Client.Impl.TaskExtensions.TimeoutAfter(Task task, TimeSpan timeout)
   at RabbitMQ.Client.Impl.SocketFrameHandler.ConnectOrFail(ITcpClient socket, AmqpTcpEndpoint endpoint, TimeSpan timeout)
   --- End of inner exception stack trace ---
   at RabbitMQ.Client.Impl.SocketFrameHandler.ConnectOrFail(ITcpClient socket, AmqpTcpEndpoint endpoint, TimeSpan timeout)
   at RabbitMQ.Client.Impl.SocketFrameHandler.ConnectUsingAddressFamily(AmqpTcpEndpoint endpoint, Func`2 socketFactory, TimeSpan timeout, AddressFamily family)
   at RabbitMQ.Client.Impl.SocketFrameHandler..ctor(AmqpTcpEndpoint endpoint, Func`2 socketFactory, TimeSpan connectionTimeout, TimeSpan readTimeout, TimeSpan writeTimeout)
   at RabbitMQ.Client.EndpointResolverExtensions.SelectOne[T](IEndpointResolver resolver, Func`2 selector)
   --- End of inner exception stack trace ---
   at RabbitMQ.Client.EndpointResolverExtensions.SelectOne[T](IEndpointResolver resolver, Func`2 selector)
   at RabbitMQ.Client.ConnectionFactory.CreateConnection(IEndpointResolver endpointResolver, String clientProvidedName)
   --- End of inner exception stack trace ---
   at RabbitMQ.Client.ConnectionFactory.CreateConnection(IEndpointResolver endpointResolver, String clientProvidedName)
   at MassTransit.RabbitMqTransport.ConnectionContextFactory.CreateConnection(ISupervisor supervisor)
2026-07-24 17:06:56.058 +05:30 [INF] HealthAxis API heartbeat running at "2026-07-24T17:06:56.0581153+05:30"
2026-07-24 17:07:02.341 +05:30 [INF] No old notifications found for cleanup.
2026-07-24 17:07:06.068 +05:30 [INF] HealthAxis API heartbeat running at "2026-07-24T17:07:06.0689725+05:30"
2026-07-24 17:07:16.083 +05:30 [INF] HealthAxis API heartbeat running at "2026-07-24T17:07:16.0829896+05:30"
2026-07-24 17:07:26.091 +05:30 [INF] HealthAxis API heartbeat running at "2026-07-24T17:07:26.0910805+05:30"
2026-07-24 17:07:31.670 +05:30 [WRN] Connection Failed: "rabbitmq://172.31.11.165/"
RabbitMQ.Client.Exceptions.BrokerUnreachableException: None of the specified endpoints were reachable
 ---> System.AggregateException: One or more errors occurred. (Connection failed)
 ---> RabbitMQ.Client.Exceptions.ConnectFailureException: Connection failed
 ---> System.TimeoutException: The operation has timed out.
   at RabbitMQ.Client.Impl.TaskExtensions.TimeoutAfter(Task task, TimeSpan timeout)
   at RabbitMQ.Client.Impl.SocketFrameHandler.ConnectOrFail(ITcpClient socket, AmqpTcpEndpoint endpoint, TimeSpan timeout)
   --- End of inner exception stack trace ---
   at RabbitMQ.Client.Impl.SocketFrameHandler.ConnectOrFail(ITcpClient socket, AmqpTcpEndpoint endpoint, TimeSpan timeout)
   at RabbitMQ.Client.Impl.SocketFrameHandler.ConnectUsingAddressFamily(AmqpTcpEndpoint endpoint, Func`2 socketFactory, TimeSpan timeout, AddressFamily family)
   at RabbitMQ.Client.Impl.SocketFrameHandler..ctor(AmqpTcpEndpoint endpoint, Func`2 socketFactory, TimeSpan connectionTimeout, TimeSpan readTimeout, TimeSpan writeTimeout)
   at RabbitMQ.Client.EndpointResolverExtensions.SelectOne[T](IEndpointResolver resolver, Func`2 selector)
   --- End of inner exception stack trace ---
   at RabbitMQ.Client.EndpointResolverExtensions.SelectOne[T](IEndpointResolver resolver, Func`2 selector)
   at RabbitMQ.Client.ConnectionFactory.CreateConnection(IEndpointResolver endpointResolver, String clientProvidedName)
   --- End of inner exception stack trace ---
   at RabbitMQ.Client.ConnectionFactory.CreateConnection(IEndpointResolver endpointResolver, String clientProvidedName)
   at MassTransit.RabbitMqTransport.ConnectionContextFactory.CreateConnection(ISupervisor supervisor)
2026-07-24 17:07:36.096 +05:30 [INF] HealthAxis API heartbeat running at "2026-07-24T17:07:36.0969470+05:30"
2026-07-24 17:07:46.108 +05:30 [INF] HealthAxis API heartbeat running at "2026-07-24T17:07:46.1082713+05:30"
2026-07-24 17:07:56.123 +05:30 [INF] HealthAxis API heartbeat running at "2026-07-24T17:07:56.1230888+05:30"
2026-07-24 17:08:06.139 +05:30 [INF] HealthAxis API heartbeat running at "2026-07-24T17:08:06.1390270+05:30"
2026-07-24 17:08:12.697 +05:30 [WRN] Connection Failed: "rabbitmq://172.31.11.165/"
RabbitMQ.Client.Exceptions.BrokerUnreachableException: None of the specified endpoints were reachable
 ---> System.AggregateException: One or more errors occurred. (Connection failed)
 ---> RabbitMQ.Client.Exceptions.ConnectFailureException: Connection failed
 ---> System.TimeoutException: The operation has timed out.
   at RabbitMQ.Client.Impl.TaskExtensions.TimeoutAfter(Task task, TimeSpan timeout)
   at RabbitMQ.Client.Impl.SocketFrameHandler.ConnectOrFail(ITcpClient socket, AmqpTcpEndpoint endpoint, TimeSpan timeout)
   --- End of inner exception stack trace ---
   at RabbitMQ.Client.Impl.SocketFrameHandler.ConnectOrFail(ITcpClient socket, AmqpTcpEndpoint endpoint, TimeSpan timeout)
   at RabbitMQ.Client.Impl.SocketFrameHandler.ConnectUsingAddressFamily(AmqpTcpEndpoint endpoint, Func`2 socketFactory, TimeSpan timeout, AddressFamily family)
   at RabbitMQ.Client.Impl.SocketFrameHandler..ctor(AmqpTcpEndpoint endpoint, Func`2 socketFactory, TimeSpan connectionTimeout, TimeSpan readTimeout, TimeSpan writeTimeout)
   at RabbitMQ.Client.EndpointResolverExtensions.SelectOne[T](IEndpointResolver resolver, Func`2 selector)
   --- End of inner exception stack trace ---
   at RabbitMQ.Client.EndpointResolverExtensions.SelectOne[T](IEndpointResolver resolver, Func`2 selector)
   at RabbitMQ.Client.ConnectionFactory.CreateConnection(IEndpointResolver endpointResolver, String clientProvidedName)
   --- End of inner exception stack trace ---
   at RabbitMQ.Client.ConnectionFactory.CreateConnection(IEndpointResolver endpointResolver, String clientProvidedName)
   at MassTransit.RabbitMqTransport.ConnectionContextFactory.CreateConnection(ISupervisor supervisor)
2026-07-24 17:08:16.148 +05:30 [INF] HealthAxis API heartbeat running at "2026-07-24T17:08:16.1489738+05:30"
2026-07-24 17:08:26.161 +05:30 [INF] HealthAxis API heartbeat running at "2026-07-24T17:08:26.1617524+05:30"
2026-07-24 17:08:36.178 +05:30 [INF] HealthAxis API heartbeat running at "2026-07-24T17:08:36.1782963+05:30"
2026-07-24 17:08:46.185 +05:30 [INF] HealthAxis API heartbeat running at "2026-07-24T17:08:46.1850104+05:30"
2026-07-24 17:08:53.724 +05:30 [WRN] Connection Failed: "rabbitmq://172.31.11.165/"
RabbitMQ.Client.Exceptions.BrokerUnreachableException: None of the specified endpoints were reachable
 ---> System.AggregateException: One or more errors occurred. (Connection failed)
 ---> RabbitMQ.Client.Exceptions.ConnectFailureException: Connection failed
 ---> System.TimeoutException: The operation has timed out.
   at RabbitMQ.Client.Impl.TaskExtensions.TimeoutAfter(Task task, TimeSpan timeout)
   at RabbitMQ.Client.Impl.SocketFrameHandler.ConnectOrFail(ITcpClient socket, AmqpTcpEndpoint endpoint, TimeSpan timeout)
   --- End of inner exception stack trace ---
   at RabbitMQ.Client.Impl.SocketFrameHandler.ConnectOrFail(ITcpClient socket, AmqpTcpEndpoint endpoint, TimeSpan timeout)
   at RabbitMQ.Client.Impl.SocketFrameHandler.ConnectUsingAddressFamily(AmqpTcpEndpoint endpoint, Func`2 socketFactory, TimeSpan timeout, AddressFamily family)
   at RabbitMQ.Client.Impl.SocketFrameHandler..ctor(AmqpTcpEndpoint endpoint, Func`2 socketFactory, TimeSpan connectionTimeout, TimeSpan readTimeout, TimeSpan writeTimeout)
   at RabbitMQ.Client.EndpointResolverExtensions.SelectOne[T](IEndpointResolver resolver, Func`2 selector)
   --- End of inner exception stack trace ---
   at RabbitMQ.Client.EndpointResolverExtensions.SelectOne[T](IEndpointResolver resolver, Func`2 selector)
   at RabbitMQ.Client.ConnectionFactory.CreateConnection(IEndpointResolver endpointResolver, String clientProvidedName)
   --- End of inner exception stack trace ---
   at RabbitMQ.Client.ConnectionFactory.CreateConnection(IEndpointResolver endpointResolver, String clientProvidedName)
   at MassTransit.RabbitMqTransport.ConnectionContextFactory.CreateConnection(ISupervisor supervisor)
2026-07-24 17:08:56.188 +05:30 [INF] HealthAxis API heartbeat running at "2026-07-24T17:08:56.1888285+05:30"
2026-07-24 17:09:06.197 +05:30 [INF] HealthAxis API heartbeat running at "2026-07-24T17:09:06.1973589+05:30"
2026-07-24 17:09:16.207 +05:30 [INF] HealthAxis API heartbeat running at "2026-07-24T17:09:16.2072014+05:30"
2026-07-24 17:09:26.214 +05:30 [INF] HealthAxis API heartbeat running at "2026-07-24T17:09:26.2139957+05:30"
2026-07-24 17:09:34.764 +05:30 [WRN] Connection Failed: "rabbitmq://172.31.11.165/"
RabbitMQ.Client.Exceptions.BrokerUnreachableException: None of the specified endpoints were reachable
 ---> System.AggregateException: One or more errors occurred. (Connection failed)
 ---> RabbitMQ.Client.Exceptions.ConnectFailureException: Connection failed
 ---> System.TimeoutException: The operation has timed out.
   at RabbitMQ.Client.Impl.TaskExtensions.TimeoutAfter(Task task, TimeSpan timeout)
   at RabbitMQ.Client.Impl.SocketFrameHandler.ConnectOrFail(ITcpClient socket, AmqpTcpEndpoint endpoint, TimeSpan timeout)
   --- End of inner exception stack trace ---
   at RabbitMQ.Client.Impl.SocketFrameHandler.ConnectOrFail(ITcpClient socket, AmqpTcpEndpoint endpoint, TimeSpan timeout)
   at RabbitMQ.Client.Impl.SocketFrameHandler.ConnectUsingAddressFamily(AmqpTcpEndpoint endpoint, Func`2 socketFactory, TimeSpan timeout, AddressFamily family)
   at RabbitMQ.Client.Impl.SocketFrameHandler..ctor(AmqpTcpEndpoint endpoint, Func`2 socketFactory, TimeSpan connectionTimeout, TimeSpan readTimeout, TimeSpan writeTimeout)
   at RabbitMQ.Client.EndpointResolverExtensions.SelectOne[T](IEndpointResolver resolver, Func`2 selector)
   --- End of inner exception stack trace ---
   at RabbitMQ.Client.EndpointResolverExtensions.SelectOne[T](IEndpointResolver resolver, Func`2 selector)
   at RabbitMQ.Client.ConnectionFactory.CreateConnection(IEndpointResolver endpointResolver, String clientProvidedName)
   --- End of inner exception stack trace ---
   at RabbitMQ.Client.ConnectionFactory.CreateConnection(IEndpointResolver endpointResolver, String clientProvidedName)
   at MassTransit.RabbitMqTransport.ConnectionContextFactory.CreateConnection(ISupervisor supervisor)
2026-07-24 17:09:36.225 +05:30 [INF] HealthAxis API heartbeat running at "2026-07-24T17:09:36.2254020+05:30"
2026-07-24 17:09:46.237 +05:30 [INF] HealthAxis API heartbeat running at "2026-07-24T17:09:46.2378793+05:30"
2026-07-24 17:09:56.250 +05:30 [INF] HealthAxis API heartbeat running at "2026-07-24T17:09:56.2500904+05:30"
2026-07-24 17:10:06.257 +05:30 [INF] HealthAxis API heartbeat running at "2026-07-24T17:10:06.2579184+05:30"
2026-07-24 17:10:15.808 +05:30 [WRN] Connection Failed: "rabbitmq://172.31.11.165/"
RabbitMQ.Client.Exceptions.BrokerUnreachableException: None of the specified endpoints were reachable
 ---> System.AggregateException: One or more errors occurred. (Connection failed)
 ---> RabbitMQ.Client.Exceptions.ConnectFailureException: Connection failed
 ---> System.TimeoutException: The operation has timed out.
   at RabbitMQ.Client.Impl.TaskExtensions.TimeoutAfter(Task task, TimeSpan timeout)
   at RabbitMQ.Client.Impl.SocketFrameHandler.ConnectOrFail(ITcpClient socket, AmqpTcpEndpoint endpoint, TimeSpan timeout)
   --- End of inner exception stack trace ---
   at RabbitMQ.Client.Impl.SocketFrameHandler.ConnectOrFail(ITcpClient socket, AmqpTcpEndpoint endpoint, TimeSpan timeout)
   at RabbitMQ.Client.Impl.SocketFrameHandler.ConnectUsingAddressFamily(AmqpTcpEndpoint endpoint, Func`2 socketFactory, TimeSpan timeout, AddressFamily family)
   at RabbitMQ.Client.Impl.SocketFrameHandler..ctor(AmqpTcpEndpoint endpoint, Func`2 socketFactory, TimeSpan connectionTimeout, TimeSpan readTimeout, TimeSpan writeTimeout)
   at RabbitMQ.Client.EndpointResolverExtensions.SelectOne[T](IEndpointResolver resolver, Func`2 selector)
   --- End of inner exception stack trace ---
   at RabbitMQ.Client.EndpointResolverExtensions.SelectOne[T](IEndpointResolver resolver, Func`2 selector)
   at RabbitMQ.Client.ConnectionFactory.CreateConnection(IEndpointResolver endpointResolver, String clientProvidedName)
   --- End of inner exception stack trace ---
   at RabbitMQ.Client.ConnectionFactory.CreateConnection(IEndpointResolver endpointResolver, String clientProvidedName)
   at MassTransit.RabbitMqTransport.ConnectionContextFactory.CreateConnection(ISupervisor supervisor)
2026-07-24 17:10:16.261 +05:30 [INF] HealthAxis API heartbeat running at "2026-07-24T17:10:16.2616205+05:30"
2026-07-24 17:10:26.268 +05:30 [INF] HealthAxis API heartbeat running at "2026-07-24T17:10:26.2681747+05:30"
2026-07-24 17:10:36.283 +05:30 [INF] HealthAxis API heartbeat running at "2026-07-24T17:10:36.2831811+05:30"
2026-07-24 17:10:46.295 +05:30 [INF] HealthAxis API heartbeat running at "2026-07-24T17:10:46.2951692+05:30"
2026-07-24 17:10:56.305 +05:30 [INF] HealthAxis API heartbeat running at "2026-07-24T17:10:56.3059198+05:30"
2026-07-24 17:10:56.837 +05:30 [WRN] Connection Failed: "rabbitmq://172.31.11.165/"
RabbitMQ.Client.Exceptions.BrokerUnreachableException: None of the specified endpoints were reachable
 ---> System.AggregateException: One or more errors occurred. (Connection failed)
 ---> RabbitMQ.Client.Exceptions.ConnectFailureException: Connection failed
 ---> System.TimeoutException: The operation has timed out.
   at RabbitMQ.Client.Impl.TaskExtensions.TimeoutAfter(Task task, TimeSpan timeout)
   at RabbitMQ.Client.Impl.SocketFrameHandler.ConnectOrFail(ITcpClient socket, AmqpTcpEndpoint endpoint, TimeSpan timeout)
   --- End of inner exception stack trace ---
   at RabbitMQ.Client.Impl.SocketFrameHandler.ConnectOrFail(ITcpClient socket, AmqpTcpEndpoint endpoint, TimeSpan timeout)
   at RabbitMQ.Client.Impl.SocketFrameHandler.ConnectUsingAddressFamily(AmqpTcpEndpoint endpoint, Func`2 socketFactory, TimeSpan timeout, AddressFamily family)
   at RabbitMQ.Client.Impl.SocketFrameHandler..ctor(AmqpTcpEndpoint endpoint, Func`2 socketFactory, TimeSpan connectionTimeout, TimeSpan readTimeout, TimeSpan writeTimeout)
   at RabbitMQ.Client.EndpointResolverExtensions.SelectOne[T](IEndpointResolver resolver, Func`2 selector)
   --- End of inner exception stack trace ---
   at RabbitMQ.Client.EndpointResolverExtensions.SelectOne[T](IEndpointResolver resolver, Func`2 selector)
   at RabbitMQ.Client.ConnectionFactory.CreateConnection(IEndpointResolver endpointResolver, String clientProvidedName)
   --- End of inner exception stack trace ---
   at RabbitMQ.Client.ConnectionFactory.CreateConnection(IEndpointResolver endpointResolver, String clientProvidedName)
   at MassTransit.RabbitMqTransport.ConnectionContextFactory.CreateConnection(ISupervisor supervisor)
2026-07-24 17:11:06.310 +05:30 [INF] HealthAxis API heartbeat running at "2026-07-24T17:11:06.3104469+05:30"
2026-07-24 17:11:16.319 +05:30 [INF] HealthAxis API heartbeat running at "2026-07-24T17:11:16.3197889+05:30"
2026-07-24 17:11:26.323 +05:30 [INF] HealthAxis API heartbeat running at "2026-07-24T17:11:26.3231919+05:30"
2026-07-24 17:11:36.335 +05:30 [INF] HealthAxis API heartbeat running at "2026-07-24T17:11:36.3355929+05:30"
2026-07-24 17:11:37.859 +05:30 [WRN] Connection Failed: "rabbitmq://172.31.11.165/"
RabbitMQ.Client.Exceptions.BrokerUnreachableException: None of the specified endpoints were reachable
 ---> System.AggregateException: One or more errors occurred. (Connection failed)
 ---> RabbitMQ.Client.Exceptions.ConnectFailureException: Connection failed
 ---> System.TimeoutException: The operation has timed out.
   at RabbitMQ.Client.Impl.TaskExtensions.TimeoutAfter(Task task, TimeSpan timeout)
   at RabbitMQ.Client.Impl.SocketFrameHandler.ConnectOrFail(ITcpClient socket, AmqpTcpEndpoint endpoint, TimeSpan timeout)
   --- End of inner exception stack trace ---
   at RabbitMQ.Client.Impl.SocketFrameHandler.ConnectOrFail(ITcpClient socket, AmqpTcpEndpoint endpoint, TimeSpan timeout)
   at RabbitMQ.Client.Impl.SocketFrameHandler.ConnectUsingAddressFamily(AmqpTcpEndpoint endpoint, Func`2 socketFactory, TimeSpan timeout, AddressFamily family)
   at RabbitMQ.Client.Impl.SocketFrameHandler..ctor(AmqpTcpEndpoint endpoint, Func`2 socketFactory, TimeSpan connectionTimeout, TimeSpan readTimeout, TimeSpan writeTimeout)
   at RabbitMQ.Client.EndpointResolverExtensions.SelectOne[T](IEndpointResolver resolver, Func`2 selector)
   --- End of inner exception stack trace ---
   at RabbitMQ.Client.EndpointResolverExtensions.SelectOne[T](IEndpointResolver resolver, Func`2 selector)
   at RabbitMQ.Client.ConnectionFactory.CreateConnection(IEndpointResolver endpointResolver, String clientProvidedName)
   --- End of inner exception stack trace ---
   at RabbitMQ.Client.ConnectionFactory.CreateConnection(IEndpointResolver endpointResolver, String clientProvidedName)
   at MassTransit.RabbitMqTransport.ConnectionContextFactory.CreateConnection(ISupervisor supervisor)
2026-07-24 17:11:46.350 +05:30 [INF] HealthAxis API heartbeat running at "2026-07-24T17:11:46.3502708+05:30"
2026-07-24 17:11:56.361 +05:30 [INF] HealthAxis API heartbeat running at "2026-07-24T17:11:56.3613130+05:30"
2026-07-24 17:12:06.369 +05:30 [INF] HealthAxis API heartbeat running at "2026-07-24T17:12:06.3691229+05:30"
2026-07-24 17:12:16.386 +05:30 [INF] HealthAxis API heartbeat running at "2026-07-24T17:12:16.3868821+05:30"
2026-07-24 17:12:18.885 +05:30 [WRN] Connection Failed: "rabbitmq://172.31.11.165/"
RabbitMQ.Client.Exceptions.BrokerUnreachableException: None of the specified endpoints were reachable
 ---> System.AggregateException: One or more errors occurred. (Connection failed)
 ---> RabbitMQ.Client.Exceptions.ConnectFailureException: Connection failed
 ---> System.TimeoutException: The operation has timed out.
   at RabbitMQ.Client.Impl.TaskExtensions.TimeoutAfter(Task task, TimeSpan timeout)
   at RabbitMQ.Client.Impl.SocketFrameHandler.ConnectOrFail(ITcpClient socket, AmqpTcpEndpoint endpoint, TimeSpan timeout)
   --- End of inner exception stack trace ---
   at RabbitMQ.Client.Impl.SocketFrameHandler.ConnectOrFail(ITcpClient socket, AmqpTcpEndpoint endpoint, TimeSpan timeout)
   at RabbitMQ.Client.Impl.SocketFrameHandler.ConnectUsingAddressFamily(AmqpTcpEndpoint endpoint, Func`2 socketFactory, TimeSpan timeout, AddressFamily family)
   at RabbitMQ.Client.Impl.SocketFrameHandler..ctor(AmqpTcpEndpoint endpoint, Func`2 socketFactory, TimeSpan connectionTimeout, TimeSpan readTimeout, TimeSpan writeTimeout)
   at RabbitMQ.Client.EndpointResolverExtensions.SelectOne[T](IEndpointResolver resolver, Func`2 selector)
   --- End of inner exception stack trace ---
   at RabbitMQ.Client.EndpointResolverExtensions.SelectOne[T](IEndpointResolver resolver, Func`2 selector)
   at RabbitMQ.Client.ConnectionFactory.CreateConnection(IEndpointResolver endpointResolver, String clientProvidedName)
   --- End of inner exception stack trace ---
   at RabbitMQ.Client.ConnectionFactory.CreateConnection(IEndpointResolver endpointResolver, String clientProvidedName)
   at MassTransit.RabbitMqTransport.ConnectionContextFactory.CreateConnection(ISupervisor supervisor)
2026-07-24 17:12:26.393 +05:30 [INF] HealthAxis API heartbeat running at "2026-07-24T17:12:26.3932484+05:30"
2026-07-24 17:12:36.407 +05:30 [INF] HealthAxis API heartbeat running at "2026-07-24T17:12:36.4077625+05:30"
2026-07-24 17:12:46.426 +05:30 [INF] HealthAxis API heartbeat running at "2026-07-24T17:12:46.4263471+05:30"
2026-07-24 17:12:56.427 +05:30 [INF] HealthAxis API heartbeat running at "2026-07-24T17:12:56.4279498+05:30"
2026-07-24 17:12:59.912 +05:30 [WRN] Connection Failed: "rabbitmq://172.31.11.165/"
RabbitMQ.Client.Exceptions.BrokerUnreachableException: None of the specified endpoints were reachable
 ---> System.AggregateException: One or more errors occurred. (Connection failed)
 ---> RabbitMQ.Client.Exceptions.ConnectFailureException: Connection failed
 ---> System.TimeoutException: The operation has timed out.
   at RabbitMQ.Client.Impl.TaskExtensions.TimeoutAfter(Task task, TimeSpan timeout)
   at RabbitMQ.Client.Impl.SocketFrameHandler.ConnectOrFail(ITcpClient socket, AmqpTcpEndpoint endpoint, TimeSpan timeout)
   --- End of inner exception stack trace ---
   at RabbitMQ.Client.Impl.SocketFrameHandler.ConnectOrFail(ITcpClient socket, AmqpTcpEndpoint endpoint, TimeSpan timeout)
   at RabbitMQ.Client.Impl.SocketFrameHandler.ConnectUsingAddressFamily(AmqpTcpEndpoint endpoint, Func`2 socketFactory, TimeSpan timeout, AddressFamily family)
   at RabbitMQ.Client.Impl.SocketFrameHandler..ctor(AmqpTcpEndpoint endpoint, Func`2 socketFactory, TimeSpan connectionTimeout, TimeSpan readTimeout, TimeSpan writeTimeout)
   at RabbitMQ.Client.EndpointResolverExtensions.SelectOne[T](IEndpointResolver resolver, Func`2 selector)
   --- End of inner exception stack trace ---
   at RabbitMQ.Client.EndpointResolverExtensions.SelectOne[T](IEndpointResolver resolver, Func`2 selector)
   at RabbitMQ.Client.ConnectionFactory.CreateConnection(IEndpointResolver endpointResolver, String clientProvidedName)
   --- End of inner exception stack trace ---
   at RabbitMQ.Client.ConnectionFactory.CreateConnection(IEndpointResolver endpointResolver, String clientProvidedName)
   at MassTransit.RabbitMqTransport.ConnectionContextFactory.CreateConnection(ISupervisor supervisor)
2026-07-24 17:13:06.432 +05:30 [INF] HealthAxis API heartbeat running at "2026-07-24T17:13:06.4325518+05:30"
2026-07-24 17:13:16.448 +05:30 [INF] HealthAxis API heartbeat running at "2026-07-24T17:13:16.4485018+05:30"
2026-07-24 17:13:26.463 +05:30 [INF] HealthAxis API heartbeat running at "2026-07-24T17:13:26.4630986+05:30"
2026-07-24 17:13:36.475 +05:30 [INF] HealthAxis API heartbeat running at "2026-07-24T17:13:36.4756842+05:30"
2026-07-24 17:13:40.942 +05:30 [WRN] Connection Failed: "rabbitmq://172.31.11.165/"
RabbitMQ.Client.Exceptions.BrokerUnreachableException: None of the specified endpoints were reachable
 ---> System.AggregateException: One or more errors occurred. (Connection failed)
 ---> RabbitMQ.Client.Exceptions.ConnectFailureException: Connection failed
 ---> System.TimeoutException: The operation has timed out.
   at RabbitMQ.Client.Impl.TaskExtensions.TimeoutAfter(Task task, TimeSpan timeout)
   at RabbitMQ.Client.Impl.SocketFrameHandler.ConnectOrFail(ITcpClient socket, AmqpTcpEndpoint endpoint, TimeSpan timeout)
   --- End of inner exception stack trace ---
   at RabbitMQ.Client.Impl.SocketFrameHandler.ConnectOrFail(ITcpClient socket, AmqpTcpEndpoint endpoint, TimeSpan timeout)
   at RabbitMQ.Client.Impl.SocketFrameHandler.ConnectUsingAddressFamily(AmqpTcpEndpoint endpoint, Func`2 socketFactory, TimeSpan timeout, AddressFamily family)
   at RabbitMQ.Client.Impl.SocketFrameHandler..ctor(AmqpTcpEndpoint endpoint, Func`2 socketFactory, TimeSpan connectionTimeout, TimeSpan readTimeout, TimeSpan writeTimeout)
   at RabbitMQ.Client.EndpointResolverExtensions.SelectOne[T](IEndpointResolver resolver, Func`2 selector)
   --- End of inner exception stack trace ---
   at RabbitMQ.Client.EndpointResolverExtensions.SelectOne[T](IEndpointResolver resolver, Func`2 selector)
   at RabbitMQ.Client.ConnectionFactory.CreateConnection(IEndpointResolver endpointResolver, String clientProvidedName)
   --- End of inner exception stack trace ---
   at RabbitMQ.Client.ConnectionFactory.CreateConnection(IEndpointResolver endpointResolver, String clientProvidedName)
   at MassTransit.RabbitMqTransport.ConnectionContextFactory.CreateConnection(ISupervisor supervisor)
2026-07-24 17:13:46.480 +05:30 [INF] HealthAxis API heartbeat running at "2026-07-24T17:13:46.4807276+05:30"
2026-07-24 17:13:56.497 +05:30 [INF] HealthAxis API heartbeat running at "2026-07-24T17:13:56.4974440+05:30"
2026-07-24 17:14:06.502 +05:30 [INF] HealthAxis API heartbeat running at "2026-07-24T17:14:06.5025357+05:30"
2026-07-24 17:14:16.516 +05:30 [INF] HealthAxis API heartbeat running at "2026-07-24T17:14:16.5164478+05:30"
2026-07-24 17:14:21.954 +05:30 [WRN] Connection Failed: "rabbitmq://172.31.11.165/"
RabbitMQ.Client.Exceptions.BrokerUnreachableException: None of the specified endpoints were reachable
 ---> System.AggregateException: One or more errors occurred. (Connection failed)
 ---> RabbitMQ.Client.Exceptions.ConnectFailureException: Connection failed
 ---> System.TimeoutException: The operation has timed out.
   at RabbitMQ.Client.Impl.TaskExtensions.TimeoutAfter(Task task, TimeSpan timeout)
   at RabbitMQ.Client.Impl.SocketFrameHandler.ConnectOrFail(ITcpClient socket, AmqpTcpEndpoint endpoint, TimeSpan timeout)
   --- End of inner exception stack trace ---
   at RabbitMQ.Client.Impl.SocketFrameHandler.ConnectOrFail(ITcpClient socket, AmqpTcpEndpoint endpoint, TimeSpan timeout)
   at RabbitMQ.Client.Impl.SocketFrameHandler.ConnectUsingAddressFamily(AmqpTcpEndpoint endpoint, Func`2 socketFactory, TimeSpan timeout, AddressFamily family)
   at RabbitMQ.Client.Impl.SocketFrameHandler..ctor(AmqpTcpEndpoint endpoint, Func`2 socketFactory, TimeSpan connectionTimeout, TimeSpan readTimeout, TimeSpan writeTimeout)
   at RabbitMQ.Client.EndpointResolverExtensions.SelectOne[T](IEndpointResolver resolver, Func`2 selector)
   --- End of inner exception stack trace ---
   at RabbitMQ.Client.EndpointResolverExtensions.SelectOne[T](IEndpointResolver resolver, Func`2 selector)
   at RabbitMQ.Client.ConnectionFactory.CreateConnection(IEndpointResolver endpointResolver, String clientProvidedName)
   --- End of inner exception stack trace ---
   at RabbitMQ.Client.ConnectionFactory.CreateConnection(IEndpointResolver endpointResolver, String clientProvidedName)
   at MassTransit.RabbitMqTransport.ConnectionContextFactory.CreateConnection(ISupervisor supervisor)
2026-07-24 17:14:26.519 +05:30 [INF] HealthAxis API heartbeat running at "2026-07-24T17:14:26.5194306+05:30"
2026-07-24 17:14:36.535 +05:30 [INF] HealthAxis API heartbeat running at "2026-07-24T17:14:36.5358593+05:30"
2026-07-24 17:14:46.540 +05:30 [INF] HealthAxis API heartbeat running at "2026-07-24T17:14:46.5403691+05:30"
2026-07-24 17:14:56.551 +05:30 [INF] HealthAxis API heartbeat running at "2026-07-24T17:14:56.5513824+05:30"
2026-07-24 17:15:02.988 +05:30 [WRN] Connection Failed: "rabbitmq://172.31.11.165/"
RabbitMQ.Client.Exceptions.BrokerUnreachableException: None of the specified endpoints were reachable
 ---> System.AggregateException: One or more errors occurred. (Connection failed)
 ---> RabbitMQ.Client.Exceptions.ConnectFailureException: Connection failed
 ---> System.TimeoutException: The operation has timed out.
   at RabbitMQ.Client.Impl.TaskExtensions.TimeoutAfter(Task task, TimeSpan timeout)
   at RabbitMQ.Client.Impl.SocketFrameHandler.ConnectOrFail(ITcpClient socket, AmqpTcpEndpoint endpoint, TimeSpan timeout)
   --- End of inner exception stack trace ---
   at RabbitMQ.Client.Impl.SocketFrameHandler.ConnectOrFail(ITcpClient socket, AmqpTcpEndpoint endpoint, TimeSpan timeout)
   at RabbitMQ.Client.Impl.SocketFrameHandler.ConnectUsingAddressFamily(AmqpTcpEndpoint endpoint, Func`2 socketFactory, TimeSpan timeout, AddressFamily family)
   at RabbitMQ.Client.Impl.SocketFrameHandler..ctor(AmqpTcpEndpoint endpoint, Func`2 socketFactory, TimeSpan connectionTimeout, TimeSpan readTimeout, TimeSpan writeTimeout)
   at RabbitMQ.Client.EndpointResolverExtensions.SelectOne[T](IEndpointResolver resolver, Func`2 selector)
   --- End of inner exception stack trace ---
   at RabbitMQ.Client.EndpointResolverExtensions.SelectOne[T](IEndpointResolver resolver, Func`2 selector)
   at RabbitMQ.Client.ConnectionFactory.CreateConnection(IEndpointResolver endpointResolver, String clientProvidedName)
   --- End of inner exception stack trace ---
   at RabbitMQ.Client.ConnectionFactory.CreateConnection(IEndpointResolver endpointResolver, String clientProvidedName)
   at MassTransit.RabbitMqTransport.ConnectionContextFactory.CreateConnection(ISupervisor supervisor)
2026-07-24 17:15:06.568 +05:30 [INF] HealthAxis API heartbeat running at "2026-07-24T17:15:06.5684474+05:30"
2026-07-24 17:15:16.571 +05:30 [INF] HealthAxis API heartbeat running at "2026-07-24T17:15:16.5711311+05:30"
2026-07-24 17:15:26.580 +05:30 [INF] HealthAxis API heartbeat running at "2026-07-24T17:15:26.5803318+05:30"
2026-07-24 17:15:36.583 +05:30 [INF] HealthAxis API heartbeat running at "2026-07-24T17:15:36.5833575+05:30"
2026-07-24 17:15:44.014 +05:30 [WRN] Connection Failed: "rabbitmq://172.31.11.165/"
RabbitMQ.Client.Exceptions.BrokerUnreachableException: None of the specified endpoints were reachable
 ---> System.AggregateException: One or more errors occurred. (Connection failed)
 ---> RabbitMQ.Client.Exceptions.ConnectFailureException: Connection failed
 ---> System.TimeoutException: The operation has timed out.
   at RabbitMQ.Client.Impl.TaskExtensions.TimeoutAfter(Task task, TimeSpan timeout)
   at RabbitMQ.Client.Impl.SocketFrameHandler.ConnectOrFail(ITcpClient socket, AmqpTcpEndpoint endpoint, TimeSpan timeout)
   --- End of inner exception stack trace ---
   at RabbitMQ.Client.Impl.SocketFrameHandler.ConnectOrFail(ITcpClient socket, AmqpTcpEndpoint endpoint, TimeSpan timeout)
   at RabbitMQ.Client.Impl.SocketFrameHandler.ConnectUsingAddressFamily(AmqpTcpEndpoint endpoint, Func`2 socketFactory, TimeSpan timeout, AddressFamily family)
   at RabbitMQ.Client.Impl.SocketFrameHandler..ctor(AmqpTcpEndpoint endpoint, Func`2 socketFactory, TimeSpan connectionTimeout, TimeSpan readTimeout, TimeSpan writeTimeout)
   at RabbitMQ.Client.EndpointResolverExtensions.SelectOne[T](IEndpointResolver resolver, Func`2 selector)
   --- End of inner exception stack trace ---
   at RabbitMQ.Client.EndpointResolverExtensions.SelectOne[T](IEndpointResolver resolver, Func`2 selector)
   at RabbitMQ.Client.ConnectionFactory.CreateConnection(IEndpointResolver endpointResolver, String clientProvidedName)
   --- End of inner exception stack trace ---
   at RabbitMQ.Client.ConnectionFactory.CreateConnection(IEndpointResolver endpointResolver, String clientProvidedName)
   at MassTransit.RabbitMqTransport.ConnectionContextFactory.CreateConnection(ISupervisor supervisor)
2026-07-24 17:15:46.597 +05:30 [INF] HealthAxis API heartbeat running at "2026-07-24T17:15:46.5976264+05:30"
2026-07-24 17:15:56.612 +05:30 [INF] HealthAxis API heartbeat running at "2026-07-24T17:15:56.6119254+05:30"
2026-07-24 17:16:06.615 +05:30 [INF] HealthAxis API heartbeat running at "2026-07-24T17:16:06.6150541+05:30"
2026-07-24 17:16:16.619 +05:30 [INF] HealthAxis API heartbeat running at "2026-07-24T17:16:16.6198510+05:30"
2026-07-24 17:16:25.044 +05:30 [WRN] Connection Failed: "rabbitmq://172.31.11.165/"
RabbitMQ.Client.Exceptions.BrokerUnreachableException: None of the specified endpoints were reachable
 ---> System.AggregateException: One or more errors occurred. (Connection failed)
 ---> RabbitMQ.Client.Exceptions.ConnectFailureException: Connection failed
 ---> System.TimeoutException: The operation has timed out.
   at RabbitMQ.Client.Impl.TaskExtensions.TimeoutAfter(Task task, TimeSpan timeout)
   at RabbitMQ.Client.Impl.SocketFrameHandler.ConnectOrFail(ITcpClient socket, AmqpTcpEndpoint endpoint, TimeSpan timeout)
   --- End of inner exception stack trace ---
   at RabbitMQ.Client.Impl.SocketFrameHandler.ConnectOrFail(ITcpClient socket, AmqpTcpEndpoint endpoint, TimeSpan timeout)
   at RabbitMQ.Client.Impl.SocketFrameHandler.ConnectUsingAddressFamily(AmqpTcpEndpoint endpoint, Func`2 socketFactory, TimeSpan timeout, AddressFamily family)
   at RabbitMQ.Client.Impl.SocketFrameHandler..ctor(AmqpTcpEndpoint endpoint, Func`2 socketFactory, TimeSpan connectionTimeout, TimeSpan readTimeout, TimeSpan writeTimeout)
   at RabbitMQ.Client.EndpointResolverExtensions.SelectOne[T](IEndpointResolver resolver, Func`2 selector)
   --- End of inner exception stack trace ---
   at RabbitMQ.Client.EndpointResolverExtensions.SelectOne[T](IEndpointResolver resolver, Func`2 selector)
   at RabbitMQ.Client.ConnectionFactory.CreateConnection(IEndpointResolver endpointResolver, String clientProvidedName)
   --- End of inner exception stack trace ---
   at RabbitMQ.Client.ConnectionFactory.CreateConnection(IEndpointResolver endpointResolver, String clientProvidedName)
   at MassTransit.RabbitMqTransport.ConnectionContextFactory.CreateConnection(ISupervisor supervisor)
2026-07-24 17:16:26.634 +05:30 [INF] HealthAxis API heartbeat running at "2026-07-24T17:16:26.6348606+05:30"
2026-07-24 17:16:36.644 +05:30 [INF] HealthAxis API heartbeat running at "2026-07-24T17:16:36.6441969+05:30"
2026-07-24 17:16:46.646 +05:30 [INF] HealthAxis API heartbeat running at "2026-07-24T17:16:46.6463323+05:30"
2026-07-24 17:16:56.649 +05:30 [INF] HealthAxis API heartbeat running at "2026-07-24T17:16:56.6495285+05:30"
2026-07-24 17:17:06.079 +05:30 [WRN] Connection Failed: "rabbitmq://172.31.11.165/"
RabbitMQ.Client.Exceptions.BrokerUnreachableException: None of the specified endpoints were reachable
 ---> System.AggregateException: One or more errors occurred. (Connection failed)
 ---> RabbitMQ.Client.Exceptions.ConnectFailureException: Connection failed
 ---> System.TimeoutException: The operation has timed out.
   at RabbitMQ.Client.Impl.TaskExtensions.TimeoutAfter(Task task, TimeSpan timeout)
   at RabbitMQ.Client.Impl.SocketFrameHandler.ConnectOrFail(ITcpClient socket, AmqpTcpEndpoint endpoint, TimeSpan timeout)
   --- End of inner exception stack trace ---
   at RabbitMQ.Client.Impl.SocketFrameHandler.ConnectOrFail(ITcpClient socket, AmqpTcpEndpoint endpoint, TimeSpan timeout)
   at RabbitMQ.Client.Impl.SocketFrameHandler.ConnectUsingAddressFamily(AmqpTcpEndpoint endpoint, Func`2 socketFactory, TimeSpan timeout, AddressFamily family)
   at RabbitMQ.Client.Impl.SocketFrameHandler..ctor(AmqpTcpEndpoint endpoint, Func`2 socketFactory, TimeSpan connectionTimeout, TimeSpan readTimeout, TimeSpan writeTimeout)
   at RabbitMQ.Client.EndpointResolverExtensions.SelectOne[T](IEndpointResolver resolver, Func`2 selector)
   --- End of inner exception stack trace ---
   at RabbitMQ.Client.EndpointResolverExtensions.SelectOne[T](IEndpointResolver resolver, Func`2 selector)
   at RabbitMQ.Client.ConnectionFactory.CreateConnection(IEndpointResolver endpointResolver, String clientProvidedName)
   --- End of inner exception stack trace ---
   at RabbitMQ.Client.ConnectionFactory.CreateConnection(IEndpointResolver endpointResolver, String clientProvidedName)
   at MassTransit.RabbitMqTransport.ConnectionContextFactory.CreateConnection(ISupervisor supervisor)
2026-07-24 17:17:06.656 +05:30 [INF] HealthAxis API heartbeat running at "2026-07-24T17:17:06.6563486+05:30"
2026-07-24 17:17:16.664 +05:30 [INF] HealthAxis API heartbeat running at "2026-07-24T17:17:16.6644361+05:30"
2026-07-24 17:17:26.673 +05:30 [INF] HealthAxis API heartbeat running at "2026-07-24T17:17:26.6731343+05:30"
2026-07-24 17:17:36.689 +05:30 [INF] HealthAxis API heartbeat running at "2026-07-24T17:17:36.6892119+05:30"
2026-07-24 17:17:46.697 +05:30 [INF] HealthAxis API heartbeat running at "2026-07-24T17:17:46.6979325+05:30"
2026-07-24 17:17:47.104 +05:30 [WRN] Connection Failed: "rabbitmq://172.31.11.165/"
RabbitMQ.Client.Exceptions.BrokerUnreachableException: None of the specified endpoints were reachable
 ---> System.AggregateException: One or more errors occurred. (Connection failed)
 ---> RabbitMQ.Client.Exceptions.ConnectFailureException: Connection failed
 ---> System.TimeoutException: The operation has timed out.
   at RabbitMQ.Client.Impl.TaskExtensions.TimeoutAfter(Task task, TimeSpan timeout)
   at RabbitMQ.Client.Impl.SocketFrameHandler.ConnectOrFail(ITcpClient socket, AmqpTcpEndpoint endpoint, TimeSpan timeout)
   --- End of inner exception stack trace ---
   at RabbitMQ.Client.Impl.SocketFrameHandler.ConnectOrFail(ITcpClient socket, AmqpTcpEndpoint endpoint, TimeSpan timeout)
   at RabbitMQ.Client.Impl.SocketFrameHandler.ConnectUsingAddressFamily(AmqpTcpEndpoint endpoint, Func`2 socketFactory, TimeSpan timeout, AddressFamily family)
   at RabbitMQ.Client.Impl.SocketFrameHandler..ctor(AmqpTcpEndpoint endpoint, Func`2 socketFactory, TimeSpan connectionTimeout, TimeSpan readTimeout, TimeSpan writeTimeout)
   at RabbitMQ.Client.EndpointResolverExtensions.SelectOne[T](IEndpointResolver resolver, Func`2 selector)
   --- End of inner exception stack trace ---
   at RabbitMQ.Client.EndpointResolverExtensions.SelectOne[T](IEndpointResolver resolver, Func`2 selector)
   at RabbitMQ.Client.ConnectionFactory.CreateConnection(IEndpointResolver endpointResolver, String clientProvidedName)
   --- End of inner exception stack trace ---
   at RabbitMQ.Client.ConnectionFactory.CreateConnection(IEndpointResolver endpointResolver, String clientProvidedName)
   at MassTransit.RabbitMqTransport.ConnectionContextFactory.CreateConnection(ISupervisor supervisor)
2026-07-24 17:17:56.702 +05:30 [INF] HealthAxis API heartbeat running at "2026-07-24T17:17:56.7021524+05:30"
2026-07-24 17:18:06.707 +05:30 [INF] HealthAxis API heartbeat running at "2026-07-24T17:18:06.7070710+05:30"
2026-07-24 17:18:16.719 +05:30 [INF] HealthAxis API heartbeat running at "2026-07-24T17:18:16.7195218+05:30"
2026-07-24 17:18:26.735 +05:30 [INF] HealthAxis API heartbeat running at "2026-07-24T17:18:26.7352587+05:30"
2026-07-24 17:18:28.122 +05:30 [WRN] Connection Failed: "rabbitmq://172.31.11.165/"
RabbitMQ.Client.Exceptions.BrokerUnreachableException: None of the specified endpoints were reachable
 ---> System.AggregateException: One or more errors occurred. (Connection failed)
 ---> RabbitMQ.Client.Exceptions.ConnectFailureException: Connection failed
 ---> System.TimeoutException: The operation has timed out.
   at RabbitMQ.Client.Impl.TaskExtensions.TimeoutAfter(Task task, TimeSpan timeout)
   at RabbitMQ.Client.Impl.SocketFrameHandler.ConnectOrFail(ITcpClient socket, AmqpTcpEndpoint endpoint, TimeSpan timeout)
   --- End of inner exception stack trace ---
   at RabbitMQ.Client.Impl.SocketFrameHandler.ConnectOrFail(ITcpClient socket, AmqpTcpEndpoint endpoint, TimeSpan timeout)
   at RabbitMQ.Client.Impl.SocketFrameHandler.ConnectUsingAddressFamily(AmqpTcpEndpoint endpoint, Func`2 socketFactory, TimeSpan timeout, AddressFamily family)
   at RabbitMQ.Client.Impl.SocketFrameHandler..ctor(AmqpTcpEndpoint endpoint, Func`2 socketFactory, TimeSpan connectionTimeout, TimeSpan readTimeout, TimeSpan writeTimeout)
   at RabbitMQ.Client.EndpointResolverExtensions.SelectOne[T](IEndpointResolver resolver, Func`2 selector)
   --- End of inner exception stack trace ---
   at RabbitMQ.Client.EndpointResolverExtensions.SelectOne[T](IEndpointResolver resolver, Func`2 selector)
   at RabbitMQ.Client.ConnectionFactory.CreateConnection(IEndpointResolver endpointResolver, String clientProvidedName)
   --- End of inner exception stack trace ---
   at RabbitMQ.Client.ConnectionFactory.CreateConnection(IEndpointResolver endpointResolver, String clientProvidedName)
   at MassTransit.RabbitMqTransport.ConnectionContextFactory.CreateConnection(ISupervisor supervisor)
2026-07-24 17:18:36.743 +05:30 [INF] HealthAxis API heartbeat running at "2026-07-24T17:18:36.7432203+05:30"
2026-07-24 17:18:46.755 +05:30 [INF] HealthAxis API heartbeat running at "2026-07-24T17:18:46.7555286+05:30"
2026-07-24 17:18:56.758 +05:30 [INF] HealthAxis API heartbeat running at "2026-07-24T17:18:56.7587699+05:30"
2026-07-24 17:19:06.771 +05:30 [INF] HealthAxis API heartbeat running at "2026-07-24T17:19:06.7717936+05:30"
2026-07-24 17:19:09.148 +05:30 [WRN] Connection Failed: "rabbitmq://172.31.11.165/"
RabbitMQ.Client.Exceptions.BrokerUnreachableException: None of the specified endpoints were reachable
 ---> System.AggregateException: One or more errors occurred. (Connection failed)
 ---> RabbitMQ.Client.Exceptions.ConnectFailureException: Connection failed
 ---> System.TimeoutException: The operation has timed out.
   at RabbitMQ.Client.Impl.TaskExtensions.TimeoutAfter(Task task, TimeSpan timeout)
   at RabbitMQ.Client.Impl.SocketFrameHandler.ConnectOrFail(ITcpClient socket, AmqpTcpEndpoint endpoint, TimeSpan timeout)
   --- End of inner exception stack trace ---
   at RabbitMQ.Client.Impl.SocketFrameHandler.ConnectOrFail(ITcpClient socket, AmqpTcpEndpoint endpoint, TimeSpan timeout)
   at RabbitMQ.Client.Impl.SocketFrameHandler.ConnectUsingAddressFamily(AmqpTcpEndpoint endpoint, Func`2 socketFactory, TimeSpan timeout, AddressFamily family)
   at RabbitMQ.Client.Impl.SocketFrameHandler..ctor(AmqpTcpEndpoint endpoint, Func`2 socketFactory, TimeSpan connectionTimeout, TimeSpan readTimeout, TimeSpan writeTimeout)
   at RabbitMQ.Client.EndpointResolverExtensions.SelectOne[T](IEndpointResolver resolver, Func`2 selector)
   --- End of inner exception stack trace ---
   at RabbitMQ.Client.EndpointResolverExtensions.SelectOne[T](IEndpointResolver resolver, Func`2 selector)
   at RabbitMQ.Client.ConnectionFactory.CreateConnection(IEndpointResolver endpointResolver, String clientProvidedName)
   --- End of inner exception stack trace ---
   at RabbitMQ.Client.ConnectionFactory.CreateConnection(IEndpointResolver endpointResolver, String clientProvidedName)
   at MassTransit.RabbitMqTransport.ConnectionContextFactory.CreateConnection(ISupervisor supervisor)
2026-07-24 17:19:16.779 +05:30 [INF] HealthAxis API heartbeat running at "2026-07-24T17:19:16.7795560+05:30"
2026-07-24 17:19:26.787 +05:30 [INF] HealthAxis API heartbeat running at "2026-07-24T17:19:26.7877967+05:30"
2026-07-24 17:19:36.800 +05:30 [INF] HealthAxis API heartbeat running at "2026-07-24T17:19:36.8006644+05:30"
2026-07-24 17:19:46.805 +05:30 [INF] HealthAxis API heartbeat running at "2026-07-24T17:19:46.8052434+05:30"
2026-07-24 17:19:50.166 +05:30 [WRN] Connection Failed: "rabbitmq://172.31.11.165/"
RabbitMQ.Client.Exceptions.BrokerUnreachableException: None of the specified endpoints were reachable
 ---> System.AggregateException: One or more errors occurred. (Connection failed)
 ---> RabbitMQ.Client.Exceptions.ConnectFailureException: Connection failed
 ---> System.TimeoutException: The operation has timed out.
   at RabbitMQ.Client.Impl.TaskExtensions.TimeoutAfter(Task task, TimeSpan timeout)
   at RabbitMQ.Client.Impl.SocketFrameHandler.ConnectOrFail(ITcpClient socket, AmqpTcpEndpoint endpoint, TimeSpan timeout)
   --- End of inner exception stack trace ---
   at RabbitMQ.Client.Impl.SocketFrameHandler.ConnectOrFail(ITcpClient socket, AmqpTcpEndpoint endpoint, TimeSpan timeout)
   at RabbitMQ.Client.Impl.SocketFrameHandler.ConnectUsingAddressFamily(AmqpTcpEndpoint endpoint, Func`2 socketFactory, TimeSpan timeout, AddressFamily family)
   at RabbitMQ.Client.Impl.SocketFrameHandler..ctor(AmqpTcpEndpoint endpoint, Func`2 socketFactory, TimeSpan connectionTimeout, TimeSpan readTimeout, TimeSpan writeTimeout)
   at RabbitMQ.Client.EndpointResolverExtensions.SelectOne[T](IEndpointResolver resolver, Func`2 selector)
   --- End of inner exception stack trace ---
   at RabbitMQ.Client.EndpointResolverExtensions.SelectOne[T](IEndpointResolver resolver, Func`2 selector)
   at RabbitMQ.Client.ConnectionFactory.CreateConnection(IEndpointResolver endpointResolver, String clientProvidedName)
   --- End of inner exception stack trace ---
   at RabbitMQ.Client.ConnectionFactory.CreateConnection(IEndpointResolver endpointResolver, String clientProvidedName)
   at MassTransit.RabbitMqTransport.ConnectionContextFactory.CreateConnection(ISupervisor supervisor)
2026-07-24 17:19:56.815 +05:30 [INF] HealthAxis API heartbeat running at "2026-07-24T17:19:56.8155624+05:30"
2026-07-24 17:20:06.819 +05:30 [INF] HealthAxis API heartbeat running at "2026-07-24T17:20:06.8191624+05:30"
2026-07-24 17:20:16.831 +05:30 [INF] HealthAxis API heartbeat running at "2026-07-24T17:20:16.8316194+05:30"
2026-07-24 17:20:26.839 +05:30 [INF] HealthAxis API heartbeat running at "2026-07-24T17:20:26.8399083+05:30"
2026-07-24 17:20:31.200 +05:30 [WRN] Connection Failed: "rabbitmq://172.31.11.165/"
RabbitMQ.Client.Exceptions.BrokerUnreachableException: None of the specified endpoints were reachable
 ---> System.AggregateException: One or more errors occurred. (Connection failed)
 ---> RabbitMQ.Client.Exceptions.ConnectFailureException: Connection failed
 ---> System.TimeoutException: The operation has timed out.
   at RabbitMQ.Client.Impl.TaskExtensions.TimeoutAfter(Task task, TimeSpan timeout)
   at RabbitMQ.Client.Impl.SocketFrameHandler.ConnectOrFail(ITcpClient socket, AmqpTcpEndpoint endpoint, TimeSpan timeout)
   --- End of inner exception stack trace ---
   at RabbitMQ.Client.Impl.SocketFrameHandler.ConnectOrFail(ITcpClient socket, AmqpTcpEndpoint endpoint, TimeSpan timeout)
   at RabbitMQ.Client.Impl.SocketFrameHandler.ConnectUsingAddressFamily(AmqpTcpEndpoint endpoint, Func`2 socketFactory, TimeSpan timeout, AddressFamily family)
   at RabbitMQ.Client.Impl.SocketFrameHandler..ctor(AmqpTcpEndpoint endpoint, Func`2 socketFactory, TimeSpan connectionTimeout, TimeSpan readTimeout, TimeSpan writeTimeout)
   at RabbitMQ.Client.EndpointResolverExtensions.SelectOne[T](IEndpointResolver resolver, Func`2 selector)
   --- End of inner exception stack trace ---
   at RabbitMQ.Client.EndpointResolverExtensions.SelectOne[T](IEndpointResolver resolver, Func`2 selector)
   at RabbitMQ.Client.ConnectionFactory.CreateConnection(IEndpointResolver endpointResolver, String clientProvidedName)
   --- End of inner exception stack trace ---
   at RabbitMQ.Client.ConnectionFactory.CreateConnection(IEndpointResolver endpointResolver, String clientProvidedName)
   at MassTransit.RabbitMqTransport.ConnectionContextFactory.CreateConnection(ISupervisor supervisor)
2026-07-24 17:20:36.851 +05:30 [INF] HealthAxis API heartbeat running at "2026-07-24T17:20:36.8519751+05:30"
2026-07-24 17:20:46.862 +05:30 [INF] HealthAxis API heartbeat running at "2026-07-24T17:20:46.8628199+05:30"
2026-07-24 17:20:56.873 +05:30 [INF] HealthAxis API heartbeat running at "2026-07-24T17:20:56.8735678+05:30"
2026-07-24 17:21:06.880 +05:30 [INF] HealthAxis API heartbeat running at "2026-07-24T17:21:06.8808113+05:30"
2026-07-24 17:21:12.230 +05:30 [WRN] Connection Failed: "rabbitmq://172.31.11.165/"
RabbitMQ.Client.Exceptions.BrokerUnreachableException: None of the specified endpoints were reachable
 ---> System.AggregateException: One or more errors occurred. (Connection failed)
 ---> RabbitMQ.Client.Exceptions.ConnectFailureException: Connection failed
 ---> System.TimeoutException: The operation has timed out.
   at RabbitMQ.Client.Impl.TaskExtensions.TimeoutAfter(Task task, TimeSpan timeout)
   at RabbitMQ.Client.Impl.SocketFrameHandler.ConnectOrFail(ITcpClient socket, AmqpTcpEndpoint endpoint, TimeSpan timeout)
   --- End of inner exception stack trace ---
   at RabbitMQ.Client.Impl.SocketFrameHandler.ConnectOrFail(ITcpClient socket, AmqpTcpEndpoint endpoint, TimeSpan timeout)
   at RabbitMQ.Client.Impl.SocketFrameHandler.ConnectUsingAddressFamily(AmqpTcpEndpoint endpoint, Func`2 socketFactory, TimeSpan timeout, AddressFamily family)
   at RabbitMQ.Client.Impl.SocketFrameHandler..ctor(AmqpTcpEndpoint endpoint, Func`2 socketFactory, TimeSpan connectionTimeout, TimeSpan readTimeout, TimeSpan writeTimeout)
   at RabbitMQ.Client.EndpointResolverExtensions.SelectOne[T](IEndpointResolver resolver, Func`2 selector)
   --- End of inner exception stack trace ---
   at RabbitMQ.Client.EndpointResolverExtensions.SelectOne[T](IEndpointResolver resolver, Func`2 selector)
   at RabbitMQ.Client.ConnectionFactory.CreateConnection(IEndpointResolver endpointResolver, String clientProvidedName)
   --- End of inner exception stack trace ---
   at RabbitMQ.Client.ConnectionFactory.CreateConnection(IEndpointResolver endpointResolver, String clientProvidedName)
   at MassTransit.RabbitMqTransport.ConnectionContextFactory.CreateConnection(ISupervisor supervisor)
2026-07-24 17:21:16.887 +05:30 [INF] HealthAxis API heartbeat running at "2026-07-24T17:21:16.8873403+05:30"
2026-07-24 17:21:26.900 +05:30 [INF] HealthAxis API heartbeat running at "2026-07-24T17:21:26.9005011+05:30"
2026-07-24 17:21:36.903 +05:30 [INF] HealthAxis API heartbeat running at "2026-07-24T17:21:36.9032341+05:30"
2026-07-24 17:21:46.908 +05:30 [INF] HealthAxis API heartbeat running at "2026-07-24T17:21:46.9087540+05:30"
2026-07-24 17:21:53.260 +05:30 [WRN] Connection Failed: "rabbitmq://172.31.11.165/"
RabbitMQ.Client.Exceptions.BrokerUnreachableException: None of the specified endpoints were reachable
 ---> System.AggregateException: One or more errors occurred. (Connection failed)
 ---> RabbitMQ.Client.Exceptions.ConnectFailureException: Connection failed
 ---> System.TimeoutException: The operation has timed out.
   at RabbitMQ.Client.Impl.TaskExtensions.TimeoutAfter(Task task, TimeSpan timeout)
   at RabbitMQ.Client.Impl.SocketFrameHandler.ConnectOrFail(ITcpClient socket, AmqpTcpEndpoint endpoint, TimeSpan timeout)
   --- End of inner exception stack trace ---
   at RabbitMQ.Client.Impl.SocketFrameHandler.ConnectOrFail(ITcpClient socket, AmqpTcpEndpoint endpoint, TimeSpan timeout)
   at RabbitMQ.Client.Impl.SocketFrameHandler.ConnectUsingAddressFamily(AmqpTcpEndpoint endpoint, Func`2 socketFactory, TimeSpan timeout, AddressFamily family)
   at RabbitMQ.Client.Impl.SocketFrameHandler..ctor(AmqpTcpEndpoint endpoint, Func`2 socketFactory, TimeSpan connectionTimeout, TimeSpan readTimeout, TimeSpan writeTimeout)
   at RabbitMQ.Client.EndpointResolverExtensions.SelectOne[T](IEndpointResolver resolver, Func`2 selector)
   --- End of inner exception stack trace ---
   at RabbitMQ.Client.EndpointResolverExtensions.SelectOne[T](IEndpointResolver resolver, Func`2 selector)
   at RabbitMQ.Client.ConnectionFactory.CreateConnection(IEndpointResolver endpointResolver, String clientProvidedName)
   --- End of inner exception stack trace ---
   at RabbitMQ.Client.ConnectionFactory.CreateConnection(IEndpointResolver endpointResolver, String clientProvidedName)
   at MassTransit.RabbitMqTransport.ConnectionContextFactory.CreateConnection(ISupervisor supervisor)
2026-07-24 17:21:56.915 +05:30 [INF] HealthAxis API heartbeat running at "2026-07-24T17:21:56.9156463+05:30"
2026-07-24 17:22:06.927 +05:30 [INF] HealthAxis API heartbeat running at "2026-07-24T17:22:06.9275253+05:30"
2026-07-24 17:22:16.930 +05:30 [INF] HealthAxis API heartbeat running at "2026-07-24T17:22:16.9300842+05:30"
2026-07-24 17:22:26.934 +05:30 [INF] HealthAxis API heartbeat running at "2026-07-24T17:22:26.9345560+05:30"
2026-07-24 17:22:34.283 +05:30 [WRN] Connection Failed: "rabbitmq://172.31.11.165/"
RabbitMQ.Client.Exceptions.BrokerUnreachableException: None of the specified endpoints were reachable
 ---> System.AggregateException: One or more errors occurred. (Connection failed)
 ---> RabbitMQ.Client.Exceptions.ConnectFailureException: Connection failed
 ---> System.TimeoutException: The operation has timed out.
   at RabbitMQ.Client.Impl.TaskExtensions.TimeoutAfter(Task task, TimeSpan timeout)
   at RabbitMQ.Client.Impl.SocketFrameHandler.ConnectOrFail(ITcpClient socket, AmqpTcpEndpoint endpoint, TimeSpan timeout)
   --- End of inner exception stack trace ---
   at RabbitMQ.Client.Impl.SocketFrameHandler.ConnectOrFail(ITcpClient socket, AmqpTcpEndpoint endpoint, TimeSpan timeout)
   at RabbitMQ.Client.Impl.SocketFrameHandler.ConnectUsingAddressFamily(AmqpTcpEndpoint endpoint, Func`2 socketFactory, TimeSpan timeout, AddressFamily family)
   at RabbitMQ.Client.Impl.SocketFrameHandler..ctor(AmqpTcpEndpoint endpoint, Func`2 socketFactory, TimeSpan connectionTimeout, TimeSpan readTimeout, TimeSpan writeTimeout)
   at RabbitMQ.Client.EndpointResolverExtensions.SelectOne[T](IEndpointResolver resolver, Func`2 selector)
   --- End of inner exception stack trace ---
   at RabbitMQ.Client.EndpointResolverExtensions.SelectOne[T](IEndpointResolver resolver, Func`2 selector)
   at RabbitMQ.Client.ConnectionFactory.CreateConnection(IEndpointResolver endpointResolver, String clientProvidedName)
   --- End of inner exception stack trace ---
   at RabbitMQ.Client.ConnectionFactory.CreateConnection(IEndpointResolver endpointResolver, String clientProvidedName)
   at MassTransit.RabbitMqTransport.ConnectionContextFactory.CreateConnection(ISupervisor supervisor)
2026-07-24 17:22:36.941 +05:30 [INF] HealthAxis API heartbeat running at "2026-07-24T17:22:36.9409969+05:30"
2026-07-24 17:22:46.955 +05:30 [INF] HealthAxis API heartbeat running at "2026-07-24T17:22:46.9551912+05:30"
2026-07-24 17:22:56.963 +05:30 [INF] HealthAxis API heartbeat running at "2026-07-24T17:22:56.9629999+05:30"
2026-07-24 17:23:06.976 +05:30 [INF] HealthAxis API heartbeat running at "2026-07-24T17:23:06.9761990+05:30"
2026-07-24 17:23:15.319 +05:30 [WRN] Connection Failed: "rabbitmq://172.31.11.165/"
RabbitMQ.Client.Exceptions.BrokerUnreachableException: None of the specified endpoints were reachable
 ---> System.AggregateException: One or more errors occurred. (Connection failed)
 ---> RabbitMQ.Client.Exceptions.ConnectFailureException: Connection failed
 ---> System.TimeoutException: The operation has timed out.
   at RabbitMQ.Client.Impl.TaskExtensions.TimeoutAfter(Task task, TimeSpan timeout)
   at RabbitMQ.Client.Impl.SocketFrameHandler.ConnectOrFail(ITcpClient socket, AmqpTcpEndpoint endpoint, TimeSpan timeout)
   --- End of inner exception stack trace ---
   at RabbitMQ.Client.Impl.SocketFrameHandler.ConnectOrFail(ITcpClient socket, AmqpTcpEndpoint endpoint, TimeSpan timeout)
   at RabbitMQ.Client.Impl.SocketFrameHandler.ConnectUsingAddressFamily(AmqpTcpEndpoint endpoint, Func`2 socketFactory, TimeSpan timeout, AddressFamily family)
   at RabbitMQ.Client.Impl.SocketFrameHandler..ctor(AmqpTcpEndpoint endpoint, Func`2 socketFactory, TimeSpan connectionTimeout, TimeSpan readTimeout, TimeSpan writeTimeout)
   at RabbitMQ.Client.EndpointResolverExtensions.SelectOne[T](IEndpointResolver resolver, Func`2 selector)
   --- End of inner exception stack trace ---
   at RabbitMQ.Client.EndpointResolverExtensions.SelectOne[T](IEndpointResolver resolver, Func`2 selector)
   at RabbitMQ.Client.ConnectionFactory.CreateConnection(IEndpointResolver endpointResolver, String clientProvidedName)
   --- End of inner exception stack trace ---
   at RabbitMQ.Client.ConnectionFactory.CreateConnection(IEndpointResolver endpointResolver, String clientProvidedName)
   at MassTransit.RabbitMqTransport.ConnectionContextFactory.CreateConnection(ISupervisor supervisor)
2026-07-24 17:23:16.983 +05:30 [INF] HealthAxis API heartbeat running at "2026-07-24T17:23:16.9829752+05:30"
2026-07-24 17:23:26.990 +05:30 [INF] HealthAxis API heartbeat running at "2026-07-24T17:23:26.9902277+05:30"
2026-07-24 17:23:37.000 +05:30 [INF] HealthAxis API heartbeat running at "2026-07-24T17:23:37.0008203+05:30"
2026-07-24 17:23:47.007 +05:30 [INF] HealthAxis API heartbeat running at "2026-07-24T17:23:47.0075881+05:30"
2026-07-24 17:23:56.346 +05:30 [WRN] Connection Failed: "rabbitmq://172.31.11.165/"
RabbitMQ.Client.Exceptions.BrokerUnreachableException: None of the specified endpoints were reachable
 ---> System.AggregateException: One or more errors occurred. (Connection failed)
 ---> RabbitMQ.Client.Exceptions.ConnectFailureException: Connection failed
 ---> System.TimeoutException: The operation has timed out.
   at RabbitMQ.Client.Impl.TaskExtensions.TimeoutAfter(Task task, TimeSpan timeout)
   at RabbitMQ.Client.Impl.SocketFrameHandler.ConnectOrFail(ITcpClient socket, AmqpTcpEndpoint endpoint, TimeSpan timeout)
   --- End of inner exception stack trace ---
   at RabbitMQ.Client.Impl.SocketFrameHandler.ConnectOrFail(ITcpClient socket, AmqpTcpEndpoint endpoint, TimeSpan timeout)
   at RabbitMQ.Client.Impl.SocketFrameHandler.ConnectUsingAddressFamily(AmqpTcpEndpoint endpoint, Func`2 socketFactory, TimeSpan timeout, AddressFamily family)
   at RabbitMQ.Client.Impl.SocketFrameHandler..ctor(AmqpTcpEndpoint endpoint, Func`2 socketFactory, TimeSpan connectionTimeout, TimeSpan readTimeout, TimeSpan writeTimeout)
   at RabbitMQ.Client.EndpointResolverExtensions.SelectOne[T](IEndpointResolver resolver, Func`2 selector)
   --- End of inner exception stack trace ---
   at RabbitMQ.Client.EndpointResolverExtensions.SelectOne[T](IEndpointResolver resolver, Func`2 selector)
   at RabbitMQ.Client.ConnectionFactory.CreateConnection(IEndpointResolver endpointResolver, String clientProvidedName)
   --- End of inner exception stack trace ---
   at RabbitMQ.Client.ConnectionFactory.CreateConnection(IEndpointResolver endpointResolver, String clientProvidedName)
   at MassTransit.RabbitMqTransport.ConnectionContextFactory.CreateConnection(ISupervisor supervisor)
2026-07-24 17:23:57.022 +05:30 [INF] HealthAxis API heartbeat running at "2026-07-24T17:23:57.0228650+05:30"
2026-07-24 17:24:07.024 +05:30 [INF] HealthAxis API heartbeat running at "2026-07-24T17:24:07.0248985+05:30"
2026-07-24 17:24:17.034 +05:30 [INF] HealthAxis API heartbeat running at "2026-07-24T17:24:17.0347875+05:30"
2026-07-24 17:24:27.040 +05:30 [INF] HealthAxis API heartbeat running at "2026-07-24T17:24:27.0401239+05:30"
2026-07-24 17:24:37.051 +05:30 [INF] HealthAxis API heartbeat running at "2026-07-24T17:24:37.0517927+05:30"
2026-07-24 17:24:37.378 +05:30 [WRN] Connection Failed: "rabbitmq://172.31.11.165/"
RabbitMQ.Client.Exceptions.BrokerUnreachableException: None of the specified endpoints were reachable
 ---> System.AggregateException: One or more errors occurred. (Connection failed)
 ---> RabbitMQ.Client.Exceptions.ConnectFailureException: Connection failed
 ---> System.TimeoutException: The operation has timed out.
   at RabbitMQ.Client.Impl.TaskExtensions.TimeoutAfter(Task task, TimeSpan timeout)
   at RabbitMQ.Client.Impl.SocketFrameHandler.ConnectOrFail(ITcpClient socket, AmqpTcpEndpoint endpoint, TimeSpan timeout)
   --- End of inner exception stack trace ---
   at RabbitMQ.Client.Impl.SocketFrameHandler.ConnectOrFail(ITcpClient socket, AmqpTcpEndpoint endpoint, TimeSpan timeout)
   at RabbitMQ.Client.Impl.SocketFrameHandler.ConnectUsingAddressFamily(AmqpTcpEndpoint endpoint, Func`2 socketFactory, TimeSpan timeout, AddressFamily family)
   at RabbitMQ.Client.Impl.SocketFrameHandler..ctor(AmqpTcpEndpoint endpoint, Func`2 socketFactory, TimeSpan connectionTimeout, TimeSpan readTimeout, TimeSpan writeTimeout)
   at RabbitMQ.Client.EndpointResolverExtensions.SelectOne[T](IEndpointResolver resolver, Func`2 selector)
   --- End of inner exception stack trace ---
   at RabbitMQ.Client.EndpointResolverExtensions.SelectOne[T](IEndpointResolver resolver, Func`2 selector)
   at RabbitMQ.Client.ConnectionFactory.CreateConnection(IEndpointResolver endpointResolver, String clientProvidedName)
   --- End of inner exception stack trace ---
   at RabbitMQ.Client.ConnectionFactory.CreateConnection(IEndpointResolver endpointResolver, String clientProvidedName)
   at MassTransit.RabbitMqTransport.ConnectionContextFactory.CreateConnection(ISupervisor supervisor)
2026-07-24 17:24:47.053 +05:30 [INF] HealthAxis API heartbeat running at "2026-07-24T17:24:47.0535909+05:30"
2026-07-24 17:24:57.063 +05:30 [INF] HealthAxis API heartbeat running at "2026-07-24T17:24:57.0631147+05:30"
2026-07-24 17:25:07.077 +05:30 [INF] HealthAxis API heartbeat running at "2026-07-24T17:25:07.0774250+05:30"
2026-07-24 17:25:17.083 +05:30 [INF] HealthAxis API heartbeat running at "2026-07-24T17:25:17.0839700+05:30"
2026-07-24 17:25:18.409 +05:30 [WRN] Connection Failed: "rabbitmq://172.31.11.165/"
RabbitMQ.Client.Exceptions.BrokerUnreachableException: None of the specified endpoints were reachable
 ---> System.AggregateException: One or more errors occurred. (Connection failed)
 ---> RabbitMQ.Client.Exceptions.ConnectFailureException: Connection failed
 ---> System.TimeoutException: The operation has timed out.
   at RabbitMQ.Client.Impl.TaskExtensions.TimeoutAfter(Task task, TimeSpan timeout)
   at RabbitMQ.Client.Impl.SocketFrameHandler.ConnectOrFail(ITcpClient socket, AmqpTcpEndpoint endpoint, TimeSpan timeout)
   --- End of inner exception stack trace ---
   at RabbitMQ.Client.Impl.SocketFrameHandler.ConnectOrFail(ITcpClient socket, AmqpTcpEndpoint endpoint, TimeSpan timeout)
   at RabbitMQ.Client.Impl.SocketFrameHandler.ConnectUsingAddressFamily(AmqpTcpEndpoint endpoint, Func`2 socketFactory, TimeSpan timeout, AddressFamily family)
   at RabbitMQ.Client.Impl.SocketFrameHandler..ctor(AmqpTcpEndpoint endpoint, Func`2 socketFactory, TimeSpan connectionTimeout, TimeSpan readTimeout, TimeSpan writeTimeout)
   at RabbitMQ.Client.EndpointResolverExtensions.SelectOne[T](IEndpointResolver resolver, Func`2 selector)
   --- End of inner exception stack trace ---
   at RabbitMQ.Client.EndpointResolverExtensions.SelectOne[T](IEndpointResolver resolver, Func`2 selector)
   at RabbitMQ.Client.ConnectionFactory.CreateConnection(IEndpointResolver endpointResolver, String clientProvidedName)
   --- End of inner exception stack trace ---
   at RabbitMQ.Client.ConnectionFactory.CreateConnection(IEndpointResolver endpointResolver, String clientProvidedName)
   at MassTransit.RabbitMqTransport.ConnectionContextFactory.CreateConnection(ISupervisor supervisor)
2026-07-24 17:25:27.099 +05:30 [INF] HealthAxis API heartbeat running at "2026-07-24T17:25:27.0999386+05:30"
2026-07-24 17:25:37.113 +05:30 [INF] HealthAxis API heartbeat running at "2026-07-24T17:25:37.1135636+05:30"
2026-07-24 17:25:47.128 +05:30 [INF] HealthAxis API heartbeat running at "2026-07-24T17:25:47.1284808+05:30"
2026-07-24 17:25:57.135 +05:30 [INF] HealthAxis API heartbeat running at "2026-07-24T17:25:57.1350489+05:30"
2026-07-24 17:25:59.452 +05:30 [WRN] Connection Failed: "rabbitmq://172.31.11.165/"
RabbitMQ.Client.Exceptions.BrokerUnreachableException: None of the specified endpoints were reachable
 ---> System.AggregateException: One or more errors occurred. (Connection failed)
 ---> RabbitMQ.Client.Exceptions.ConnectFailureException: Connection failed
 ---> System.TimeoutException: The operation has timed out.
   at RabbitMQ.Client.Impl.TaskExtensions.TimeoutAfter(Task task, TimeSpan timeout)
   at RabbitMQ.Client.Impl.SocketFrameHandler.ConnectOrFail(ITcpClient socket, AmqpTcpEndpoint endpoint, TimeSpan timeout)
   --- End of inner exception stack trace ---
   at RabbitMQ.Client.Impl.SocketFrameHandler.ConnectOrFail(ITcpClient socket, AmqpTcpEndpoint endpoint, TimeSpan timeout)
   at RabbitMQ.Client.Impl.SocketFrameHandler.ConnectUsingAddressFamily(AmqpTcpEndpoint endpoint, Func`2 socketFactory, TimeSpan timeout, AddressFamily family)
   at RabbitMQ.Client.Impl.SocketFrameHandler..ctor(AmqpTcpEndpoint endpoint, Func`2 socketFactory, TimeSpan connectionTimeout, TimeSpan readTimeout, TimeSpan writeTimeout)
   at RabbitMQ.Client.EndpointResolverExtensions.SelectOne[T](IEndpointResolver resolver, Func`2 selector)
   --- End of inner exception stack trace ---
   at RabbitMQ.Client.EndpointResolverExtensions.SelectOne[T](IEndpointResolver resolver, Func`2 selector)
   at RabbitMQ.Client.ConnectionFactory.CreateConnection(IEndpointResolver endpointResolver, String clientProvidedName)
   --- End of inner exception stack trace ---
   at RabbitMQ.Client.ConnectionFactory.CreateConnection(IEndpointResolver endpointResolver, String clientProvidedName)
   at MassTransit.RabbitMqTransport.ConnectionContextFactory.CreateConnection(ISupervisor supervisor)
2026-07-24 17:26:07.151 +05:30 [INF] HealthAxis API heartbeat running at "2026-07-24T17:26:07.1511334+05:30"
2026-07-24 17:26:17.164 +05:30 [INF] HealthAxis API heartbeat running at "2026-07-24T17:26:17.1644287+05:30"
2026-07-24 17:26:27.179 +05:30 [INF] HealthAxis API heartbeat running at "2026-07-24T17:26:27.1795193+05:30"
2026-07-24 17:26:37.188 +05:30 [INF] HealthAxis API heartbeat running at "2026-07-24T17:26:37.1881606+05:30"
2026-07-24 17:26:40.493 +05:30 [WRN] Connection Failed: "rabbitmq://172.31.11.165/"
RabbitMQ.Client.Exceptions.BrokerUnreachableException: None of the specified endpoints were reachable
 ---> System.AggregateException: One or more errors occurred. (Connection failed)
 ---> RabbitMQ.Client.Exceptions.ConnectFailureException: Connection failed
 ---> System.TimeoutException: The operation has timed out.
   at RabbitMQ.Client.Impl.TaskExtensions.TimeoutAfter(Task task, TimeSpan timeout)
   at RabbitMQ.Client.Impl.SocketFrameHandler.ConnectOrFail(ITcpClient socket, AmqpTcpEndpoint endpoint, TimeSpan timeout)
   --- End of inner exception stack trace ---
   at RabbitMQ.Client.Impl.SocketFrameHandler.ConnectOrFail(ITcpClient socket, AmqpTcpEndpoint endpoint, TimeSpan timeout)
   at RabbitMQ.Client.Impl.SocketFrameHandler.ConnectUsingAddressFamily(AmqpTcpEndpoint endpoint, Func`2 socketFactory, TimeSpan timeout, AddressFamily family)
   at RabbitMQ.Client.Impl.SocketFrameHandler..ctor(AmqpTcpEndpoint endpoint, Func`2 socketFactory, TimeSpan connectionTimeout, TimeSpan readTimeout, TimeSpan writeTimeout)
   at RabbitMQ.Client.EndpointResolverExtensions.SelectOne[T](IEndpointResolver resolver, Func`2 selector)
   --- End of inner exception stack trace ---
   at RabbitMQ.Client.EndpointResolverExtensions.SelectOne[T](IEndpointResolver resolver, Func`2 selector)
   at RabbitMQ.Client.ConnectionFactory.CreateConnection(IEndpointResolver endpointResolver, String clientProvidedName)
   --- End of inner exception stack trace ---
   at RabbitMQ.Client.ConnectionFactory.CreateConnection(IEndpointResolver endpointResolver, String clientProvidedName)
   at MassTransit.RabbitMqTransport.ConnectionContextFactory.CreateConnection(ISupervisor supervisor)
2026-07-24 17:26:47.202 +05:30 [INF] HealthAxis API heartbeat running at "2026-07-24T17:26:47.2026211+05:30"
2026-07-24 17:26:57.218 +05:30 [INF] HealthAxis API heartbeat running at "2026-07-24T17:26:57.2186381+05:30"
2026-07-24 17:27:07.222 +05:30 [INF] HealthAxis API heartbeat running at "2026-07-24T17:27:07.2226560+05:30"
2026-07-24 17:27:17.235 +05:30 [INF] HealthAxis API heartbeat running at "2026-07-24T17:27:17.2355275+05:30"
2026-07-24 17:27:21.547 +05:30 [WRN] Connection Failed: "rabbitmq://172.31.11.165/"
RabbitMQ.Client.Exceptions.BrokerUnreachableException: None of the specified endpoints were reachable
 ---> System.AggregateException: One or more errors occurred. (Connection failed)
 ---> RabbitMQ.Client.Exceptions.ConnectFailureException: Connection failed
 ---> System.TimeoutException: The operation has timed out.
   at RabbitMQ.Client.Impl.TaskExtensions.TimeoutAfter(Task task, TimeSpan timeout)
   at RabbitMQ.Client.Impl.SocketFrameHandler.ConnectOrFail(ITcpClient socket, AmqpTcpEndpoint endpoint, TimeSpan timeout)
   --- End of inner exception stack trace ---
   at RabbitMQ.Client.Impl.SocketFrameHandler.ConnectOrFail(ITcpClient socket, AmqpTcpEndpoint endpoint, TimeSpan timeout)
   at RabbitMQ.Client.Impl.SocketFrameHandler.ConnectUsingAddressFamily(AmqpTcpEndpoint endpoint, Func`2 socketFactory, TimeSpan timeout, AddressFamily family)
   at RabbitMQ.Client.Impl.SocketFrameHandler..ctor(AmqpTcpEndpoint endpoint, Func`2 socketFactory, TimeSpan connectionTimeout, TimeSpan readTimeout, TimeSpan writeTimeout)
   at RabbitMQ.Client.EndpointResolverExtensions.SelectOne[T](IEndpointResolver resolver, Func`2 selector)
   --- End of inner exception stack trace ---
   at RabbitMQ.Client.EndpointResolverExtensions.SelectOne[T](IEndpointResolver resolver, Func`2 selector)
   at RabbitMQ.Client.ConnectionFactory.CreateConnection(IEndpointResolver endpointResolver, String clientProvidedName)
   --- End of inner exception stack trace ---
   at RabbitMQ.Client.ConnectionFactory.CreateConnection(IEndpointResolver endpointResolver, String clientProvidedName)
   at MassTransit.RabbitMqTransport.ConnectionContextFactory.CreateConnection(ISupervisor supervisor)
2026-07-24 17:27:27.238 +05:30 [INF] HealthAxis API heartbeat running at "2026-07-24T17:27:27.2381308+05:30"
2026-07-24 17:27:37.253 +05:30 [INF] HealthAxis API heartbeat running at "2026-07-24T17:27:37.2537858+05:30"
2026-07-24 17:27:47.267 +05:30 [INF] HealthAxis API heartbeat running at "2026-07-24T17:27:47.2670682+05:30"
2026-07-24 17:27:57.276 +05:30 [INF] HealthAxis API heartbeat running at "2026-07-24T17:27:57.2760029+05:30"
2026-07-24 17:28:02.572 +05:30 [WRN] Connection Failed: "rabbitmq://172.31.11.165/"
RabbitMQ.Client.Exceptions.BrokerUnreachableException: None of the specified endpoints were reachable
 ---> System.AggregateException: One or more errors occurred. (Connection failed)
 ---> RabbitMQ.Client.Exceptions.ConnectFailureException: Connection failed
 ---> System.TimeoutException: The operation has timed out.
   at RabbitMQ.Client.Impl.TaskExtensions.TimeoutAfter(Task task, TimeSpan timeout)
   at RabbitMQ.Client.Impl.SocketFrameHandler.ConnectOrFail(ITcpClient socket, AmqpTcpEndpoint endpoint, TimeSpan timeout)
   --- End of inner exception stack trace ---
   at RabbitMQ.Client.Impl.SocketFrameHandler.ConnectOrFail(ITcpClient socket, AmqpTcpEndpoint endpoint, TimeSpan timeout)
   at RabbitMQ.Client.Impl.SocketFrameHandler.ConnectUsingAddressFamily(AmqpTcpEndpoint endpoint, Func`2 socketFactory, TimeSpan timeout, AddressFamily family)
   at RabbitMQ.Client.Impl.SocketFrameHandler..ctor(AmqpTcpEndpoint endpoint, Func`2 socketFactory, TimeSpan connectionTimeout, TimeSpan readTimeout, TimeSpan writeTimeout)
   at RabbitMQ.Client.EndpointResolverExtensions.SelectOne[T](IEndpointResolver resolver, Func`2 selector)
   --- End of inner exception stack trace ---
   at RabbitMQ.Client.EndpointResolverExtensions.SelectOne[T](IEndpointResolver resolver, Func`2 selector)
   at RabbitMQ.Client.ConnectionFactory.CreateConnection(IEndpointResolver endpointResolver, String clientProvidedName)
   --- End of inner exception stack trace ---
   at RabbitMQ.Client.ConnectionFactory.CreateConnection(IEndpointResolver endpointResolver, String clientProvidedName)
   at MassTransit.RabbitMqTransport.ConnectionContextFactory.CreateConnection(ISupervisor supervisor)
2026-07-24 17:28:07.287 +05:30 [INF] HealthAxis API heartbeat running at "2026-07-24T17:28:07.2870976+05:30"
2026-07-24 17:28:17.296 +05:30 [INF] HealthAxis API heartbeat running at "2026-07-24T17:28:17.2960097+05:30"
2026-07-24 17:28:27.299 +05:30 [INF] HealthAxis API heartbeat running at "2026-07-24T17:28:27.2998167+05:30"
2026-07-24 17:28:37.309 +05:30 [INF] HealthAxis API heartbeat running at "2026-07-24T17:28:37.3092764+05:30"
2026-07-24 17:28:43.596 +05:30 [WRN] Connection Failed: "rabbitmq://172.31.11.165/"
RabbitMQ.Client.Exceptions.BrokerUnreachableException: None of the specified endpoints were reachable
 ---> System.AggregateException: One or more errors occurred. (Connection failed)
 ---> RabbitMQ.Client.Exceptions.ConnectFailureException: Connection failed
 ---> System.TimeoutException: The operation has timed out.
   at RabbitMQ.Client.Impl.TaskExtensions.TimeoutAfter(Task task, TimeSpan timeout)
   at RabbitMQ.Client.Impl.SocketFrameHandler.ConnectOrFail(ITcpClient socket, AmqpTcpEndpoint endpoint, TimeSpan timeout)
   --- End of inner exception stack trace ---
   at RabbitMQ.Client.Impl.SocketFrameHandler.ConnectOrFail(ITcpClient socket, AmqpTcpEndpoint endpoint, TimeSpan timeout)
   at RabbitMQ.Client.Impl.SocketFrameHandler.ConnectUsingAddressFamily(AmqpTcpEndpoint endpoint, Func`2 socketFactory, TimeSpan timeout, AddressFamily family)
   at RabbitMQ.Client.Impl.SocketFrameHandler..ctor(AmqpTcpEndpoint endpoint, Func`2 socketFactory, TimeSpan connectionTimeout, TimeSpan readTimeout, TimeSpan writeTimeout)
   at RabbitMQ.Client.EndpointResolverExtensions.SelectOne[T](IEndpointResolver resolver, Func`2 selector)
   --- End of inner exception stack trace ---
   at RabbitMQ.Client.EndpointResolverExtensions.SelectOne[T](IEndpointResolver resolver, Func`2 selector)
   at RabbitMQ.Client.ConnectionFactory.CreateConnection(IEndpointResolver endpointResolver, String clientProvidedName)
   --- End of inner exception stack trace ---
   at RabbitMQ.Client.ConnectionFactory.CreateConnection(IEndpointResolver endpointResolver, String clientProvidedName)
   at MassTransit.RabbitMqTransport.ConnectionContextFactory.CreateConnection(ISupervisor supervisor)
2026-07-24 17:28:47.323 +05:30 [INF] HealthAxis API heartbeat running at "2026-07-24T17:28:47.3232028+05:30"
2026-07-24 17:28:57.337 +05:30 [INF] HealthAxis API heartbeat running at "2026-07-24T17:28:57.3371794+05:30"
2026-07-24 17:29:07.343 +05:30 [INF] HealthAxis API heartbeat running at "2026-07-24T17:29:07.3436892+05:30"
2026-07-24 17:29:17.347 +05:30 [INF] HealthAxis API heartbeat running at "2026-07-24T17:29:17.3475093+05:30"
2026-07-24 17:29:24.630 +05:30 [WRN] Connection Failed: "rabbitmq://172.31.11.165/"
RabbitMQ.Client.Exceptions.BrokerUnreachableException: None of the specified endpoints were reachable
 ---> System.AggregateException: One or more errors occurred. (Connection failed)
 ---> RabbitMQ.Client.Exceptions.ConnectFailureException: Connection failed
 ---> System.TimeoutException: The operation has timed out.
   at RabbitMQ.Client.Impl.TaskExtensions.TimeoutAfter(Task task, TimeSpan timeout)
   at RabbitMQ.Client.Impl.SocketFrameHandler.ConnectOrFail(ITcpClient socket, AmqpTcpEndpoint endpoint, TimeSpan timeout)
   --- End of inner exception stack trace ---
   at RabbitMQ.Client.Impl.SocketFrameHandler.ConnectOrFail(ITcpClient socket, AmqpTcpEndpoint endpoint, TimeSpan timeout)
   at RabbitMQ.Client.Impl.SocketFrameHandler.ConnectUsingAddressFamily(AmqpTcpEndpoint endpoint, Func`2 socketFactory, TimeSpan timeout, AddressFamily family)
   at RabbitMQ.Client.Impl.SocketFrameHandler..ctor(AmqpTcpEndpoint endpoint, Func`2 socketFactory, TimeSpan connectionTimeout, TimeSpan readTimeout, TimeSpan writeTimeout)
   at RabbitMQ.Client.EndpointResolverExtensions.SelectOne[T](IEndpointResolver resolver, Func`2 selector)
   --- End of inner exception stack trace ---
   at RabbitMQ.Client.EndpointResolverExtensions.SelectOne[T](IEndpointResolver resolver, Func`2 selector)
   at RabbitMQ.Client.ConnectionFactory.CreateConnection(IEndpointResolver endpointResolver, String clientProvidedName)
   --- End of inner exception stack trace ---
   at RabbitMQ.Client.ConnectionFactory.CreateConnection(IEndpointResolver endpointResolver, String clientProvidedName)
   at MassTransit.RabbitMqTransport.ConnectionContextFactory.CreateConnection(ISupervisor supervisor)
2026-07-24 17:29:27.358 +05:30 [INF] HealthAxis API heartbeat running at "2026-07-24T17:29:27.3580158+05:30"
2026-07-24 17:29:37.367 +05:30 [INF] HealthAxis API heartbeat running at "2026-07-24T17:29:37.3669928+05:30"
2026-07-24 17:29:47.375 +05:30 [INF] HealthAxis API heartbeat running at "2026-07-24T17:29:47.3757410+05:30"
2026-07-24 17:29:57.387 +05:30 [INF] HealthAxis API heartbeat running at "2026-07-24T17:29:57.3873072+05:30"
2026-07-24 17:30:05.651 +05:30 [WRN] Connection Failed: "rabbitmq://172.31.11.165/"
RabbitMQ.Client.Exceptions.BrokerUnreachableException: None of the specified endpoints were reachable
 ---> System.AggregateException: One or more errors occurred. (Connection failed)
 ---> RabbitMQ.Client.Exceptions.ConnectFailureException: Connection failed
 ---> System.TimeoutException: The operation has timed out.
   at RabbitMQ.Client.Impl.TaskExtensions.TimeoutAfter(Task task, TimeSpan timeout)
   at RabbitMQ.Client.Impl.SocketFrameHandler.ConnectOrFail(ITcpClient socket, AmqpTcpEndpoint endpoint, TimeSpan timeout)
   --- End of inner exception stack trace ---
   at RabbitMQ.Client.Impl.SocketFrameHandler.ConnectOrFail(ITcpClient socket, AmqpTcpEndpoint endpoint, TimeSpan timeout)
   at RabbitMQ.Client.Impl.SocketFrameHandler.ConnectUsingAddressFamily(AmqpTcpEndpoint endpoint, Func`2 socketFactory, TimeSpan timeout, AddressFamily family)
   at RabbitMQ.Client.Impl.SocketFrameHandler..ctor(AmqpTcpEndpoint endpoint, Func`2 socketFactory, TimeSpan connectionTimeout, TimeSpan readTimeout, TimeSpan writeTimeout)
   at RabbitMQ.Client.EndpointResolverExtensions.SelectOne[T](IEndpointResolver resolver, Func`2 selector)
   --- End of inner exception stack trace ---
   at RabbitMQ.Client.EndpointResolverExtensions.SelectOne[T](IEndpointResolver resolver, Func`2 selector)
   at RabbitMQ.Client.ConnectionFactory.CreateConnection(IEndpointResolver endpointResolver, String clientProvidedName)
   --- End of inner exception stack trace ---
   at RabbitMQ.Client.ConnectionFactory.CreateConnection(IEndpointResolver endpointResolver, String clientProvidedName)
   at MassTransit.RabbitMqTransport.ConnectionContextFactory.CreateConnection(ISupervisor supervisor)
2026-07-24 17:30:07.392 +05:30 [INF] HealthAxis API heartbeat running at "2026-07-24T17:30:07.3924566+05:30"
2026-07-24 17:30:17.408 +05:30 [INF] HealthAxis API heartbeat running at "2026-07-24T17:30:17.4080572+05:30"
2026-07-24 17:30:27.416 +05:30 [INF] HealthAxis API heartbeat running at "2026-07-24T17:30:27.4161610+05:30"
2026-07-24 17:30:37.432 +05:30 [INF] HealthAxis API heartbeat running at "2026-07-24T17:30:37.4328060+05:30"
2026-07-24 17:30:46.688 +05:30 [WRN] Connection Failed: "rabbitmq://172.31.11.165/"
RabbitMQ.Client.Exceptions.BrokerUnreachableException: None of the specified endpoints were reachable
 ---> System.AggregateException: One or more errors occurred. (Connection failed)
 ---> RabbitMQ.Client.Exceptions.ConnectFailureException: Connection failed
 ---> System.TimeoutException: The operation has timed out.
   at RabbitMQ.Client.Impl.TaskExtensions.TimeoutAfter(Task task, TimeSpan timeout)
   at RabbitMQ.Client.Impl.SocketFrameHandler.ConnectOrFail(ITcpClient socket, AmqpTcpEndpoint endpoint, TimeSpan timeout)
   --- End of inner exception stack trace ---
   at RabbitMQ.Client.Impl.SocketFrameHandler.ConnectOrFail(ITcpClient socket, AmqpTcpEndpoint endpoint, TimeSpan timeout)
   at RabbitMQ.Client.Impl.SocketFrameHandler.ConnectUsingAddressFamily(AmqpTcpEndpoint endpoint, Func`2 socketFactory, TimeSpan timeout, AddressFamily family)
   at RabbitMQ.Client.Impl.SocketFrameHandler..ctor(AmqpTcpEndpoint endpoint, Func`2 socketFactory, TimeSpan connectionTimeout, TimeSpan readTimeout, TimeSpan writeTimeout)
   at RabbitMQ.Client.EndpointResolverExtensions.SelectOne[T](IEndpointResolver resolver, Func`2 selector)
   --- End of inner exception stack trace ---
   at RabbitMQ.Client.EndpointResolverExtensions.SelectOne[T](IEndpointResolver resolver, Func`2 selector)
   at RabbitMQ.Client.ConnectionFactory.CreateConnection(IEndpointResolver endpointResolver, String clientProvidedName)
   --- End of inner exception stack trace ---
   at RabbitMQ.Client.ConnectionFactory.CreateConnection(IEndpointResolver endpointResolver, String clientProvidedName)
   at MassTransit.RabbitMqTransport.ConnectionContextFactory.CreateConnection(ISupervisor supervisor)
2026-07-24 17:30:47.449 +05:30 [INF] HealthAxis API heartbeat running at "2026-07-24T17:30:47.4493949+05:30"
2026-07-24 17:30:57.462 +05:30 [INF] HealthAxis API heartbeat running at "2026-07-24T17:30:57.4621886+05:30"
2026-07-24 17:31:07.473 +05:30 [INF] HealthAxis API heartbeat running at "2026-07-24T17:31:07.4736223+05:30"
2026-07-24 17:31:17.480 +05:30 [INF] HealthAxis API heartbeat running at "2026-07-24T17:31:17.4806283+05:30"
2026-07-24 17:31:27.483 +05:30 [INF] HealthAxis API heartbeat running at "2026-07-24T17:31:27.4830826+05:30"
2026-07-24 17:31:27.715 +05:30 [WRN] Connection Failed: "rabbitmq://172.31.11.165/"
RabbitMQ.Client.Exceptions.BrokerUnreachableException: None of the specified endpoints were reachable
 ---> System.AggregateException: One or more errors occurred. (Connection failed)
 ---> RabbitMQ.Client.Exceptions.ConnectFailureException: Connection failed
 ---> System.TimeoutException: The operation has timed out.
   at RabbitMQ.Client.Impl.TaskExtensions.TimeoutAfter(Task task, TimeSpan timeout)
   at RabbitMQ.Client.Impl.SocketFrameHandler.ConnectOrFail(ITcpClient socket, AmqpTcpEndpoint endpoint, TimeSpan timeout)
   --- End of inner exception stack trace ---
   at RabbitMQ.Client.Impl.SocketFrameHandler.ConnectOrFail(ITcpClient socket, AmqpTcpEndpoint endpoint, TimeSpan timeout)
   at RabbitMQ.Client.Impl.SocketFrameHandler.ConnectUsingAddressFamily(AmqpTcpEndpoint endpoint, Func`2 socketFactory, TimeSpan timeout, AddressFamily family)
   at RabbitMQ.Client.Impl.SocketFrameHandler..ctor(AmqpTcpEndpoint endpoint, Func`2 socketFactory, TimeSpan connectionTimeout, TimeSpan readTimeout, TimeSpan writeTimeout)
   at RabbitMQ.Client.EndpointResolverExtensions.SelectOne[T](IEndpointResolver resolver, Func`2 selector)
   --- End of inner exception stack trace ---
   at RabbitMQ.Client.EndpointResolverExtensions.SelectOne[T](IEndpointResolver resolver, Func`2 selector)
   at RabbitMQ.Client.ConnectionFactory.CreateConnection(IEndpointResolver endpointResolver, String clientProvidedName)
   --- End of inner exception stack trace ---
   at RabbitMQ.Client.ConnectionFactory.CreateConnection(IEndpointResolver endpointResolver, String clientProvidedName)
   at MassTransit.RabbitMqTransport.ConnectionContextFactory.CreateConnection(ISupervisor supervisor)
2026-07-24 17:31:37.484 +05:30 [INF] HealthAxis API heartbeat running at "2026-07-24T17:31:37.4842722+05:30"
2026-07-24 17:31:47.494 +05:30 [INF] HealthAxis API heartbeat running at "2026-07-24T17:31:47.4947857+05:30"
2026-07-24 17:31:57.503 +05:30 [INF] HealthAxis API heartbeat running at "2026-07-24T17:31:57.5038120+05:30"
2026-07-24 17:32:07.506 +05:30 [INF] HealthAxis API heartbeat running at "2026-07-24T17:32:07.5065376+05:30"
2026-07-24 17:32:08.737 +05:30 [WRN] Connection Failed: "rabbitmq://172.31.11.165/"
RabbitMQ.Client.Exceptions.BrokerUnreachableException: None of the specified endpoints were reachable
 ---> System.AggregateException: One or more errors occurred. (Connection failed)
 ---> RabbitMQ.Client.Exceptions.ConnectFailureException: Connection failed
 ---> System.TimeoutException: The operation has timed out.
   at RabbitMQ.Client.Impl.TaskExtensions.TimeoutAfter(Task task, TimeSpan timeout)
   at RabbitMQ.Client.Impl.SocketFrameHandler.ConnectOrFail(ITcpClient socket, AmqpTcpEndpoint endpoint, TimeSpan timeout)
   --- End of inner exception stack trace ---
   at RabbitMQ.Client.Impl.SocketFrameHandler.ConnectOrFail(ITcpClient socket, AmqpTcpEndpoint endpoint, TimeSpan timeout)
   at RabbitMQ.Client.Impl.SocketFrameHandler.ConnectUsingAddressFamily(AmqpTcpEndpoint endpoint, Func`2 socketFactory, TimeSpan timeout, AddressFamily family)
   at RabbitMQ.Client.Impl.SocketFrameHandler..ctor(AmqpTcpEndpoint endpoint, Func`2 socketFactory, TimeSpan connectionTimeout, TimeSpan readTimeout, TimeSpan writeTimeout)
   at RabbitMQ.Client.EndpointResolverExtensions.SelectOne[T](IEndpointResolver resolver, Func`2 selector)
   --- End of inner exception stack trace ---
   at RabbitMQ.Client.EndpointResolverExtensions.SelectOne[T](IEndpointResolver resolver, Func`2 selector)
   at RabbitMQ.Client.ConnectionFactory.CreateConnection(IEndpointResolver endpointResolver, String clientProvidedName)
   --- End of inner exception stack trace ---
   at RabbitMQ.Client.ConnectionFactory.CreateConnection(IEndpointResolver endpointResolver, String clientProvidedName)
   at MassTransit.RabbitMqTransport.ConnectionContextFactory.CreateConnection(ISupervisor supervisor)
2026-07-24 17:32:17.508 +05:30 [INF] HealthAxis API heartbeat running at "2026-07-24T17:32:17.5084989+05:30"
2026-07-24 17:32:27.510 +05:30 [INF] HealthAxis API heartbeat running at "2026-07-24T17:32:27.5107132+05:30"
2026-07-24 17:32:37.515 +05:30 [INF] HealthAxis API heartbeat running at "2026-07-24T17:32:37.5150497+05:30"
2026-07-24 17:32:47.526 +05:30 [INF] HealthAxis API heartbeat running at "2026-07-24T17:32:47.5264963+05:30"
2026-07-24 17:32:49.772 +05:30 [WRN] Connection Failed: "rabbitmq://172.31.11.165/"
RabbitMQ.Client.Exceptions.BrokerUnreachableException: None of the specified endpoints were reachable
 ---> System.AggregateException: One or more errors occurred. (Connection failed)
 ---> RabbitMQ.Client.Exceptions.ConnectFailureException: Connection failed
 ---> System.TimeoutException: The operation has timed out.
   at RabbitMQ.Client.Impl.TaskExtensions.TimeoutAfter(Task task, TimeSpan timeout)
   at RabbitMQ.Client.Impl.SocketFrameHandler.ConnectOrFail(ITcpClient socket, AmqpTcpEndpoint endpoint, TimeSpan timeout)
   --- End of inner exception stack trace ---
   at RabbitMQ.Client.Impl.SocketFrameHandler.ConnectOrFail(ITcpClient socket, AmqpTcpEndpoint endpoint, TimeSpan timeout)
   at RabbitMQ.Client.Impl.SocketFrameHandler.ConnectUsingAddressFamily(AmqpTcpEndpoint endpoint, Func`2 socketFactory, TimeSpan timeout, AddressFamily family)
   at RabbitMQ.Client.Impl.SocketFrameHandler..ctor(AmqpTcpEndpoint endpoint, Func`2 socketFactory, TimeSpan connectionTimeout, TimeSpan readTimeout, TimeSpan writeTimeout)
   at RabbitMQ.Client.EndpointResolverExtensions.SelectOne[T](IEndpointResolver resolver, Func`2 selector)
   --- End of inner exception stack trace ---
   at RabbitMQ.Client.EndpointResolverExtensions.SelectOne[T](IEndpointResolver resolver, Func`2 selector)
   at RabbitMQ.Client.ConnectionFactory.CreateConnection(IEndpointResolver endpointResolver, String clientProvidedName)
   --- End of inner exception stack trace ---
   at RabbitMQ.Client.ConnectionFactory.CreateConnection(IEndpointResolver endpointResolver, String clientProvidedName)
   at MassTransit.RabbitMqTransport.ConnectionContextFactory.CreateConnection(ISupervisor supervisor)
2026-07-24 17:32:57.532 +05:30 [INF] HealthAxis API heartbeat running at "2026-07-24T17:32:57.5324206+05:30"
2026-07-24 17:33:07.542 +05:30 [INF] HealthAxis API heartbeat running at "2026-07-24T17:33:07.5426421+05:30"
2026-07-24 17:33:17.545 +05:30 [INF] HealthAxis API heartbeat running at "2026-07-24T17:33:17.5454574+05:30"
2026-07-24 17:33:27.561 +05:30 [INF] HealthAxis API heartbeat running at "2026-07-24T17:33:27.5619176+05:30"
2026-07-24 17:33:30.793 +05:30 [WRN] Connection Failed: "rabbitmq://172.31.11.165/"
RabbitMQ.Client.Exceptions.BrokerUnreachableException: None of the specified endpoints were reachable
 ---> System.AggregateException: One or more errors occurred. (Connection failed)
 ---> RabbitMQ.Client.Exceptions.ConnectFailureException: Connection failed
 ---> System.TimeoutException: The operation has timed out.
   at RabbitMQ.Client.Impl.TaskExtensions.TimeoutAfter(Task task, TimeSpan timeout)
   at RabbitMQ.Client.Impl.SocketFrameHandler.ConnectOrFail(ITcpClient socket, AmqpTcpEndpoint endpoint, TimeSpan timeout)
   --- End of inner exception stack trace ---
   at RabbitMQ.Client.Impl.SocketFrameHandler.ConnectOrFail(ITcpClient socket, AmqpTcpEndpoint endpoint, TimeSpan timeout)
   at RabbitMQ.Client.Impl.SocketFrameHandler.ConnectUsingAddressFamily(AmqpTcpEndpoint endpoint, Func`2 socketFactory, TimeSpan timeout, AddressFamily family)
   at RabbitMQ.Client.Impl.SocketFrameHandler..ctor(AmqpTcpEndpoint endpoint, Func`2 socketFactory, TimeSpan connectionTimeout, TimeSpan readTimeout, TimeSpan writeTimeout)
   at RabbitMQ.Client.EndpointResolverExtensions.SelectOne[T](IEndpointResolver resolver, Func`2 selector)
   --- End of inner exception stack trace ---
   at RabbitMQ.Client.EndpointResolverExtensions.SelectOne[T](IEndpointResolver resolver, Func`2 selector)
   at RabbitMQ.Client.ConnectionFactory.CreateConnection(IEndpointResolver endpointResolver, String clientProvidedName)
   --- End of inner exception stack trace ---
   at RabbitMQ.Client.ConnectionFactory.CreateConnection(IEndpointResolver endpointResolver, String clientProvidedName)
   at MassTransit.RabbitMqTransport.ConnectionContextFactory.CreateConnection(ISupervisor supervisor)
2026-07-24 17:33:37.570 +05:30 [INF] HealthAxis API heartbeat running at "2026-07-24T17:33:37.5701181+05:30"
2026-07-24 17:33:47.577 +05:30 [INF] HealthAxis API heartbeat running at "2026-07-24T17:33:47.5773359+05:30"
2026-07-24 17:33:57.580 +05:30 [INF] HealthAxis API heartbeat running at "2026-07-24T17:33:57.5809408+05:30"
2026-07-24 17:34:07.585 +05:30 [INF] HealthAxis API heartbeat running at "2026-07-24T17:34:07.5852041+05:30"
2026-07-24 17:34:11.820 +05:30 [WRN] Connection Failed: "rabbitmq://172.31.11.165/"
RabbitMQ.Client.Exceptions.BrokerUnreachableException: None of the specified endpoints were reachable
 ---> System.AggregateException: One or more errors occurred. (Connection failed)
 ---> RabbitMQ.Client.Exceptions.ConnectFailureException: Connection failed
 ---> System.TimeoutException: The operation has timed out.
   at RabbitMQ.Client.Impl.TaskExtensions.TimeoutAfter(Task task, TimeSpan timeout)
   at RabbitMQ.Client.Impl.SocketFrameHandler.ConnectOrFail(ITcpClient socket, AmqpTcpEndpoint endpoint, TimeSpan timeout)
   --- End of inner exception stack trace ---
   at RabbitMQ.Client.Impl.SocketFrameHandler.ConnectOrFail(ITcpClient socket, AmqpTcpEndpoint endpoint, TimeSpan timeout)
   at RabbitMQ.Client.Impl.SocketFrameHandler.ConnectUsingAddressFamily(AmqpTcpEndpoint endpoint, Func`2 socketFactory, TimeSpan timeout, AddressFamily family)
   at RabbitMQ.Client.Impl.SocketFrameHandler..ctor(AmqpTcpEndpoint endpoint, Func`2 socketFactory, TimeSpan connectionTimeout, TimeSpan readTimeout, TimeSpan writeTimeout)
   at RabbitMQ.Client.EndpointResolverExtensions.SelectOne[T](IEndpointResolver resolver, Func`2 selector)
   --- End of inner exception stack trace ---
   at RabbitMQ.Client.EndpointResolverExtensions.SelectOne[T](IEndpointResolver resolver, Func`2 selector)
   at RabbitMQ.Client.ConnectionFactory.CreateConnection(IEndpointResolver endpointResolver, String clientProvidedName)
   --- End of inner exception stack trace ---
   at RabbitMQ.Client.ConnectionFactory.CreateConnection(IEndpointResolver endpointResolver, String clientProvidedName)
   at MassTransit.RabbitMqTransport.ConnectionContextFactory.CreateConnection(ISupervisor supervisor)
2026-07-24 17:34:17.590 +05:30 [INF] HealthAxis API heartbeat running at "2026-07-24T17:34:17.5908192+05:30"
2026-07-24 17:34:27.605 +05:30 [INF] HealthAxis API heartbeat running at "2026-07-24T17:34:27.6059802+05:30"
2026-07-24 17:34:37.619 +05:30 [INF] HealthAxis API heartbeat running at "2026-07-24T17:34:37.6191335+05:30"
2026-07-24 17:34:47.625 +05:30 [INF] HealthAxis API heartbeat running at "2026-07-24T17:34:47.6252476+05:30"
2026-07-24 17:34:52.854 +05:30 [WRN] Connection Failed: "rabbitmq://172.31.11.165/"
RabbitMQ.Client.Exceptions.BrokerUnreachableException: None of the specified endpoints were reachable
 ---> System.AggregateException: One or more errors occurred. (Connection failed)
 ---> RabbitMQ.Client.Exceptions.ConnectFailureException: Connection failed
 ---> System.TimeoutException: The operation has timed out.
   at RabbitMQ.Client.Impl.TaskExtensions.TimeoutAfter(Task task, TimeSpan timeout)
   at RabbitMQ.Client.Impl.SocketFrameHandler.ConnectOrFail(ITcpClient socket, AmqpTcpEndpoint endpoint, TimeSpan timeout)
   --- End of inner exception stack trace ---
   at RabbitMQ.Client.Impl.SocketFrameHandler.ConnectOrFail(ITcpClient socket, AmqpTcpEndpoint endpoint, TimeSpan timeout)
   at RabbitMQ.Client.Impl.SocketFrameHandler.ConnectUsingAddressFamily(AmqpTcpEndpoint endpoint, Func`2 socketFactory, TimeSpan timeout, AddressFamily family)
   at RabbitMQ.Client.Impl.SocketFrameHandler..ctor(AmqpTcpEndpoint endpoint, Func`2 socketFactory, TimeSpan connectionTimeout, TimeSpan readTimeout, TimeSpan writeTimeout)
   at RabbitMQ.Client.EndpointResolverExtensions.SelectOne[T](IEndpointResolver resolver, Func`2 selector)
   --- End of inner exception stack trace ---
   at RabbitMQ.Client.EndpointResolverExtensions.SelectOne[T](IEndpointResolver resolver, Func`2 selector)
   at RabbitMQ.Client.ConnectionFactory.CreateConnection(IEndpointResolver endpointResolver, String clientProvidedName)
   --- End of inner exception stack trace ---
   at RabbitMQ.Client.ConnectionFactory.CreateConnection(IEndpointResolver endpointResolver, String clientProvidedName)
   at MassTransit.RabbitMqTransport.ConnectionContextFactory.CreateConnection(ISupervisor supervisor)
2026-07-24 17:34:57.634 +05:30 [INF] HealthAxis API heartbeat running at "2026-07-24T17:34:57.6340234+05:30"
2026-07-24 17:35:07.636 +05:30 [INF] HealthAxis API heartbeat running at "2026-07-24T17:35:07.6360761+05:30"
2026-07-24 17:35:17.644 +05:30 [INF] HealthAxis API heartbeat running at "2026-07-24T17:35:17.6449210+05:30"
2026-07-24 17:35:27.658 +05:30 [INF] HealthAxis API heartbeat running at "2026-07-24T17:35:27.6584235+05:30"
2026-07-24 17:35:33.898 +05:30 [WRN] Connection Failed: "rabbitmq://172.31.11.165/"
RabbitMQ.Client.Exceptions.BrokerUnreachableException: None of the specified endpoints were reachable
 ---> System.AggregateException: One or more errors occurred. (Connection failed)
 ---> RabbitMQ.Client.Exceptions.ConnectFailureException: Connection failed
 ---> System.TimeoutException: The operation has timed out.
   at RabbitMQ.Client.Impl.TaskExtensions.TimeoutAfter(Task task, TimeSpan timeout)
   at RabbitMQ.Client.Impl.SocketFrameHandler.ConnectOrFail(ITcpClient socket, AmqpTcpEndpoint endpoint, TimeSpan timeout)
   --- End of inner exception stack trace ---
   at RabbitMQ.Client.Impl.SocketFrameHandler.ConnectOrFail(ITcpClient socket, AmqpTcpEndpoint endpoint, TimeSpan timeout)
   at RabbitMQ.Client.Impl.SocketFrameHandler.ConnectUsingAddressFamily(AmqpTcpEndpoint endpoint, Func`2 socketFactory, TimeSpan timeout, AddressFamily family)
   at RabbitMQ.Client.Impl.SocketFrameHandler..ctor(AmqpTcpEndpoint endpoint, Func`2 socketFactory, TimeSpan connectionTimeout, TimeSpan readTimeout, TimeSpan writeTimeout)
   at RabbitMQ.Client.EndpointResolverExtensions.SelectOne[T](IEndpointResolver resolver, Func`2 selector)
   --- End of inner exception stack trace ---
   at RabbitMQ.Client.EndpointResolverExtensions.SelectOne[T](IEndpointResolver resolver, Func`2 selector)
   at RabbitMQ.Client.ConnectionFactory.CreateConnection(IEndpointResolver endpointResolver, String clientProvidedName)
   --- End of inner exception stack trace ---
   at RabbitMQ.Client.ConnectionFactory.CreateConnection(IEndpointResolver endpointResolver, String clientProvidedName)
   at MassTransit.RabbitMqTransport.ConnectionContextFactory.CreateConnection(ISupervisor supervisor)
2026-07-24 17:35:37.668 +05:30 [INF] HealthAxis API heartbeat running at "2026-07-24T17:35:37.6680889+05:30"
2026-07-24 17:35:47.674 +05:30 [INF] HealthAxis API heartbeat running at "2026-07-24T17:35:47.6748728+05:30"
2026-07-24 17:35:57.679 +05:30 [INF] HealthAxis API heartbeat running at "2026-07-24T17:35:57.6798221+05:30"
2026-07-24 17:36:07.683 +05:30 [INF] HealthAxis API heartbeat running at "2026-07-24T17:36:07.6837237+05:30"
2026-07-24 17:36:14.919 +05:30 [WRN] Connection Failed: "rabbitmq://172.31.11.165/"
RabbitMQ.Client.Exceptions.BrokerUnreachableException: None of the specified endpoints were reachable
 ---> System.AggregateException: One or more errors occurred. (Connection failed)
 ---> RabbitMQ.Client.Exceptions.ConnectFailureException: Connection failed
 ---> System.TimeoutException: The operation has timed out.
   at RabbitMQ.Client.Impl.TaskExtensions.TimeoutAfter(Task task, TimeSpan timeout)
   at RabbitMQ.Client.Impl.SocketFrameHandler.ConnectOrFail(ITcpClient socket, AmqpTcpEndpoint endpoint, TimeSpan timeout)
   --- End of inner exception stack trace ---
   at RabbitMQ.Client.Impl.SocketFrameHandler.ConnectOrFail(ITcpClient socket, AmqpTcpEndpoint endpoint, TimeSpan timeout)
   at RabbitMQ.Client.Impl.SocketFrameHandler.ConnectUsingAddressFamily(AmqpTcpEndpoint endpoint, Func`2 socketFactory, TimeSpan timeout, AddressFamily family)
   at RabbitMQ.Client.Impl.SocketFrameHandler..ctor(AmqpTcpEndpoint endpoint, Func`2 socketFactory, TimeSpan connectionTimeout, TimeSpan readTimeout, TimeSpan writeTimeout)
   at RabbitMQ.Client.EndpointResolverExtensions.SelectOne[T](IEndpointResolver resolver, Func`2 selector)
   --- End of inner exception stack trace ---
   at RabbitMQ.Client.EndpointResolverExtensions.SelectOne[T](IEndpointResolver resolver, Func`2 selector)
   at RabbitMQ.Client.ConnectionFactory.CreateConnection(IEndpointResolver endpointResolver, String clientProvidedName)
   --- End of inner exception stack trace ---
   at RabbitMQ.Client.ConnectionFactory.CreateConnection(IEndpointResolver endpointResolver, String clientProvidedName)
   at MassTransit.RabbitMqTransport.ConnectionContextFactory.CreateConnection(ISupervisor supervisor)
2026-07-24 17:36:17.696 +05:30 [INF] HealthAxis API heartbeat running at "2026-07-24T17:36:17.6966660+05:30"
2026-07-24 17:36:27.709 +05:30 [INF] HealthAxis API heartbeat running at "2026-07-24T17:36:27.7095826+05:30"
2026-07-24 17:36:37.715 +05:30 [INF] HealthAxis API heartbeat running at "2026-07-24T17:36:37.7154662+05:30"
2026-07-24 17:36:47.725 +05:30 [INF] HealthAxis API heartbeat running at "2026-07-24T17:36:47.7255761+05:30"
2026-07-24 17:36:55.951 +05:30 [WRN] Connection Failed: "rabbitmq://172.31.11.165/"
RabbitMQ.Client.Exceptions.BrokerUnreachableException: None of the specified endpoints were reachable
 ---> System.AggregateException: One or more errors occurred. (Connection failed)
 ---> RabbitMQ.Client.Exceptions.ConnectFailureException: Connection failed
 ---> System.TimeoutException: The operation has timed out.
   at RabbitMQ.Client.Impl.TaskExtensions.TimeoutAfter(Task task, TimeSpan timeout)
   at RabbitMQ.Client.Impl.SocketFrameHandler.ConnectOrFail(ITcpClient socket, AmqpTcpEndpoint endpoint, TimeSpan timeout)
   --- End of inner exception stack trace ---
   at RabbitMQ.Client.Impl.SocketFrameHandler.ConnectOrFail(ITcpClient socket, AmqpTcpEndpoint endpoint, TimeSpan timeout)
   at RabbitMQ.Client.Impl.SocketFrameHandler.ConnectUsingAddressFamily(AmqpTcpEndpoint endpoint, Func`2 socketFactory, TimeSpan timeout, AddressFamily family)
   at RabbitMQ.Client.Impl.SocketFrameHandler..ctor(AmqpTcpEndpoint endpoint, Func`2 socketFactory, TimeSpan connectionTimeout, TimeSpan readTimeout, TimeSpan writeTimeout)
   at RabbitMQ.Client.EndpointResolverExtensions.SelectOne[T](IEndpointResolver resolver, Func`2 selector)
   --- End of inner exception stack trace ---
   at RabbitMQ.Client.EndpointResolverExtensions.SelectOne[T](IEndpointResolver resolver, Func`2 selector)
   at RabbitMQ.Client.ConnectionFactory.CreateConnection(IEndpointResolver endpointResolver, String clientProvidedName)
   --- End of inner exception stack trace ---
   at RabbitMQ.Client.ConnectionFactory.CreateConnection(IEndpointResolver endpointResolver, String clientProvidedName)
   at MassTransit.RabbitMqTransport.ConnectionContextFactory.CreateConnection(ISupervisor supervisor)
2026-07-24 17:36:57.741 +05:30 [INF] HealthAxis API heartbeat running at "2026-07-24T17:36:57.7414506+05:30"
2026-07-24 17:37:07.748 +05:30 [INF] HealthAxis API heartbeat running at "2026-07-24T17:37:07.7482314+05:30"
2026-07-24 17:37:17.758 +05:30 [INF] HealthAxis API heartbeat running at "2026-07-24T17:37:17.7584078+05:30"
2026-07-24 17:37:27.762 +05:30 [INF] HealthAxis API heartbeat running at "2026-07-24T17:37:27.7621207+05:30"
2026-07-24 17:37:36.974 +05:30 [WRN] Connection Failed: "rabbitmq://172.31.11.165/"
RabbitMQ.Client.Exceptions.BrokerUnreachableException: None of the specified endpoints were reachable
 ---> System.AggregateException: One or more errors occurred. (Connection failed)
 ---> RabbitMQ.Client.Exceptions.ConnectFailureException: Connection failed
 ---> System.TimeoutException: The operation has timed out.
   at RabbitMQ.Client.Impl.TaskExtensions.TimeoutAfter(Task task, TimeSpan timeout)
   at RabbitMQ.Client.Impl.SocketFrameHandler.ConnectOrFail(ITcpClient socket, AmqpTcpEndpoint endpoint, TimeSpan timeout)
   --- End of inner exception stack trace ---
   at RabbitMQ.Client.Impl.SocketFrameHandler.ConnectOrFail(ITcpClient socket, AmqpTcpEndpoint endpoint, TimeSpan timeout)
   at RabbitMQ.Client.Impl.SocketFrameHandler.ConnectUsingAddressFamily(AmqpTcpEndpoint endpoint, Func`2 socketFactory, TimeSpan timeout, AddressFamily family)
   at RabbitMQ.Client.Impl.SocketFrameHandler..ctor(AmqpTcpEndpoint endpoint, Func`2 socketFactory, TimeSpan connectionTimeout, TimeSpan readTimeout, TimeSpan writeTimeout)
   at RabbitMQ.Client.EndpointResolverExtensions.SelectOne[T](IEndpointResolver resolver, Func`2 selector)
   --- End of inner exception stack trace ---
   at RabbitMQ.Client.EndpointResolverExtensions.SelectOne[T](IEndpointResolver resolver, Func`2 selector)
   at RabbitMQ.Client.ConnectionFactory.CreateConnection(IEndpointResolver endpointResolver, String clientProvidedName)
   --- End of inner exception stack trace ---
   at RabbitMQ.Client.ConnectionFactory.CreateConnection(IEndpointResolver endpointResolver, String clientProvidedName)
   at MassTransit.RabbitMqTransport.ConnectionContextFactory.CreateConnection(ISupervisor supervisor)
2026-07-24 17:37:37.766 +05:30 [INF] HealthAxis API heartbeat running at "2026-07-24T17:37:37.7660596+05:30"
2026-07-24 17:37:47.769 +05:30 [INF] HealthAxis API heartbeat running at "2026-07-24T17:37:47.7689985+05:30"
2026-07-24 17:37:57.783 +05:30 [INF] HealthAxis API heartbeat running at "2026-07-24T17:37:57.7837608+05:30"
2026-07-24 17:38:07.794 +05:30 [INF] HealthAxis API heartbeat running at "2026-07-24T17:38:07.7947554+05:30"
2026-07-24 17:38:17.801 +05:30 [INF] HealthAxis API heartbeat running at "2026-07-24T17:38:17.8016919+05:30"
2026-07-24 17:38:18.006 +05:30 [WRN] Connection Failed: "rabbitmq://172.31.11.165/"
RabbitMQ.Client.Exceptions.BrokerUnreachableException: None of the specified endpoints were reachable
 ---> System.AggregateException: One or more errors occurred. (Connection failed)
 ---> RabbitMQ.Client.Exceptions.ConnectFailureException: Connection failed
 ---> System.TimeoutException: The operation has timed out.
   at RabbitMQ.Client.Impl.TaskExtensions.TimeoutAfter(Task task, TimeSpan timeout)
   at RabbitMQ.Client.Impl.SocketFrameHandler.ConnectOrFail(ITcpClient socket, AmqpTcpEndpoint endpoint, TimeSpan timeout)
   --- End of inner exception stack trace ---
   at RabbitMQ.Client.Impl.SocketFrameHandler.ConnectOrFail(ITcpClient socket, AmqpTcpEndpoint endpoint, TimeSpan timeout)
   at RabbitMQ.Client.Impl.SocketFrameHandler.ConnectUsingAddressFamily(AmqpTcpEndpoint endpoint, Func`2 socketFactory, TimeSpan timeout, AddressFamily family)
   at RabbitMQ.Client.Impl.SocketFrameHandler..ctor(AmqpTcpEndpoint endpoint, Func`2 socketFactory, TimeSpan connectionTimeout, TimeSpan readTimeout, TimeSpan writeTimeout)
   at RabbitMQ.Client.EndpointResolverExtensions.SelectOne[T](IEndpointResolver resolver, Func`2 selector)
   --- End of inner exception stack trace ---
   at RabbitMQ.Client.EndpointResolverExtensions.SelectOne[T](IEndpointResolver resolver, Func`2 selector)
   at RabbitMQ.Client.ConnectionFactory.CreateConnection(IEndpointResolver endpointResolver, String clientProvidedName)
   --- End of inner exception stack trace ---
   at RabbitMQ.Client.ConnectionFactory.CreateConnection(IEndpointResolver endpointResolver, String clientProvidedName)
   at MassTransit.RabbitMqTransport.ConnectionContextFactory.CreateConnection(ISupervisor supervisor)
2026-07-24 17:38:27.803 +05:30 [INF] HealthAxis API heartbeat running at "2026-07-24T17:38:27.8033470+05:30"
2026-07-24 17:38:37.807 +05:30 [INF] HealthAxis API heartbeat running at "2026-07-24T17:38:37.8071523+05:30"
2026-07-24 17:38:47.812 +05:30 [INF] HealthAxis API heartbeat running at "2026-07-24T17:38:47.8121539+05:30"
2026-07-24 17:38:57.826 +05:30 [INF] HealthAxis API heartbeat running at "2026-07-24T17:38:57.8267364+05:30"
2026-07-24 17:38:59.041 +05:30 [WRN] Connection Failed: "rabbitmq://172.31.11.165/"
RabbitMQ.Client.Exceptions.BrokerUnreachableException: None of the specified endpoints were reachable
 ---> System.AggregateException: One or more errors occurred. (Connection failed)
 ---> RabbitMQ.Client.Exceptions.ConnectFailureException: Connection failed
 ---> System.TimeoutException: The operation has timed out.
   at RabbitMQ.Client.Impl.TaskExtensions.TimeoutAfter(Task task, TimeSpan timeout)
   at RabbitMQ.Client.Impl.SocketFrameHandler.ConnectOrFail(ITcpClient socket, AmqpTcpEndpoint endpoint, TimeSpan timeout)
   --- End of inner exception stack trace ---
   at RabbitMQ.Client.Impl.SocketFrameHandler.ConnectOrFail(ITcpClient socket, AmqpTcpEndpoint endpoint, TimeSpan timeout)
   at RabbitMQ.Client.Impl.SocketFrameHandler.ConnectUsingAddressFamily(AmqpTcpEndpoint endpoint, Func`2 socketFactory, TimeSpan timeout, AddressFamily family)
   at RabbitMQ.Client.Impl.SocketFrameHandler..ctor(AmqpTcpEndpoint endpoint, Func`2 socketFactory, TimeSpan connectionTimeout, TimeSpan readTimeout, TimeSpan writeTimeout)
   at RabbitMQ.Client.EndpointResolverExtensions.SelectOne[T](IEndpointResolver resolver, Func`2 selector)
   --- End of inner exception stack trace ---
   at RabbitMQ.Client.EndpointResolverExtensions.SelectOne[T](IEndpointResolver resolver, Func`2 selector)
   at RabbitMQ.Client.ConnectionFactory.CreateConnection(IEndpointResolver endpointResolver, String clientProvidedName)
   --- End of inner exception stack trace ---
   at RabbitMQ.Client.ConnectionFactory.CreateConnection(IEndpointResolver endpointResolver, String clientProvidedName)
   at MassTransit.RabbitMqTransport.ConnectionContextFactory.CreateConnection(ISupervisor supervisor)
2026-07-24 17:39:07.839 +05:30 [INF] HealthAxis API heartbeat running at "2026-07-24T17:39:07.8391485+05:30"
2026-07-24 17:39:17.850 +05:30 [INF] HealthAxis API heartbeat running at "2026-07-24T17:39:17.8507799+05:30"
2026-07-24 17:39:27.855 +05:30 [INF] HealthAxis API heartbeat running at "2026-07-24T17:39:27.8559700+05:30"
2026-07-24 17:39:37.869 +05:30 [INF] HealthAxis API heartbeat running at "2026-07-24T17:39:37.8696411+05:30"
2026-07-24 17:39:40.054 +05:30 [WRN] Connection Failed: "rabbitmq://172.31.11.165/"
RabbitMQ.Client.Exceptions.BrokerUnreachableException: None of the specified endpoints were reachable
 ---> System.AggregateException: One or more errors occurred. (Connection failed)
 ---> RabbitMQ.Client.Exceptions.ConnectFailureException: Connection failed
 ---> System.TimeoutException: The operation has timed out.
   at RabbitMQ.Client.Impl.TaskExtensions.TimeoutAfter(Task task, TimeSpan timeout)
   at RabbitMQ.Client.Impl.SocketFrameHandler.ConnectOrFail(ITcpClient socket, AmqpTcpEndpoint endpoint, TimeSpan timeout)
   --- End of inner exception stack trace ---
   at RabbitMQ.Client.Impl.SocketFrameHandler.ConnectOrFail(ITcpClient socket, AmqpTcpEndpoint endpoint, TimeSpan timeout)
   at RabbitMQ.Client.Impl.SocketFrameHandler.ConnectUsingAddressFamily(AmqpTcpEndpoint endpoint, Func`2 socketFactory, TimeSpan timeout, AddressFamily family)
   at RabbitMQ.Client.Impl.SocketFrameHandler..ctor(AmqpTcpEndpoint endpoint, Func`2 socketFactory, TimeSpan connectionTimeout, TimeSpan readTimeout, TimeSpan writeTimeout)
   at RabbitMQ.Client.EndpointResolverExtensions.SelectOne[T](IEndpointResolver resolver, Func`2 selector)
   --- End of inner exception stack trace ---
   at RabbitMQ.Client.EndpointResolverExtensions.SelectOne[T](IEndpointResolver resolver, Func`2 selector)
   at RabbitMQ.Client.ConnectionFactory.CreateConnection(IEndpointResolver endpointResolver, String clientProvidedName)
   --- End of inner exception stack trace ---
   at RabbitMQ.Client.ConnectionFactory.CreateConnection(IEndpointResolver endpointResolver, String clientProvidedName)
   at MassTransit.RabbitMqTransport.ConnectionContextFactory.CreateConnection(ISupervisor supervisor)
2026-07-24 17:39:47.924 +05:30 [INF] HealthAxis API heartbeat running at "2026-07-24T17:39:47.9245489+05:30"
2026-07-24 17:39:57.937 +05:30 [INF] HealthAxis API heartbeat running at "2026-07-24T17:39:57.9371799+05:30"
2026-07-24 17:40:07.942 +05:30 [INF] HealthAxis API heartbeat running at "2026-07-24T17:40:07.9428246+05:30"
2026-07-24 17:40:17.949 +05:30 [INF] HealthAxis API heartbeat running at "2026-07-24T17:40:17.9490100+05:30"
2026-07-24 17:40:21.078 +05:30 [WRN] Connection Failed: "rabbitmq://172.31.11.165/"
RabbitMQ.Client.Exceptions.BrokerUnreachableException: None of the specified endpoints were reachable
 ---> System.AggregateException: One or more errors occurred. (Connection failed)
 ---> RabbitMQ.Client.Exceptions.ConnectFailureException: Connection failed
 ---> System.TimeoutException: The operation has timed out.
   at RabbitMQ.Client.Impl.TaskExtensions.TimeoutAfter(Task task, TimeSpan timeout)
   at RabbitMQ.Client.Impl.SocketFrameHandler.ConnectOrFail(ITcpClient socket, AmqpTcpEndpoint endpoint, TimeSpan timeout)
   --- End of inner exception stack trace ---
   at RabbitMQ.Client.Impl.SocketFrameHandler.ConnectOrFail(ITcpClient socket, AmqpTcpEndpoint endpoint, TimeSpan timeout)
   at RabbitMQ.Client.Impl.SocketFrameHandler.ConnectUsingAddressFamily(AmqpTcpEndpoint endpoint, Func`2 socketFactory, TimeSpan timeout, AddressFamily family)
   at RabbitMQ.Client.Impl.SocketFrameHandler..ctor(AmqpTcpEndpoint endpoint, Func`2 socketFactory, TimeSpan connectionTimeout, TimeSpan readTimeout, TimeSpan writeTimeout)
   at RabbitMQ.Client.EndpointResolverExtensions.SelectOne[T](IEndpointResolver resolver, Func`2 selector)
   --- End of inner exception stack trace ---
   at RabbitMQ.Client.EndpointResolverExtensions.SelectOne[T](IEndpointResolver resolver, Func`2 selector)
   at RabbitMQ.Client.ConnectionFactory.CreateConnection(IEndpointResolver endpointResolver, String clientProvidedName)
   --- End of inner exception stack trace ---
   at RabbitMQ.Client.ConnectionFactory.CreateConnection(IEndpointResolver endpointResolver, String clientProvidedName)
   at MassTransit.RabbitMqTransport.ConnectionContextFactory.CreateConnection(ISupervisor supervisor)
2026-07-24 17:40:27.960 +05:30 [INF] HealthAxis API heartbeat running at "2026-07-24T17:40:27.9609069+05:30"
2026-07-24 17:40:37.970 +05:30 [INF] HealthAxis API heartbeat running at "2026-07-24T17:40:37.9707320+05:30"
2026-07-24 17:40:47.976 +05:30 [INF] HealthAxis API heartbeat running at "2026-07-24T17:40:47.9766977+05:30"
2026-07-24 17:40:57.991 +05:30 [INF] HealthAxis API heartbeat running at "2026-07-24T17:40:57.9910958+05:30"
2026-07-24 17:41:02.099 +05:30 [WRN] Connection Failed: "rabbitmq://172.31.11.165/"
RabbitMQ.Client.Exceptions.BrokerUnreachableException: None of the specified endpoints were reachable
 ---> System.AggregateException: One or more errors occurred. (Connection failed)
 ---> RabbitMQ.Client.Exceptions.ConnectFailureException: Connection failed
 ---> System.TimeoutException: The operation has timed out.
   at RabbitMQ.Client.Impl.TaskExtensions.TimeoutAfter(Task task, TimeSpan timeout)
   at RabbitMQ.Client.Impl.SocketFrameHandler.ConnectOrFail(ITcpClient socket, AmqpTcpEndpoint endpoint, TimeSpan timeout)
   --- End of inner exception stack trace ---
   at RabbitMQ.Client.Impl.SocketFrameHandler.ConnectOrFail(ITcpClient socket, AmqpTcpEndpoint endpoint, TimeSpan timeout)
   at RabbitMQ.Client.Impl.SocketFrameHandler.ConnectUsingAddressFamily(AmqpTcpEndpoint endpoint, Func`2 socketFactory, TimeSpan timeout, AddressFamily family)
   at RabbitMQ.Client.Impl.SocketFrameHandler..ctor(AmqpTcpEndpoint endpoint, Func`2 socketFactory, TimeSpan connectionTimeout, TimeSpan readTimeout, TimeSpan writeTimeout)
   at RabbitMQ.Client.EndpointResolverExtensions.SelectOne[T](IEndpointResolver resolver, Func`2 selector)
   --- End of inner exception stack trace ---
   at RabbitMQ.Client.EndpointResolverExtensions.SelectOne[T](IEndpointResolver resolver, Func`2 selector)
   at RabbitMQ.Client.ConnectionFactory.CreateConnection(IEndpointResolver endpointResolver, String clientProvidedName)
   --- End of inner exception stack trace ---
   at RabbitMQ.Client.ConnectionFactory.CreateConnection(IEndpointResolver endpointResolver, String clientProvidedName)
   at MassTransit.RabbitMqTransport.ConnectionContextFactory.CreateConnection(ISupervisor supervisor)
2026-07-24 17:41:07.997 +05:30 [INF] HealthAxis API heartbeat running at "2026-07-24T17:41:07.9976308+05:30"
2026-07-24 17:41:18.005 +05:30 [INF] HealthAxis API heartbeat running at "2026-07-24T17:41:18.0050536+05:30"
2026-07-24 17:41:28.010 +05:30 [INF] HealthAxis API heartbeat running at "2026-07-24T17:41:28.0104407+05:30"
2026-07-24 17:41:38.021 +05:30 [INF] HealthAxis API heartbeat running at "2026-07-24T17:41:38.0214792+05:30"
2026-07-24 17:41:43.125 +05:30 [WRN] Connection Failed: "rabbitmq://172.31.11.165/"
RabbitMQ.Client.Exceptions.BrokerUnreachableException: None of the specified endpoints were reachable
 ---> System.AggregateException: One or more errors occurred. (Connection failed)
 ---> RabbitMQ.Client.Exceptions.ConnectFailureException: Connection failed
 ---> System.TimeoutException: The operation has timed out.
   at RabbitMQ.Client.Impl.TaskExtensions.TimeoutAfter(Task task, TimeSpan timeout)
   at RabbitMQ.Client.Impl.SocketFrameHandler.ConnectOrFail(ITcpClient socket, AmqpTcpEndpoint endpoint, TimeSpan timeout)
   --- End of inner exception stack trace ---
   at RabbitMQ.Client.Impl.SocketFrameHandler.ConnectOrFail(ITcpClient socket, AmqpTcpEndpoint endpoint, TimeSpan timeout)
   at RabbitMQ.Client.Impl.SocketFrameHandler.ConnectUsingAddressFamily(AmqpTcpEndpoint endpoint, Func`2 socketFactory, TimeSpan timeout, AddressFamily family)
   at RabbitMQ.Client.Impl.SocketFrameHandler..ctor(AmqpTcpEndpoint endpoint, Func`2 socketFactory, TimeSpan connectionTimeout, TimeSpan readTimeout, TimeSpan writeTimeout)
   at RabbitMQ.Client.EndpointResolverExtensions.SelectOne[T](IEndpointResolver resolver, Func`2 selector)
   --- End of inner exception stack trace ---
   at RabbitMQ.Client.EndpointResolverExtensions.SelectOne[T](IEndpointResolver resolver, Func`2 selector)
   at RabbitMQ.Client.ConnectionFactory.CreateConnection(IEndpointResolver endpointResolver, String clientProvidedName)
   --- End of inner exception stack trace ---
   at RabbitMQ.Client.ConnectionFactory.CreateConnection(IEndpointResolver endpointResolver, String clientProvidedName)
   at MassTransit.RabbitMqTransport.ConnectionContextFactory.CreateConnection(ISupervisor supervisor)
2026-07-24 17:41:48.023 +05:30 [INF] HealthAxis API heartbeat running at "2026-07-24T17:41:48.0231538+05:30"
2026-07-24 17:41:58.030 +05:30 [INF] HealthAxis API heartbeat running at "2026-07-24T17:41:58.0308290+05:30"
2026-07-24 17:42:08.033 +05:30 [INF] HealthAxis API heartbeat running at "2026-07-24T17:42:08.0333608+05:30"
2026-07-24 17:42:18.048 +05:30 [INF] HealthAxis API heartbeat running at "2026-07-24T17:42:18.0489038+05:30"
2026-07-24 17:42:24.164 +05:30 [WRN] Connection Failed: "rabbitmq://172.31.11.165/"
RabbitMQ.Client.Exceptions.BrokerUnreachableException: None of the specified endpoints were reachable
 ---> System.AggregateException: One or more errors occurred. (Connection failed)
 ---> RabbitMQ.Client.Exceptions.ConnectFailureException: Connection failed
 ---> System.TimeoutException: The operation has timed out.
   at RabbitMQ.Client.Impl.TaskExtensions.TimeoutAfter(Task task, TimeSpan timeout)
   at RabbitMQ.Client.Impl.SocketFrameHandler.ConnectOrFail(ITcpClient socket, AmqpTcpEndpoint endpoint, TimeSpan timeout)
   --- End of inner exception stack trace ---
   at RabbitMQ.Client.Impl.SocketFrameHandler.ConnectOrFail(ITcpClient socket, AmqpTcpEndpoint endpoint, TimeSpan timeout)
   at RabbitMQ.Client.Impl.SocketFrameHandler.ConnectUsingAddressFamily(AmqpTcpEndpoint endpoint, Func`2 socketFactory, TimeSpan timeout, AddressFamily family)
   at RabbitMQ.Client.Impl.SocketFrameHandler..ctor(AmqpTcpEndpoint endpoint, Func`2 socketFactory, TimeSpan connectionTimeout, TimeSpan readTimeout, TimeSpan writeTimeout)
   at RabbitMQ.Client.EndpointResolverExtensions.SelectOne[T](IEndpointResolver resolver, Func`2 selector)
   --- End of inner exception stack trace ---
   at RabbitMQ.Client.EndpointResolverExtensions.SelectOne[T](IEndpointResolver resolver, Func`2 selector)
   at RabbitMQ.Client.ConnectionFactory.CreateConnection(IEndpointResolver endpointResolver, String clientProvidedName)
   --- End of inner exception stack trace ---
   at RabbitMQ.Client.ConnectionFactory.CreateConnection(IEndpointResolver endpointResolver, String clientProvidedName)
   at MassTransit.RabbitMqTransport.ConnectionContextFactory.CreateConnection(ISupervisor supervisor)
2026-07-24 17:42:28.063 +05:30 [INF] HealthAxis API heartbeat running at "2026-07-24T17:42:28.0631207+05:30"
2026-07-24 17:42:38.067 +05:30 [INF] HealthAxis API heartbeat running at "2026-07-24T17:42:38.0675207+05:30"
2026-07-24 17:42:48.077 +05:30 [INF] HealthAxis API heartbeat running at "2026-07-24T17:42:48.0776775+05:30"
2026-07-24 17:42:58.091 +05:30 [INF] HealthAxis API heartbeat running at "2026-07-24T17:42:58.0913045+05:30"
2026-07-24 17:43:05.190 +05:30 [WRN] Connection Failed: "rabbitmq://172.31.11.165/"
RabbitMQ.Client.Exceptions.BrokerUnreachableException: None of the specified endpoints were reachable
 ---> System.AggregateException: One or more errors occurred. (Connection failed)
 ---> RabbitMQ.Client.Exceptions.ConnectFailureException: Connection failed
 ---> System.TimeoutException: The operation has timed out.
   at RabbitMQ.Client.Impl.TaskExtensions.TimeoutAfter(Task task, TimeSpan timeout)
   at RabbitMQ.Client.Impl.SocketFrameHandler.ConnectOrFail(ITcpClient socket, AmqpTcpEndpoint endpoint, TimeSpan timeout)
   --- End of inner exception stack trace ---
   at RabbitMQ.Client.Impl.SocketFrameHandler.ConnectOrFail(ITcpClient socket, AmqpTcpEndpoint endpoint, TimeSpan timeout)
   at RabbitMQ.Client.Impl.SocketFrameHandler.ConnectUsingAddressFamily(AmqpTcpEndpoint endpoint, Func`2 socketFactory, TimeSpan timeout, AddressFamily family)
   at RabbitMQ.Client.Impl.SocketFrameHandler..ctor(AmqpTcpEndpoint endpoint, Func`2 socketFactory, TimeSpan connectionTimeout, TimeSpan readTimeout, TimeSpan writeTimeout)
   at RabbitMQ.Client.EndpointResolverExtensions.SelectOne[T](IEndpointResolver resolver, Func`2 selector)
   --- End of inner exception stack trace ---
   at RabbitMQ.Client.EndpointResolverExtensions.SelectOne[T](IEndpointResolver resolver, Func`2 selector)
   at RabbitMQ.Client.ConnectionFactory.CreateConnection(IEndpointResolver endpointResolver, String clientProvidedName)
   --- End of inner exception stack trace ---
   at RabbitMQ.Client.ConnectionFactory.CreateConnection(IEndpointResolver endpointResolver, String clientProvidedName)
   at MassTransit.RabbitMqTransport.ConnectionContextFactory.CreateConnection(ISupervisor supervisor)
2026-07-24 17:43:08.098 +05:30 [INF] HealthAxis API heartbeat running at "2026-07-24T17:43:08.0988795+05:30"
2026-07-24 17:43:18.108 +05:30 [INF] HealthAxis API heartbeat running at "2026-07-24T17:43:18.1085227+05:30"
2026-07-24 17:43:28.111 +05:30 [INF] HealthAxis API heartbeat running at "2026-07-24T17:43:28.1117463+05:30"
2026-07-24 17:43:38.115 +05:30 [INF] HealthAxis API heartbeat running at "2026-07-24T17:43:38.1151368+05:30"
2026-07-24 17:43:46.226 +05:30 [WRN] Connection Failed: "rabbitmq://172.31.11.165/"
RabbitMQ.Client.Exceptions.BrokerUnreachableException: None of the specified endpoints were reachable
 ---> System.AggregateException: One or more errors occurred. (Connection failed)
 ---> RabbitMQ.Client.Exceptions.ConnectFailureException: Connection failed
 ---> System.TimeoutException: The operation has timed out.
   at RabbitMQ.Client.Impl.TaskExtensions.TimeoutAfter(Task task, TimeSpan timeout)
   at RabbitMQ.Client.Impl.SocketFrameHandler.ConnectOrFail(ITcpClient socket, AmqpTcpEndpoint endpoint, TimeSpan timeout)
   --- End of inner exception stack trace ---
   at RabbitMQ.Client.Impl.SocketFrameHandler.ConnectOrFail(ITcpClient socket, AmqpTcpEndpoint endpoint, TimeSpan timeout)
   at RabbitMQ.Client.Impl.SocketFrameHandler.ConnectUsingAddressFamily(AmqpTcpEndpoint endpoint, Func`2 socketFactory, TimeSpan timeout, AddressFamily family)
   at RabbitMQ.Client.Impl.SocketFrameHandler..ctor(AmqpTcpEndpoint endpoint, Func`2 socketFactory, TimeSpan connectionTimeout, TimeSpan readTimeout, TimeSpan writeTimeout)
   at RabbitMQ.Client.EndpointResolverExtensions.SelectOne[T](IEndpointResolver resolver, Func`2 selector)
   --- End of inner exception stack trace ---
   at RabbitMQ.Client.EndpointResolverExtensions.SelectOne[T](IEndpointResolver resolver, Func`2 selector)
   at RabbitMQ.Client.ConnectionFactory.CreateConnection(IEndpointResolver endpointResolver, String clientProvidedName)
   --- End of inner exception stack trace ---
   at RabbitMQ.Client.ConnectionFactory.CreateConnection(IEndpointResolver endpointResolver, String clientProvidedName)
   at MassTransit.RabbitMqTransport.ConnectionContextFactory.CreateConnection(ISupervisor supervisor)
2026-07-24 17:43:48.119 +05:30 [INF] HealthAxis API heartbeat running at "2026-07-24T17:43:48.1194695+05:30"
2026-07-24 17:43:58.129 +05:30 [INF] HealthAxis API heartbeat running at "2026-07-24T17:43:58.1293114+05:30"
2026-07-24 17:44:08.141 +05:30 [INF] HealthAxis API heartbeat running at "2026-07-24T17:44:08.1418401+05:30"
2026-07-24 17:44:18.148 +05:30 [INF] HealthAxis API heartbeat running at "2026-07-24T17:44:18.1481099+05:30"
2026-07-24 17:44:27.257 +05:30 [WRN] Connection Failed: "rabbitmq://172.31.11.165/"
RabbitMQ.Client.Exceptions.BrokerUnreachableException: None of the specified endpoints were reachable
 ---> System.AggregateException: One or more errors occurred. (Connection failed)
 ---> RabbitMQ.Client.Exceptions.ConnectFailureException: Connection failed
 ---> System.TimeoutException: The operation has timed out.
   at RabbitMQ.Client.Impl.TaskExtensions.TimeoutAfter(Task task, TimeSpan timeout)
   at RabbitMQ.Client.Impl.SocketFrameHandler.ConnectOrFail(ITcpClient socket, AmqpTcpEndpoint endpoint, TimeSpan timeout)
   --- End of inner exception stack trace ---
   at RabbitMQ.Client.Impl.SocketFrameHandler.ConnectOrFail(ITcpClient socket, AmqpTcpEndpoint endpoint, TimeSpan timeout)
   at RabbitMQ.Client.Impl.SocketFrameHandler.ConnectUsingAddressFamily(AmqpTcpEndpoint endpoint, Func`2 socketFactory, TimeSpan timeout, AddressFamily family)
   at RabbitMQ.Client.Impl.SocketFrameHandler..ctor(AmqpTcpEndpoint endpoint, Func`2 socketFactory, TimeSpan connectionTimeout, TimeSpan readTimeout, TimeSpan writeTimeout)
   at RabbitMQ.Client.EndpointResolverExtensions.SelectOne[T](IEndpointResolver resolver, Func`2 selector)
   --- End of inner exception stack trace ---
   at RabbitMQ.Client.EndpointResolverExtensions.SelectOne[T](IEndpointResolver resolver, Func`2 selector)
   at RabbitMQ.Client.ConnectionFactory.CreateConnection(IEndpointResolver endpointResolver, String clientProvidedName)
   --- End of inner exception stack trace ---
   at RabbitMQ.Client.ConnectionFactory.CreateConnection(IEndpointResolver endpointResolver, String clientProvidedName)
   at MassTransit.RabbitMqTransport.ConnectionContextFactory.CreateConnection(ISupervisor supervisor)
2026-07-24 17:44:28.157 +05:30 [INF] HealthAxis API heartbeat running at "2026-07-24T17:44:28.1575937+05:30"
2026-07-24 17:44:38.171 +05:30 [INF] HealthAxis API heartbeat running at "2026-07-24T17:44:38.1719408+05:30"
2026-07-24 17:44:48.177 +05:30 [INF] HealthAxis API heartbeat running at "2026-07-24T17:44:48.1770396+05:30"
2026-07-24 17:44:58.192 +05:30 [INF] HealthAxis API heartbeat running at "2026-07-24T17:44:58.1925307+05:30"
2026-07-24 17:45:08.203 +05:30 [INF] HealthAxis API heartbeat running at "2026-07-24T17:45:08.2029908+05:30"
2026-07-24 17:45:08.281 +05:30 [WRN] Connection Failed: "rabbitmq://172.31.11.165/"
RabbitMQ.Client.Exceptions.BrokerUnreachableException: None of the specified endpoints were reachable
 ---> System.AggregateException: One or more errors occurred. (Connection failed)
 ---> RabbitMQ.Client.Exceptions.ConnectFailureException: Connection failed
 ---> System.TimeoutException: The operation has timed out.
   at RabbitMQ.Client.Impl.TaskExtensions.TimeoutAfter(Task task, TimeSpan timeout)
   at RabbitMQ.Client.Impl.SocketFrameHandler.ConnectOrFail(ITcpClient socket, AmqpTcpEndpoint endpoint, TimeSpan timeout)
   --- End of inner exception stack trace ---
   at RabbitMQ.Client.Impl.SocketFrameHandler.ConnectOrFail(ITcpClient socket, AmqpTcpEndpoint endpoint, TimeSpan timeout)
   at RabbitMQ.Client.Impl.SocketFrameHandler.ConnectUsingAddressFamily(AmqpTcpEndpoint endpoint, Func`2 socketFactory, TimeSpan timeout, AddressFamily family)
   at RabbitMQ.Client.Impl.SocketFrameHandler..ctor(AmqpTcpEndpoint endpoint, Func`2 socketFactory, TimeSpan connectionTimeout, TimeSpan readTimeout, TimeSpan writeTimeout)
   at RabbitMQ.Client.EndpointResolverExtensions.SelectOne[T](IEndpointResolver resolver, Func`2 selector)
   --- End of inner exception stack trace ---
   at RabbitMQ.Client.EndpointResolverExtensions.SelectOne[T](IEndpointResolver resolver, Func`2 selector)
   at RabbitMQ.Client.ConnectionFactory.CreateConnection(IEndpointResolver endpointResolver, String clientProvidedName)
   --- End of inner exception stack trace ---
   at RabbitMQ.Client.ConnectionFactory.CreateConnection(IEndpointResolver endpointResolver, String clientProvidedName)
   at MassTransit.RabbitMqTransport.ConnectionContextFactory.CreateConnection(ISupervisor supervisor)
2026-07-24 17:45:18.208 +05:30 [INF] HealthAxis API heartbeat running at "2026-07-24T17:45:18.2083073+05:30"
2026-07-24 17:45:28.211 +05:30 [INF] HealthAxis API heartbeat running at "2026-07-24T17:45:28.2110343+05:30"
2026-07-24 17:45:38.221 +05:30 [INF] HealthAxis API heartbeat running at "2026-07-24T17:45:38.2217455+05:30"
2026-07-24 17:45:48.223 +05:30 [INF] HealthAxis API heartbeat running at "2026-07-24T17:45:48.2238754+05:30"
2026-07-24 17:45:49.301 +05:30 [WRN] Connection Failed: "rabbitmq://172.31.11.165/"
RabbitMQ.Client.Exceptions.BrokerUnreachableException: None of the specified endpoints were reachable
 ---> System.AggregateException: One or more errors occurred. (Connection failed)
 ---> RabbitMQ.Client.Exceptions.ConnectFailureException: Connection failed
 ---> System.TimeoutException: The operation has timed out.
   at RabbitMQ.Client.Impl.TaskExtensions.TimeoutAfter(Task task, TimeSpan timeout)
   at RabbitMQ.Client.Impl.SocketFrameHandler.ConnectOrFail(ITcpClient socket, AmqpTcpEndpoint endpoint, TimeSpan timeout)
   --- End of inner exception stack trace ---
   at RabbitMQ.Client.Impl.SocketFrameHandler.ConnectOrFail(ITcpClient socket, AmqpTcpEndpoint endpoint, TimeSpan timeout)
   at RabbitMQ.Client.Impl.SocketFrameHandler.ConnectUsingAddressFamily(AmqpTcpEndpoint endpoint, Func`2 socketFactory, TimeSpan timeout, AddressFamily family)
   at RabbitMQ.Client.Impl.SocketFrameHandler..ctor(AmqpTcpEndpoint endpoint, Func`2 socketFactory, TimeSpan connectionTimeout, TimeSpan readTimeout, TimeSpan writeTimeout)
   at RabbitMQ.Client.EndpointResolverExtensions.SelectOne[T](IEndpointResolver resolver, Func`2 selector)
   --- End of inner exception stack trace ---
   at RabbitMQ.Client.EndpointResolverExtensions.SelectOne[T](IEndpointResolver resolver, Func`2 selector)
   at RabbitMQ.Client.ConnectionFactory.CreateConnection(IEndpointResolver endpointResolver, String clientProvidedName)
   --- End of inner exception stack trace ---
   at RabbitMQ.Client.ConnectionFactory.CreateConnection(IEndpointResolver endpointResolver, String clientProvidedName)
   at MassTransit.RabbitMqTransport.ConnectionContextFactory.CreateConnection(ISupervisor supervisor)
2026-07-24 17:45:58.226 +05:30 [INF] HealthAxis API heartbeat running at "2026-07-24T17:45:58.2261376+05:30"
2026-07-24 17:46:08.241 +05:30 [INF] HealthAxis API heartbeat running at "2026-07-24T17:46:08.2416003+05:30"
2026-07-24 17:46:18.256 +05:30 [INF] HealthAxis API heartbeat running at "2026-07-24T17:46:18.2560620+05:30"
2026-07-24 17:46:28.260 +05:30 [INF] HealthAxis API heartbeat running at "2026-07-24T17:46:28.2606066+05:30"
2026-07-24 17:46:30.318 +05:30 [WRN] Connection Failed: "rabbitmq://172.31.11.165/"
RabbitMQ.Client.Exceptions.BrokerUnreachableException: None of the specified endpoints were reachable
 ---> System.AggregateException: One or more errors occurred. (Connection failed)
 ---> RabbitMQ.Client.Exceptions.ConnectFailureException: Connection failed
 ---> System.TimeoutException: The operation has timed out.
   at RabbitMQ.Client.Impl.TaskExtensions.TimeoutAfter(Task task, TimeSpan timeout)
   at RabbitMQ.Client.Impl.SocketFrameHandler.ConnectOrFail(ITcpClient socket, AmqpTcpEndpoint endpoint, TimeSpan timeout)
   --- End of inner exception stack trace ---
   at RabbitMQ.Client.Impl.SocketFrameHandler.ConnectOrFail(ITcpClient socket, AmqpTcpEndpoint endpoint, TimeSpan timeout)
   at RabbitMQ.Client.Impl.SocketFrameHandler.ConnectUsingAddressFamily(AmqpTcpEndpoint endpoint, Func`2 socketFactory, TimeSpan timeout, AddressFamily family)
   at RabbitMQ.Client.Impl.SocketFrameHandler..ctor(AmqpTcpEndpoint endpoint, Func`2 socketFactory, TimeSpan connectionTimeout, TimeSpan readTimeout, TimeSpan writeTimeout)
   at RabbitMQ.Client.EndpointResolverExtensions.SelectOne[T](IEndpointResolver resolver, Func`2 selector)
   --- End of inner exception stack trace ---
   at RabbitMQ.Client.EndpointResolverExtensions.SelectOne[T](IEndpointResolver resolver, Func`2 selector)
   at RabbitMQ.Client.ConnectionFactory.CreateConnection(IEndpointResolver endpointResolver, String clientProvidedName)
   --- End of inner exception stack trace ---
   at RabbitMQ.Client.ConnectionFactory.CreateConnection(IEndpointResolver endpointResolver, String clientProvidedName)
   at MassTransit.RabbitMqTransport.ConnectionContextFactory.CreateConnection(ISupervisor supervisor)
2026-07-24 17:46:38.266 +05:30 [INF] HealthAxis API heartbeat running at "2026-07-24T17:46:38.2662218+05:30"
2026-07-24 17:46:48.279 +05:30 [INF] HealthAxis API heartbeat running at "2026-07-24T17:46:48.2792783+05:30"
2026-07-24 17:46:58.287 +05:30 [INF] HealthAxis API heartbeat running at "2026-07-24T17:46:58.2878182+05:30"
2026-07-24 17:47:08.293 +05:30 [INF] HealthAxis API heartbeat running at "2026-07-24T17:47:08.2935486+05:30"
2026-07-24 17:47:11.341 +05:30 [WRN] Connection Failed: "rabbitmq://172.31.11.165/"
RabbitMQ.Client.Exceptions.BrokerUnreachableException: None of the specified endpoints were reachable
 ---> System.AggregateException: One or more errors occurred. (Connection failed)
 ---> RabbitMQ.Client.Exceptions.ConnectFailureException: Connection failed
 ---> System.TimeoutException: The operation has timed out.
   at RabbitMQ.Client.Impl.TaskExtensions.TimeoutAfter(Task task, TimeSpan timeout)
   at RabbitMQ.Client.Impl.SocketFrameHandler.ConnectOrFail(ITcpClient socket, AmqpTcpEndpoint endpoint, TimeSpan timeout)
   --- End of inner exception stack trace ---
   at RabbitMQ.Client.Impl.SocketFrameHandler.ConnectOrFail(ITcpClient socket, AmqpTcpEndpoint endpoint, TimeSpan timeout)
   at RabbitMQ.Client.Impl.SocketFrameHandler.ConnectUsingAddressFamily(AmqpTcpEndpoint endpoint, Func`2 socketFactory, TimeSpan timeout, AddressFamily family)
   at RabbitMQ.Client.Impl.SocketFrameHandler..ctor(AmqpTcpEndpoint endpoint, Func`2 socketFactory, TimeSpan connectionTimeout, TimeSpan readTimeout, TimeSpan writeTimeout)
   at RabbitMQ.Client.EndpointResolverExtensions.SelectOne[T](IEndpointResolver resolver, Func`2 selector)
   --- End of inner exception stack trace ---
   at RabbitMQ.Client.EndpointResolverExtensions.SelectOne[T](IEndpointResolver resolver, Func`2 selector)
   at RabbitMQ.Client.ConnectionFactory.CreateConnection(IEndpointResolver endpointResolver, String clientProvidedName)
   --- End of inner exception stack trace ---
   at RabbitMQ.Client.ConnectionFactory.CreateConnection(IEndpointResolver endpointResolver, String clientProvidedName)
   at MassTransit.RabbitMqTransport.ConnectionContextFactory.CreateConnection(ISupervisor supervisor)
2026-07-24 17:47:18.297 +05:30 [INF] HealthAxis API heartbeat running at "2026-07-24T17:47:18.2973868+05:30"
2026-07-24 17:47:28.299 +05:30 [INF] HealthAxis API heartbeat running at "2026-07-24T17:47:28.2999481+05:30"
2026-07-24 17:47:38.304 +05:30 [INF] HealthAxis API heartbeat running at "2026-07-24T17:47:38.3046474+05:30"
2026-07-24 17:47:48.319 +05:30 [INF] HealthAxis API heartbeat running at "2026-07-24T17:47:48.3192827+05:30"
2026-07-24 17:47:52.377 +05:30 [WRN] Connection Failed: "rabbitmq://172.31.11.165/"
RabbitMQ.Client.Exceptions.BrokerUnreachableException: None of the specified endpoints were reachable
 ---> System.AggregateException: One or more errors occurred. (Connection failed)
 ---> RabbitMQ.Client.Exceptions.ConnectFailureException: Connection failed
 ---> System.TimeoutException: The operation has timed out.
   at RabbitMQ.Client.Impl.TaskExtensions.TimeoutAfter(Task task, TimeSpan timeout)
   at RabbitMQ.Client.Impl.SocketFrameHandler.ConnectOrFail(ITcpClient socket, AmqpTcpEndpoint endpoint, TimeSpan timeout)
   --- End of inner exception stack trace ---
   at RabbitMQ.Client.Impl.SocketFrameHandler.ConnectOrFail(ITcpClient socket, AmqpTcpEndpoint endpoint, TimeSpan timeout)
   at RabbitMQ.Client.Impl.SocketFrameHandler.ConnectUsingAddressFamily(AmqpTcpEndpoint endpoint, Func`2 socketFactory, TimeSpan timeout, AddressFamily family)
   at RabbitMQ.Client.Impl.SocketFrameHandler..ctor(AmqpTcpEndpoint endpoint, Func`2 socketFactory, TimeSpan connectionTimeout, TimeSpan readTimeout, TimeSpan writeTimeout)
   at RabbitMQ.Client.EndpointResolverExtensions.SelectOne[T](IEndpointResolver resolver, Func`2 selector)
   --- End of inner exception stack trace ---
   at RabbitMQ.Client.EndpointResolverExtensions.SelectOne[T](IEndpointResolver resolver, Func`2 selector)
   at RabbitMQ.Client.ConnectionFactory.CreateConnection(IEndpointResolver endpointResolver, String clientProvidedName)
   --- End of inner exception stack trace ---
   at RabbitMQ.Client.ConnectionFactory.CreateConnection(IEndpointResolver endpointResolver, String clientProvidedName)
   at MassTransit.RabbitMqTransport.ConnectionContextFactory.CreateConnection(ISupervisor supervisor)
2026-07-24 17:47:58.330 +05:30 [INF] HealthAxis API heartbeat running at "2026-07-24T17:47:58.3305901+05:30"
2026-07-24 17:48:08.336 +05:30 [INF] HealthAxis API heartbeat running at "2026-07-24T17:48:08.3365906+05:30"
2026-07-24 17:48:18.339 +05:30 [INF] HealthAxis API heartbeat running at "2026-07-24T17:48:18.3394100+05:30"
2026-07-24 17:48:28.345 +05:30 [INF] HealthAxis API heartbeat running at "2026-07-24T17:48:28.3458650+05:30"
2026-07-24 17:48:33.415 +05:30 [WRN] Connection Failed: "rabbitmq://172.31.11.165/"
RabbitMQ.Client.Exceptions.BrokerUnreachableException: None of the specified endpoints were reachable
 ---> System.AggregateException: One or more errors occurred. (Connection failed)
 ---> RabbitMQ.Client.Exceptions.ConnectFailureException: Connection failed
 ---> System.TimeoutException: The operation has timed out.
   at RabbitMQ.Client.Impl.TaskExtensions.TimeoutAfter(Task task, TimeSpan timeout)
   at RabbitMQ.Client.Impl.SocketFrameHandler.ConnectOrFail(ITcpClient socket, AmqpTcpEndpoint endpoint, TimeSpan timeout)
   --- End of inner exception stack trace ---
   at RabbitMQ.Client.Impl.SocketFrameHandler.ConnectOrFail(ITcpClient socket, AmqpTcpEndpoint endpoint, TimeSpan timeout)
   at RabbitMQ.Client.Impl.SocketFrameHandler.ConnectUsingAddressFamily(AmqpTcpEndpoint endpoint, Func`2 socketFactory, TimeSpan timeout, AddressFamily family)
   at RabbitMQ.Client.Impl.SocketFrameHandler..ctor(AmqpTcpEndpoint endpoint, Func`2 socketFactory, TimeSpan connectionTimeout, TimeSpan readTimeout, TimeSpan writeTimeout)
   at RabbitMQ.Client.EndpointResolverExtensions.SelectOne[T](IEndpointResolver resolver, Func`2 selector)
   --- End of inner exception stack trace ---
   at RabbitMQ.Client.EndpointResolverExtensions.SelectOne[T](IEndpointResolver resolver, Func`2 selector)
   at RabbitMQ.Client.ConnectionFactory.CreateConnection(IEndpointResolver endpointResolver, String clientProvidedName)
   --- End of inner exception stack trace ---
   at RabbitMQ.Client.ConnectionFactory.CreateConnection(IEndpointResolver endpointResolver, String clientProvidedName)
   at MassTransit.RabbitMqTransport.ConnectionContextFactory.CreateConnection(ISupervisor supervisor)
2026-07-24 17:48:38.348 +05:30 [INF] HealthAxis API heartbeat running at "2026-07-24T17:48:38.3484092+05:30"
2026-07-24 17:48:48.360 +05:30 [INF] HealthAxis API heartbeat running at "2026-07-24T17:48:48.3606409+05:30"
2026-07-24 17:48:58.373 +05:30 [INF] HealthAxis API heartbeat running at "2026-07-24T17:48:58.3734841+05:30"
2026-07-24 17:49:08.382 +05:30 [INF] HealthAxis API heartbeat running at "2026-07-24T17:49:08.3823336+05:30"
2026-07-24 17:49:14.437 +05:30 [WRN] Connection Failed: "rabbitmq://172.31.11.165/"
RabbitMQ.Client.Exceptions.BrokerUnreachableException: None of the specified endpoints were reachable
 ---> System.AggregateException: One or more errors occurred. (Connection failed)
 ---> RabbitMQ.Client.Exceptions.ConnectFailureException: Connection failed
 ---> System.TimeoutException: The operation has timed out.
   at RabbitMQ.Client.Impl.TaskExtensions.TimeoutAfter(Task task, TimeSpan timeout)
   at RabbitMQ.Client.Impl.SocketFrameHandler.ConnectOrFail(ITcpClient socket, AmqpTcpEndpoint endpoint, TimeSpan timeout)
   --- End of inner exception stack trace ---
   at RabbitMQ.Client.Impl.SocketFrameHandler.ConnectOrFail(ITcpClient socket, AmqpTcpEndpoint endpoint, TimeSpan timeout)
   at RabbitMQ.Client.Impl.SocketFrameHandler.ConnectUsingAddressFamily(AmqpTcpEndpoint endpoint, Func`2 socketFactory, TimeSpan timeout, AddressFamily family)
   at RabbitMQ.Client.Impl.SocketFrameHandler..ctor(AmqpTcpEndpoint endpoint, Func`2 socketFactory, TimeSpan connectionTimeout, TimeSpan readTimeout, TimeSpan writeTimeout)
   at RabbitMQ.Client.EndpointResolverExtensions.SelectOne[T](IEndpointResolver resolver, Func`2 selector)
   --- End of inner exception stack trace ---
   at RabbitMQ.Client.EndpointResolverExtensions.SelectOne[T](IEndpointResolver resolver, Func`2 selector)
   at RabbitMQ.Client.ConnectionFactory.CreateConnection(IEndpointResolver endpointResolver, String clientProvidedName)
   --- End of inner exception stack trace ---
   at RabbitMQ.Client.ConnectionFactory.CreateConnection(IEndpointResolver endpointResolver, String clientProvidedName)
   at MassTransit.RabbitMqTransport.ConnectionContextFactory.CreateConnection(ISupervisor supervisor)
2026-07-24 17:49:18.394 +05:30 [INF] HealthAxis API heartbeat running at "2026-07-24T17:49:18.3941260+05:30"
2026-07-24 17:49:28.399 +05:30 [INF] HealthAxis API heartbeat running at "2026-07-24T17:49:28.3992842+05:30"
2026-07-24 17:49:38.401 +05:30 [INF] HealthAxis API heartbeat running at "2026-07-24T17:49:38.4014450+05:30"
2026-07-24 17:49:48.406 +05:30 [INF] HealthAxis API heartbeat running at "2026-07-24T17:49:48.4061260+05:30"
2026-07-24 17:49:55.474 +05:30 [WRN] Connection Failed: "rabbitmq://172.31.11.165/"
RabbitMQ.Client.Exceptions.BrokerUnreachableException: None of the specified endpoints were reachable
 ---> System.AggregateException: One or more errors occurred. (Connection failed)
 ---> RabbitMQ.Client.Exceptions.ConnectFailureException: Connection failed
 ---> System.TimeoutException: The operation has timed out.
   at RabbitMQ.Client.Impl.TaskExtensions.TimeoutAfter(Task task, TimeSpan timeout)
   at RabbitMQ.Client.Impl.SocketFrameHandler.ConnectOrFail(ITcpClient socket, AmqpTcpEndpoint endpoint, TimeSpan timeout)
   --- End of inner exception stack trace ---
   at RabbitMQ.Client.Impl.SocketFrameHandler.ConnectOrFail(ITcpClient socket, AmqpTcpEndpoint endpoint, TimeSpan timeout)
   at RabbitMQ.Client.Impl.SocketFrameHandler.ConnectUsingAddressFamily(AmqpTcpEndpoint endpoint, Func`2 socketFactory, TimeSpan timeout, AddressFamily family)
   at RabbitMQ.Client.Impl.SocketFrameHandler..ctor(AmqpTcpEndpoint endpoint, Func`2 socketFactory, TimeSpan connectionTimeout, TimeSpan readTimeout, TimeSpan writeTimeout)
   at RabbitMQ.Client.EndpointResolverExtensions.SelectOne[T](IEndpointResolver resolver, Func`2 selector)
   --- End of inner exception stack trace ---
   at RabbitMQ.Client.EndpointResolverExtensions.SelectOne[T](IEndpointResolver resolver, Func`2 selector)
   at RabbitMQ.Client.ConnectionFactory.CreateConnection(IEndpointResolver endpointResolver, String clientProvidedName)
   --- End of inner exception stack trace ---
   at RabbitMQ.Client.ConnectionFactory.CreateConnection(IEndpointResolver endpointResolver, String clientProvidedName)
   at MassTransit.RabbitMqTransport.ConnectionContextFactory.CreateConnection(ISupervisor supervisor)
2026-07-24 17:49:58.410 +05:30 [INF] HealthAxis API heartbeat running at "2026-07-24T17:49:58.4105751+05:30"
2026-07-24 17:50:08.413 +05:30 [INF] HealthAxis API heartbeat running at "2026-07-24T17:50:08.4138351+05:30"
2026-07-24 17:50:18.430 +05:30 [INF] HealthAxis API heartbeat running at "2026-07-24T17:50:18.4304500+05:30"
2026-07-24 17:50:28.440 +05:30 [INF] HealthAxis API heartbeat running at "2026-07-24T17:50:28.4401789+05:30"
2026-07-24 17:50:36.512 +05:30 [WRN] Connection Failed: "rabbitmq://172.31.11.165/"
RabbitMQ.Client.Exceptions.BrokerUnreachableException: None of the specified endpoints were reachable
 ---> System.AggregateException: One or more errors occurred. (Connection failed)
 ---> RabbitMQ.Client.Exceptions.ConnectFailureException: Connection failed
 ---> System.TimeoutException: The operation has timed out.
   at RabbitMQ.Client.Impl.TaskExtensions.TimeoutAfter(Task task, TimeSpan timeout)
   at RabbitMQ.Client.Impl.SocketFrameHandler.ConnectOrFail(ITcpClient socket, AmqpTcpEndpoint endpoint, TimeSpan timeout)
   --- End of inner exception stack trace ---
   at RabbitMQ.Client.Impl.SocketFrameHandler.ConnectOrFail(ITcpClient socket, AmqpTcpEndpoint endpoint, TimeSpan timeout)
   at RabbitMQ.Client.Impl.SocketFrameHandler.ConnectUsingAddressFamily(AmqpTcpEndpoint endpoint, Func`2 socketFactory, TimeSpan timeout, AddressFamily family)
   at RabbitMQ.Client.Impl.SocketFrameHandler..ctor(AmqpTcpEndpoint endpoint, Func`2 socketFactory, TimeSpan connectionTimeout, TimeSpan readTimeout, TimeSpan writeTimeout)
   at RabbitMQ.Client.EndpointResolverExtensions.SelectOne[T](IEndpointResolver resolver, Func`2 selector)
   --- End of inner exception stack trace ---
   at RabbitMQ.Client.EndpointResolverExtensions.SelectOne[T](IEndpointResolver resolver, Func`2 selector)
   at RabbitMQ.Client.ConnectionFactory.CreateConnection(IEndpointResolver endpointResolver, String clientProvidedName)
   --- End of inner exception stack trace ---
   at RabbitMQ.Client.ConnectionFactory.CreateConnection(IEndpointResolver endpointResolver, String clientProvidedName)
   at MassTransit.RabbitMqTransport.ConnectionContextFactory.CreateConnection(ISupervisor supervisor)
2026-07-24 17:50:38.447 +05:30 [INF] HealthAxis API heartbeat running at "2026-07-24T17:50:38.4470309+05:30"
2026-07-24 17:50:48.457 +05:30 [INF] HealthAxis API heartbeat running at "2026-07-24T17:50:48.4574370+05:30"
2026-07-24 17:50:58.464 +05:30 [INF] HealthAxis API heartbeat running at "2026-07-24T17:50:58.4642600+05:30"
2026-07-24 17:51:08.474 +05:30 [INF] HealthAxis API heartbeat running at "2026-07-24T17:51:08.4747308+05:30"
2026-07-24 17:51:17.548 +05:30 [WRN] Connection Failed: "rabbitmq://172.31.11.165/"
RabbitMQ.Client.Exceptions.BrokerUnreachableException: None of the specified endpoints were reachable
 ---> System.AggregateException: One or more errors occurred. (Connection failed)
 ---> RabbitMQ.Client.Exceptions.ConnectFailureException: Connection failed
 ---> System.TimeoutException: The operation has timed out.
   at RabbitMQ.Client.Impl.TaskExtensions.TimeoutAfter(Task task, TimeSpan timeout)
   at RabbitMQ.Client.Impl.SocketFrameHandler.ConnectOrFail(ITcpClient socket, AmqpTcpEndpoint endpoint, TimeSpan timeout)
   --- End of inner exception stack trace ---
   at RabbitMQ.Client.Impl.SocketFrameHandler.ConnectOrFail(ITcpClient socket, AmqpTcpEndpoint endpoint, TimeSpan timeout)
   at RabbitMQ.Client.Impl.SocketFrameHandler.ConnectUsingAddressFamily(AmqpTcpEndpoint endpoint, Func`2 socketFactory, TimeSpan timeout, AddressFamily family)
   at RabbitMQ.Client.Impl.SocketFrameHandler..ctor(AmqpTcpEndpoint endpoint, Func`2 socketFactory, TimeSpan connectionTimeout, TimeSpan readTimeout, TimeSpan writeTimeout)
   at RabbitMQ.Client.EndpointResolverExtensions.SelectOne[T](IEndpointResolver resolver, Func`2 selector)
   --- End of inner exception stack trace ---
   at RabbitMQ.Client.EndpointResolverExtensions.SelectOne[T](IEndpointResolver resolver, Func`2 selector)
   at RabbitMQ.Client.ConnectionFactory.CreateConnection(IEndpointResolver endpointResolver, String clientProvidedName)
   --- End of inner exception stack trace ---
   at RabbitMQ.Client.ConnectionFactory.CreateConnection(IEndpointResolver endpointResolver, String clientProvidedName)
   at MassTransit.RabbitMqTransport.ConnectionContextFactory.CreateConnection(ISupervisor supervisor)
2026-07-24 17:51:18.482 +05:30 [INF] HealthAxis API heartbeat running at "2026-07-24T17:51:18.4822422+05:30"
2026-07-24 17:51:28.496 +05:30 [INF] HealthAxis API heartbeat running at "2026-07-24T17:51:28.4967794+05:30"
2026-07-24 17:51:38.502 +05:30 [INF] HealthAxis API heartbeat running at "2026-07-24T17:51:38.5020191+05:30"
2026-07-24 17:51:48.505 +05:30 [INF] HealthAxis API heartbeat running at "2026-07-24T17:51:48.5053834+05:30"
2026-07-24 17:51:58.515 +05:30 [INF] HealthAxis API heartbeat running at "2026-07-24T17:51:58.5155940+05:30"
2026-07-24 17:51:58.578 +05:30 [WRN] Connection Failed: "rabbitmq://172.31.11.165/"
RabbitMQ.Client.Exceptions.BrokerUnreachableException: None of the specified endpoints were reachable
 ---> System.AggregateException: One or more errors occurred. (Connection failed)
 ---> RabbitMQ.Client.Exceptions.ConnectFailureException: Connection failed
 ---> System.TimeoutException: The operation has timed out.
   at RabbitMQ.Client.Impl.TaskExtensions.TimeoutAfter(Task task, TimeSpan timeout)
   at RabbitMQ.Client.Impl.SocketFrameHandler.ConnectOrFail(ITcpClient socket, AmqpTcpEndpoint endpoint, TimeSpan timeout)
   --- End of inner exception stack trace ---
   at RabbitMQ.Client.Impl.SocketFrameHandler.ConnectOrFail(ITcpClient socket, AmqpTcpEndpoint endpoint, TimeSpan timeout)
   at RabbitMQ.Client.Impl.SocketFrameHandler.ConnectUsingAddressFamily(AmqpTcpEndpoint endpoint, Func`2 socketFactory, TimeSpan timeout, AddressFamily family)
   at RabbitMQ.Client.Impl.SocketFrameHandler..ctor(AmqpTcpEndpoint endpoint, Func`2 socketFactory, TimeSpan connectionTimeout, TimeSpan readTimeout, TimeSpan writeTimeout)
   at RabbitMQ.Client.EndpointResolverExtensions.SelectOne[T](IEndpointResolver resolver, Func`2 selector)
   --- End of inner exception stack trace ---
   at RabbitMQ.Client.EndpointResolverExtensions.SelectOne[T](IEndpointResolver resolver, Func`2 selector)
   at RabbitMQ.Client.ConnectionFactory.CreateConnection(IEndpointResolver endpointResolver, String clientProvidedName)
   --- End of inner exception stack trace ---
   at RabbitMQ.Client.ConnectionFactory.CreateConnection(IEndpointResolver endpointResolver, String clientProvidedName)
   at MassTransit.RabbitMqTransport.ConnectionContextFactory.CreateConnection(ISupervisor supervisor)
2026-07-24 17:52:08.531 +05:30 [INF] HealthAxis API heartbeat running at "2026-07-24T17:52:08.5314411+05:30"
2026-07-24 17:52:18.541 +05:30 [INF] HealthAxis API heartbeat running at "2026-07-24T17:52:18.5415336+05:30"
2026-07-24 17:52:28.542 +05:30 [INF] HealthAxis API heartbeat running at "2026-07-24T17:52:28.5426686+05:30"
2026-07-24 17:52:38.555 +05:30 [INF] HealthAxis API heartbeat running at "2026-07-24T17:52:38.5551820+05:30"
2026-07-24 17:52:39.614 +05:30 [WRN] Connection Failed: "rabbitmq://172.31.11.165/"
RabbitMQ.Client.Exceptions.BrokerUnreachableException: None of the specified endpoints were reachable
 ---> System.AggregateException: One or more errors occurred. (Connection failed)
 ---> RabbitMQ.Client.Exceptions.ConnectFailureException: Connection failed
 ---> System.TimeoutException: The operation has timed out.
   at RabbitMQ.Client.Impl.TaskExtensions.TimeoutAfter(Task task, TimeSpan timeout)
   at RabbitMQ.Client.Impl.SocketFrameHandler.ConnectOrFail(ITcpClient socket, AmqpTcpEndpoint endpoint, TimeSpan timeout)
   --- End of inner exception stack trace ---
   at RabbitMQ.Client.Impl.SocketFrameHandler.ConnectOrFail(ITcpClient socket, AmqpTcpEndpoint endpoint, TimeSpan timeout)
   at RabbitMQ.Client.Impl.SocketFrameHandler.ConnectUsingAddressFamily(AmqpTcpEndpoint endpoint, Func`2 socketFactory, TimeSpan timeout, AddressFamily family)
   at RabbitMQ.Client.Impl.SocketFrameHandler..ctor(AmqpTcpEndpoint endpoint, Func`2 socketFactory, TimeSpan connectionTimeout, TimeSpan readTimeout, TimeSpan writeTimeout)
   at RabbitMQ.Client.EndpointResolverExtensions.SelectOne[T](IEndpointResolver resolver, Func`2 selector)
   --- End of inner exception stack trace ---
   at RabbitMQ.Client.EndpointResolverExtensions.SelectOne[T](IEndpointResolver resolver, Func`2 selector)
   at RabbitMQ.Client.ConnectionFactory.CreateConnection(IEndpointResolver endpointResolver, String clientProvidedName)
   --- End of inner exception stack trace ---
   at RabbitMQ.Client.ConnectionFactory.CreateConnection(IEndpointResolver endpointResolver, String clientProvidedName)
   at MassTransit.RabbitMqTransport.ConnectionContextFactory.CreateConnection(ISupervisor supervisor)
2026-07-24 17:52:48.566 +05:30 [INF] HealthAxis API heartbeat running at "2026-07-24T17:52:48.5663913+05:30"
2026-07-24 17:52:58.576 +05:30 [INF] HealthAxis API heartbeat running at "2026-07-24T17:52:58.5762018+05:30"
2026-07-24 17:53:08.577 +05:30 [INF] HealthAxis API heartbeat running at "2026-07-24T17:53:08.5774508+05:30"
2026-07-24 17:53:18.583 +05:30 [INF] HealthAxis API heartbeat running at "2026-07-24T17:53:18.5829903+05:30"
2026-07-24 17:53:20.652 +05:30 [WRN] Connection Failed: "rabbitmq://172.31.11.165/"
RabbitMQ.Client.Exceptions.BrokerUnreachableException: None of the specified endpoints were reachable
 ---> System.AggregateException: One or more errors occurred. (Connection failed)
 ---> RabbitMQ.Client.Exceptions.ConnectFailureException: Connection failed
 ---> System.TimeoutException: The operation has timed out.
   at RabbitMQ.Client.Impl.TaskExtensions.TimeoutAfter(Task task, TimeSpan timeout)
   at RabbitMQ.Client.Impl.SocketFrameHandler.ConnectOrFail(ITcpClient socket, AmqpTcpEndpoint endpoint, TimeSpan timeout)
   --- End of inner exception stack trace ---
   at RabbitMQ.Client.Impl.SocketFrameHandler.ConnectOrFail(ITcpClient socket, AmqpTcpEndpoint endpoint, TimeSpan timeout)
   at RabbitMQ.Client.Impl.SocketFrameHandler.ConnectUsingAddressFamily(AmqpTcpEndpoint endpoint, Func`2 socketFactory, TimeSpan timeout, AddressFamily family)
   at RabbitMQ.Client.Impl.SocketFrameHandler..ctor(AmqpTcpEndpoint endpoint, Func`2 socketFactory, TimeSpan connectionTimeout, TimeSpan readTimeout, TimeSpan writeTimeout)
   at RabbitMQ.Client.EndpointResolverExtensions.SelectOne[T](IEndpointResolver resolver, Func`2 selector)
   --- End of inner exception stack trace ---
   at RabbitMQ.Client.EndpointResolverExtensions.SelectOne[T](IEndpointResolver resolver, Func`2 selector)
   at RabbitMQ.Client.ConnectionFactory.CreateConnection(IEndpointResolver endpointResolver, String clientProvidedName)
   --- End of inner exception stack trace ---
   at RabbitMQ.Client.ConnectionFactory.CreateConnection(IEndpointResolver endpointResolver, String clientProvidedName)
   at MassTransit.RabbitMqTransport.ConnectionContextFactory.CreateConnection(ISupervisor supervisor)
2026-07-24 17:53:28.583 +05:30 [INF] HealthAxis API heartbeat running at "2026-07-24T17:53:28.5835617+05:30"
2026-07-24 17:53:38.590 +05:30 [INF] HealthAxis API heartbeat running at "2026-07-24T17:53:38.5906010+05:30"
2026-07-24 17:53:48.601 +05:30 [INF] HealthAxis API heartbeat running at "2026-07-24T17:53:48.6015471+05:30"
2026-07-24 17:53:58.617 +05:30 [INF] HealthAxis API heartbeat running at "2026-07-24T17:53:58.6175213+05:30"
2026-07-24 17:54:01.679 +05:30 [WRN] Connection Failed: "rabbitmq://172.31.11.165/"
RabbitMQ.Client.Exceptions.BrokerUnreachableException: None of the specified endpoints were reachable
 ---> System.AggregateException: One or more errors occurred. (Connection failed)
 ---> RabbitMQ.Client.Exceptions.ConnectFailureException: Connection failed
 ---> System.TimeoutException: The operation has timed out.
   at RabbitMQ.Client.Impl.TaskExtensions.TimeoutAfter(Task task, TimeSpan timeout)
   at RabbitMQ.Client.Impl.SocketFrameHandler.ConnectOrFail(ITcpClient socket, AmqpTcpEndpoint endpoint, TimeSpan timeout)
   --- End of inner exception stack trace ---
   at RabbitMQ.Client.Impl.SocketFrameHandler.ConnectOrFail(ITcpClient socket, AmqpTcpEndpoint endpoint, TimeSpan timeout)
   at RabbitMQ.Client.Impl.SocketFrameHandler.ConnectUsingAddressFamily(AmqpTcpEndpoint endpoint, Func`2 socketFactory, TimeSpan timeout, AddressFamily family)
   at RabbitMQ.Client.Impl.SocketFrameHandler..ctor(AmqpTcpEndpoint endpoint, Func`2 socketFactory, TimeSpan connectionTimeout, TimeSpan readTimeout, TimeSpan writeTimeout)
   at RabbitMQ.Client.EndpointResolverExtensions.SelectOne[T](IEndpointResolver resolver, Func`2 selector)
   --- End of inner exception stack trace ---
   at RabbitMQ.Client.EndpointResolverExtensions.SelectOne[T](IEndpointResolver resolver, Func`2 selector)
   at RabbitMQ.Client.ConnectionFactory.CreateConnection(IEndpointResolver endpointResolver, String clientProvidedName)
   --- End of inner exception stack trace ---
   at RabbitMQ.Client.ConnectionFactory.CreateConnection(IEndpointResolver endpointResolver, String clientProvidedName)
   at MassTransit.RabbitMqTransport.ConnectionContextFactory.CreateConnection(ISupervisor supervisor)
2026-07-24 17:54:08.634 +05:30 [INF] HealthAxis API heartbeat running at "2026-07-24T17:54:08.6342457+05:30"
2026-07-24 17:54:18.649 +05:30 [INF] HealthAxis API heartbeat running at "2026-07-24T17:54:18.6492850+05:30"
2026-07-24 17:54:28.662 +05:30 [INF] HealthAxis API heartbeat running at "2026-07-24T17:54:28.6628468+05:30"
2026-07-24 17:54:38.676 +05:30 [INF] HealthAxis API heartbeat running at "2026-07-24T17:54:38.6768860+05:30"
2026-07-24 17:54:42.702 +05:30 [WRN] Connection Failed: "rabbitmq://172.31.11.165/"
RabbitMQ.Client.Exceptions.BrokerUnreachableException: None of the specified endpoints were reachable
 ---> System.AggregateException: One or more errors occurred. (Connection failed)
 ---> RabbitMQ.Client.Exceptions.ConnectFailureException: Connection failed
 ---> System.TimeoutException: The operation has timed out.
   at RabbitMQ.Client.Impl.TaskExtensions.TimeoutAfter(Task task, TimeSpan timeout)
   at RabbitMQ.Client.Impl.SocketFrameHandler.ConnectOrFail(ITcpClient socket, AmqpTcpEndpoint endpoint, TimeSpan timeout)
   --- End of inner exception stack trace ---
   at RabbitMQ.Client.Impl.SocketFrameHandler.ConnectOrFail(ITcpClient socket, AmqpTcpEndpoint endpoint, TimeSpan timeout)
   at RabbitMQ.Client.Impl.SocketFrameHandler.ConnectUsingAddressFamily(AmqpTcpEndpoint endpoint, Func`2 socketFactory, TimeSpan timeout, AddressFamily family)
   at RabbitMQ.Client.Impl.SocketFrameHandler..ctor(AmqpTcpEndpoint endpoint, Func`2 socketFactory, TimeSpan connectionTimeout, TimeSpan readTimeout, TimeSpan writeTimeout)
   at RabbitMQ.Client.EndpointResolverExtensions.SelectOne[T](IEndpointResolver resolver, Func`2 selector)
   --- End of inner exception stack trace ---
   at RabbitMQ.Client.EndpointResolverExtensions.SelectOne[T](IEndpointResolver resolver, Func`2 selector)
   at RabbitMQ.Client.ConnectionFactory.CreateConnection(IEndpointResolver endpointResolver, String clientProvidedName)
   --- End of inner exception stack trace ---
   at RabbitMQ.Client.ConnectionFactory.CreateConnection(IEndpointResolver endpointResolver, String clientProvidedName)
   at MassTransit.RabbitMqTransport.ConnectionContextFactory.CreateConnection(ISupervisor supervisor)
2026-07-24 17:54:48.690 +05:30 [INF] HealthAxis API heartbeat running at "2026-07-24T17:54:48.6902063+05:30"
2026-07-24 17:54:58.699 +05:30 [INF] HealthAxis API heartbeat running at "2026-07-24T17:54:58.6995484+05:30"
2026-07-24 17:55:08.704 +05:30 [INF] HealthAxis API heartbeat running at "2026-07-24T17:55:08.7049352+05:30"
2026-07-24 17:55:18.712 +05:30 [INF] HealthAxis API heartbeat running at "2026-07-24T17:55:18.7122594+05:30"
2026-07-24 17:55:23.741 +05:30 [WRN] Connection Failed: "rabbitmq://172.31.11.165/"
RabbitMQ.Client.Exceptions.BrokerUnreachableException: None of the specified endpoints were reachable
 ---> System.AggregateException: One or more errors occurred. (Connection failed)
 ---> RabbitMQ.Client.Exceptions.ConnectFailureException: Connection failed
 ---> System.TimeoutException: The operation has timed out.
   at RabbitMQ.Client.Impl.TaskExtensions.TimeoutAfter(Task task, TimeSpan timeout)
   at RabbitMQ.Client.Impl.SocketFrameHandler.ConnectOrFail(ITcpClient socket, AmqpTcpEndpoint endpoint, TimeSpan timeout)
   --- End of inner exception stack trace ---
   at RabbitMQ.Client.Impl.SocketFrameHandler.ConnectOrFail(ITcpClient socket, AmqpTcpEndpoint endpoint, TimeSpan timeout)
   at RabbitMQ.Client.Impl.SocketFrameHandler.ConnectUsingAddressFamily(AmqpTcpEndpoint endpoint, Func`2 socketFactory, TimeSpan timeout, AddressFamily family)
   at RabbitMQ.Client.Impl.SocketFrameHandler..ctor(AmqpTcpEndpoint endpoint, Func`2 socketFactory, TimeSpan connectionTimeout, TimeSpan readTimeout, TimeSpan writeTimeout)
   at RabbitMQ.Client.EndpointResolverExtensions.SelectOne[T](IEndpointResolver resolver, Func`2 selector)
   --- End of inner exception stack trace ---
   at RabbitMQ.Client.EndpointResolverExtensions.SelectOne[T](IEndpointResolver resolver, Func`2 selector)
   at RabbitMQ.Client.ConnectionFactory.CreateConnection(IEndpointResolver endpointResolver, String clientProvidedName)
   --- End of inner exception stack trace ---
   at RabbitMQ.Client.ConnectionFactory.CreateConnection(IEndpointResolver endpointResolver, String clientProvidedName)
   at MassTransit.RabbitMqTransport.ConnectionContextFactory.CreateConnection(ISupervisor supervisor)
2026-07-24 17:55:28.719 +05:30 [INF] HealthAxis API heartbeat running at "2026-07-24T17:55:28.7194704+05:30"
2026-07-24 17:55:38.731 +05:30 [INF] HealthAxis API heartbeat running at "2026-07-24T17:55:38.7315316+05:30"
2026-07-24 17:55:48.741 +05:30 [INF] HealthAxis API heartbeat running at "2026-07-24T17:55:48.7418236+05:30"
2026-07-24 17:55:58.745 +05:30 [INF] HealthAxis API heartbeat running at "2026-07-24T17:55:58.7454286+05:30"
2026-07-24 17:56:04.776 +05:30 [WRN] Connection Failed: "rabbitmq://172.31.11.165/"
RabbitMQ.Client.Exceptions.BrokerUnreachableException: None of the specified endpoints were reachable
 ---> System.AggregateException: One or more errors occurred. (Connection failed)
 ---> RabbitMQ.Client.Exceptions.ConnectFailureException: Connection failed
 ---> System.TimeoutException: The operation has timed out.
   at RabbitMQ.Client.Impl.TaskExtensions.TimeoutAfter(Task task, TimeSpan timeout)
   at RabbitMQ.Client.Impl.SocketFrameHandler.ConnectOrFail(ITcpClient socket, AmqpTcpEndpoint endpoint, TimeSpan timeout)
   --- End of inner exception stack trace ---
   at RabbitMQ.Client.Impl.SocketFrameHandler.ConnectOrFail(ITcpClient socket, AmqpTcpEndpoint endpoint, TimeSpan timeout)
   at RabbitMQ.Client.Impl.SocketFrameHandler.ConnectUsingAddressFamily(AmqpTcpEndpoint endpoint, Func`2 socketFactory, TimeSpan timeout, AddressFamily family)
   at RabbitMQ.Client.Impl.SocketFrameHandler..ctor(AmqpTcpEndpoint endpoint, Func`2 socketFactory, TimeSpan connectionTimeout, TimeSpan readTimeout, TimeSpan writeTimeout)
   at RabbitMQ.Client.EndpointResolverExtensions.SelectOne[T](IEndpointResolver resolver, Func`2 selector)
   --- End of inner exception stack trace ---
   at RabbitMQ.Client.EndpointResolverExtensions.SelectOne[T](IEndpointResolver resolver, Func`2 selector)
   at RabbitMQ.Client.ConnectionFactory.CreateConnection(IEndpointResolver endpointResolver, String clientProvidedName)
   --- End of inner exception stack trace ---
   at RabbitMQ.Client.ConnectionFactory.CreateConnection(IEndpointResolver endpointResolver, String clientProvidedName)
   at MassTransit.RabbitMqTransport.ConnectionContextFactory.CreateConnection(ISupervisor supervisor)
2026-07-24 17:56:08.756 +05:30 [INF] HealthAxis API heartbeat running at "2026-07-24T17:56:08.7560782+05:30"
2026-07-24 17:56:18.758 +05:30 [INF] HealthAxis API heartbeat running at "2026-07-24T17:56:18.7581180+05:30"
2026-07-24 17:56:28.769 +05:30 [INF] HealthAxis API heartbeat running at "2026-07-24T17:56:28.7690917+05:30"
2026-07-24 17:56:38.770 +05:30 [INF] HealthAxis API heartbeat running at "2026-07-24T17:56:38.7703959+05:30"
2026-07-24 17:56:45.803 +05:30 [WRN] Connection Failed: "rabbitmq://172.31.11.165/"
RabbitMQ.Client.Exceptions.BrokerUnreachableException: None of the specified endpoints were reachable
 ---> System.AggregateException: One or more errors occurred. (Connection failed)
 ---> RabbitMQ.Client.Exceptions.ConnectFailureException: Connection failed
 ---> System.TimeoutException: The operation has timed out.
   at RabbitMQ.Client.Impl.TaskExtensions.TimeoutAfter(Task task, TimeSpan timeout)
   at RabbitMQ.Client.Impl.SocketFrameHandler.ConnectOrFail(ITcpClient socket, AmqpTcpEndpoint endpoint, TimeSpan timeout)
   --- End of inner exception stack trace ---
   at RabbitMQ.Client.Impl.SocketFrameHandler.ConnectOrFail(ITcpClient socket, AmqpTcpEndpoint endpoint, TimeSpan timeout)
   at RabbitMQ.Client.Impl.SocketFrameHandler.ConnectUsingAddressFamily(AmqpTcpEndpoint endpoint, Func`2 socketFactory, TimeSpan timeout, AddressFamily family)
   at RabbitMQ.Client.Impl.SocketFrameHandler..ctor(AmqpTcpEndpoint endpoint, Func`2 socketFactory, TimeSpan connectionTimeout, TimeSpan readTimeout, TimeSpan writeTimeout)
   at RabbitMQ.Client.EndpointResolverExtensions.SelectOne[T](IEndpointResolver resolver, Func`2 selector)
   --- End of inner exception stack trace ---
   at RabbitMQ.Client.EndpointResolverExtensions.SelectOne[T](IEndpointResolver resolver, Func`2 selector)
   at RabbitMQ.Client.ConnectionFactory.CreateConnection(IEndpointResolver endpointResolver, String clientProvidedName)
   --- End of inner exception stack trace ---
   at RabbitMQ.Client.ConnectionFactory.CreateConnection(IEndpointResolver endpointResolver, String clientProvidedName)
   at MassTransit.RabbitMqTransport.ConnectionContextFactory.CreateConnection(ISupervisor supervisor)
2026-07-24 17:56:48.774 +05:30 [INF] HealthAxis API heartbeat running at "2026-07-24T17:56:48.7748715+05:30"
2026-07-24 17:56:58.781 +05:30 [INF] HealthAxis API heartbeat running at "2026-07-24T17:56:58.7819650+05:30"
2026-07-24 17:57:08.795 +05:30 [INF] HealthAxis API heartbeat running at "2026-07-24T17:57:08.7956748+05:30"
2026-07-24 17:57:18.805 +05:30 [INF] HealthAxis API heartbeat running at "2026-07-24T17:57:18.8051040+05:30"
2026-07-24 17:57:26.837 +05:30 [WRN] Connection Failed: "rabbitmq://172.31.11.165/"
RabbitMQ.Client.Exceptions.BrokerUnreachableException: None of the specified endpoints were reachable
 ---> System.AggregateException: One or more errors occurred. (Connection failed)
 ---> RabbitMQ.Client.Exceptions.ConnectFailureException: Connection failed
 ---> System.TimeoutException: The operation has timed out.
   at RabbitMQ.Client.Impl.TaskExtensions.TimeoutAfter(Task task, TimeSpan timeout)
   at RabbitMQ.Client.Impl.SocketFrameHandler.ConnectOrFail(ITcpClient socket, AmqpTcpEndpoint endpoint, TimeSpan timeout)
   --- End of inner exception stack trace ---
   at RabbitMQ.Client.Impl.SocketFrameHandler.ConnectOrFail(ITcpClient socket, AmqpTcpEndpoint endpoint, TimeSpan timeout)
   at RabbitMQ.Client.Impl.SocketFrameHandler.ConnectUsingAddressFamily(AmqpTcpEndpoint endpoint, Func`2 socketFactory, TimeSpan timeout, AddressFamily family)
   at RabbitMQ.Client.Impl.SocketFrameHandler..ctor(AmqpTcpEndpoint endpoint, Func`2 socketFactory, TimeSpan connectionTimeout, TimeSpan readTimeout, TimeSpan writeTimeout)
   at RabbitMQ.Client.EndpointResolverExtensions.SelectOne[T](IEndpointResolver resolver, Func`2 selector)
   --- End of inner exception stack trace ---
   at RabbitMQ.Client.EndpointResolverExtensions.SelectOne[T](IEndpointResolver resolver, Func`2 selector)
   at RabbitMQ.Client.ConnectionFactory.CreateConnection(IEndpointResolver endpointResolver, String clientProvidedName)
   --- End of inner exception stack trace ---
   at RabbitMQ.Client.ConnectionFactory.CreateConnection(IEndpointResolver endpointResolver, String clientProvidedName)
   at MassTransit.RabbitMqTransport.ConnectionContextFactory.CreateConnection(ISupervisor supervisor)
2026-07-24 17:57:28.812 +05:30 [INF] HealthAxis API heartbeat running at "2026-07-24T17:57:28.8121067+05:30"
2026-07-24 17:57:38.826 +05:30 [INF] HealthAxis API heartbeat running at "2026-07-24T17:57:38.8264298+05:30"
2026-07-24 17:57:48.837 +05:30 [INF] HealthAxis API heartbeat running at "2026-07-24T17:57:48.8370895+05:30"
2026-07-24 17:57:58.853 +05:30 [INF] HealthAxis API heartbeat running at "2026-07-24T17:57:58.8533474+05:30"
2026-07-24 17:58:07.864 +05:30 [WRN] Connection Failed: "rabbitmq://172.31.11.165/"
RabbitMQ.Client.Exceptions.BrokerUnreachableException: None of the specified endpoints were reachable
 ---> System.AggregateException: One or more errors occurred. (Connection failed)
 ---> RabbitMQ.Client.Exceptions.ConnectFailureException: Connection failed
 ---> System.TimeoutException: The operation has timed out.
   at RabbitMQ.Client.Impl.TaskExtensions.TimeoutAfter(Task task, TimeSpan timeout)
   at RabbitMQ.Client.Impl.SocketFrameHandler.ConnectOrFail(ITcpClient socket, AmqpTcpEndpoint endpoint, TimeSpan timeout)
   --- End of inner exception stack trace ---
   at RabbitMQ.Client.Impl.SocketFrameHandler.ConnectOrFail(ITcpClient socket, AmqpTcpEndpoint endpoint, TimeSpan timeout)
   at RabbitMQ.Client.Impl.SocketFrameHandler.ConnectUsingAddressFamily(AmqpTcpEndpoint endpoint, Func`2 socketFactory, TimeSpan timeout, AddressFamily family)
   at RabbitMQ.Client.Impl.SocketFrameHandler..ctor(AmqpTcpEndpoint endpoint, Func`2 socketFactory, TimeSpan connectionTimeout, TimeSpan readTimeout, TimeSpan writeTimeout)
   at RabbitMQ.Client.EndpointResolverExtensions.SelectOne[T](IEndpointResolver resolver, Func`2 selector)
   --- End of inner exception stack trace ---
   at RabbitMQ.Client.EndpointResolverExtensions.SelectOne[T](IEndpointResolver resolver, Func`2 selector)
   at RabbitMQ.Client.ConnectionFactory.CreateConnection(IEndpointResolver endpointResolver, String clientProvidedName)
   --- End of inner exception stack trace ---
   at RabbitMQ.Client.ConnectionFactory.CreateConnection(IEndpointResolver endpointResolver, String clientProvidedName)
   at MassTransit.RabbitMqTransport.ConnectionContextFactory.CreateConnection(ISupervisor supervisor)
2026-07-24 17:58:08.867 +05:30 [INF] HealthAxis API heartbeat running at "2026-07-24T17:58:08.8670652+05:30"
2026-07-24 17:58:18.872 +05:30 [INF] HealthAxis API heartbeat running at "2026-07-24T17:58:18.8721321+05:30"
2026-07-24 17:58:28.883 +05:30 [INF] HealthAxis API heartbeat running at "2026-07-24T17:58:28.8832751+05:30"
2026-07-24 17:58:38.889 +05:30 [INF] HealthAxis API heartbeat running at "2026-07-24T17:58:38.8895522+05:30"
2026-07-24 17:58:48.889 +05:30 [WRN] Connection Failed: "rabbitmq://172.31.11.165/"
RabbitMQ.Client.Exceptions.BrokerUnreachableException: None of the specified endpoints were reachable
 ---> System.AggregateException: One or more errors occurred. (Connection failed)
 ---> RabbitMQ.Client.Exceptions.ConnectFailureException: Connection failed
 ---> System.TimeoutException: The operation has timed out.
   at RabbitMQ.Client.Impl.TaskExtensions.TimeoutAfter(Task task, TimeSpan timeout)
   at RabbitMQ.Client.Impl.SocketFrameHandler.ConnectOrFail(ITcpClient socket, AmqpTcpEndpoint endpoint, TimeSpan timeout)
   --- End of inner exception stack trace ---
   at RabbitMQ.Client.Impl.SocketFrameHandler.ConnectOrFail(ITcpClient socket, AmqpTcpEndpoint endpoint, TimeSpan timeout)
   at RabbitMQ.Client.Impl.SocketFrameHandler.ConnectUsingAddressFamily(AmqpTcpEndpoint endpoint, Func`2 socketFactory, TimeSpan timeout, AddressFamily family)
   at RabbitMQ.Client.Impl.SocketFrameHandler..ctor(AmqpTcpEndpoint endpoint, Func`2 socketFactory, TimeSpan connectionTimeout, TimeSpan readTimeout, TimeSpan writeTimeout)
   at RabbitMQ.Client.EndpointResolverExtensions.SelectOne[T](IEndpointResolver resolver, Func`2 selector)
   --- End of inner exception stack trace ---
   at RabbitMQ.Client.EndpointResolverExtensions.SelectOne[T](IEndpointResolver resolver, Func`2 selector)
   at RabbitMQ.Client.ConnectionFactory.CreateConnection(IEndpointResolver endpointResolver, String clientProvidedName)
   --- End of inner exception stack trace ---
   at RabbitMQ.Client.ConnectionFactory.CreateConnection(IEndpointResolver endpointResolver, String clientProvidedName)
   at MassTransit.RabbitMqTransport.ConnectionContextFactory.CreateConnection(ISupervisor supervisor)
2026-07-24 17:58:48.896 +05:30 [INF] HealthAxis API heartbeat running at "2026-07-24T17:58:48.8966275+05:30"
2026-07-24 17:58:58.907 +05:30 [INF] HealthAxis API heartbeat running at "2026-07-24T17:58:58.9075885+05:30"
2026-07-24 17:59:08.920 +05:30 [INF] HealthAxis API heartbeat running at "2026-07-24T17:59:08.9208077+05:30"
2026-07-24 17:59:18.925 +05:30 [INF] HealthAxis API heartbeat running at "2026-07-24T17:59:18.9257539+05:30"
2026-07-24 17:59:28.934 +05:30 [INF] HealthAxis API heartbeat running at "2026-07-24T17:59:28.9346131+05:30"
2026-07-24 17:59:29.909 +05:30 [WRN] Connection Failed: "rabbitmq://172.31.11.165/"
RabbitMQ.Client.Exceptions.BrokerUnreachableException: None of the specified endpoints were reachable
 ---> System.AggregateException: One or more errors occurred. (Connection failed)
 ---> RabbitMQ.Client.Exceptions.ConnectFailureException: Connection failed
 ---> System.TimeoutException: The operation has timed out.
   at RabbitMQ.Client.Impl.TaskExtensions.TimeoutAfter(Task task, TimeSpan timeout)
   at RabbitMQ.Client.Impl.SocketFrameHandler.ConnectOrFail(ITcpClient socket, AmqpTcpEndpoint endpoint, TimeSpan timeout)
   --- End of inner exception stack trace ---
   at RabbitMQ.Client.Impl.SocketFrameHandler.ConnectOrFail(ITcpClient socket, AmqpTcpEndpoint endpoint, TimeSpan timeout)
   at RabbitMQ.Client.Impl.SocketFrameHandler.ConnectUsingAddressFamily(AmqpTcpEndpoint endpoint, Func`2 socketFactory, TimeSpan timeout, AddressFamily family)
   at RabbitMQ.Client.Impl.SocketFrameHandler..ctor(AmqpTcpEndpoint endpoint, Func`2 socketFactory, TimeSpan connectionTimeout, TimeSpan readTimeout, TimeSpan writeTimeout)
   at RabbitMQ.Client.EndpointResolverExtensions.SelectOne[T](IEndpointResolver resolver, Func`2 selector)
   --- End of inner exception stack trace ---
   at RabbitMQ.Client.EndpointResolverExtensions.SelectOne[T](IEndpointResolver resolver, Func`2 selector)
   at RabbitMQ.Client.ConnectionFactory.CreateConnection(IEndpointResolver endpointResolver, String clientProvidedName)
   --- End of inner exception stack trace ---
   at RabbitMQ.Client.ConnectionFactory.CreateConnection(IEndpointResolver endpointResolver, String clientProvidedName)
   at MassTransit.RabbitMqTransport.ConnectionContextFactory.CreateConnection(ISupervisor supervisor)
2026-07-24 17:59:38.943 +05:30 [INF] HealthAxis API heartbeat running at "2026-07-24T17:59:38.9438794+05:30"
2026-07-24 17:59:48.953 +05:30 [INF] HealthAxis API heartbeat running at "2026-07-24T17:59:48.9534067+05:30"
2026-07-24 17:59:58.957 +05:30 [INF] HealthAxis API heartbeat running at "2026-07-24T17:59:58.9572642+05:30"
2026-07-24 18:00:08.969 +05:30 [INF] HealthAxis API heartbeat running at "2026-07-24T18:00:08.9696150+05:30"
2026-07-24 18:00:10.951 +05:30 [WRN] Connection Failed: "rabbitmq://172.31.11.165/"
RabbitMQ.Client.Exceptions.BrokerUnreachableException: None of the specified endpoints were reachable
 ---> System.AggregateException: One or more errors occurred. (Connection failed)
 ---> RabbitMQ.Client.Exceptions.ConnectFailureException: Connection failed
 ---> System.TimeoutException: The operation has timed out.
   at RabbitMQ.Client.Impl.TaskExtensions.TimeoutAfter(Task task, TimeSpan timeout)
   at RabbitMQ.Client.Impl.SocketFrameHandler.ConnectOrFail(ITcpClient socket, AmqpTcpEndpoint endpoint, TimeSpan timeout)
   --- End of inner exception stack trace ---
   at RabbitMQ.Client.Impl.SocketFrameHandler.ConnectOrFail(ITcpClient socket, AmqpTcpEndpoint endpoint, TimeSpan timeout)
   at RabbitMQ.Client.Impl.SocketFrameHandler.ConnectUsingAddressFamily(AmqpTcpEndpoint endpoint, Func`2 socketFactory, TimeSpan timeout, AddressFamily family)
   at RabbitMQ.Client.Impl.SocketFrameHandler..ctor(AmqpTcpEndpoint endpoint, Func`2 socketFactory, TimeSpan connectionTimeout, TimeSpan readTimeout, TimeSpan writeTimeout)
   at RabbitMQ.Client.EndpointResolverExtensions.SelectOne[T](IEndpointResolver resolver, Func`2 selector)
   --- End of inner exception stack trace ---
   at RabbitMQ.Client.EndpointResolverExtensions.SelectOne[T](IEndpointResolver resolver, Func`2 selector)
   at RabbitMQ.Client.ConnectionFactory.CreateConnection(IEndpointResolver endpointResolver, String clientProvidedName)
   --- End of inner exception stack trace ---
   at RabbitMQ.Client.ConnectionFactory.CreateConnection(IEndpointResolver endpointResolver, String clientProvidedName)
   at MassTransit.RabbitMqTransport.ConnectionContextFactory.CreateConnection(ISupervisor supervisor)
2026-07-24 18:00:19.080 +05:30 [INF] HealthAxis API heartbeat running at "2026-07-24T18:00:19.0802774+05:30"
2026-07-24 18:00:30.805 +05:30 [INF] HealthAxis API heartbeat running at "2026-07-24T18:00:30.8052263+05:30"
2026-07-24 22:42:26.697 +05:30 [INF] HealthAxis API heartbeat running at "2026-07-24T22:42:26.6975989+05:30"
2026-07-24 22:42:29.340 +05:30 [WRN] Connection Failed: "rabbitmq://172.31.11.165/"
RabbitMQ.Client.Exceptions.BrokerUnreachableException: None of the specified endpoints were reachable
 ---> System.AggregateException: One or more errors occurred. (Connection failed)
 ---> RabbitMQ.Client.Exceptions.ConnectFailureException: Connection failed
 ---> System.Net.Sockets.SocketException (10065): A socket operation was attempted to an unreachable host.
   at System.Threading.Tasks.ValueTask.ValueTaskSourceAsTask.<>c.<.cctor>b__4_0(Object state)
--- End of stack trace from previous location ---
   at RabbitMQ.Client.TcpClientAdapter.ConnectAsync(String host, Int32 port)
   at RabbitMQ.Client.Impl.TaskExtensions.TimeoutAfter(Task task, TimeSpan timeout)
   at RabbitMQ.Client.Impl.SocketFrameHandler.ConnectOrFail(ITcpClient socket, AmqpTcpEndpoint endpoint, TimeSpan timeout)
   --- End of inner exception stack trace ---
   at RabbitMQ.Client.Impl.SocketFrameHandler.ConnectOrFail(ITcpClient socket, AmqpTcpEndpoint endpoint, TimeSpan timeout)
   at RabbitMQ.Client.Impl.SocketFrameHandler.ConnectUsingAddressFamily(AmqpTcpEndpoint endpoint, Func`2 socketFactory, TimeSpan timeout, AddressFamily family)
   at RabbitMQ.Client.Impl.SocketFrameHandler..ctor(AmqpTcpEndpoint endpoint, Func`2 socketFactory, TimeSpan connectionTimeout, TimeSpan readTimeout, TimeSpan writeTimeout)
   at RabbitMQ.Client.EndpointResolverExtensions.SelectOne[T](IEndpointResolver resolver, Func`2 selector)
   --- End of inner exception stack trace ---
   at RabbitMQ.Client.EndpointResolverExtensions.SelectOne[T](IEndpointResolver resolver, Func`2 selector)
   at RabbitMQ.Client.ConnectionFactory.CreateConnection(IEndpointResolver endpointResolver, String clientProvidedName)
   --- End of inner exception stack trace ---
   at RabbitMQ.Client.ConnectionFactory.CreateConnection(IEndpointResolver endpointResolver, String clientProvidedName)
   at MassTransit.RabbitMqTransport.ConnectionContextFactory.CreateConnection(ISupervisor supervisor)
2026-07-24 22:42:37.039 +05:30 [INF] HealthAxis API heartbeat running at "2026-07-24T22:42:37.0392190+05:30"
