2026-07-13 09:22:32.955 +05:30 [INF] Configured endpoint appointment.events.queue, Consumer: HealthAxis.API.Consumers.AppointmentBookedConsumer
2026-07-13 09:22:33.474 +05:30 [INF] HeartbeatService started.
2026-07-13 09:22:33.477 +05:30 [INF] NotificationCleanupService started.
2026-07-13 09:22:33.481 +05:30 [INF] HealthAxis API heartbeat running at "2026-07-13T09:22:33.4789140+05:30"
2026-07-13 09:22:34.082 +05:30 [INF] No old notifications found for cleanup.
2026-07-13 09:22:34.372 +05:30 [INF] Now listening on: https://localhost:7130
2026-07-13 09:22:34.398 +05:30 [INF] Now listening on: http://localhost:5145
2026-07-13 09:22:35.267 +05:30 [INF] Bus started: "rabbitmq://localhost/"
2026-07-13 09:22:35.329 +05:30 [INF] Application started. Press Ctrl+C to shut down.
2026-07-13 09:22:35.333 +05:30 [INF] Hosting environment: Development
2026-07-13 09:22:35.336 +05:30 [INF] Content root path: C:\Users\310481\source\repos\UST-Live-01\Healthcare.netcore\Healthcare.netcore
2026-07-13 09:22:43.502 +05:30 [INF] HealthAxis API heartbeat running at "2026-07-13T09:22:43.5019724+05:30"
2026-07-13 09:22:53.513 +05:30 [INF] HealthAxis API heartbeat running at "2026-07-13T09:22:53.5136811+05:30"
2026-07-13 09:23:03.532 +05:30 [INF] HealthAxis API heartbeat running at "2026-07-13T09:23:03.5320717+05:30"
2026-07-13 09:23:13.538 +05:30 [INF] HealthAxis API heartbeat running at "2026-07-13T09:23:13.5385925+05:30"
2026-07-13 09:23:23.558 +05:30 [INF] HealthAxis API heartbeat running at "2026-07-13T09:23:23.5585621+05:30"
2026-07-13 09:23:33.575 +05:30 [INF] HealthAxis API heartbeat running at "2026-07-13T09:23:33.5756405+05:30"
2026-07-13 09:23:43.582 +05:30 [INF] HealthAxis API heartbeat running at "2026-07-13T09:23:43.5827980+05:30"
2026-07-13 09:23:53.600 +05:30 [INF] HealthAxis API heartbeat running at "2026-07-13T09:23:53.6008405+05:30"
2026-07-13 09:24:03.618 +05:30 [INF] HealthAxis API heartbeat running at "2026-07-13T09:24:03.6178689+05:30"
2026-07-13 09:24:13.633 +05:30 [INF] HealthAxis API heartbeat running at "2026-07-13T09:24:13.6331991+05:30"
2026-07-13 09:24:23.649 +05:30 [INF] HealthAxis API heartbeat running at "2026-07-13T09:24:23.6498791+05:30"
2026-07-13 09:24:33.659 +05:30 [INF] HealthAxis API heartbeat running at "2026-07-13T09:24:33.6578214+05:30"
2026-07-13 09:24:43.669 +05:30 [INF] HealthAxis API heartbeat running at "2026-07-13T09:24:43.6693244+05:30"
2026-07-13 09:24:53.679 +05:30 [INF] HealthAxis API heartbeat running at "2026-07-13T09:24:53.6791118+05:30"
2026-07-13 09:25:03.689 +05:30 [INF] HealthAxis API heartbeat running at "2026-07-13T09:25:03.6896889+05:30"
2026-07-13 09:25:07.893 +05:30 [INF] HTTP OPTIONS /api/auth/login responded 204 in 9.7070 ms
2026-07-13 09:25:09.276 +05:30 [INF] HTTP POST /api/auth/login responded 200 in 1345.3321 ms
2026-07-13 09:25:09.342 +05:30 [INF] HTTP OPTIONS /api/patients/me responded 204 in 3.6630 ms
2026-07-13 09:25:09.348 +05:30 [INF] HTTP OPTIONS /api/patients/me responded 204 in 0.1080 ms
2026-07-13 09:25:10.133 +05:30 [WRN] You do not have a valid license key for the Lucky Penny software AutoMapper. This is allowed for development and testing scenarios. If you are running in production you are required to have a licensed version. Please visit https://luckypennysoftware.com to obtain a valid license.
2026-07-13 09:25:10.339 +05:30 [INF] HTTP GET /api/patients/me responded 200 in 964.2887 ms
2026-07-13 09:25:10.371 +05:30 [INF] HTTP GET /api/patients/me responded 200 in 29.2720 ms
2026-07-13 09:25:10.383 +05:30 [INF] HTTP OPTIONS /api/doctors responded 204 in 0.0967 ms
2026-07-13 09:25:10.383 +05:30 [INF] HTTP OPTIONS /api/appointments responded 204 in 0.0832 ms
2026-07-13 09:25:10.384 +05:30 [INF] HTTP OPTIONS /api/patients/1006/health-records responded 204 in 0.0441 ms
2026-07-13 09:25:10.632 +05:30 [INF] HTTP GET /api/appointments responded 200 in 233.1886 ms
2026-07-13 09:25:10.682 +05:30 [INF] HTTP GET /api/patients/1006/health-records responded 200 in 275.7104 ms
2026-07-13 09:25:11.503 +05:30 [INF] HTTP GET /api/doctors responded 200 in 1108.1168 ms
2026-07-13 09:25:13.704 +05:30 [INF] HealthAxis API heartbeat running at "2026-07-13T09:25:13.7045349+05:30"
2026-07-13 09:25:15.579 +05:30 [INF] HTTP OPTIONS /api/doctors responded 204 in 0.3167 ms
2026-07-13 09:25:15.631 +05:30 [INF] HTTP GET /api/doctors responded 200 in 38.0774 ms
2026-07-13 09:25:23.723 +05:30 [INF] HealthAxis API heartbeat running at "2026-07-13T09:25:23.7238131+05:30"
2026-07-13 09:25:33.734 +05:30 [INF] HealthAxis API heartbeat running at "2026-07-13T09:25:33.7343709+05:30"
2026-07-13 09:25:43.746 +05:30 [INF] HealthAxis API heartbeat running at "2026-07-13T09:25:43.7460060+05:30"
2026-07-13 09:25:53.755 +05:30 [INF] HealthAxis API heartbeat running at "2026-07-13T09:25:53.7551816+05:30"
2026-07-13 09:26:03.768 +05:30 [INF] HealthAxis API heartbeat running at "2026-07-13T09:26:03.7680343+05:30"
2026-07-13 09:26:13.775 +05:30 [INF] HealthAxis API heartbeat running at "2026-07-13T09:26:13.7756382+05:30"
2026-07-13 09:26:23.781 +05:30 [INF] HealthAxis API heartbeat running at "2026-07-13T09:26:23.7814994+05:30"
2026-07-13 09:26:33.789 +05:30 [INF] HealthAxis API heartbeat running at "2026-07-13T09:26:33.7895940+05:30"
2026-07-13 09:26:43.801 +05:30 [INF] HealthAxis API heartbeat running at "2026-07-13T09:26:43.8006645+05:30"
2026-07-13 09:26:53.816 +05:30 [INF] HealthAxis API heartbeat running at "2026-07-13T09:26:53.8160301+05:30"
2026-07-13 09:27:03.830 +05:30 [INF] HealthAxis API heartbeat running at "2026-07-13T09:27:03.8308289+05:30"
2026-07-13 09:27:13.850 +05:30 [INF] HealthAxis API heartbeat running at "2026-07-13T09:27:13.8504064+05:30"
2026-07-13 09:27:23.871 +05:30 [INF] HealthAxis API heartbeat running at "2026-07-13T09:27:23.8712990+05:30"
2026-07-13 09:27:33.889 +05:30 [INF] HealthAxis API heartbeat running at "2026-07-13T09:27:33.8887977+05:30"
2026-07-13 09:27:43.901 +05:30 [INF] HealthAxis API heartbeat running at "2026-07-13T09:27:43.9016227+05:30"
2026-07-13 09:27:53.915 +05:30 [INF] HealthAxis API heartbeat running at "2026-07-13T09:27:53.9157561+05:30"
2026-07-13 09:28:03.934 +05:30 [INF] HealthAxis API heartbeat running at "2026-07-13T09:28:03.9347967+05:30"
2026-07-13 09:28:13.948 +05:30 [INF] HealthAxis API heartbeat running at "2026-07-13T09:28:13.9482361+05:30"
2026-07-13 09:28:23.957 +05:30 [INF] HealthAxis API heartbeat running at "2026-07-13T09:28:23.9578534+05:30"
2026-07-13 09:28:33.965 +05:30 [INF] HealthAxis API heartbeat running at "2026-07-13T09:28:33.9649672+05:30"
2026-07-13 09:28:43.984 +05:30 [INF] HealthAxis API heartbeat running at "2026-07-13T09:28:43.9844420+05:30"
2026-07-13 09:28:54.007 +05:30 [INF] HealthAxis API heartbeat running at "2026-07-13T09:28:54.0076429+05:30"
2026-07-13 09:29:04.019 +05:30 [INF] HealthAxis API heartbeat running at "2026-07-13T09:29:04.0192342+05:30"
2026-07-13 09:29:14.027 +05:30 [INF] HealthAxis API heartbeat running at "2026-07-13T09:29:14.0264886+05:30"
2026-07-13 09:29:24.038 +05:30 [INF] HealthAxis API heartbeat running at "2026-07-13T09:29:24.0382984+05:30"
2026-07-13 09:29:34.050 +05:30 [INF] HealthAxis API heartbeat running at "2026-07-13T09:29:34.0508637+05:30"
2026-07-13 09:29:44.058 +05:30 [INF] HealthAxis API heartbeat running at "2026-07-13T09:29:44.0582262+05:30"
2026-07-13 09:29:54.075 +05:30 [INF] HealthAxis API heartbeat running at "2026-07-13T09:29:54.0747686+05:30"
2026-07-13 09:30:04.091 +05:30 [INF] HealthAxis API heartbeat running at "2026-07-13T09:30:04.0917683+05:30"
2026-07-13 09:30:14.112 +05:30 [INF] HealthAxis API heartbeat running at "2026-07-13T09:30:14.1123186+05:30"
2026-07-13 09:30:24.121 +05:30 [INF] HealthAxis API heartbeat running at "2026-07-13T09:30:24.1212992+05:30"
2026-07-13 09:30:34.137 +05:30 [INF] HealthAxis API heartbeat running at "2026-07-13T09:30:34.1371251+05:30"
2026-07-13 09:30:44.143 +05:30 [INF] HealthAxis API heartbeat running at "2026-07-13T09:30:44.1438173+05:30"
2026-07-13 09:30:54.153 +05:30 [INF] HealthAxis API heartbeat running at "2026-07-13T09:30:54.1532611+05:30"
2026-07-13 09:31:04.340 +05:30 [INF] HealthAxis API heartbeat running at "2026-07-13T09:31:04.3378829+05:30"
2026-07-13 09:31:14.347 +05:30 [INF] HealthAxis API heartbeat running at "2026-07-13T09:31:14.3473267+05:30"
2026-07-13 09:31:24.360 +05:30 [INF] HealthAxis API heartbeat running at "2026-07-13T09:31:24.3597764+05:30"
2026-07-13 09:31:34.377 +05:30 [INF] HealthAxis API heartbeat running at "2026-07-13T09:31:34.3767970+05:30"
2026-07-13 09:31:44.382 +05:30 [INF] HealthAxis API heartbeat running at "2026-07-13T09:31:44.3818145+05:30"
2026-07-13 09:31:54.388 +05:30 [INF] HealthAxis API heartbeat running at "2026-07-13T09:31:54.3886970+05:30"
2026-07-13 09:32:04.406 +05:30 [INF] HealthAxis API heartbeat running at "2026-07-13T09:32:04.4067533+05:30"
2026-07-13 09:32:14.426 +05:30 [INF] HealthAxis API heartbeat running at "2026-07-13T09:32:14.4268280+05:30"
2026-07-13 09:32:24.444 +05:30 [INF] HealthAxis API heartbeat running at "2026-07-13T09:32:24.4441502+05:30"
2026-07-13 09:32:34.457 +05:30 [INF] HealthAxis API heartbeat running at "2026-07-13T09:32:34.4561563+05:30"
2026-07-13 09:32:44.463 +05:30 [INF] HealthAxis API heartbeat running at "2026-07-13T09:32:44.4635099+05:30"
2026-07-13 09:32:54.475 +05:30 [INF] HealthAxis API heartbeat running at "2026-07-13T09:32:54.4758410+05:30"
2026-07-13 09:33:04.490 +05:30 [INF] HealthAxis API heartbeat running at "2026-07-13T09:33:04.4905553+05:30"
2026-07-13 09:33:14.510 +05:30 [INF] HealthAxis API heartbeat running at "2026-07-13T09:33:14.5102593+05:30"
2026-07-13 09:33:24.521 +05:30 [INF] HealthAxis API heartbeat running at "2026-07-13T09:33:24.5213841+05:30"
2026-07-13 09:33:34.531 +05:30 [INF] HealthAxis API heartbeat running at "2026-07-13T09:33:34.5313693+05:30"
2026-07-13 09:33:44.552 +05:30 [INF] HealthAxis API heartbeat running at "2026-07-13T09:33:44.5523804+05:30"
2026-07-13 09:33:54.559 +05:30 [INF] HealthAxis API heartbeat running at "2026-07-13T09:33:54.5590747+05:30"
2026-07-13 09:34:04.569 +05:30 [INF] HealthAxis API heartbeat running at "2026-07-13T09:34:04.5690153+05:30"
2026-07-13 09:34:14.583 +05:30 [INF] HealthAxis API heartbeat running at "2026-07-13T09:34:14.5838599+05:30"
2026-07-13 09:34:24.596 +05:30 [INF] HealthAxis API heartbeat running at "2026-07-13T09:34:24.5966284+05:30"
2026-07-13 09:34:34.606 +05:30 [INF] HealthAxis API heartbeat running at "2026-07-13T09:34:34.6069237+05:30"
2026-07-13 09:34:44.625 +05:30 [INF] HealthAxis API heartbeat running at "2026-07-13T09:34:44.6259701+05:30"
2026-07-13 09:34:54.633 +05:30 [INF] HealthAxis API heartbeat running at "2026-07-13T09:34:54.6336970+05:30"
2026-07-13 09:35:04.645 +05:30 [INF] HealthAxis API heartbeat running at "2026-07-13T09:35:04.6455833+05:30"
2026-07-13 09:35:14.652 +05:30 [INF] HealthAxis API heartbeat running at "2026-07-13T09:35:14.6521977+05:30"
2026-07-13 09:35:24.662 +05:30 [INF] HealthAxis API heartbeat running at "2026-07-13T09:35:24.6624731+05:30"
2026-07-13 09:35:34.674 +05:30 [INF] HealthAxis API heartbeat running at "2026-07-13T09:35:34.6744790+05:30"
2026-07-13 09:35:44.684 +05:30 [INF] HealthAxis API heartbeat running at "2026-07-13T09:35:44.6847892+05:30"
2026-07-13 09:35:54.700 +05:30 [INF] HealthAxis API heartbeat running at "2026-07-13T09:35:54.7003895+05:30"
2026-07-13 09:36:04.768 +05:30 [INF] HealthAxis API heartbeat running at "2026-07-13T09:36:04.7681384+05:30"
2026-07-13 09:36:14.788 +05:30 [INF] HealthAxis API heartbeat running at "2026-07-13T09:36:14.7882650+05:30"
2026-07-13 09:36:24.801 +05:30 [INF] HealthAxis API heartbeat running at "2026-07-13T09:36:24.8014482+05:30"
2026-07-13 09:36:34.808 +05:30 [INF] HealthAxis API heartbeat running at "2026-07-13T09:36:34.8082708+05:30"
2026-07-13 09:36:44.821 +05:30 [INF] HealthAxis API heartbeat running at "2026-07-13T09:36:44.8213931+05:30"
2026-07-13 09:36:54.829 +05:30 [INF] HealthAxis API heartbeat running at "2026-07-13T09:36:54.8297360+05:30"
2026-07-13 09:37:04.845 +05:30 [INF] HealthAxis API heartbeat running at "2026-07-13T09:37:04.8459333+05:30"
2026-07-13 09:37:14.851 +05:30 [INF] HealthAxis API heartbeat running at "2026-07-13T09:37:14.8515494+05:30"
2026-07-13 09:37:24.862 +05:30 [INF] HealthAxis API heartbeat running at "2026-07-13T09:37:24.8628873+05:30"
2026-07-13 09:37:34.885 +05:30 [INF] HealthAxis API heartbeat running at "2026-07-13T09:37:34.8853574+05:30"
2026-07-13 09:37:44.897 +05:30 [INF] HealthAxis API heartbeat running at "2026-07-13T09:37:44.8979478+05:30"
2026-07-13 09:37:54.909 +05:30 [INF] HealthAxis API heartbeat running at "2026-07-13T09:37:54.9094902+05:30"
2026-07-13 09:38:04.916 +05:30 [INF] HealthAxis API heartbeat running at "2026-07-13T09:38:04.9164942+05:30"
2026-07-13 09:38:14.933 +05:30 [INF] HealthAxis API heartbeat running at "2026-07-13T09:38:14.9330288+05:30"
2026-07-13 09:38:24.941 +05:30 [INF] HealthAxis API heartbeat running at "2026-07-13T09:38:24.9415767+05:30"
2026-07-13 09:38:34.951 +05:30 [INF] HealthAxis API heartbeat running at "2026-07-13T09:38:34.9516317+05:30"
2026-07-13 09:38:44.961 +05:30 [INF] HealthAxis API heartbeat running at "2026-07-13T09:38:44.9616674+05:30"
2026-07-13 09:38:54.967 +05:30 [INF] HealthAxis API heartbeat running at "2026-07-13T09:38:54.9674666+05:30"
2026-07-13 09:39:04.990 +05:30 [INF] HealthAxis API heartbeat running at "2026-07-13T09:39:04.9902366+05:30"
2026-07-13 09:39:14.996 +05:30 [INF] HealthAxis API heartbeat running at "2026-07-13T09:39:14.9962477+05:30"
2026-07-13 09:39:25.003 +05:30 [INF] HealthAxis API heartbeat running at "2026-07-13T09:39:25.0031257+05:30"
2026-07-13 09:39:35.023 +05:30 [INF] HealthAxis API heartbeat running at "2026-07-13T09:39:35.0239527+05:30"
2026-07-13 09:39:45.030 +05:30 [INF] HealthAxis API heartbeat running at "2026-07-13T09:39:45.0302319+05:30"
2026-07-13 09:39:55.050 +05:30 [INF] HealthAxis API heartbeat running at "2026-07-13T09:39:55.0502988+05:30"
2026-07-13 09:40:05.072 +05:30 [INF] HealthAxis API heartbeat running at "2026-07-13T09:40:05.0725435+05:30"
2026-07-13 09:40:15.086 +05:30 [INF] HealthAxis API heartbeat running at "2026-07-13T09:40:15.0860446+05:30"
2026-07-13 09:40:25.699 +05:30 [INF] HealthAxis API heartbeat running at "2026-07-13T09:40:25.6996879+05:30"
2026-07-13 09:40:35.717 +05:30 [INF] HealthAxis API heartbeat running at "2026-07-13T09:40:35.7171065+05:30"
2026-07-13 09:40:45.726 +05:30 [INF] HealthAxis API heartbeat running at "2026-07-13T09:40:45.7264534+05:30"
2026-07-13 09:40:55.729 +05:30 [INF] HealthAxis API heartbeat running at "2026-07-13T09:40:55.7298674+05:30"
2026-07-13 09:41:05.740 +05:30 [INF] HealthAxis API heartbeat running at "2026-07-13T09:41:05.7404643+05:30"
2026-07-13 09:41:15.805 +05:30 [INF] HealthAxis API heartbeat running at "2026-07-13T09:41:15.8053960+05:30"
2026-07-13 09:41:25.820 +05:30 [INF] HealthAxis API heartbeat running at "2026-07-13T09:41:25.8203974+05:30"
2026-07-13 09:41:35.841 +05:30 [INF] HealthAxis API heartbeat running at "2026-07-13T09:41:35.8412685+05:30"
2026-07-13 09:41:46.604 +05:30 [INF] HealthAxis API heartbeat running at "2026-07-13T09:41:46.6049635+05:30"
2026-07-13 09:41:56.623 +05:30 [INF] HealthAxis API heartbeat running at "2026-07-13T09:41:56.6238282+05:30"
2026-07-13 09:42:06.634 +05:30 [INF] HealthAxis API heartbeat running at "2026-07-13T09:42:06.6347431+05:30"
2026-07-13 09:42:16.649 +05:30 [INF] HealthAxis API heartbeat running at "2026-07-13T09:42:16.6496636+05:30"
2026-07-13 09:42:26.657 +05:30 [INF] HealthAxis API heartbeat running at "2026-07-13T09:42:26.6572940+05:30"
2026-07-13 09:42:36.665 +05:30 [INF] HealthAxis API heartbeat running at "2026-07-13T09:42:36.6653855+05:30"
2026-07-13 09:42:46.675 +05:30 [INF] HealthAxis API heartbeat running at "2026-07-13T09:42:46.6759583+05:30"
2026-07-13 09:42:56.687 +05:30 [INF] HealthAxis API heartbeat running at "2026-07-13T09:42:56.6871012+05:30"
2026-07-13 09:43:06.705 +05:30 [INF] HealthAxis API heartbeat running at "2026-07-13T09:43:06.7056070+05:30"
2026-07-13 09:43:16.743 +05:30 [INF] HealthAxis API heartbeat running at "2026-07-13T09:43:16.7438654+05:30"
2026-07-13 09:43:26.777 +05:30 [INF] HealthAxis API heartbeat running at "2026-07-13T09:43:26.7770945+05:30"
2026-07-13 09:43:36.782 +05:30 [INF] HealthAxis API heartbeat running at "2026-07-13T09:43:36.7822514+05:30"
2026-07-13 09:43:46.796 +05:30 [INF] HealthAxis API heartbeat running at "2026-07-13T09:43:46.7964942+05:30"
2026-07-13 09:43:56.809 +05:30 [INF] HealthAxis API heartbeat running at "2026-07-13T09:43:56.8097189+05:30"
2026-07-13 09:44:06.832 +05:30 [INF] HealthAxis API heartbeat running at "2026-07-13T09:44:06.8325498+05:30"
2026-07-13 09:44:16.843 +05:30 [INF] HealthAxis API heartbeat running at "2026-07-13T09:44:16.8429773+05:30"
2026-07-13 09:44:26.853 +05:30 [INF] HealthAxis API heartbeat running at "2026-07-13T09:44:26.8537277+05:30"
2026-07-13 09:44:36.857 +05:30 [INF] HealthAxis API heartbeat running at "2026-07-13T09:44:36.8577093+05:30"
2026-07-13 09:44:46.875 +05:30 [INF] HealthAxis API heartbeat running at "2026-07-13T09:44:46.8751246+05:30"
2026-07-13 09:44:56.888 +05:30 [INF] HealthAxis API heartbeat running at "2026-07-13T09:44:56.8887114+05:30"
2026-07-13 09:45:06.906 +05:30 [INF] HealthAxis API heartbeat running at "2026-07-13T09:45:06.9066347+05:30"
2026-07-13 09:45:16.924 +05:30 [INF] HealthAxis API heartbeat running at "2026-07-13T09:45:16.9242106+05:30"
2026-07-13 09:45:26.929 +05:30 [INF] HealthAxis API heartbeat running at "2026-07-13T09:45:26.9296503+05:30"
2026-07-13 09:45:36.939 +05:30 [INF] HealthAxis API heartbeat running at "2026-07-13T09:45:36.9396211+05:30"
2026-07-13 09:45:46.943 +05:30 [INF] HealthAxis API heartbeat running at "2026-07-13T09:45:46.9435429+05:30"
2026-07-13 09:45:56.956 +05:30 [INF] HealthAxis API heartbeat running at "2026-07-13T09:45:56.9566951+05:30"
2026-07-13 09:46:06.963 +05:30 [INF] HealthAxis API heartbeat running at "2026-07-13T09:46:06.9629772+05:30"
2026-07-13 09:46:16.968 +05:30 [INF] HealthAxis API heartbeat running at "2026-07-13T09:46:16.9688931+05:30"
2026-07-13 09:46:26.985 +05:30 [INF] HealthAxis API heartbeat running at "2026-07-13T09:46:26.9853350+05:30"
2026-07-13 09:46:37.019 +05:30 [INF] HealthAxis API heartbeat running at "2026-07-13T09:46:37.0192225+05:30"
2026-07-13 09:46:47.031 +05:30 [INF] HealthAxis API heartbeat running at "2026-07-13T09:46:47.0312003+05:30"
2026-07-13 09:46:57.048 +05:30 [INF] HealthAxis API heartbeat running at "2026-07-13T09:46:57.0489530+05:30"
2026-07-13 09:47:07.066 +05:30 [INF] HealthAxis API heartbeat running at "2026-07-13T09:47:07.0663808+05:30"
2026-07-13 09:47:17.075 +05:30 [INF] HealthAxis API heartbeat running at "2026-07-13T09:47:17.0759422+05:30"
2026-07-13 09:47:27.088 +05:30 [INF] HealthAxis API heartbeat running at "2026-07-13T09:47:27.0888099+05:30"
2026-07-13 09:47:37.092 +05:30 [INF] HealthAxis API heartbeat running at "2026-07-13T09:47:37.0928447+05:30"
2026-07-13 09:47:47.099 +05:30 [INF] HealthAxis API heartbeat running at "2026-07-13T09:47:47.0993228+05:30"
2026-07-13 09:47:57.106 +05:30 [INF] HealthAxis API heartbeat running at "2026-07-13T09:47:57.1063239+05:30"
2026-07-13 09:48:07.117 +05:30 [INF] HealthAxis API heartbeat running at "2026-07-13T09:48:07.1171155+05:30"
2026-07-13 09:48:17.130 +05:30 [INF] HealthAxis API heartbeat running at "2026-07-13T09:48:17.1306177+05:30"
2026-07-13 09:48:27.136 +05:30 [INF] HealthAxis API heartbeat running at "2026-07-13T09:48:27.1361325+05:30"
2026-07-13 09:48:37.149 +05:30 [INF] HealthAxis API heartbeat running at "2026-07-13T09:48:37.1494709+05:30"
2026-07-13 09:48:47.155 +05:30 [INF] HealthAxis API heartbeat running at "2026-07-13T09:48:47.1553008+05:30"
2026-07-13 09:48:57.174 +05:30 [INF] HealthAxis API heartbeat running at "2026-07-13T09:48:57.1747202+05:30"
2026-07-13 09:49:07.191 +05:30 [INF] HealthAxis API heartbeat running at "2026-07-13T09:49:07.1911994+05:30"
2026-07-13 09:49:17.197 +05:30 [INF] HealthAxis API heartbeat running at "2026-07-13T09:49:17.1975966+05:30"
2026-07-13 09:49:27.205 +05:30 [INF] HealthAxis API heartbeat running at "2026-07-13T09:49:27.2050913+05:30"
2026-07-13 09:49:37.220 +05:30 [INF] HealthAxis API heartbeat running at "2026-07-13T09:49:37.2207946+05:30"
2026-07-13 09:49:47.237 +05:30 [INF] HealthAxis API heartbeat running at "2026-07-13T09:49:47.2374574+05:30"
2026-07-13 09:49:57.264 +05:30 [INF] HealthAxis API heartbeat running at "2026-07-13T09:49:57.2640639+05:30"
2026-07-13 09:50:07.267 +05:30 [INF] HealthAxis API heartbeat running at "2026-07-13T09:50:07.2670646+05:30"
2026-07-13 09:50:17.281 +05:30 [INF] HealthAxis API heartbeat running at "2026-07-13T09:50:17.2813425+05:30"
2026-07-13 09:50:27.298 +05:30 [INF] HealthAxis API heartbeat running at "2026-07-13T09:50:27.2980420+05:30"
2026-07-13 09:50:37.308 +05:30 [INF] HealthAxis API heartbeat running at "2026-07-13T09:50:37.3085987+05:30"
2026-07-13 09:50:47.315 +05:30 [INF] HealthAxis API heartbeat running at "2026-07-13T09:50:47.3158169+05:30"
2026-07-13 09:50:57.323 +05:30 [INF] HealthAxis API heartbeat running at "2026-07-13T09:50:57.3237938+05:30"
2026-07-13 09:51:07.336 +05:30 [INF] HealthAxis API heartbeat running at "2026-07-13T09:51:07.3365385+05:30"
2026-07-13 09:51:17.342 +05:30 [INF] HealthAxis API heartbeat running at "2026-07-13T09:51:17.3426694+05:30"
2026-07-13 09:51:27.353 +05:30 [INF] HealthAxis API heartbeat running at "2026-07-13T09:51:27.3537350+05:30"
2026-07-13 09:51:37.363 +05:30 [INF] HealthAxis API heartbeat running at "2026-07-13T09:51:37.3633013+05:30"
2026-07-13 09:51:47.376 +05:30 [INF] HealthAxis API heartbeat running at "2026-07-13T09:51:47.3769139+05:30"
2026-07-13 09:51:57.396 +05:30 [INF] HealthAxis API heartbeat running at "2026-07-13T09:51:57.3960996+05:30"
2026-07-13 09:52:07.413 +05:30 [INF] HealthAxis API heartbeat running at "2026-07-13T09:52:07.4139417+05:30"
2026-07-13 09:52:17.424 +05:30 [INF] HealthAxis API heartbeat running at "2026-07-13T09:52:17.4246598+05:30"
2026-07-13 09:52:27.430 +05:30 [INF] HealthAxis API heartbeat running at "2026-07-13T09:52:27.4305285+05:30"
2026-07-13 09:52:37.446 +05:30 [INF] HealthAxis API heartbeat running at "2026-07-13T09:52:37.4463464+05:30"
2026-07-13 09:52:47.480 +05:30 [INF] HealthAxis API heartbeat running at "2026-07-13T09:52:47.4805053+05:30"
2026-07-13 09:52:57.492 +05:30 [INF] HealthAxis API heartbeat running at "2026-07-13T09:52:57.4920116+05:30"
2026-07-13 09:53:07.506 +05:30 [INF] HealthAxis API heartbeat running at "2026-07-13T09:53:07.5065529+05:30"
2026-07-13 09:53:17.524 +05:30 [INF] HealthAxis API heartbeat running at "2026-07-13T09:53:17.5245431+05:30"
2026-07-13 09:53:27.702 +05:30 [INF] HealthAxis API heartbeat running at "2026-07-13T09:53:27.7027610+05:30"
2026-07-13 09:53:37.708 +05:30 [INF] HealthAxis API heartbeat running at "2026-07-13T09:53:37.7088827+05:30"
2026-07-13 09:53:47.713 +05:30 [INF] HealthAxis API heartbeat running at "2026-07-13T09:53:47.7135916+05:30"
2026-07-13 09:53:57.731 +05:30 [INF] HealthAxis API heartbeat running at "2026-07-13T09:53:57.7311735+05:30"
2026-07-13 09:54:07.738 +05:30 [INF] HealthAxis API heartbeat running at "2026-07-13T09:54:07.7386360+05:30"
2026-07-13 09:54:17.748 +05:30 [INF] HealthAxis API heartbeat running at "2026-07-13T09:54:17.7489349+05:30"
2026-07-13 09:54:27.766 +05:30 [INF] HealthAxis API heartbeat running at "2026-07-13T09:54:27.7663567+05:30"
2026-07-13 09:54:37.771 +05:30 [INF] HealthAxis API heartbeat running at "2026-07-13T09:54:37.7712161+05:30"
2026-07-13 09:54:47.778 +05:30 [INF] HealthAxis API heartbeat running at "2026-07-13T09:54:47.7788336+05:30"
2026-07-13 09:54:57.793 +05:30 [INF] HealthAxis API heartbeat running at "2026-07-13T09:54:57.7939684+05:30"
2026-07-13 09:55:07.810 +05:30 [INF] HealthAxis API heartbeat running at "2026-07-13T09:55:07.8101688+05:30"
2026-07-13 09:55:17.822 +05:30 [INF] HealthAxis API heartbeat running at "2026-07-13T09:55:17.8228859+05:30"
2026-07-13 09:55:27.839 +05:30 [INF] HealthAxis API heartbeat running at "2026-07-13T09:55:27.8392126+05:30"
2026-07-13 09:55:37.841 +05:30 [INF] HealthAxis API heartbeat running at "2026-07-13T09:55:37.8418040+05:30"
2026-07-13 09:55:47.850 +05:30 [INF] HealthAxis API heartbeat running at "2026-07-13T09:55:47.8501121+05:30"
2026-07-13 09:55:57.861 +05:30 [INF] HealthAxis API heartbeat running at "2026-07-13T09:55:57.8613076+05:30"
2026-07-13 09:56:07.875 +05:30 [INF] HealthAxis API heartbeat running at "2026-07-13T09:56:07.8758804+05:30"
2026-07-13 09:56:17.885 +05:30 [INF] HealthAxis API heartbeat running at "2026-07-13T09:56:17.8850997+05:30"
2026-07-13 09:56:27.891 +05:30 [INF] HealthAxis API heartbeat running at "2026-07-13T09:56:27.8919050+05:30"
2026-07-13 09:56:37.899 +05:30 [INF] HealthAxis API heartbeat running at "2026-07-13T09:56:37.8997055+05:30"
2026-07-13 09:56:47.916 +05:30 [INF] HealthAxis API heartbeat running at "2026-07-13T09:56:47.9162035+05:30"
2026-07-13 09:56:58.050 +05:30 [INF] HealthAxis API heartbeat running at "2026-07-13T09:56:58.0508507+05:30"
2026-07-13 09:57:08.066 +05:30 [INF] HealthAxis API heartbeat running at "2026-07-13T09:57:08.0668800+05:30"
2026-07-13 09:57:18.078 +05:30 [INF] HealthAxis API heartbeat running at "2026-07-13T09:57:18.0780641+05:30"
2026-07-13 09:57:28.091 +05:30 [INF] HealthAxis API heartbeat running at "2026-07-13T09:57:28.0912577+05:30"
2026-07-13 09:57:38.109 +05:30 [INF] HealthAxis API heartbeat running at "2026-07-13T09:57:38.1091573+05:30"
2026-07-13 09:57:48.116 +05:30 [INF] HealthAxis API heartbeat running at "2026-07-13T09:57:48.1164790+05:30"
2026-07-13 09:57:58.121 +05:30 [INF] HealthAxis API heartbeat running at "2026-07-13T09:57:58.1212907+05:30"
2026-07-13 09:58:08.131 +05:30 [INF] HealthAxis API heartbeat running at "2026-07-13T09:58:08.1310294+05:30"
2026-07-13 09:58:18.148 +05:30 [INF] HealthAxis API heartbeat running at "2026-07-13T09:58:18.1482126+05:30"
2026-07-13 09:58:28.176 +05:30 [INF] HealthAxis API heartbeat running at "2026-07-13T09:58:28.1763518+05:30"
2026-07-13 09:58:38.221 +05:30 [INF] HealthAxis API heartbeat running at "2026-07-13T09:58:38.2219019+05:30"
2026-07-13 09:58:48.448 +05:30 [INF] HealthAxis API heartbeat running at "2026-07-13T09:58:48.4482218+05:30"
2026-07-13 09:58:58.459 +05:30 [INF] HealthAxis API heartbeat running at "2026-07-13T09:58:58.4591547+05:30"
2026-07-13 09:59:08.464 +05:30 [INF] HealthAxis API heartbeat running at "2026-07-13T09:59:08.4647137+05:30"
2026-07-13 09:59:18.481 +05:30 [INF] HealthAxis API heartbeat running at "2026-07-13T09:59:18.4816420+05:30"
2026-07-13 09:59:28.497 +05:30 [INF] HealthAxis API heartbeat running at "2026-07-13T09:59:28.4972764+05:30"
2026-07-13 09:59:38.502 +05:30 [INF] HealthAxis API heartbeat running at "2026-07-13T09:59:38.5029568+05:30"
2026-07-13 09:59:48.507 +05:30 [INF] HealthAxis API heartbeat running at "2026-07-13T09:59:48.5078750+05:30"
2026-07-13 09:59:58.513 +05:30 [INF] HealthAxis API heartbeat running at "2026-07-13T09:59:58.5134297+05:30"
2026-07-13 10:00:08.524 +05:30 [INF] HealthAxis API heartbeat running at "2026-07-13T10:00:08.5244840+05:30"
2026-07-13 10:00:18.537 +05:30 [INF] HealthAxis API heartbeat running at "2026-07-13T10:00:18.5377205+05:30"
2026-07-13 10:00:28.546 +05:30 [INF] HealthAxis API heartbeat running at "2026-07-13T10:00:28.5462959+05:30"
2026-07-13 10:00:38.552 +05:30 [INF] HealthAxis API heartbeat running at "2026-07-13T10:00:38.5528793+05:30"
2026-07-13 10:00:48.564 +05:30 [INF] HealthAxis API heartbeat running at "2026-07-13T10:00:48.5648795+05:30"
2026-07-13 10:00:58.572 +05:30 [INF] HealthAxis API heartbeat running at "2026-07-13T10:00:58.5720201+05:30"
2026-07-13 10:01:08.582 +05:30 [INF] HealthAxis API heartbeat running at "2026-07-13T10:01:08.5823655+05:30"
2026-07-13 10:01:18.593 +05:30 [INF] HealthAxis API heartbeat running at "2026-07-13T10:01:18.5934131+05:30"
2026-07-13 10:01:28.605 +05:30 [INF] HealthAxis API heartbeat running at "2026-07-13T10:01:28.6051912+05:30"
2026-07-13 10:01:38.619 +05:30 [INF] HealthAxis API heartbeat running at "2026-07-13T10:01:38.6192236+05:30"
2026-07-13 10:01:48.626 +05:30 [INF] HealthAxis API heartbeat running at "2026-07-13T10:01:48.6261189+05:30"
2026-07-13 10:01:58.631 +05:30 [INF] HealthAxis API heartbeat running at "2026-07-13T10:01:58.6313858+05:30"
2026-07-13 10:02:08.642 +05:30 [INF] HealthAxis API heartbeat running at "2026-07-13T10:02:08.6420461+05:30"
2026-07-13 10:02:18.648 +05:30 [INF] HealthAxis API heartbeat running at "2026-07-13T10:02:18.6485069+05:30"
2026-07-13 10:02:28.654 +05:30 [INF] HealthAxis API heartbeat running at "2026-07-13T10:02:28.6542157+05:30"
2026-07-13 10:02:38.668 +05:30 [INF] HealthAxis API heartbeat running at "2026-07-13T10:02:38.6685709+05:30"
2026-07-13 10:02:48.685 +05:30 [INF] HealthAxis API heartbeat running at "2026-07-13T10:02:48.6851426+05:30"
2026-07-13 10:02:58.690 +05:30 [INF] HealthAxis API heartbeat running at "2026-07-13T10:02:58.6906884+05:30"
2026-07-13 10:03:08.705 +05:30 [INF] HealthAxis API heartbeat running at "2026-07-13T10:03:08.7053860+05:30"
2026-07-13 10:03:18.719 +05:30 [INF] HealthAxis API heartbeat running at "2026-07-13T10:03:18.7196461+05:30"
2026-07-13 10:03:28.722 +05:30 [INF] HealthAxis API heartbeat running at "2026-07-13T10:03:28.7221595+05:30"
2026-07-13 10:03:38.724 +05:30 [INF] HealthAxis API heartbeat running at "2026-07-13T10:03:38.7248214+05:30"
2026-07-13 10:03:48.739 +05:30 [INF] HealthAxis API heartbeat running at "2026-07-13T10:03:48.7398346+05:30"
2026-07-13 10:03:58.755 +05:30 [INF] HealthAxis API heartbeat running at "2026-07-13T10:03:58.7559707+05:30"
2026-07-13 10:04:08.821 +05:30 [INF] HealthAxis API heartbeat running at "2026-07-13T10:04:08.8218363+05:30"
2026-07-13 10:04:18.838 +05:30 [INF] HealthAxis API heartbeat running at "2026-07-13T10:04:18.8388521+05:30"
2026-07-13 10:04:28.848 +05:30 [INF] HealthAxis API heartbeat running at "2026-07-13T10:04:28.8482162+05:30"
2026-07-13 10:04:38.861 +05:30 [INF] HealthAxis API heartbeat running at "2026-07-13T10:04:38.8616665+05:30"
2026-07-13 10:04:48.873 +05:30 [INF] HealthAxis API heartbeat running at "2026-07-13T10:04:48.8733051+05:30"
2026-07-13 10:04:58.890 +05:30 [INF] HealthAxis API heartbeat running at "2026-07-13T10:04:58.8901836+05:30"
2026-07-13 10:05:08.905 +05:30 [INF] HealthAxis API heartbeat running at "2026-07-13T10:05:08.9052283+05:30"
2026-07-13 10:05:18.921 +05:30 [INF] HealthAxis API heartbeat running at "2026-07-13T10:05:18.9218472+05:30"
2026-07-13 10:05:28.933 +05:30 [INF] HealthAxis API heartbeat running at "2026-07-13T10:05:28.9332849+05:30"
2026-07-13 10:05:38.940 +05:30 [INF] HealthAxis API heartbeat running at "2026-07-13T10:05:38.9408688+05:30"
2026-07-13 10:05:48.949 +05:30 [INF] HealthAxis API heartbeat running at "2026-07-13T10:05:48.9497631+05:30"
2026-07-13 10:05:58.954 +05:30 [INF] HealthAxis API heartbeat running at "2026-07-13T10:05:58.9542298+05:30"
2026-07-13 10:06:08.966 +05:30 [INF] HealthAxis API heartbeat running at "2026-07-13T10:06:08.9664117+05:30"
2026-07-13 10:06:18.982 +05:30 [INF] HealthAxis API heartbeat running at "2026-07-13T10:06:18.9820036+05:30"
2026-07-13 10:06:28.989 +05:30 [INF] HealthAxis API heartbeat running at "2026-07-13T10:06:28.9896147+05:30"
2026-07-13 10:06:38.991 +05:30 [INF] HealthAxis API heartbeat running at "2026-07-13T10:06:38.9918448+05:30"
2026-07-13 10:06:49.007 +05:30 [INF] HealthAxis API heartbeat running at "2026-07-13T10:06:49.0078048+05:30"
2026-07-13 10:06:59.024 +05:30 [INF] HealthAxis API heartbeat running at "2026-07-13T10:06:59.0241327+05:30"
2026-07-13 10:07:09.042 +05:30 [INF] HealthAxis API heartbeat running at "2026-07-13T10:07:09.0425981+05:30"
2026-07-13 10:07:19.044 +05:30 [INF] HealthAxis API heartbeat running at "2026-07-13T10:07:19.0442352+05:30"
2026-07-13 10:07:29.047 +05:30 [INF] HealthAxis API heartbeat running at "2026-07-13T10:07:29.0478925+05:30"
2026-07-13 10:07:39.058 +05:30 [INF] HealthAxis API heartbeat running at "2026-07-13T10:07:39.0585994+05:30"
2026-07-13 10:07:49.074 +05:30 [INF] HealthAxis API heartbeat running at "2026-07-13T10:07:49.0740225+05:30"
2026-07-13 10:07:59.079 +05:30 [INF] HealthAxis API heartbeat running at "2026-07-13T10:07:59.0790560+05:30"
2026-07-13 10:08:09.094 +05:30 [INF] HealthAxis API heartbeat running at "2026-07-13T10:08:09.0942070+05:30"
2026-07-13 10:08:19.109 +05:30 [INF] HealthAxis API heartbeat running at "2026-07-13T10:08:19.1089349+05:30"
2026-07-13 10:08:29.128 +05:30 [INF] HealthAxis API heartbeat running at "2026-07-13T10:08:29.1281192+05:30"
2026-07-13 10:08:39.145 +05:30 [INF] HealthAxis API heartbeat running at "2026-07-13T10:08:39.1456570+05:30"
2026-07-13 10:08:49.159 +05:30 [INF] HealthAxis API heartbeat running at "2026-07-13T10:08:49.1596206+05:30"
2026-07-13 10:08:59.172 +05:30 [INF] HealthAxis API heartbeat running at "2026-07-13T10:08:59.1727544+05:30"
2026-07-13 10:09:09.188 +05:30 [INF] HealthAxis API heartbeat running at "2026-07-13T10:09:09.1887073+05:30"
2026-07-13 10:09:19.197 +05:30 [INF] HealthAxis API heartbeat running at "2026-07-13T10:09:19.1974346+05:30"
2026-07-13 10:09:29.213 +05:30 [INF] HealthAxis API heartbeat running at "2026-07-13T10:09:29.2130313+05:30"
2026-07-13 10:09:39.224 +05:30 [INF] HealthAxis API heartbeat running at "2026-07-13T10:09:39.2242754+05:30"
2026-07-13 10:09:49.230 +05:30 [INF] HealthAxis API heartbeat running at "2026-07-13T10:09:49.2305293+05:30"
2026-07-13 10:09:59.249 +05:30 [INF] HealthAxis API heartbeat running at "2026-07-13T10:09:59.2497132+05:30"
2026-07-13 10:10:09.263 +05:30 [INF] HealthAxis API heartbeat running at "2026-07-13T10:10:09.2633481+05:30"
2026-07-13 10:10:19.266 +05:30 [INF] HealthAxis API heartbeat running at "2026-07-13T10:10:19.2665124+05:30"
2026-07-13 10:10:29.280 +05:30 [INF] HealthAxis API heartbeat running at "2026-07-13T10:10:29.2801907+05:30"
2026-07-13 10:10:39.286 +05:30 [INF] HealthAxis API heartbeat running at "2026-07-13T10:10:39.2865885+05:30"
2026-07-13 10:10:49.300 +05:30 [INF] HealthAxis API heartbeat running at "2026-07-13T10:10:49.3007889+05:30"
2026-07-13 10:10:59.304 +05:30 [INF] HealthAxis API heartbeat running at "2026-07-13T10:10:59.3045465+05:30"
2026-07-13 10:11:09.306 +05:30 [INF] HealthAxis API heartbeat running at "2026-07-13T10:11:09.3060439+05:30"
2026-07-13 10:11:19.322 +05:30 [INF] HealthAxis API heartbeat running at "2026-07-13T10:11:19.3221714+05:30"
2026-07-13 10:11:29.332 +05:30 [INF] HealthAxis API heartbeat running at "2026-07-13T10:11:29.3326826+05:30"
2026-07-13 10:11:39.349 +05:30 [INF] HealthAxis API heartbeat running at "2026-07-13T10:11:39.3493952+05:30"
2026-07-13 10:11:49.357 +05:30 [INF] HealthAxis API heartbeat running at "2026-07-13T10:11:49.3577114+05:30"
2026-07-13 10:11:59.363 +05:30 [INF] HealthAxis API heartbeat running at "2026-07-13T10:11:59.3637155+05:30"
2026-07-13 10:12:09.372 +05:30 [INF] HealthAxis API heartbeat running at "2026-07-13T10:12:09.3726430+05:30"
2026-07-13 10:12:19.379 +05:30 [INF] HealthAxis API heartbeat running at "2026-07-13T10:12:19.3792224+05:30"
2026-07-13 10:12:29.389 +05:30 [INF] HealthAxis API heartbeat running at "2026-07-13T10:12:29.3896423+05:30"
2026-07-13 10:12:39.393 +05:30 [INF] HealthAxis API heartbeat running at "2026-07-13T10:12:39.3930970+05:30"
2026-07-13 10:12:49.397 +05:30 [INF] HealthAxis API heartbeat running at "2026-07-13T10:12:49.3976198+05:30"
2026-07-13 10:12:59.399 +05:30 [INF] HealthAxis API heartbeat running at "2026-07-13T10:12:59.3994527+05:30"
2026-07-13 10:13:09.416 +05:30 [INF] HealthAxis API heartbeat running at "2026-07-13T10:13:09.4160617+05:30"
2026-07-13 10:13:19.426 +05:30 [INF] HealthAxis API heartbeat running at "2026-07-13T10:13:19.4267487+05:30"
2026-07-13 10:13:29.431 +05:30 [INF] HealthAxis API heartbeat running at "2026-07-13T10:13:29.4310897+05:30"
2026-07-13 10:13:39.445 +05:30 [INF] HealthAxis API heartbeat running at "2026-07-13T10:13:39.4453383+05:30"
2026-07-13 10:13:49.453 +05:30 [INF] HealthAxis API heartbeat running at "2026-07-13T10:13:49.4534961+05:30"
2026-07-13 10:13:59.458 +05:30 [INF] HealthAxis API heartbeat running at "2026-07-13T10:13:59.4587627+05:30"
2026-07-13 10:14:09.464 +05:30 [INF] HealthAxis API heartbeat running at "2026-07-13T10:14:09.4645361+05:30"
2026-07-13 10:14:19.501 +05:30 [INF] HealthAxis API heartbeat running at "2026-07-13T10:14:19.5018768+05:30"
2026-07-13 10:14:29.518 +05:30 [INF] HealthAxis API heartbeat running at "2026-07-13T10:14:29.5189112+05:30"
2026-07-13 10:14:39.523 +05:30 [INF] HealthAxis API heartbeat running at "2026-07-13T10:14:39.5237052+05:30"
2026-07-13 10:14:49.540 +05:30 [INF] HealthAxis API heartbeat running at "2026-07-13T10:14:49.5406911+05:30"
2026-07-13 10:14:59.549 +05:30 [INF] HealthAxis API heartbeat running at "2026-07-13T10:14:59.5492200+05:30"
2026-07-13 10:15:09.561 +05:30 [INF] HealthAxis API heartbeat running at "2026-07-13T10:15:09.5614744+05:30"
2026-07-13 10:15:19.572 +05:30 [INF] HealthAxis API heartbeat running at "2026-07-13T10:15:19.5721951+05:30"
2026-07-13 10:15:29.582 +05:30 [INF] HealthAxis API heartbeat running at "2026-07-13T10:15:29.5826561+05:30"
2026-07-13 10:15:39.584 +05:30 [INF] HealthAxis API heartbeat running at "2026-07-13T10:15:39.5849027+05:30"
2026-07-13 10:15:49.588 +05:30 [INF] HealthAxis API heartbeat running at "2026-07-13T10:15:49.5888209+05:30"
2026-07-13 10:15:59.590 +05:30 [INF] HealthAxis API heartbeat running at "2026-07-13T10:15:59.5903394+05:30"
2026-07-13 10:16:09.605 +05:30 [INF] HealthAxis API heartbeat running at "2026-07-13T10:16:09.6053080+05:30"
2026-07-13 10:16:19.612 +05:30 [INF] HealthAxis API heartbeat running at "2026-07-13T10:16:19.6126960+05:30"
2026-07-13 10:16:29.626 +05:30 [INF] HealthAxis API heartbeat running at "2026-07-13T10:16:29.6266971+05:30"
2026-07-13 10:16:39.642 +05:30 [INF] HealthAxis API heartbeat running at "2026-07-13T10:16:39.6429435+05:30"
2026-07-13 10:16:49.657 +05:30 [INF] HealthAxis API heartbeat running at "2026-07-13T10:16:49.6572385+05:30"
2026-07-13 10:16:59.669 +05:30 [INF] HealthAxis API heartbeat running at "2026-07-13T10:16:59.6695280+05:30"
2026-07-13 10:17:09.673 +05:30 [INF] HealthAxis API heartbeat running at "2026-07-13T10:17:09.6733762+05:30"
2026-07-13 10:17:19.684 +05:30 [INF] HealthAxis API heartbeat running at "2026-07-13T10:17:19.6840323+05:30"
2026-07-13 10:17:29.688 +05:30 [INF] HealthAxis API heartbeat running at "2026-07-13T10:17:29.6885206+05:30"
2026-07-13 10:17:39.697 +05:30 [INF] HealthAxis API heartbeat running at "2026-07-13T10:17:39.6977984+05:30"
2026-07-13 10:17:49.729 +05:30 [INF] HealthAxis API heartbeat running at "2026-07-13T10:17:49.7299132+05:30"
2026-07-13 10:18:00.107 +05:30 [INF] HealthAxis API heartbeat running at "2026-07-13T10:18:00.1073040+05:30"
2026-07-13 10:18:10.121 +05:30 [INF] HealthAxis API heartbeat running at "2026-07-13T10:18:10.1218165+05:30"
2026-07-13 10:18:20.138 +05:30 [INF] HealthAxis API heartbeat running at "2026-07-13T10:18:20.1381214+05:30"
2026-07-13 10:18:30.156 +05:30 [INF] HealthAxis API heartbeat running at "2026-07-13T10:18:30.1566886+05:30"
2026-07-13 10:18:40.158 +05:30 [INF] HealthAxis API heartbeat running at "2026-07-13T10:18:40.1582631+05:30"
2026-07-13 10:18:50.165 +05:30 [INF] HealthAxis API heartbeat running at "2026-07-13T10:18:50.1654646+05:30"
2026-07-13 10:19:00.174 +05:30 [INF] HealthAxis API heartbeat running at "2026-07-13T10:19:00.1748020+05:30"
2026-07-13 10:19:10.191 +05:30 [INF] HealthAxis API heartbeat running at "2026-07-13T10:19:10.1913066+05:30"
2026-07-13 10:19:20.207 +05:30 [INF] HealthAxis API heartbeat running at "2026-07-13T10:19:20.2070469+05:30"
2026-07-13 10:19:30.214 +05:30 [INF] HealthAxis API heartbeat running at "2026-07-13T10:19:30.2147894+05:30"
2026-07-13 10:19:40.226 +05:30 [INF] HealthAxis API heartbeat running at "2026-07-13T10:19:40.2269153+05:30"
2026-07-13 10:19:50.247 +05:30 [INF] HealthAxis API heartbeat running at "2026-07-13T10:19:50.2478904+05:30"
2026-07-13 10:20:00.294 +05:30 [INF] HealthAxis API heartbeat running at "2026-07-13T10:20:00.2944806+05:30"
2026-07-13 10:20:10.299 +05:30 [INF] HealthAxis API heartbeat running at "2026-07-13T10:20:10.2991859+05:30"
2026-07-13 10:20:20.307 +05:30 [INF] HealthAxis API heartbeat running at "2026-07-13T10:20:20.3070284+05:30"
2026-07-13 10:20:30.314 +05:30 [INF] HealthAxis API heartbeat running at "2026-07-13T10:20:30.3147898+05:30"
2026-07-13 10:20:40.335 +05:30 [INF] HealthAxis API heartbeat running at "2026-07-13T10:20:40.3358107+05:30"
2026-07-13 10:20:50.348 +05:30 [INF] HealthAxis API heartbeat running at "2026-07-13T10:20:50.3486588+05:30"
2026-07-13 10:21:00.399 +05:30 [INF] HealthAxis API heartbeat running at "2026-07-13T10:21:00.3993401+05:30"
2026-07-13 10:21:10.404 +05:30 [INF] HealthAxis API heartbeat running at "2026-07-13T10:21:10.4046094+05:30"
2026-07-13 10:21:20.412 +05:30 [INF] HealthAxis API heartbeat running at "2026-07-13T10:21:20.4125039+05:30"
2026-07-13 10:21:30.419 +05:30 [INF] HealthAxis API heartbeat running at "2026-07-13T10:21:30.4183835+05:30"
2026-07-13 10:21:40.423 +05:30 [INF] HealthAxis API heartbeat running at "2026-07-13T10:21:40.4236294+05:30"
2026-07-13 10:21:50.425 +05:30 [INF] HealthAxis API heartbeat running at "2026-07-13T10:21:50.4256271+05:30"
2026-07-13 10:22:00.429 +05:30 [INF] HealthAxis API heartbeat running at "2026-07-13T10:22:00.4294266+05:30"
2026-07-13 10:22:10.445 +05:30 [INF] HealthAxis API heartbeat running at "2026-07-13T10:22:10.4457871+05:30"
2026-07-13 10:22:20.458 +05:30 [INF] HealthAxis API heartbeat running at "2026-07-13T10:22:20.4581171+05:30"
2026-07-13 10:22:30.471 +05:30 [INF] HealthAxis API heartbeat running at "2026-07-13T10:22:30.4714125+05:30"
2026-07-13 10:22:34.587 +05:30 [INF] No old notifications found for cleanup.
2026-07-13 10:22:40.488 +05:30 [INF] HealthAxis API heartbeat running at "2026-07-13T10:22:40.4880538+05:30"
2026-07-13 10:22:50.497 +05:30 [INF] HealthAxis API heartbeat running at "2026-07-13T10:22:50.4977080+05:30"
2026-07-13 10:23:00.504 +05:30 [INF] HealthAxis API heartbeat running at "2026-07-13T10:23:00.5047332+05:30"
2026-07-13 10:23:10.514 +05:30 [INF] HealthAxis API heartbeat running at "2026-07-13T10:23:10.5146823+05:30"
2026-07-13 10:23:20.529 +05:30 [INF] HealthAxis API heartbeat running at "2026-07-13T10:23:20.5297060+05:30"
2026-07-13 10:23:30.546 +05:30 [INF] HealthAxis API heartbeat running at "2026-07-13T10:23:30.5462539+05:30"
2026-07-13 10:23:40.561 +05:30 [INF] HealthAxis API heartbeat running at "2026-07-13T10:23:40.5611520+05:30"
2026-07-13 10:23:50.572 +05:30 [INF] HealthAxis API heartbeat running at "2026-07-13T10:23:50.5721663+05:30"
2026-07-13 10:24:00.578 +05:30 [INF] HealthAxis API heartbeat running at "2026-07-13T10:24:00.5780430+05:30"
2026-07-13 10:24:10.585 +05:30 [INF] HealthAxis API heartbeat running at "2026-07-13T10:24:10.5855280+05:30"
2026-07-13 10:24:20.591 +05:30 [INF] HealthAxis API heartbeat running at "2026-07-13T10:24:20.5914426+05:30"
2026-07-13 10:24:30.602 +05:30 [INF] HealthAxis API heartbeat running at "2026-07-13T10:24:30.6020429+05:30"
2026-07-13 15:55:21.699 +05:30 [INF] Configured endpoint appointment.events.queue, Consumer: HealthAxis.API.Consumers.AppointmentBookedConsumer
2026-07-13 15:55:22.476 +05:30 [INF] HeartbeatService started.
2026-07-13 15:55:22.478 +05:30 [INF] NotificationCleanupService started.
2026-07-13 15:55:22.480 +05:30 [INF] HealthAxis API heartbeat running at "2026-07-13T15:55:22.4797018+05:30"
2026-07-13 15:55:22.625 +05:30 [INF] No old notifications found for cleanup.
2026-07-13 15:55:22.825 +05:30 [INF] Now listening on: https://localhost:7130
2026-07-13 15:55:22.827 +05:30 [INF] Now listening on: http://localhost:5145
2026-07-13 15:55:22.863 +05:30 [INF] Application started. Press Ctrl+C to shut down.
2026-07-13 15:55:22.865 +05:30 [INF] Hosting environment: Development
2026-07-13 15:55:22.866 +05:30 [INF] Content root path: C:\Users\310481\source\repos\UST-Live-01\Healthcare.netcore\Healthcare.netcore
2026-07-13 15:55:22.941 +05:30 [INF] Bus started: "rabbitmq://localhost/"
2026-07-13 15:55:32.489 +05:30 [INF] HealthAxis API heartbeat running at "2026-07-13T15:55:32.4889125+05:30"
2026-07-13 15:55:42.504 +05:30 [INF] HealthAxis API heartbeat running at "2026-07-13T15:55:42.5045318+05:30"
2026-07-13 15:55:50.321 +05:30 [INF] HTTP OPTIONS /api/patients/me responded 204 in 5.7339 ms
2026-07-13 15:55:50.321 +05:30 [INF] HTTP OPTIONS /api/doctors responded 204 in 5.7296 ms
2026-07-13 15:55:50.551 +05:30 [INF] HTTP GET /api/patients/me responded 401 in 190.2051 ms
2026-07-13 15:55:50.551 +05:30 [INF] HTTP GET /api/doctors responded 401 in 190.5942 ms
2026-07-13 15:55:52.522 +05:30 [INF] HealthAxis API heartbeat running at "2026-07-13T15:55:52.5228386+05:30"
2026-07-13 15:56:02.528 +05:30 [INF] HealthAxis API heartbeat running at "2026-07-13T15:56:02.5282265+05:30"
2026-07-13 15:56:08.456 +05:30 [INF] HTTP OPTIONS /api/auth/login responded 204 in 0.1840 ms
2026-07-13 15:56:09.104 +05:30 [INF] HTTP POST /api/auth/login responded 200 in 638.6949 ms
2026-07-13 15:56:09.116 +05:30 [INF] HTTP OPTIONS /api/patients/me responded 204 in 0.0916 ms
2026-07-13 15:56:09.118 +05:30 [INF] HTTP OPTIONS /api/patients/me responded 204 in 0.0787 ms
2026-07-13 15:56:09.407 +05:30 [WRN] You do not have a valid license key for the Lucky Penny software AutoMapper. This is allowed for development and testing scenarios. If you are running in production you are required to have a licensed version. Please visit https://luckypennysoftware.com to obtain a valid license.
2026-07-13 15:56:09.484 +05:30 [INF] HTTP GET /api/patients/me responded 200 in 364.7050 ms
2026-07-13 15:56:09.491 +05:30 [INF] HTTP GET /api/patients/me responded 200 in 4.4541 ms
2026-07-13 15:56:09.497 +05:30 [INF] HTTP OPTIONS /api/appointments responded 204 in 0.0883 ms
2026-07-13 15:56:09.497 +05:30 [INF] HTTP OPTIONS /api/doctors responded 204 in 0.0616 ms
2026-07-13 15:56:09.497 +05:30 [INF] HTTP OPTIONS /api/patients/1006/health-records responded 204 in 0.0396 ms
2026-07-13 15:56:09.656 +05:30 [INF] HTTP GET /api/appointments responded 200 in 155.0683 ms
2026-07-13 15:56:09.726 +05:30 [INF] HTTP GET /api/doctors responded 200 in 223.2339 ms
2026-07-13 15:56:09.865 +05:30 [INF] HTTP GET /api/patients/1006/health-records responded 200 in 360.4298 ms
2026-07-13 15:56:12.061 +05:30 [INF] HTTP OPTIONS /api/doctors responded 204 in 0.8047 ms
2026-07-13 15:56:12.080 +05:30 [INF] HTTP GET /api/doctors responded 200 in 13.5461 ms
2026-07-13 15:56:12.537 +05:30 [INF] HealthAxis API heartbeat running at "2026-07-13T15:56:12.5369661+05:30"
2026-07-13 15:56:22.542 +05:30 [INF] HealthAxis API heartbeat running at "2026-07-13T15:56:22.5422255+05:30"
2026-07-13 15:56:32.557 +05:30 [INF] HealthAxis API heartbeat running at "2026-07-13T15:56:32.5578428+05:30"
2026-07-13 15:56:38.770 +05:30 [INF] HTTP OPTIONS /api/doctors responded 204 in 0.0818 ms
2026-07-13 15:56:38.796 +05:30 [INF] HTTP GET /api/doctors responded 200 in 18.4176 ms
2026-07-13 15:56:42.568 +05:30 [INF] HealthAxis API heartbeat running at "2026-07-13T15:56:42.5683874+05:30"
2026-07-13 15:56:50.681 +05:30 [INF] HTTP OPTIONS /api/doctors/1007/availability responded 204 in 0.2070 ms
2026-07-13 15:56:50.681 +05:30 [INF] HTTP OPTIONS /api/doctors/2/availability responded 204 in 0.0513 ms
2026-07-13 15:56:50.683 +05:30 [INF] HTTP OPTIONS /api/doctors/1008/availability responded 204 in 0.0771 ms
2026-07-13 15:56:51.153 +05:30 [INF] 
========================================
CACHE MISS - DOCTOR AVAILABILITY
========================================
Doctor Id : 2
Date      : 2026-08-24
Key       : doctors:2:availability:2026-08-24
Source    : SQL Server Required
========================================
2026-07-13 15:56:51.153 +05:30 [INF] 
========================================
CACHE MISS - DOCTOR AVAILABILITY
========================================
Doctor Id : 1008
Date      : 2026-08-24
Key       : doctors:1008:availability:2026-08-24
Source    : SQL Server Required
========================================
2026-07-13 15:56:51.153 +05:30 [INF] 
========================================
CACHE MISS - DOCTOR AVAILABILITY
========================================
Doctor Id : 1007
Date      : 2026-08-24
Key       : doctors:1007:availability:2026-08-24
Source    : SQL Server Required
========================================
2026-07-13 15:56:51.272 +05:30 [INF] 
========================================
CACHE STORED IN GARNET
========================================
Doctor Id : 1008
Date      : 2026-08-24
Key       : doctors:1008:availability:2026-08-24
TTL       : 5 Minutes
Slots     : 12
========================================
2026-07-13 15:56:51.272 +05:30 [INF] 
========================================
CACHE STORED IN GARNET
========================================
Doctor Id : 1007
Date      : 2026-08-24
Key       : doctors:1007:availability:2026-08-24
TTL       : 5 Minutes
Slots     : 12
========================================
2026-07-13 15:56:51.275 +05:30 [INF] HTTP GET /api/doctors/1008/availability responded 200 in 573.2636 ms
2026-07-13 15:56:51.275 +05:30 [INF] HTTP GET /api/doctors/1007/availability responded 200 in 585.4107 ms
2026-07-13 15:56:51.543 +05:30 [INF] 
========================================
CACHE STORED IN GARNET
========================================
Doctor Id : 2
Date      : 2026-08-24
Key       : doctors:2:availability:2026-08-24
TTL       : 5 Minutes
Slots     : 12
========================================
2026-07-13 15:56:51.546 +05:30 [INF] HTTP GET /api/doctors/2/availability responded 200 in 846.3370 ms
2026-07-13 15:56:52.573 +05:30 [INF] HealthAxis API heartbeat running at "2026-07-13T15:56:52.5735893+05:30"
2026-07-13 15:56:57.887 +05:30 [INF] HTTP OPTIONS /api/appointments responded 204 in 0.0967 ms
2026-07-13 15:56:58.135 +05:30 [INF] 
========================================
CACHE REMOVED - DOCTOR AVAILABILITY
========================================
Doctor Id : 2
Date      : 2026-08-24
Key       : doctors:2:availability:2026-08-24
Reason    : Appointment booked
========================================
2026-07-13 15:56:58.300 +05:30 [INF] AppointmentBookedEvent published using MassTransit for AppointmentId 47, DoctorId 2
2026-07-13 15:56:58.304 +05:30 [INF] HTTP POST /api/appointments responded 200 in 412.6071 ms
2026-07-13 15:56:58.328 +05:30 [INF] ===============================
APPOINTMENT EVENT RECEIVED
===============================
Event Type  : AppointmentBooked
Appointment : 47
Patient     : Raju
Doctor      : 2
Date        : 24-Aug-2026
Time Slot   : 14:00
Occurred At : 13-Jul-2026 10:26:58
===============================
2026-07-13 15:56:58.353 +05:30 [INF] Notification created for DoctorId 2 for AppointmentId 47
2026-07-13 15:57:00.834 +05:30 [INF] HTTP OPTIONS /api/doctors responded 204 in 0.0736 ms
2026-07-13 15:57:00.834 +05:30 [INF] HTTP OPTIONS /api/health-records/patient/1006 responded 204 in 0.0283 ms
2026-07-13 15:57:00.856 +05:30 [INF] HTTP GET /api/appointments responded 200 in 22.4075 ms
2026-07-13 15:57:00.877 +05:30 [INF] HTTP GET /api/doctors responded 200 in 20.8137 ms
2026-07-13 15:57:00.897 +05:30 [INF] HTTP GET /api/health-records/patient/1006 responded 200 in 33.5501 ms
2026-07-13 15:57:02.584 +05:30 [INF] HealthAxis API heartbeat running at "2026-07-13T15:57:02.5846568+05:30"
2026-07-13 15:57:12.594 +05:30 [INF] HealthAxis API heartbeat running at "2026-07-13T15:57:12.5944854+05:30"
2026-07-13 15:57:12.735 +05:30 [INF] HTTP OPTIONS /api/doctors responded 204 in 0.0879 ms
2026-07-13 15:57:12.750 +05:30 [INF] HTTP GET /api/doctors responded 200 in 10.2684 ms
2026-07-13 15:57:22.608 +05:30 [INF] HealthAxis API heartbeat running at "2026-07-13T15:57:22.6084128+05:30"
2026-07-13 15:57:32.615 +05:30 [INF] HealthAxis API heartbeat running at "2026-07-13T15:57:32.6158790+05:30"
2026-07-13 15:57:42.627 +05:30 [INF] HealthAxis API heartbeat running at "2026-07-13T15:57:42.6278610+05:30"
2026-07-13 15:57:52.636 +05:30 [INF] HealthAxis API heartbeat running at "2026-07-13T15:57:52.6363153+05:30"
2026-07-13 15:58:02.641 +05:30 [INF] HealthAxis API heartbeat running at "2026-07-13T15:58:02.6416754+05:30"
2026-07-13 15:58:12.649 +05:30 [INF] HealthAxis API heartbeat running at "2026-07-13T15:58:12.6494171+05:30"
2026-07-13 15:58:22.657 +05:30 [INF] HealthAxis API heartbeat running at "2026-07-13T15:58:22.6564844+05:30"
2026-07-13 15:58:32.660 +05:30 [INF] HealthAxis API heartbeat running at "2026-07-13T15:58:32.6607964+05:30"
2026-07-13 15:58:42.671 +05:30 [INF] HealthAxis API heartbeat running at "2026-07-13T15:58:42.6703453+05:30"
2026-07-13 15:58:52.689 +05:30 [INF] HealthAxis API heartbeat running at "2026-07-13T15:58:52.6893426+05:30"
2026-07-13 15:59:02.706 +05:30 [INF] HealthAxis API heartbeat running at "2026-07-13T15:59:02.7063382+05:30"
2026-07-13 15:59:12.712 +05:30 [INF] HealthAxis API heartbeat running at "2026-07-13T15:59:12.7122390+05:30"
2026-07-13 15:59:22.716 +05:30 [INF] HealthAxis API heartbeat running at "2026-07-13T15:59:22.7160746+05:30"
2026-07-13 15:59:32.724 +05:30 [INF] HealthAxis API heartbeat running at "2026-07-13T15:59:32.7248241+05:30"
2026-07-13 15:59:42.737 +05:30 [INF] HealthAxis API heartbeat running at "2026-07-13T15:59:42.7379184+05:30"
2026-07-13 15:59:52.756 +05:30 [INF] HealthAxis API heartbeat running at "2026-07-13T15:59:52.7563672+05:30"
2026-07-13 16:00:02.764 +05:30 [INF] HealthAxis API heartbeat running at "2026-07-13T16:00:02.7642594+05:30"
2026-07-13 16:00:12.770 +05:30 [INF] HealthAxis API heartbeat running at "2026-07-13T16:00:12.7709504+05:30"
2026-07-13 16:00:22.782 +05:30 [INF] HealthAxis API heartbeat running at "2026-07-13T16:00:22.7825457+05:30"
2026-07-13 16:00:32.790 +05:30 [INF] HealthAxis API heartbeat running at "2026-07-13T16:00:32.7904513+05:30"
2026-07-13 16:00:42.794 +05:30 [INF] HealthAxis API heartbeat running at "2026-07-13T16:00:42.7942483+05:30"
2026-07-13 16:00:52.797 +05:30 [INF] HealthAxis API heartbeat running at "2026-07-13T16:00:52.7976358+05:30"
2026-07-13 16:01:02.808 +05:30 [INF] HealthAxis API heartbeat running at "2026-07-13T16:01:02.8084000+05:30"
2026-07-13 16:01:12.819 +05:30 [INF] HealthAxis API heartbeat running at "2026-07-13T16:01:12.8196585+05:30"
2026-07-13 16:01:22.837 +05:30 [INF] HealthAxis API heartbeat running at "2026-07-13T16:01:22.8377311+05:30"
2026-07-13 16:01:32.846 +05:30 [INF] HealthAxis API heartbeat running at "2026-07-13T16:01:32.8463023+05:30"
2026-07-13 16:01:42.859 +05:30 [INF] HealthAxis API heartbeat running at "2026-07-13T16:01:42.8591717+05:30"
2026-07-13 16:01:52.865 +05:30 [INF] HealthAxis API heartbeat running at "2026-07-13T16:01:52.8654637+05:30"
2026-07-13 16:02:02.875 +05:30 [INF] HealthAxis API heartbeat running at "2026-07-13T16:02:02.8757296+05:30"
2026-07-13 16:02:12.888 +05:30 [INF] HealthAxis API heartbeat running at "2026-07-13T16:02:12.8888215+05:30"
2026-07-13 16:02:22.893 +05:30 [INF] HealthAxis API heartbeat running at "2026-07-13T16:02:22.8934455+05:30"
2026-07-13 16:02:32.895 +05:30 [INF] HealthAxis API heartbeat running at "2026-07-13T16:02:32.8955665+05:30"
2026-07-13 16:02:42.906 +05:30 [INF] HealthAxis API heartbeat running at "2026-07-13T16:02:42.9059414+05:30"
2026-07-13 16:02:52.911 +05:30 [INF] HealthAxis API heartbeat running at "2026-07-13T16:02:52.9118422+05:30"
2026-07-13 16:03:02.917 +05:30 [INF] HealthAxis API heartbeat running at "2026-07-13T16:03:02.9170696+05:30"
2026-07-13 16:03:12.930 +05:30 [INF] HealthAxis API heartbeat running at "2026-07-13T16:03:12.9300982+05:30"
2026-07-13 16:03:22.942 +05:30 [INF] HealthAxis API heartbeat running at "2026-07-13T16:03:22.9415204+05:30"
2026-07-13 16:03:32.954 +05:30 [INF] HealthAxis API heartbeat running at "2026-07-13T16:03:32.9540994+05:30"
2026-07-13 16:03:42.979 +05:30 [INF] HealthAxis API heartbeat running at "2026-07-13T16:03:42.9787857+05:30"
2026-07-13 16:03:52.997 +05:30 [INF] HealthAxis API heartbeat running at "2026-07-13T16:03:52.9971426+05:30"
2026-07-13 16:04:03.016 +05:30 [INF] HealthAxis API heartbeat running at "2026-07-13T16:04:03.0166355+05:30"
2026-07-13 16:04:13.029 +05:30 [INF] HealthAxis API heartbeat running at "2026-07-13T16:04:13.0294640+05:30"
2026-07-13 16:04:23.050 +05:30 [INF] HealthAxis API heartbeat running at "2026-07-13T16:04:23.0502744+05:30"
2026-07-13 16:04:33.055 +05:30 [INF] HealthAxis API heartbeat running at "2026-07-13T16:04:33.0556704+05:30"
2026-07-13 16:04:43.080 +05:30 [INF] HealthAxis API heartbeat running at "2026-07-13T16:04:43.0805033+05:30"
2026-07-13 16:04:53.094 +05:30 [INF] HealthAxis API heartbeat running at "2026-07-13T16:04:53.0940354+05:30"
2026-07-13 16:05:03.108 +05:30 [INF] HealthAxis API heartbeat running at "2026-07-13T16:05:03.1082972+05:30"
2026-07-13 16:05:13.115 +05:30 [INF] HealthAxis API heartbeat running at "2026-07-13T16:05:13.1156335+05:30"
2026-07-13 16:05:23.123 +05:30 [INF] HealthAxis API heartbeat running at "2026-07-13T16:05:23.1232634+05:30"
2026-07-13 16:05:33.128 +05:30 [INF] HealthAxis API heartbeat running at "2026-07-13T16:05:33.1280628+05:30"
2026-07-13 16:13:01.939 +05:30 [INF] HealthAxis API heartbeat running at "2026-07-13T16:13:01.9396750+05:30"
2026-07-13 16:32:36.663 +05:30 [INF] HealthAxis API heartbeat running at "2026-07-13T16:32:36.6634911+05:30"
2026-07-13 16:32:46.710 +05:30 [INF] HealthAxis API heartbeat running at "2026-07-13T16:32:46.7108629+05:30"
2026-07-13 16:32:56.729 +05:30 [INF] HealthAxis API heartbeat running at "2026-07-13T16:32:56.7293374+05:30"
2026-07-13 16:33:06.746 +05:30 [INF] HealthAxis API heartbeat running at "2026-07-13T16:33:06.7460035+05:30"
2026-07-13 16:33:16.766 +05:30 [INF] HealthAxis API heartbeat running at "2026-07-13T16:33:16.7660110+05:30"
2026-07-13 16:33:26.781 +05:30 [INF] HealthAxis API heartbeat running at "2026-07-13T16:33:26.7817072+05:30"
2026-07-13 16:33:36.799 +05:30 [INF] HealthAxis API heartbeat running at "2026-07-13T16:33:36.7991331+05:30"
2026-07-13 16:33:46.852 +05:30 [INF] HealthAxis API heartbeat running at "2026-07-13T16:33:46.8527955+05:30"
2026-07-13 16:33:56.863 +05:30 [INF] HealthAxis API heartbeat running at "2026-07-13T16:33:56.8634895+05:30"
2026-07-13 16:34:06.878 +05:30 [INF] HealthAxis API heartbeat running at "2026-07-13T16:34:06.8788196+05:30"
2026-07-13 16:34:16.891 +05:30 [INF] HealthAxis API heartbeat running at "2026-07-13T16:34:16.8912182+05:30"
2026-07-13 16:34:26.902 +05:30 [INF] HealthAxis API heartbeat running at "2026-07-13T16:34:26.9021110+05:30"
2026-07-13 16:34:36.918 +05:30 [INF] HealthAxis API heartbeat running at "2026-07-13T16:34:36.9186261+05:30"
2026-07-13 16:34:46.930 +05:30 [INF] HealthAxis API heartbeat running at "2026-07-13T16:34:46.9309117+05:30"
2026-07-13 16:34:56.948 +05:30 [INF] HealthAxis API heartbeat running at "2026-07-13T16:34:56.9487267+05:30"
2026-07-13 16:35:06.952 +05:30 [INF] HealthAxis API heartbeat running at "2026-07-13T16:35:06.9525446+05:30"
2026-07-13 16:35:16.968 +05:30 [INF] HealthAxis API heartbeat running at "2026-07-13T16:35:16.9689200+05:30"
2026-07-13 16:35:26.973 +05:30 [INF] HealthAxis API heartbeat running at "2026-07-13T16:35:26.9736034+05:30"
2026-07-13 16:35:36.985 +05:30 [INF] HealthAxis API heartbeat running at "2026-07-13T16:35:36.9850718+05:30"
2026-07-13 16:35:46.992 +05:30 [INF] HealthAxis API heartbeat running at "2026-07-13T16:35:46.9925772+05:30"
2026-07-13 16:35:56.998 +05:30 [INF] HealthAxis API heartbeat running at "2026-07-13T16:35:56.9985702+05:30"
2026-07-13 16:36:07.010 +05:30 [INF] HealthAxis API heartbeat running at "2026-07-13T16:36:07.0101732+05:30"
2026-07-13 16:36:17.015 +05:30 [INF] HealthAxis API heartbeat running at "2026-07-13T16:36:17.0156201+05:30"
2026-07-13 16:36:27.026 +05:30 [INF] HealthAxis API heartbeat running at "2026-07-13T16:36:27.0266205+05:30"
2026-07-13 16:36:37.040 +05:30 [INF] HealthAxis API heartbeat running at "2026-07-13T16:36:37.0400849+05:30"
2026-07-13 16:36:47.054 +05:30 [INF] HealthAxis API heartbeat running at "2026-07-13T16:36:47.0541649+05:30"
2026-07-13 16:36:57.059 +05:30 [INF] HealthAxis API heartbeat running at "2026-07-13T16:36:57.0592961+05:30"
2026-07-13 16:37:07.073 +05:30 [INF] HealthAxis API heartbeat running at "2026-07-13T16:37:07.0738463+05:30"
2026-07-13 16:37:17.090 +05:30 [INF] HealthAxis API heartbeat running at "2026-07-13T16:37:17.0909718+05:30"
2026-07-13 16:37:27.100 +05:30 [INF] HealthAxis API heartbeat running at "2026-07-13T16:37:27.1002953+05:30"
2026-07-13 16:37:37.117 +05:30 [INF] HealthAxis API heartbeat running at "2026-07-13T16:37:37.1172042+05:30"
2026-07-13 16:37:47.122 +05:30 [INF] HealthAxis API heartbeat running at "2026-07-13T16:37:47.1219855+05:30"
2026-07-13 16:37:57.133 +05:30 [INF] HealthAxis API heartbeat running at "2026-07-13T16:37:57.1330555+05:30"
2026-07-13 16:38:07.139 +05:30 [INF] HealthAxis API heartbeat running at "2026-07-13T16:38:07.1399074+05:30"
2026-07-13 16:38:17.149 +05:30 [INF] HealthAxis API heartbeat running at "2026-07-13T16:38:17.1491894+05:30"
2026-07-13 16:38:27.163 +05:30 [INF] HealthAxis API heartbeat running at "2026-07-13T16:38:27.1639364+05:30"
2026-07-13 16:38:37.179 +05:30 [INF] HealthAxis API heartbeat running at "2026-07-13T16:38:37.1794701+05:30"
2026-07-13 16:38:47.188 +05:30 [INF] HealthAxis API heartbeat running at "2026-07-13T16:38:47.1882425+05:30"
2026-07-13 16:38:57.194 +05:30 [INF] HealthAxis API heartbeat running at "2026-07-13T16:38:57.1941472+05:30"
2026-07-13 16:39:07.201 +05:30 [INF] HealthAxis API heartbeat running at "2026-07-13T16:39:07.2018543+05:30"
2026-07-13 16:39:17.212 +05:30 [INF] HealthAxis API heartbeat running at "2026-07-13T16:39:17.2125835+05:30"
2026-07-13 16:39:27.228 +05:30 [INF] HealthAxis API heartbeat running at "2026-07-13T16:39:27.2284903+05:30"
2026-07-13 16:39:37.230 +05:30 [INF] HealthAxis API heartbeat running at "2026-07-13T16:39:37.2305917+05:30"
2026-07-13 16:39:47.239 +05:30 [INF] HealthAxis API heartbeat running at "2026-07-13T16:39:47.2398107+05:30"
2026-07-13 16:39:57.254 +05:30 [INF] HealthAxis API heartbeat running at "2026-07-13T16:39:57.2540669+05:30"
2026-07-13 16:40:07.266 +05:30 [INF] HealthAxis API heartbeat running at "2026-07-13T16:40:07.2659910+05:30"
2026-07-13 16:40:17.279 +05:30 [INF] HealthAxis API heartbeat running at "2026-07-13T16:40:17.2797709+05:30"
2026-07-13 16:40:27.286 +05:30 [INF] HealthAxis API heartbeat running at "2026-07-13T16:40:27.2868690+05:30"
2026-07-13 16:40:37.296 +05:30 [INF] HealthAxis API heartbeat running at "2026-07-13T16:40:37.2960729+05:30"
2026-07-13 16:40:47.302 +05:30 [INF] HealthAxis API heartbeat running at "2026-07-13T16:40:47.3023685+05:30"
2026-07-13 16:40:57.306 +05:30 [INF] HealthAxis API heartbeat running at "2026-07-13T16:40:57.3061896+05:30"
2026-07-13 16:41:07.313 +05:30 [INF] HealthAxis API heartbeat running at "2026-07-13T16:41:07.3138291+05:30"
2026-07-13 16:41:17.321 +05:30 [INF] HealthAxis API heartbeat running at "2026-07-13T16:41:17.3218907+05:30"
2026-07-13 16:41:27.333 +05:30 [INF] HealthAxis API heartbeat running at "2026-07-13T16:41:27.3332772+05:30"
2026-07-13 16:41:37.349 +05:30 [INF] HealthAxis API heartbeat running at "2026-07-13T16:41:37.3494678+05:30"
2026-07-13 16:41:47.360 +05:30 [INF] HealthAxis API heartbeat running at "2026-07-13T16:41:47.3605484+05:30"
2026-07-13 16:41:57.377 +05:30 [INF] HealthAxis API heartbeat running at "2026-07-13T16:41:57.3770931+05:30"
2026-07-13 16:42:07.387 +05:30 [INF] HealthAxis API heartbeat running at "2026-07-13T16:42:07.3879356+05:30"
2026-07-13 16:42:17.393 +05:30 [INF] HealthAxis API heartbeat running at "2026-07-13T16:42:17.3936661+05:30"
2026-07-13 16:42:27.402 +05:30 [INF] HealthAxis API heartbeat running at "2026-07-13T16:42:27.4020875+05:30"
2026-07-13 16:42:37.417 +05:30 [INF] HealthAxis API heartbeat running at "2026-07-13T16:42:37.4175013+05:30"
2026-07-13 16:42:47.433 +05:30 [INF] HealthAxis API heartbeat running at "2026-07-13T16:42:47.4333141+05:30"
2026-07-13 16:42:57.441 +05:30 [INF] HealthAxis API heartbeat running at "2026-07-13T16:42:57.4417126+05:30"
2026-07-13 16:43:07.459 +05:30 [INF] HealthAxis API heartbeat running at "2026-07-13T16:43:07.4596641+05:30"
2026-07-13 16:43:17.472 +05:30 [INF] HealthAxis API heartbeat running at "2026-07-13T16:43:17.4724941+05:30"
2026-07-13 16:43:27.488 +05:30 [INF] HealthAxis API heartbeat running at "2026-07-13T16:43:27.4882729+05:30"
2026-07-13 16:43:37.504 +05:30 [INF] HealthAxis API heartbeat running at "2026-07-13T16:43:37.5043664+05:30"
2026-07-13 16:43:47.512 +05:30 [INF] HealthAxis API heartbeat running at "2026-07-13T16:43:47.5129153+05:30"
2026-07-13 16:43:57.521 +05:30 [INF] HealthAxis API heartbeat running at "2026-07-13T16:43:57.5210174+05:30"
2026-07-13 16:44:07.534 +05:30 [INF] HealthAxis API heartbeat running at "2026-07-13T16:44:07.5348779+05:30"
2026-07-13 16:44:17.539 +05:30 [INF] HealthAxis API heartbeat running at "2026-07-13T16:44:17.5393974+05:30"
2026-07-13 16:44:27.549 +05:30 [INF] HealthAxis API heartbeat running at "2026-07-13T16:44:27.5489873+05:30"
2026-07-13 16:44:37.553 +05:30 [INF] HealthAxis API heartbeat running at "2026-07-13T16:44:37.5532424+05:30"
2026-07-13 16:44:47.565 +05:30 [INF] HealthAxis API heartbeat running at "2026-07-13T16:44:47.5653273+05:30"
2026-07-13 16:44:57.583 +05:30 [INF] HealthAxis API heartbeat running at "2026-07-13T16:44:57.5832031+05:30"
2026-07-13 16:45:07.587 +05:30 [INF] HealthAxis API heartbeat running at "2026-07-13T16:45:07.5877876+05:30"
2026-07-13 16:45:17.596 +05:30 [INF] HealthAxis API heartbeat running at "2026-07-13T16:45:17.5964322+05:30"
2026-07-13 16:45:27.603 +05:30 [INF] HealthAxis API heartbeat running at "2026-07-13T16:45:27.6039505+05:30"
2026-07-13 16:45:37.618 +05:30 [INF] HealthAxis API heartbeat running at "2026-07-13T16:45:37.6187029+05:30"
2026-07-13 16:45:47.626 +05:30 [INF] HealthAxis API heartbeat running at "2026-07-13T16:45:47.6260173+05:30"
2026-07-13 16:45:57.639 +05:30 [INF] HealthAxis API heartbeat running at "2026-07-13T16:45:57.6395050+05:30"
2026-07-13 16:46:07.656 +05:30 [INF] HealthAxis API heartbeat running at "2026-07-13T16:46:07.6560114+05:30"
2026-07-13 16:46:17.671 +05:30 [INF] HealthAxis API heartbeat running at "2026-07-13T16:46:17.6714887+05:30"
2026-07-13 16:46:27.684 +05:30 [INF] HealthAxis API heartbeat running at "2026-07-13T16:46:27.6845228+05:30"
2026-07-13 16:46:37.690 +05:30 [INF] HealthAxis API heartbeat running at "2026-07-13T16:46:37.6901356+05:30"
2026-07-13 16:46:47.701 +05:30 [INF] HealthAxis API heartbeat running at "2026-07-13T16:46:47.7011700+05:30"
2026-07-13 16:46:57.713 +05:30 [INF] HealthAxis API heartbeat running at "2026-07-13T16:46:57.7131480+05:30"
2026-07-13 16:47:07.714 +05:30 [INF] HealthAxis API heartbeat running at "2026-07-13T16:47:07.7149386+05:30"
2026-07-13 16:47:17.730 +05:30 [INF] HealthAxis API heartbeat running at "2026-07-13T16:47:17.7307268+05:30"
2026-07-13 16:47:27.733 +05:30 [INF] HealthAxis API heartbeat running at "2026-07-13T16:47:27.7338507+05:30"
2026-07-13 16:47:37.748 +05:30 [INF] HealthAxis API heartbeat running at "2026-07-13T16:47:37.7487876+05:30"
2026-07-13 16:47:47.759 +05:30 [INF] HealthAxis API heartbeat running at "2026-07-13T16:47:47.7599337+05:30"
2026-07-13 16:47:57.763 +05:30 [INF] HealthAxis API heartbeat running at "2026-07-13T16:47:57.7633135+05:30"
2026-07-13 16:48:07.773 +05:30 [INF] HealthAxis API heartbeat running at "2026-07-13T16:48:07.7737413+05:30"
2026-07-13 16:48:17.784 +05:30 [INF] HealthAxis API heartbeat running at "2026-07-13T16:48:17.7843884+05:30"
2026-07-13 16:48:27.798 +05:30 [INF] HealthAxis API heartbeat running at "2026-07-13T16:48:27.7982911+05:30"
2026-07-13 16:48:37.807 +05:30 [INF] HealthAxis API heartbeat running at "2026-07-13T16:48:37.8073750+05:30"
2026-07-13 16:48:47.811 +05:30 [INF] HealthAxis API heartbeat running at "2026-07-13T16:48:47.8115915+05:30"
2026-07-13 16:48:57.830 +05:30 [INF] HealthAxis API heartbeat running at "2026-07-13T16:48:57.8302185+05:30"
2026-07-13 16:49:07.838 +05:30 [INF] HealthAxis API heartbeat running at "2026-07-13T16:49:07.8388490+05:30"
2026-07-13 16:49:17.846 +05:30 [INF] HealthAxis API heartbeat running at "2026-07-13T16:49:17.8461389+05:30"
2026-07-13 16:49:27.863 +05:30 [INF] HealthAxis API heartbeat running at "2026-07-13T16:49:27.8638240+05:30"
2026-07-13 16:49:37.879 +05:30 [INF] HealthAxis API heartbeat running at "2026-07-13T16:49:37.8790429+05:30"
2026-07-13 16:49:47.885 +05:30 [INF] HealthAxis API heartbeat running at "2026-07-13T16:49:47.8853970+05:30"
2026-07-13 16:49:57.894 +05:30 [INF] HealthAxis API heartbeat running at "2026-07-13T16:49:57.8941708+05:30"
2026-07-13 16:50:07.899 +05:30 [INF] HealthAxis API heartbeat running at "2026-07-13T16:50:07.8990898+05:30"
2026-07-13 16:50:17.908 +05:30 [INF] HealthAxis API heartbeat running at "2026-07-13T16:50:17.9086922+05:30"
2026-07-13 16:50:27.914 +05:30 [INF] HealthAxis API heartbeat running at "2026-07-13T16:50:27.9148011+05:30"
2026-07-13 16:50:37.933 +05:30 [INF] HealthAxis API heartbeat running at "2026-07-13T16:50:37.9332438+05:30"
2026-07-13 16:50:47.940 +05:30 [INF] HealthAxis API heartbeat running at "2026-07-13T16:50:47.9401433+05:30"
2026-07-13 16:50:57.944 +05:30 [INF] HealthAxis API heartbeat running at "2026-07-13T16:50:57.9447792+05:30"
2026-07-13 16:51:07.952 +05:30 [INF] HealthAxis API heartbeat running at "2026-07-13T16:51:07.9517241+05:30"
2026-07-13 16:51:17.955 +05:30 [INF] HealthAxis API heartbeat running at "2026-07-13T16:51:17.9552256+05:30"
2026-07-13 16:51:27.971 +05:30 [INF] HealthAxis API heartbeat running at "2026-07-13T16:51:27.9715012+05:30"
2026-07-13 16:51:37.980 +05:30 [INF] HealthAxis API heartbeat running at "2026-07-13T16:51:37.9804364+05:30"
2026-07-13 16:51:47.991 +05:30 [INF] HealthAxis API heartbeat running at "2026-07-13T16:51:47.9913913+05:30"
2026-07-13 16:51:57.996 +05:30 [INF] HealthAxis API heartbeat running at "2026-07-13T16:51:57.9969215+05:30"
2026-07-13 16:52:08.009 +05:30 [INF] HealthAxis API heartbeat running at "2026-07-13T16:52:08.0091673+05:30"
2026-07-13 16:52:18.014 +05:30 [INF] HealthAxis API heartbeat running at "2026-07-13T16:52:18.0144715+05:30"
2026-07-13 16:52:28.031 +05:30 [INF] HealthAxis API heartbeat running at "2026-07-13T16:52:28.0314588+05:30"
2026-07-13 16:52:38.037 +05:30 [INF] HealthAxis API heartbeat running at "2026-07-13T16:52:38.0378907+05:30"
2026-07-13 16:52:48.050 +05:30 [INF] HealthAxis API heartbeat running at "2026-07-13T16:52:48.0503959+05:30"
2026-07-13 16:52:58.068 +05:30 [INF] HealthAxis API heartbeat running at "2026-07-13T16:52:58.0686689+05:30"
2026-07-13 16:53:08.077 +05:30 [INF] HealthAxis API heartbeat running at "2026-07-13T16:53:08.0774439+05:30"
2026-07-13 16:53:18.091 +05:30 [INF] HealthAxis API heartbeat running at "2026-07-13T16:53:18.0915468+05:30"
2026-07-13 16:53:28.111 +05:30 [INF] HealthAxis API heartbeat running at "2026-07-13T16:53:28.1119091+05:30"
2026-07-13 16:53:38.120 +05:30 [INF] HealthAxis API heartbeat running at "2026-07-13T16:53:38.1208885+05:30"
2026-07-13 16:53:48.138 +05:30 [INF] HealthAxis API heartbeat running at "2026-07-13T16:53:48.1386940+05:30"
2026-07-13 16:53:58.155 +05:30 [INF] HealthAxis API heartbeat running at "2026-07-13T16:53:58.1551558+05:30"
2026-07-13 16:54:08.164 +05:30 [INF] HealthAxis API heartbeat running at "2026-07-13T16:54:08.1646488+05:30"
2026-07-13 16:54:18.181 +05:30 [INF] HealthAxis API heartbeat running at "2026-07-13T16:54:18.1815817+05:30"
2026-07-13 16:54:28.189 +05:30 [INF] HealthAxis API heartbeat running at "2026-07-13T16:54:28.1890184+05:30"
2026-07-13 16:54:38.203 +05:30 [INF] HealthAxis API heartbeat running at "2026-07-13T16:54:38.2039384+05:30"
2026-07-13 16:54:48.216 +05:30 [INF] HealthAxis API heartbeat running at "2026-07-13T16:54:48.2162145+05:30"
2026-07-13 16:54:58.228 +05:30 [INF] HealthAxis API heartbeat running at "2026-07-13T16:54:58.2281042+05:30"
2026-07-13 16:55:08.247 +05:30 [INF] HealthAxis API heartbeat running at "2026-07-13T16:55:08.2471088+05:30"
2026-07-13 16:55:18.255 +05:30 [INF] HealthAxis API heartbeat running at "2026-07-13T16:55:18.2549896+05:30"
2026-07-13 16:55:28.268 +05:30 [INF] HealthAxis API heartbeat running at "2026-07-13T16:55:28.2686263+05:30"
2026-07-13 16:55:38.287 +05:30 [INF] HealthAxis API heartbeat running at "2026-07-13T16:55:38.2876469+05:30"
2026-07-13 16:55:48.292 +05:30 [INF] HealthAxis API heartbeat running at "2026-07-13T16:55:48.2920577+05:30"
2026-07-13 16:55:58.303 +05:30 [INF] HealthAxis API heartbeat running at "2026-07-13T16:55:58.3032538+05:30"
2026-07-13 16:56:08.317 +05:30 [INF] HealthAxis API heartbeat running at "2026-07-13T16:56:08.3176004+05:30"
2026-07-13 16:56:18.337 +05:30 [INF] HealthAxis API heartbeat running at "2026-07-13T16:56:18.3375026+05:30"
2026-07-13 16:56:28.351 +05:30 [INF] HealthAxis API heartbeat running at "2026-07-13T16:56:28.3509969+05:30"
2026-07-13 16:56:38.363 +05:30 [INF] HealthAxis API heartbeat running at "2026-07-13T16:56:38.3633338+05:30"
2026-07-13 16:56:48.374 +05:30 [INF] HealthAxis API heartbeat running at "2026-07-13T16:56:48.3744074+05:30"
2026-07-13 16:56:58.383 +05:30 [INF] HealthAxis API heartbeat running at "2026-07-13T16:56:58.3833927+05:30"
2026-07-13 16:57:08.397 +05:30 [INF] HealthAxis API heartbeat running at "2026-07-13T16:57:08.3979003+05:30"
2026-07-13 16:57:18.406 +05:30 [INF] HealthAxis API heartbeat running at "2026-07-13T16:57:18.4068050+05:30"
2026-07-13 16:57:28.412 +05:30 [INF] HealthAxis API heartbeat running at "2026-07-13T16:57:28.4121012+05:30"
2026-07-13 16:57:38.429 +05:30 [INF] HealthAxis API heartbeat running at "2026-07-13T16:57:38.4295161+05:30"
2026-07-13 16:57:48.441 +05:30 [INF] HealthAxis API heartbeat running at "2026-07-13T16:57:48.4419179+05:30"
2026-07-13 16:57:58.460 +05:30 [INF] HealthAxis API heartbeat running at "2026-07-13T16:57:58.4607748+05:30"
2026-07-13 16:58:08.479 +05:30 [INF] HealthAxis API heartbeat running at "2026-07-13T16:58:08.4799095+05:30"
2026-07-13 16:58:18.497 +05:30 [INF] HealthAxis API heartbeat running at "2026-07-13T16:58:18.4976005+05:30"
2026-07-13 16:58:28.506 +05:30 [INF] HealthAxis API heartbeat running at "2026-07-13T16:58:28.5065439+05:30"
2026-07-13 16:58:38.516 +05:30 [INF] HealthAxis API heartbeat running at "2026-07-13T16:58:38.5169170+05:30"
2026-07-13 16:58:48.533 +05:30 [INF] HealthAxis API heartbeat running at "2026-07-13T16:58:48.5330305+05:30"
2026-07-13 16:58:58.549 +05:30 [INF] HealthAxis API heartbeat running at "2026-07-13T16:58:58.5495978+05:30"
2026-07-13 16:59:08.569 +05:30 [INF] HealthAxis API heartbeat running at "2026-07-13T16:59:08.5696486+05:30"
2026-07-13 16:59:18.582 +05:30 [INF] HealthAxis API heartbeat running at "2026-07-13T16:59:18.5820778+05:30"
2026-07-13 16:59:28.600 +05:30 [INF] HealthAxis API heartbeat running at "2026-07-13T16:59:28.6000430+05:30"
2026-07-13 16:59:38.613 +05:30 [INF] HealthAxis API heartbeat running at "2026-07-13T16:59:38.6138969+05:30"
2026-07-13 16:59:48.624 +05:30 [INF] HealthAxis API heartbeat running at "2026-07-13T16:59:48.6247413+05:30"
2026-07-13 16:59:58.643 +05:30 [INF] HealthAxis API heartbeat running at "2026-07-13T16:59:58.6429753+05:30"
2026-07-13 17:00:08.648 +05:30 [INF] HealthAxis API heartbeat running at "2026-07-13T17:00:08.6489595+05:30"
2026-07-13 17:00:18.658 +05:30 [INF] HealthAxis API heartbeat running at "2026-07-13T17:00:18.6579881+05:30"
2026-07-13 17:00:28.676 +05:30 [INF] HealthAxis API heartbeat running at "2026-07-13T17:00:28.6768272+05:30"
2026-07-13 17:00:38.696 +05:30 [INF] HealthAxis API heartbeat running at "2026-07-13T17:00:38.6962418+05:30"
2026-07-13 17:00:48.712 +05:30 [INF] HealthAxis API heartbeat running at "2026-07-13T17:00:48.7121937+05:30"
2026-07-13 17:00:58.723 +05:30 [INF] HealthAxis API heartbeat running at "2026-07-13T17:00:58.7237916+05:30"
2026-07-13 17:01:08.727 +05:30 [INF] HealthAxis API heartbeat running at "2026-07-13T17:01:08.7279531+05:30"
2026-07-13 17:01:18.744 +05:30 [INF] HealthAxis API heartbeat running at "2026-07-13T17:01:18.7446272+05:30"
2026-07-13 17:01:28.753 +05:30 [INF] HealthAxis API heartbeat running at "2026-07-13T17:01:28.7539543+05:30"
2026-07-13 17:01:38.766 +05:30 [INF] HealthAxis API heartbeat running at "2026-07-13T17:01:38.7660724+05:30"
2026-07-13 17:01:48.773 +05:30 [INF] HealthAxis API heartbeat running at "2026-07-13T17:01:48.7737596+05:30"
2026-07-13 17:01:58.789 +05:30 [INF] HealthAxis API heartbeat running at "2026-07-13T17:01:58.7892838+05:30"
2026-07-13 17:02:08.795 +05:30 [INF] HealthAxis API heartbeat running at "2026-07-13T17:02:08.7953583+05:30"
2026-07-13 17:02:18.844 +05:30 [INF] HealthAxis API heartbeat running at "2026-07-13T17:02:18.8445102+05:30"
2026-07-13 17:02:21.407 +05:30 [INF] HTTP OPTIONS /api/patients/me responded 204 in 5.3459 ms
2026-07-13 17:02:21.407 +05:30 [INF] HTTP OPTIONS /api/doctors responded 204 in 5.3424 ms
2026-07-13 17:02:21.445 +05:30 [INF] HTTP GET /api/patients/me responded 401 in 25.5741 ms
2026-07-13 17:02:21.445 +05:30 [INF] HTTP GET /api/doctors responded 401 in 26.2164 ms
2026-07-13 17:02:28.854 +05:30 [INF] HealthAxis API heartbeat running at "2026-07-13T17:02:28.8546257+05:30"
2026-07-13 17:02:38.868 +05:30 [INF] HealthAxis API heartbeat running at "2026-07-13T17:02:38.8683711+05:30"
2026-07-13 17:02:48.877 +05:30 [INF] HealthAxis API heartbeat running at "2026-07-13T17:02:48.8778021+05:30"
2026-07-13 17:02:58.888 +05:30 [INF] HealthAxis API heartbeat running at "2026-07-13T17:02:58.8888055+05:30"
2026-07-13 17:03:08.905 +05:30 [INF] HealthAxis API heartbeat running at "2026-07-13T17:03:08.9051384+05:30"
2026-07-13 17:03:18.915 +05:30 [INF] HealthAxis API heartbeat running at "2026-07-13T17:03:18.9157580+05:30"
2026-07-13 17:03:28.925 +05:30 [INF] HealthAxis API heartbeat running at "2026-07-13T17:03:28.9254861+05:30"
2026-07-13 17:03:38.944 +05:30 [INF] HealthAxis API heartbeat running at "2026-07-13T17:03:38.9447436+05:30"
2026-07-13 17:03:48.959 +05:30 [INF] HealthAxis API heartbeat running at "2026-07-13T17:03:48.9598444+05:30"
2026-07-13 17:03:58.965 +05:30 [INF] HealthAxis API heartbeat running at "2026-07-13T17:03:58.9650941+05:30"
2026-07-13 17:04:08.981 +05:30 [INF] HealthAxis API heartbeat running at "2026-07-13T17:04:08.9817534+05:30"
2026-07-13 17:04:19.002 +05:30 [INF] HealthAxis API heartbeat running at "2026-07-13T17:04:19.0029562+05:30"
2026-07-13 17:04:29.014 +05:30 [INF] HealthAxis API heartbeat running at "2026-07-13T17:04:29.0149389+05:30"
2026-07-13 17:04:39.030 +05:30 [INF] HealthAxis API heartbeat running at "2026-07-13T17:04:39.0300162+05:30"
2026-07-13 17:04:49.042 +05:30 [INF] HealthAxis API heartbeat running at "2026-07-13T17:04:49.0425583+05:30"
2026-07-13 17:04:59.060 +05:30 [INF] HealthAxis API heartbeat running at "2026-07-13T17:04:59.0609765+05:30"
2026-07-13 17:05:09.067 +05:30 [INF] HealthAxis API heartbeat running at "2026-07-13T17:05:09.0672415+05:30"
2026-07-13 17:05:19.077 +05:30 [INF] HealthAxis API heartbeat running at "2026-07-13T17:05:19.0775391+05:30"
2026-07-13 17:05:29.086 +05:30 [INF] HealthAxis API heartbeat running at "2026-07-13T17:05:29.0863414+05:30"
2026-07-13 17:05:39.093 +05:30 [INF] HealthAxis API heartbeat running at "2026-07-13T17:05:39.0937294+05:30"
2026-07-13 17:05:49.100 +05:30 [INF] HealthAxis API heartbeat running at "2026-07-13T17:05:49.1007728+05:30"
2026-07-13 17:05:59.106 +05:30 [INF] HealthAxis API heartbeat running at "2026-07-13T17:05:59.1064763+05:30"
2026-07-13 17:06:09.122 +05:30 [INF] HealthAxis API heartbeat running at "2026-07-13T17:06:09.1225486+05:30"
2026-07-13 17:06:19.128 +05:30 [INF] HealthAxis API heartbeat running at "2026-07-13T17:06:19.1280733+05:30"
2026-07-13 17:06:29.146 +05:30 [INF] HealthAxis API heartbeat running at "2026-07-13T17:06:29.1460079+05:30"
2026-07-13 17:06:39.157 +05:30 [INF] HealthAxis API heartbeat running at "2026-07-13T17:06:39.1577650+05:30"
2026-07-13 17:06:49.173 +05:30 [INF] HealthAxis API heartbeat running at "2026-07-13T17:06:49.1739458+05:30"
2026-07-13 17:06:59.187 +05:30 [INF] HealthAxis API heartbeat running at "2026-07-13T17:06:59.1875263+05:30"
2026-07-13 17:07:09.198 +05:30 [INF] HealthAxis API heartbeat running at "2026-07-13T17:07:09.1981490+05:30"
2026-07-13 17:07:19.205 +05:30 [INF] HealthAxis API heartbeat running at "2026-07-13T17:07:19.2052117+05:30"
2026-07-13 17:07:29.215 +05:30 [INF] HealthAxis API heartbeat running at "2026-07-13T17:07:29.2158782+05:30"
2026-07-13 17:07:39.230 +05:30 [INF] HealthAxis API heartbeat running at "2026-07-13T17:07:39.2307121+05:30"
2026-07-13 17:07:49.239 +05:30 [INF] HealthAxis API heartbeat running at "2026-07-13T17:07:49.2390584+05:30"
2026-07-13 17:07:59.247 +05:30 [INF] HealthAxis API heartbeat running at "2026-07-13T17:07:59.2477209+05:30"
2026-07-13 17:08:09.253 +05:30 [INF] HealthAxis API heartbeat running at "2026-07-13T17:08:09.2536693+05:30"
2026-07-13 17:08:19.273 +05:30 [INF] HealthAxis API heartbeat running at "2026-07-13T17:08:19.2737661+05:30"
2026-07-13 17:08:29.289 +05:30 [INF] HealthAxis API heartbeat running at "2026-07-13T17:08:29.2891090+05:30"
2026-07-13 17:08:39.300 +05:30 [INF] HealthAxis API heartbeat running at "2026-07-13T17:08:39.3004460+05:30"
2026-07-13 17:08:49.310 +05:30 [INF] HealthAxis API heartbeat running at "2026-07-13T17:08:49.3101946+05:30"
2026-07-13 17:08:59.329 +05:30 [INF] HealthAxis API heartbeat running at "2026-07-13T17:08:59.3290330+05:30"
2026-07-13 17:09:09.339 +05:30 [INF] HealthAxis API heartbeat running at "2026-07-13T17:09:09.3393475+05:30"
2026-07-13 17:09:19.352 +05:30 [INF] HealthAxis API heartbeat running at "2026-07-13T17:09:19.3525664+05:30"
2026-07-13 17:09:29.363 +05:30 [INF] HealthAxis API heartbeat running at "2026-07-13T17:09:29.3632698+05:30"
2026-07-13 17:09:39.382 +05:30 [INF] HealthAxis API heartbeat running at "2026-07-13T17:09:39.3823680+05:30"
2026-07-13 17:09:49.404 +05:30 [INF] HealthAxis API heartbeat running at "2026-07-13T17:09:49.4040313+05:30"
2026-07-13 17:09:59.417 +05:30 [INF] HealthAxis API heartbeat running at "2026-07-13T17:09:59.4176329+05:30"
2026-07-13 17:10:09.425 +05:30 [INF] HealthAxis API heartbeat running at "2026-07-13T17:10:09.4252283+05:30"
2026-07-13 17:10:19.436 +05:30 [INF] HealthAxis API heartbeat running at "2026-07-13T17:10:19.4368170+05:30"
2026-07-13 17:10:29.451 +05:30 [INF] HealthAxis API heartbeat running at "2026-07-13T17:10:29.4519096+05:30"
2026-07-13 17:10:39.472 +05:30 [INF] HealthAxis API heartbeat running at "2026-07-13T17:10:39.4726591+05:30"
2026-07-13 17:10:49.491 +05:30 [INF] HealthAxis API heartbeat running at "2026-07-13T17:10:49.4910054+05:30"
2026-07-13 17:10:59.505 +05:30 [INF] HealthAxis API heartbeat running at "2026-07-13T17:10:59.5054393+05:30"
2026-07-13 17:11:09.522 +05:30 [INF] HealthAxis API heartbeat running at "2026-07-13T17:11:09.5220727+05:30"
2026-07-13 17:11:19.528 +05:30 [INF] HealthAxis API heartbeat running at "2026-07-13T17:11:19.5280968+05:30"
2026-07-13 17:11:29.535 +05:30 [INF] HealthAxis API heartbeat running at "2026-07-13T17:11:29.5356310+05:30"
2026-07-13 17:11:39.545 +05:30 [INF] HealthAxis API heartbeat running at "2026-07-13T17:11:39.5454756+05:30"
2026-07-13 17:11:49.569 +05:30 [INF] HealthAxis API heartbeat running at "2026-07-13T17:11:49.5691477+05:30"
2026-07-13 17:11:59.577 +05:30 [INF] HealthAxis API heartbeat running at "2026-07-13T17:11:59.5771354+05:30"
2026-07-13 17:12:09.595 +05:30 [INF] HealthAxis API heartbeat running at "2026-07-13T17:12:09.5957104+05:30"
2026-07-13 17:12:19.605 +05:30 [INF] HealthAxis API heartbeat running at "2026-07-13T17:12:19.6051277+05:30"
2026-07-13 17:12:29.610 +05:30 [INF] HealthAxis API heartbeat running at "2026-07-13T17:12:29.6103121+05:30"
2026-07-13 17:12:39.624 +05:30 [INF] HealthAxis API heartbeat running at "2026-07-13T17:12:39.6248160+05:30"
2026-07-13 17:12:49.630 +05:30 [INF] HealthAxis API heartbeat running at "2026-07-13T17:12:49.6303536+05:30"
2026-07-13 17:12:59.643 +05:30 [INF] HealthAxis API heartbeat running at "2026-07-13T17:12:59.6431717+05:30"
2026-07-13 17:13:09.656 +05:30 [INF] HealthAxis API heartbeat running at "2026-07-13T17:13:09.6565018+05:30"
2026-07-13 17:13:19.676 +05:30 [INF] HealthAxis API heartbeat running at "2026-07-13T17:13:19.6761630+05:30"
2026-07-13 17:13:29.693 +05:30 [INF] HealthAxis API heartbeat running at "2026-07-13T17:13:29.6932028+05:30"
2026-07-13 17:13:39.704 +05:30 [INF] HealthAxis API heartbeat running at "2026-07-13T17:13:39.7040754+05:30"
2026-07-13 17:13:49.719 +05:30 [INF] HealthAxis API heartbeat running at "2026-07-13T17:13:49.7196757+05:30"
2026-07-13 17:13:59.733 +05:30 [INF] HealthAxis API heartbeat running at "2026-07-13T17:13:59.7335577+05:30"
2026-07-13 17:14:09.739 +05:30 [INF] HealthAxis API heartbeat running at "2026-07-13T17:14:09.7391124+05:30"
2026-07-13 17:14:19.744 +05:30 [INF] HealthAxis API heartbeat running at "2026-07-13T17:14:19.7443263+05:30"
2026-07-13 17:14:29.749 +05:30 [INF] HealthAxis API heartbeat running at "2026-07-13T17:14:29.7496899+05:30"
2026-07-13 17:14:39.764 +05:30 [INF] HealthAxis API heartbeat running at "2026-07-13T17:14:39.7645168+05:30"
2026-07-13 17:14:49.772 +05:30 [INF] HealthAxis API heartbeat running at "2026-07-13T17:14:49.7727797+05:30"
2026-07-13 17:14:59.785 +05:30 [INF] HealthAxis API heartbeat running at "2026-07-13T17:14:59.7851914+05:30"
2026-07-13 17:15:09.802 +05:30 [INF] HealthAxis API heartbeat running at "2026-07-13T17:15:09.8026900+05:30"
2026-07-13 17:15:19.811 +05:30 [INF] HealthAxis API heartbeat running at "2026-07-13T17:15:19.8118453+05:30"
2026-07-13 17:15:29.817 +05:30 [INF] HealthAxis API heartbeat running at "2026-07-13T17:15:29.8175303+05:30"
2026-07-13 17:15:39.821 +05:30 [INF] HealthAxis API heartbeat running at "2026-07-13T17:15:39.8214438+05:30"
2026-07-13 17:15:49.833 +05:30 [INF] HealthAxis API heartbeat running at "2026-07-13T17:15:49.8331950+05:30"
2026-07-13 17:15:59.839 +05:30 [INF] HealthAxis API heartbeat running at "2026-07-13T17:15:59.8397796+05:30"
2026-07-13 17:16:09.854 +05:30 [INF] HealthAxis API heartbeat running at "2026-07-13T17:16:09.8548915+05:30"
2026-07-13 17:16:19.865 +05:30 [INF] HealthAxis API heartbeat running at "2026-07-13T17:16:19.8653072+05:30"
2026-07-13 17:16:29.885 +05:30 [INF] HealthAxis API heartbeat running at "2026-07-13T17:16:29.8854865+05:30"
2026-07-13 17:16:39.892 +05:30 [INF] HealthAxis API heartbeat running at "2026-07-13T17:16:39.8927093+05:30"
2026-07-13 17:16:49.905 +05:30 [INF] HealthAxis API heartbeat running at "2026-07-13T17:16:49.9051556+05:30"
2026-07-13 17:16:59.915 +05:30 [INF] HealthAxis API heartbeat running at "2026-07-13T17:16:59.9152840+05:30"
2026-07-13 17:17:09.935 +05:30 [INF] HealthAxis API heartbeat running at "2026-07-13T17:17:09.9352058+05:30"
2026-07-13 17:17:19.941 +05:30 [INF] HealthAxis API heartbeat running at "2026-07-13T17:17:19.9416455+05:30"
2026-07-13 17:17:29.961 +05:30 [INF] HealthAxis API heartbeat running at "2026-07-13T17:17:29.9618587+05:30"
2026-07-13 17:17:39.972 +05:30 [INF] HealthAxis API heartbeat running at "2026-07-13T17:17:39.9728883+05:30"
2026-07-13 17:17:49.982 +05:30 [INF] HealthAxis API heartbeat running at "2026-07-13T17:17:49.9821150+05:30"
2026-07-13 17:17:59.999 +05:30 [INF] HealthAxis API heartbeat running at "2026-07-13T17:17:59.9990519+05:30"
2026-07-13 17:18:10.005 +05:30 [INF] HealthAxis API heartbeat running at "2026-07-13T17:18:10.0057781+05:30"
2026-07-13 17:18:20.022 +05:30 [INF] HealthAxis API heartbeat running at "2026-07-13T17:18:20.0224365+05:30"
2026-07-13 17:18:30.029 +05:30 [INF] HealthAxis API heartbeat running at "2026-07-13T17:18:30.0293426+05:30"
2026-07-13 17:18:40.038 +05:30 [INF] HealthAxis API heartbeat running at "2026-07-13T17:18:40.0388195+05:30"
2026-07-13 17:18:50.051 +05:30 [INF] HealthAxis API heartbeat running at "2026-07-13T17:18:50.0519494+05:30"
2026-07-13 17:19:00.060 +05:30 [INF] HealthAxis API heartbeat running at "2026-07-13T17:19:00.0605770+05:30"
2026-07-13 17:19:10.070 +05:30 [INF] HealthAxis API heartbeat running at "2026-07-13T17:19:10.0705419+05:30"
2026-07-13 17:19:20.077 +05:30 [INF] HealthAxis API heartbeat running at "2026-07-13T17:19:20.0777736+05:30"
2026-07-13 17:19:30.088 +05:30 [INF] HealthAxis API heartbeat running at "2026-07-13T17:19:30.0885344+05:30"
2026-07-13 17:19:40.103 +05:30 [INF] HealthAxis API heartbeat running at "2026-07-13T17:19:40.1032729+05:30"
2026-07-13 17:19:50.115 +05:30 [INF] HealthAxis API heartbeat running at "2026-07-13T17:19:50.1151146+05:30"
2026-07-13 17:20:00.130 +05:30 [INF] HealthAxis API heartbeat running at "2026-07-13T17:20:00.1308585+05:30"
2026-07-13 17:20:10.140 +05:30 [INF] HealthAxis API heartbeat running at "2026-07-13T17:20:10.1404515+05:30"
2026-07-13 17:20:20.155 +05:30 [INF] HealthAxis API heartbeat running at "2026-07-13T17:20:20.1559760+05:30"
2026-07-13 17:20:30.168 +05:30 [INF] HealthAxis API heartbeat running at "2026-07-13T17:20:30.1682500+05:30"
2026-07-13 17:20:40.187 +05:30 [INF] HealthAxis API heartbeat running at "2026-07-13T17:20:40.1869602+05:30"
2026-07-13 17:20:50.196 +05:30 [INF] HealthAxis API heartbeat running at "2026-07-13T17:20:50.1968715+05:30"
2026-07-13 17:21:00.213 +05:30 [INF] HealthAxis API heartbeat running at "2026-07-13T17:21:00.2129915+05:30"
2026-07-13 17:21:10.225 +05:30 [INF] HealthAxis API heartbeat running at "2026-07-13T17:21:10.2259259+05:30"
2026-07-13 17:21:20.242 +05:30 [INF] HealthAxis API heartbeat running at "2026-07-13T17:21:20.2427200+05:30"
2026-07-13 17:21:30.257 +05:30 [INF] HealthAxis API heartbeat running at "2026-07-13T17:21:30.2572063+05:30"
2026-07-13 17:21:40.265 +05:30 [INF] HealthAxis API heartbeat running at "2026-07-13T17:21:40.2650015+05:30"
2026-07-13 17:21:50.275 +05:30 [INF] HealthAxis API heartbeat running at "2026-07-13T17:21:50.2750714+05:30"
2026-07-13 17:22:00.292 +05:30 [INF] HealthAxis API heartbeat running at "2026-07-13T17:22:00.2922306+05:30"
2026-07-13 17:22:05.369 +05:30 [INF] No old notifications found for cleanup.
2026-07-13 17:22:10.306 +05:30 [INF] HealthAxis API heartbeat running at "2026-07-13T17:22:10.3060039+05:30"
2026-07-13 17:22:20.373 +05:30 [INF] HealthAxis API heartbeat running at "2026-07-13T17:22:20.3734677+05:30"
2026-07-13 17:22:30.387 +05:30 [INF] HealthAxis API heartbeat running at "2026-07-13T17:22:30.3870238+05:30"
2026-07-13 17:22:40.399 +05:30 [INF] HealthAxis API heartbeat running at "2026-07-13T17:22:40.3991149+05:30"
2026-07-13 17:22:50.416 +05:30 [INF] HealthAxis API heartbeat running at "2026-07-13T17:22:50.4161635+05:30"
2026-07-13 17:23:00.427 +05:30 [INF] HealthAxis API heartbeat running at "2026-07-13T17:23:00.4273650+05:30"
2026-07-13 17:23:10.443 +05:30 [INF] HealthAxis API heartbeat running at "2026-07-13T17:23:10.4434621+05:30"
2026-07-13 17:23:20.452 +05:30 [INF] HealthAxis API heartbeat running at "2026-07-13T17:23:20.4519808+05:30"
2026-07-13 17:23:30.464 +05:30 [INF] HealthAxis API heartbeat running at "2026-07-13T17:23:30.4646433+05:30"
2026-07-13 17:23:40.484 +05:30 [INF] HealthAxis API heartbeat running at "2026-07-13T17:23:40.4848883+05:30"
2026-07-13 17:23:50.495 +05:30 [INF] HealthAxis API heartbeat running at "2026-07-13T17:23:50.4957472+05:30"
2026-07-13 17:24:00.512 +05:30 [INF] HealthAxis API heartbeat running at "2026-07-13T17:24:00.5121660+05:30"
2026-07-13 17:24:10.519 +05:30 [INF] HealthAxis API heartbeat running at "2026-07-13T17:24:10.5192720+05:30"
2026-07-13 17:24:20.524 +05:30 [INF] HealthAxis API heartbeat running at "2026-07-13T17:24:20.5241337+05:30"
2026-07-13 17:24:30.531 +05:30 [INF] HealthAxis API heartbeat running at "2026-07-13T17:24:30.5312384+05:30"
2026-07-13 17:24:40.546 +05:30 [INF] HealthAxis API heartbeat running at "2026-07-13T17:24:40.5460555+05:30"
2026-07-13 17:24:50.560 +05:30 [INF] HealthAxis API heartbeat running at "2026-07-13T17:24:50.5607603+05:30"
2026-07-13 17:25:00.579 +05:30 [INF] HealthAxis API heartbeat running at "2026-07-13T17:25:00.5789841+05:30"
2026-07-13 17:25:10.599 +05:30 [INF] HealthAxis API heartbeat running at "2026-07-13T17:25:10.5996820+05:30"
2026-07-13 17:25:20.608 +05:30 [INF] HealthAxis API heartbeat running at "2026-07-13T17:25:20.6084637+05:30"
2026-07-13 17:25:30.623 +05:30 [INF] HealthAxis API heartbeat running at "2026-07-13T17:25:30.6237485+05:30"
2026-07-13 17:25:40.640 +05:30 [INF] HealthAxis API heartbeat running at "2026-07-13T17:25:40.6403031+05:30"
2026-07-13 17:25:50.650 +05:30 [INF] HealthAxis API heartbeat running at "2026-07-13T17:25:50.6507217+05:30"
2026-07-13 17:26:00.667 +05:30 [INF] HealthAxis API heartbeat running at "2026-07-13T17:26:00.6672218+05:30"
2026-07-13 17:26:10.674 +05:30 [INF] HealthAxis API heartbeat running at "2026-07-13T17:26:10.6743967+05:30"
2026-07-13 17:26:20.687 +05:30 [INF] HealthAxis API heartbeat running at "2026-07-13T17:26:20.6872469+05:30"
2026-07-13 17:26:30.705 +05:30 [INF] HealthAxis API heartbeat running at "2026-07-13T17:26:30.7057506+05:30"
2026-07-13 17:26:40.710 +05:30 [INF] HealthAxis API heartbeat running at "2026-07-13T17:26:40.7104194+05:30"
2026-07-13 17:26:50.721 +05:30 [INF] HealthAxis API heartbeat running at "2026-07-13T17:26:50.7210849+05:30"
2026-07-13 17:27:00.728 +05:30 [INF] HealthAxis API heartbeat running at "2026-07-13T17:27:00.7280882+05:30"
2026-07-13 17:27:10.740 +05:30 [INF] HealthAxis API heartbeat running at "2026-07-13T17:27:10.7405429+05:30"
2026-07-13 17:27:20.744 +05:30 [INF] HealthAxis API heartbeat running at "2026-07-13T17:27:20.7449051+05:30"
2026-07-13 17:27:30.761 +05:30 [INF] HealthAxis API heartbeat running at "2026-07-13T17:27:30.7616928+05:30"
2026-07-13 17:27:40.775 +05:30 [INF] HealthAxis API heartbeat running at "2026-07-13T17:27:40.7749783+05:30"
2026-07-13 17:27:50.782 +05:30 [INF] HealthAxis API heartbeat running at "2026-07-13T17:27:50.7822501+05:30"
2026-07-13 17:28:00.795 +05:30 [INF] HealthAxis API heartbeat running at "2026-07-13T17:28:00.7956433+05:30"
2026-07-13 17:28:10.810 +05:30 [INF] HealthAxis API heartbeat running at "2026-07-13T17:28:10.8104458+05:30"
2026-07-13 17:28:20.827 +05:30 [INF] HealthAxis API heartbeat running at "2026-07-13T17:28:20.8275830+05:30"
2026-07-13 17:28:30.847 +05:30 [INF] HealthAxis API heartbeat running at "2026-07-13T17:28:30.8474113+05:30"
2026-07-13 17:28:40.855 +05:30 [INF] HealthAxis API heartbeat running at "2026-07-13T17:28:40.8557440+05:30"
2026-07-13 17:28:50.874 +05:30 [INF] HealthAxis API heartbeat running at "2026-07-13T17:28:50.8746575+05:30"
2026-07-13 17:29:00.889 +05:30 [INF] HealthAxis API heartbeat running at "2026-07-13T17:29:00.8891343+05:30"
2026-07-13 17:29:10.900 +05:30 [INF] HealthAxis API heartbeat running at "2026-07-13T17:29:10.9008414+05:30"
2026-07-13 17:29:20.916 +05:30 [INF] HealthAxis API heartbeat running at "2026-07-13T17:29:20.9163161+05:30"
2026-07-13 17:29:30.924 +05:30 [INF] HealthAxis API heartbeat running at "2026-07-13T17:29:30.9243896+05:30"
2026-07-13 17:29:40.936 +05:30 [INF] HealthAxis API heartbeat running at "2026-07-13T17:29:40.9367575+05:30"
2026-07-13 17:29:50.947 +05:30 [INF] HealthAxis API heartbeat running at "2026-07-13T17:29:50.9473448+05:30"
2026-07-13 17:30:00.954 +05:30 [INF] HealthAxis API heartbeat running at "2026-07-13T17:30:00.9544365+05:30"
2026-07-13 17:30:10.970 +05:30 [INF] HealthAxis API heartbeat running at "2026-07-13T17:30:10.9703110+05:30"
2026-07-13 17:30:20.986 +05:30 [INF] HealthAxis API heartbeat running at "2026-07-13T17:30:20.9867858+05:30"
2026-07-13 17:30:30.992 +05:30 [INF] HealthAxis API heartbeat running at "2026-07-13T17:30:30.9927037+05:30"
2026-07-13 17:30:41.007 +05:30 [INF] HealthAxis API heartbeat running at "2026-07-13T17:30:41.0072030+05:30"
2026-07-13 17:30:51.012 +05:30 [INF] HealthAxis API heartbeat running at "2026-07-13T17:30:51.0120274+05:30"
2026-07-13 17:31:01.024 +05:30 [INF] HealthAxis API heartbeat running at "2026-07-13T17:31:01.0241601+05:30"
2026-07-13 17:31:11.039 +05:30 [INF] HealthAxis API heartbeat running at "2026-07-13T17:31:11.0389807+05:30"
2026-07-13 17:31:21.054 +05:30 [INF] HealthAxis API heartbeat running at "2026-07-13T17:31:21.0549688+05:30"
2026-07-13 17:31:31.066 +05:30 [INF] HealthAxis API heartbeat running at "2026-07-13T17:31:31.0660964+05:30"
2026-07-13 17:31:41.076 +05:30 [INF] HealthAxis API heartbeat running at "2026-07-13T17:31:41.0765777+05:30"
2026-07-13 17:31:51.093 +05:30 [INF] HealthAxis API heartbeat running at "2026-07-13T17:31:51.0932490+05:30"
2026-07-13 17:32:01.101 +05:30 [INF] HealthAxis API heartbeat running at "2026-07-13T17:32:01.1010404+05:30"
2026-07-13 17:32:11.112 +05:30 [INF] HealthAxis API heartbeat running at "2026-07-13T17:32:11.1125897+05:30"
2026-07-13 17:32:21.122 +05:30 [INF] HealthAxis API heartbeat running at "2026-07-13T17:32:21.1225821+05:30"
2026-07-13 17:32:31.128 +05:30 [INF] HealthAxis API heartbeat running at "2026-07-13T17:32:31.1284998+05:30"
2026-07-13 17:32:41.134 +05:30 [INF] HealthAxis API heartbeat running at "2026-07-13T17:32:41.1345674+05:30"
2026-07-13 17:32:51.142 +05:30 [INF] HealthAxis API heartbeat running at "2026-07-13T17:32:51.1427179+05:30"
2026-07-13 17:33:01.157 +05:30 [INF] HealthAxis API heartbeat running at "2026-07-13T17:33:01.1571806+05:30"
2026-07-13 17:33:11.169 +05:30 [INF] HealthAxis API heartbeat running at "2026-07-13T17:33:11.1697302+05:30"
2026-07-13 17:33:21.178 +05:30 [INF] HealthAxis API heartbeat running at "2026-07-13T17:33:21.1784632+05:30"
2026-07-13 17:33:31.197 +05:30 [INF] HealthAxis API heartbeat running at "2026-07-13T17:33:31.1971924+05:30"
2026-07-13 17:33:41.208 +05:30 [INF] HealthAxis API heartbeat running at "2026-07-13T17:33:41.2085451+05:30"
2026-07-13 17:33:51.226 +05:30 [INF] HealthAxis API heartbeat running at "2026-07-13T17:33:51.2264430+05:30"
2026-07-13 17:34:01.242 +05:30 [INF] HealthAxis API heartbeat running at "2026-07-13T17:34:01.2425665+05:30"
2026-07-13 17:34:11.248 +05:30 [INF] HealthAxis API heartbeat running at "2026-07-13T17:34:11.2489316+05:30"
2026-07-13 17:34:21.262 +05:30 [INF] HealthAxis API heartbeat running at "2026-07-13T17:34:21.2627894+05:30"
2026-07-13 17:34:31.268 +05:30 [INF] HealthAxis API heartbeat running at "2026-07-13T17:34:31.2687381+05:30"
2026-07-13 17:34:41.281 +05:30 [INF] HealthAxis API heartbeat running at "2026-07-13T17:34:41.2813741+05:30"
2026-07-13 17:34:51.296 +05:30 [INF] HealthAxis API heartbeat running at "2026-07-13T17:34:51.2963544+05:30"
2026-07-13 17:35:01.305 +05:30 [INF] HealthAxis API heartbeat running at "2026-07-13T17:35:01.3055133+05:30"
2026-07-13 17:35:11.319 +05:30 [INF] HealthAxis API heartbeat running at "2026-07-13T17:35:11.3193281+05:30"
2026-07-13 17:35:21.337 +05:30 [INF] HealthAxis API heartbeat running at "2026-07-13T17:35:21.3370567+05:30"
2026-07-13 17:35:31.347 +05:30 [INF] HealthAxis API heartbeat running at "2026-07-13T17:35:31.3473592+05:30"
2026-07-13 17:35:41.355 +05:30 [INF] HealthAxis API heartbeat running at "2026-07-13T17:35:41.3553293+05:30"
2026-07-13 17:35:51.365 +05:30 [INF] HealthAxis API heartbeat running at "2026-07-13T17:35:51.3653731+05:30"
2026-07-13 17:36:01.372 +05:30 [INF] HealthAxis API heartbeat running at "2026-07-13T17:36:01.3729244+05:30"
2026-07-13 17:36:11.382 +05:30 [INF] HealthAxis API heartbeat running at "2026-07-13T17:36:11.3820374+05:30"
2026-07-13 17:36:21.391 +05:30 [INF] HealthAxis API heartbeat running at "2026-07-13T17:36:21.3914818+05:30"
2026-07-13 17:36:31.398 +05:30 [INF] HealthAxis API heartbeat running at "2026-07-13T17:36:31.3981434+05:30"
2026-07-13 17:36:41.418 +05:30 [INF] HealthAxis API heartbeat running at "2026-07-13T17:36:41.4182159+05:30"
2026-07-13 17:36:51.428 +05:30 [INF] HealthAxis API heartbeat running at "2026-07-13T17:36:51.4284823+05:30"
2026-07-13 17:37:01.447 +05:30 [INF] HealthAxis API heartbeat running at "2026-07-13T17:37:01.4472596+05:30"
2026-07-13 17:37:11.457 +05:30 [INF] HealthAxis API heartbeat running at "2026-07-13T17:37:11.4579211+05:30"
2026-07-13 17:37:21.472 +05:30 [INF] HealthAxis API heartbeat running at "2026-07-13T17:37:21.4728162+05:30"
2026-07-13 17:37:31.483 +05:30 [INF] HealthAxis API heartbeat running at "2026-07-13T17:37:31.4836308+05:30"
2026-07-13 17:37:41.493 +05:30 [INF] HealthAxis API heartbeat running at "2026-07-13T17:37:41.4933064+05:30"
2026-07-13 17:37:51.499 +05:30 [INF] HealthAxis API heartbeat running at "2026-07-13T17:37:51.4992337+05:30"
2026-07-13 17:38:01.516 +05:30 [INF] HealthAxis API heartbeat running at "2026-07-13T17:38:01.5160555+05:30"
2026-07-13 17:38:11.530 +05:30 [INF] HealthAxis API heartbeat running at "2026-07-13T17:38:11.5306549+05:30"
2026-07-13 17:38:21.548 +05:30 [INF] HealthAxis API heartbeat running at "2026-07-13T17:38:21.5485501+05:30"
2026-07-13 17:38:31.564 +05:30 [INF] HealthAxis API heartbeat running at "2026-07-13T17:38:31.5641184+05:30"
2026-07-13 17:38:41.577 +05:30 [INF] HealthAxis API heartbeat running at "2026-07-13T17:38:41.5769879+05:30"
2026-07-13 17:38:51.594 +05:30 [INF] HealthAxis API heartbeat running at "2026-07-13T17:38:51.5944944+05:30"
2026-07-13 17:39:01.599 +05:30 [INF] HealthAxis API heartbeat running at "2026-07-13T17:39:01.5994754+05:30"
2026-07-13 17:39:11.609 +05:30 [INF] HealthAxis API heartbeat running at "2026-07-13T17:39:11.6097173+05:30"
2026-07-13 17:39:21.622 +05:30 [INF] HealthAxis API heartbeat running at "2026-07-13T17:39:21.6224337+05:30"
2026-07-13 17:39:31.634 +05:30 [INF] HealthAxis API heartbeat running at "2026-07-13T17:39:31.6343307+05:30"
2026-07-13 17:39:41.639 +05:30 [INF] HealthAxis API heartbeat running at "2026-07-13T17:39:41.6390155+05:30"
2026-07-13 17:39:51.648 +05:30 [INF] HealthAxis API heartbeat running at "2026-07-13T17:39:51.6487108+05:30"
2026-07-13 17:40:01.659 +05:30 [INF] HealthAxis API heartbeat running at "2026-07-13T17:40:01.6595340+05:30"
2026-07-13 17:40:11.668 +05:30 [INF] HealthAxis API heartbeat running at "2026-07-13T17:40:11.6679896+05:30"
2026-07-13 17:40:21.675 +05:30 [INF] HealthAxis API heartbeat running at "2026-07-13T17:40:21.6752149+05:30"
2026-07-13 17:40:31.688 +05:30 [INF] HealthAxis API heartbeat running at "2026-07-13T17:40:31.6883091+05:30"
2026-07-13 17:40:41.706 +05:30 [INF] HealthAxis API heartbeat running at "2026-07-13T17:40:41.7067511+05:30"
2026-07-13 17:40:51.719 +05:30 [INF] HealthAxis API heartbeat running at "2026-07-13T17:40:51.7193806+05:30"
2026-07-13 17:41:01.737 +05:30 [INF] HealthAxis API heartbeat running at "2026-07-13T17:41:01.7371065+05:30"
2026-07-13 17:41:11.756 +05:30 [INF] HealthAxis API heartbeat running at "2026-07-13T17:41:11.7563518+05:30"
2026-07-13 17:41:21.775 +05:30 [INF] HealthAxis API heartbeat running at "2026-07-13T17:41:21.7752334+05:30"
2026-07-13 17:41:31.789 +05:30 [INF] HealthAxis API heartbeat running at "2026-07-13T17:41:31.7898397+05:30"
2026-07-13 17:41:41.796 +05:30 [INF] HealthAxis API heartbeat running at "2026-07-13T17:41:41.7968198+05:30"
2026-07-13 17:41:51.812 +05:30 [INF] HealthAxis API heartbeat running at "2026-07-13T17:41:51.8127335+05:30"
2026-07-13 17:42:01.824 +05:30 [INF] HealthAxis API heartbeat running at "2026-07-13T17:42:01.8242214+05:30"
2026-07-13 17:42:11.829 +05:30 [INF] HealthAxis API heartbeat running at "2026-07-13T17:42:11.8296301+05:30"
2026-07-13 17:42:21.845 +05:30 [INF] HealthAxis API heartbeat running at "2026-07-13T17:42:21.8457138+05:30"
2026-07-13 17:42:31.854 +05:30 [INF] HealthAxis API heartbeat running at "2026-07-13T17:42:31.8542341+05:30"
2026-07-13 17:42:41.862 +05:30 [INF] HealthAxis API heartbeat running at "2026-07-13T17:42:41.8622168+05:30"
2026-07-13 17:42:51.872 +05:30 [INF] HealthAxis API heartbeat running at "2026-07-13T17:42:51.8723583+05:30"
2026-07-13 17:43:01.889 +05:30 [INF] HealthAxis API heartbeat running at "2026-07-13T17:43:01.8890790+05:30"
2026-07-13 17:43:11.896 +05:30 [INF] HealthAxis API heartbeat running at "2026-07-13T17:43:11.8961677+05:30"
2026-07-13 17:43:21.914 +05:30 [INF] HealthAxis API heartbeat running at "2026-07-13T17:43:21.9142877+05:30"
2026-07-13 17:43:31.921 +05:30 [INF] HealthAxis API heartbeat running at "2026-07-13T17:43:31.9218084+05:30"
2026-07-13 17:43:41.932 +05:30 [INF] HealthAxis API heartbeat running at "2026-07-13T17:43:41.9328934+05:30"
2026-07-13 17:43:51.938 +05:30 [INF] HealthAxis API heartbeat running at "2026-07-13T17:43:51.9380966+05:30"
2026-07-13 17:44:01.953 +05:30 [INF] HealthAxis API heartbeat running at "2026-07-13T17:44:01.9538992+05:30"
2026-07-13 17:44:11.974 +05:30 [INF] HealthAxis API heartbeat running at "2026-07-13T17:44:11.9744791+05:30"
2026-07-13 17:44:21.985 +05:30 [INF] HealthAxis API heartbeat running at "2026-07-13T17:44:21.9850887+05:30"
2026-07-13 17:44:32.002 +05:30 [INF] HealthAxis API heartbeat running at "2026-07-13T17:44:32.0020316+05:30"
2026-07-13 17:44:42.019 +05:30 [INF] HealthAxis API heartbeat running at "2026-07-13T17:44:42.0194500+05:30"
2026-07-13 17:44:52.033 +05:30 [INF] HealthAxis API heartbeat running at "2026-07-13T17:44:52.0337804+05:30"
2026-07-13 17:45:02.049 +05:30 [INF] HealthAxis API heartbeat running at "2026-07-13T17:45:02.0495707+05:30"
2026-07-13 17:45:12.065 +05:30 [INF] HealthAxis API heartbeat running at "2026-07-13T17:45:12.0656511+05:30"
2026-07-13 17:45:22.073 +05:30 [INF] HealthAxis API heartbeat running at "2026-07-13T17:45:22.0732204+05:30"
2026-07-13 17:45:32.081 +05:30 [INF] HealthAxis API heartbeat running at "2026-07-13T17:45:32.0810354+05:30"
2026-07-13 17:45:42.097 +05:30 [INF] HealthAxis API heartbeat running at "2026-07-13T17:45:42.0971922+05:30"
2026-07-13 17:45:52.114 +05:30 [INF] HealthAxis API heartbeat running at "2026-07-13T17:45:52.1147913+05:30"
2026-07-13 17:46:02.117 +05:30 [INF] HealthAxis API heartbeat running at "2026-07-13T17:46:02.1177752+05:30"
2026-07-13 17:46:12.132 +05:30 [INF] HealthAxis API heartbeat running at "2026-07-13T17:46:12.1325089+05:30"
2026-07-13 17:46:22.146 +05:30 [INF] HealthAxis API heartbeat running at "2026-07-13T17:46:22.1468872+05:30"
2026-07-13 17:46:32.159 +05:30 [INF] HealthAxis API heartbeat running at "2026-07-13T17:46:32.1595144+05:30"
2026-07-13 17:46:42.171 +05:30 [INF] HealthAxis API heartbeat running at "2026-07-13T17:46:42.1719706+05:30"
2026-07-13 17:46:52.187 +05:30 [INF] HealthAxis API heartbeat running at "2026-07-13T17:46:52.1873101+05:30"
2026-07-13 17:47:02.200 +05:30 [INF] HealthAxis API heartbeat running at "2026-07-13T17:47:02.2001882+05:30"
2026-07-13 17:47:12.215 +05:30 [INF] HealthAxis API heartbeat running at "2026-07-13T17:47:12.2151851+05:30"
2026-07-13 17:47:22.232 +05:30 [INF] HealthAxis API heartbeat running at "2026-07-13T17:47:22.2326063+05:30"
2026-07-13 17:47:32.246 +05:30 [INF] HealthAxis API heartbeat running at "2026-07-13T17:47:32.2460333+05:30"
2026-07-13 17:47:42.255 +05:30 [INF] HealthAxis API heartbeat running at "2026-07-13T17:47:42.2553463+05:30"
2026-07-13 17:47:52.270 +05:30 [INF] HealthAxis API heartbeat running at "2026-07-13T17:47:52.2702979+05:30"
2026-07-13 17:48:02.281 +05:30 [INF] HealthAxis API heartbeat running at "2026-07-13T17:48:02.2819407+05:30"
2026-07-13 17:48:12.292 +05:30 [INF] HealthAxis API heartbeat running at "2026-07-13T17:48:12.2924718+05:30"
2026-07-13 17:48:22.304 +05:30 [INF] HealthAxis API heartbeat running at "2026-07-13T17:48:22.3045430+05:30"
2026-07-13 17:48:32.314 +05:30 [INF] HealthAxis API heartbeat running at "2026-07-13T17:48:32.3143343+05:30"
2026-07-13 17:48:42.333 +05:30 [INF] HealthAxis API heartbeat running at "2026-07-13T17:48:42.3336170+05:30"
2026-07-13 17:48:52.342 +05:30 [INF] HealthAxis API heartbeat running at "2026-07-13T17:48:52.3426385+05:30"
2026-07-13 17:49:02.355 +05:30 [INF] HealthAxis API heartbeat running at "2026-07-13T17:49:02.3559203+05:30"
2026-07-13 17:49:12.375 +05:30 [INF] HealthAxis API heartbeat running at "2026-07-13T17:49:12.3753107+05:30"
2026-07-13 17:49:22.383 +05:30 [INF] HealthAxis API heartbeat running at "2026-07-13T17:49:22.3836134+05:30"
2026-07-13 17:49:32.393 +05:30 [INF] HealthAxis API heartbeat running at "2026-07-13T17:49:32.3937531+05:30"
2026-07-13 17:49:42.396 +05:30 [INF] HealthAxis API heartbeat running at "2026-07-13T17:49:42.3963624+05:30"
2026-07-13 17:49:52.401 +05:30 [INF] HealthAxis API heartbeat running at "2026-07-13T17:49:52.4016456+05:30"
2026-07-13 17:50:02.415 +05:30 [INF] HealthAxis API heartbeat running at "2026-07-13T17:50:02.4154589+05:30"
2026-07-13 17:50:12.421 +05:30 [INF] HealthAxis API heartbeat running at "2026-07-13T17:50:12.4215805+05:30"
2026-07-13 17:50:22.429 +05:30 [INF] HealthAxis API heartbeat running at "2026-07-13T17:50:22.4296590+05:30"
2026-07-13 17:50:32.437 +05:30 [INF] HealthAxis API heartbeat running at "2026-07-13T17:50:32.4374204+05:30"
2026-07-13 17:50:42.446 +05:30 [INF] HealthAxis API heartbeat running at "2026-07-13T17:50:42.4462093+05:30"
2026-07-13 17:50:52.462 +05:30 [INF] HealthAxis API heartbeat running at "2026-07-13T17:50:52.4627513+05:30"
2026-07-13 17:51:02.478 +05:30 [INF] HealthAxis API heartbeat running at "2026-07-13T17:51:02.4786114+05:30"
2026-07-13 17:51:12.492 +05:30 [INF] HealthAxis API heartbeat running at "2026-07-13T17:51:12.4925432+05:30"
2026-07-13 17:51:22.495 +05:30 [INF] HealthAxis API heartbeat running at "2026-07-13T17:51:22.4954169+05:30"
2026-07-13 17:51:32.498 +05:30 [INF] HealthAxis API heartbeat running at "2026-07-13T17:51:32.4989120+05:30"
2026-07-13 17:51:42.501 +05:30 [INF] HealthAxis API heartbeat running at "2026-07-13T17:51:42.5016693+05:30"
2026-07-13 17:51:52.515 +05:30 [INF] HealthAxis API heartbeat running at "2026-07-13T17:51:52.5153579+05:30"
2026-07-13 17:52:02.530 +05:30 [INF] HealthAxis API heartbeat running at "2026-07-13T17:52:02.5309217+05:30"
2026-07-13 17:52:12.542 +05:30 [INF] HealthAxis API heartbeat running at "2026-07-13T17:52:12.5422973+05:30"
2026-07-13 17:52:22.556 +05:30 [INF] HealthAxis API heartbeat running at "2026-07-13T17:52:22.5567115+05:30"
2026-07-13 17:52:32.568 +05:30 [INF] HealthAxis API heartbeat running at "2026-07-13T17:52:32.5689022+05:30"
2026-07-13 17:52:42.583 +05:30 [INF] HealthAxis API heartbeat running at "2026-07-13T17:52:42.5839523+05:30"
2026-07-13 17:52:52.599 +05:30 [INF] HealthAxis API heartbeat running at "2026-07-13T17:52:52.5997253+05:30"
2026-07-13 17:53:02.608 +05:30 [INF] HealthAxis API heartbeat running at "2026-07-13T17:53:02.6082524+05:30"
2026-07-13 17:53:12.621 +05:30 [INF] HealthAxis API heartbeat running at "2026-07-13T17:53:12.6213326+05:30"
2026-07-13 17:53:22.627 +05:30 [INF] HealthAxis API heartbeat running at "2026-07-13T17:53:22.6273631+05:30"
2026-07-13 17:53:32.631 +05:30 [INF] HealthAxis API heartbeat running at "2026-07-13T17:53:32.6315585+05:30"
2026-07-13 17:53:42.640 +05:30 [INF] HealthAxis API heartbeat running at "2026-07-13T17:53:42.6403019+05:30"
2026-07-13 17:53:52.648 +05:30 [INF] HealthAxis API heartbeat running at "2026-07-13T17:53:52.6487811+05:30"
2026-07-13 17:54:02.664 +05:30 [INF] HealthAxis API heartbeat running at "2026-07-13T17:54:02.6646156+05:30"
2026-07-13 17:54:12.674 +05:30 [INF] HealthAxis API heartbeat running at "2026-07-13T17:54:12.6746098+05:30"
2026-07-13 17:54:22.688 +05:30 [INF] HealthAxis API heartbeat running at "2026-07-13T17:54:22.6883516+05:30"
2026-07-13 17:54:32.704 +05:30 [INF] HealthAxis API heartbeat running at "2026-07-13T17:54:32.7044681+05:30"
2026-07-13 17:54:42.714 +05:30 [INF] HealthAxis API heartbeat running at "2026-07-13T17:54:42.7144069+05:30"
2026-07-13 17:54:52.728 +05:30 [INF] HealthAxis API heartbeat running at "2026-07-13T17:54:52.7285934+05:30"
2026-07-13 17:55:02.743 +05:30 [INF] HealthAxis API heartbeat running at "2026-07-13T17:55:02.7432171+05:30"
2026-07-13 17:55:12.755 +05:30 [INF] HealthAxis API heartbeat running at "2026-07-13T17:55:12.7555079+05:30"
2026-07-13 17:55:22.772 +05:30 [INF] HealthAxis API heartbeat running at "2026-07-13T17:55:22.7719895+05:30"
2026-07-13 17:55:32.788 +05:30 [INF] HealthAxis API heartbeat running at "2026-07-13T17:55:32.7882129+05:30"
2026-07-13 17:55:42.802 +05:30 [INF] HealthAxis API heartbeat running at "2026-07-13T17:55:42.8026934+05:30"
2026-07-13 17:55:52.814 +05:30 [INF] HealthAxis API heartbeat running at "2026-07-13T17:55:52.8147964+05:30"
2026-07-13 17:56:02.827 +05:30 [INF] HealthAxis API heartbeat running at "2026-07-13T17:56:02.8273145+05:30"
2026-07-13 17:56:12.838 +05:30 [INF] HealthAxis API heartbeat running at "2026-07-13T17:56:12.8385756+05:30"
2026-07-13 17:56:22.844 +05:30 [INF] HealthAxis API heartbeat running at "2026-07-13T17:56:22.8449304+05:30"
2026-07-13 17:56:32.855 +05:30 [INF] HealthAxis API heartbeat running at "2026-07-13T17:56:32.8553610+05:30"
2026-07-13 17:56:42.871 +05:30 [INF] HealthAxis API heartbeat running at "2026-07-13T17:56:42.8711309+05:30"
2026-07-13 17:56:52.876 +05:30 [INF] HealthAxis API heartbeat running at "2026-07-13T17:56:52.8764496+05:30"
2026-07-13 17:57:02.886 +05:30 [INF] HealthAxis API heartbeat running at "2026-07-13T17:57:02.8866415+05:30"
2026-07-13 17:57:12.904 +05:30 [INF] HealthAxis API heartbeat running at "2026-07-13T17:57:12.9043908+05:30"
2026-07-13 17:57:22.911 +05:30 [INF] HealthAxis API heartbeat running at "2026-07-13T17:57:22.9116872+05:30"
2026-07-13 17:57:32.915 +05:30 [INF] HealthAxis API heartbeat running at "2026-07-13T17:57:32.9151464+05:30"
2026-07-13 17:57:42.922 +05:30 [INF] HealthAxis API heartbeat running at "2026-07-13T17:57:42.9227769+05:30"
2026-07-13 17:57:52.928 +05:30 [INF] HealthAxis API heartbeat running at "2026-07-13T17:57:52.9285648+05:30"
2026-07-13 17:58:02.940 +05:30 [INF] HealthAxis API heartbeat running at "2026-07-13T17:58:02.9407961+05:30"
2026-07-13 17:58:12.949 +05:30 [INF] HealthAxis API heartbeat running at "2026-07-13T17:58:12.9498998+05:30"
2026-07-13 17:58:22.961 +05:30 [INF] HealthAxis API heartbeat running at "2026-07-13T17:58:22.9612118+05:30"
2026-07-13 17:58:32.978 +05:30 [INF] HealthAxis API heartbeat running at "2026-07-13T17:58:32.9788180+05:30"
2026-07-13 17:58:42.986 +05:30 [INF] HealthAxis API heartbeat running at "2026-07-13T17:58:42.9868459+05:30"
2026-07-13 17:58:53.004 +05:30 [INF] HealthAxis API heartbeat running at "2026-07-13T17:58:53.0044389+05:30"
2026-07-13 17:59:03.007 +05:30 [INF] HealthAxis API heartbeat running at "2026-07-13T17:59:03.0079029+05:30"
2026-07-13 17:59:13.021 +05:30 [INF] HealthAxis API heartbeat running at "2026-07-13T17:59:13.0218925+05:30"
2026-07-13 17:59:23.036 +05:30 [INF] HealthAxis API heartbeat running at "2026-07-13T17:59:23.0365554+05:30"
2026-07-13 17:59:33.044 +05:30 [INF] HealthAxis API heartbeat running at "2026-07-13T17:59:33.0448861+05:30"
2026-07-13 17:59:43.063 +05:30 [INF] HealthAxis API heartbeat running at "2026-07-13T17:59:43.0632240+05:30"
2026-07-13 17:59:53.079 +05:30 [INF] HealthAxis API heartbeat running at "2026-07-13T17:59:53.0797987+05:30"
2026-07-13 18:00:03.085 +05:30 [INF] HealthAxis API heartbeat running at "2026-07-13T18:00:03.0853152+05:30"
2026-07-13 18:00:13.100 +05:30 [INF] HealthAxis API heartbeat running at "2026-07-13T18:00:13.1007732+05:30"
2026-07-13 18:00:23.104 +05:30 [INF] HealthAxis API heartbeat running at "2026-07-13T18:00:23.1045695+05:30"
2026-07-13 18:00:33.121 +05:30 [INF] HealthAxis API heartbeat running at "2026-07-13T18:00:33.1219551+05:30"
2026-07-13 18:00:43.138 +05:30 [INF] HealthAxis API heartbeat running at "2026-07-13T18:00:43.1380710+05:30"
2026-07-13 18:00:53.166 +05:30 [INF] HealthAxis API heartbeat running at "2026-07-13T18:00:53.1662068+05:30"
2026-07-13 18:01:03.186 +05:30 [INF] HealthAxis API heartbeat running at "2026-07-13T18:01:03.1863820+05:30"
2026-07-13 18:01:13.203 +05:30 [INF] HealthAxis API heartbeat running at "2026-07-13T18:01:13.2032228+05:30"
2026-07-13 18:12:08.282 +05:30 [INF] HealthAxis API heartbeat running at "2026-07-13T18:12:08.2825600+05:30"
2026-07-13 20:27:09.199 +05:30 [INF] HealthAxis API heartbeat running at "2026-07-13T20:27:09.1993387+05:30"
2026-07-13 20:27:19.351 +05:30 [INF] HealthAxis API heartbeat running at "2026-07-13T20:27:19.3518751+05:30"
2026-07-13 21:25:43.060 +05:30 [INF] HealthAxis API heartbeat running at "2026-07-13T21:25:43.0600443+05:30"
2026-07-13 21:25:53.112 +05:30 [INF] HealthAxis API heartbeat running at "2026-07-13T21:25:53.1122280+05:30"
2026-07-13 21:26:03.320 +05:30 [INF] HealthAxis API heartbeat running at "2026-07-13T21:26:03.3205744+05:30"
2026-07-13 21:26:14.472 +05:30 [INF] HealthAxis API heartbeat running at "2026-07-13T21:26:14.4726834+05:30"
2026-07-13 21:26:25.035 +05:30 [INF] HealthAxis API heartbeat running at "2026-07-13T21:26:25.0351096+05:30"
2026-07-13 21:26:35.063 +05:30 [INF] HealthAxis API heartbeat running at "2026-07-13T21:26:35.0632818+05:30"
2026-07-13 21:26:45.148 +05:30 [INF] HealthAxis API heartbeat running at "2026-07-13T21:26:45.1488536+05:30"
2026-07-13 21:26:55.158 +05:30 [INF] HealthAxis API heartbeat running at "2026-07-13T21:26:55.1584908+05:30"
2026-07-13 21:27:05.170 +05:30 [INF] HealthAxis API heartbeat running at "2026-07-13T21:27:05.1702250+05:30"
2026-07-13 21:27:15.201 +05:30 [INF] HealthAxis API heartbeat running at "2026-07-13T21:27:15.2014311+05:30"
2026-07-13 21:27:25.223 +05:30 [INF] HealthAxis API heartbeat running at "2026-07-13T21:27:25.2235149+05:30"
2026-07-13 21:27:35.268 +05:30 [INF] HealthAxis API heartbeat running at "2026-07-13T21:27:35.2664732+05:30"
2026-07-13 21:27:46.035 +05:30 [INF] HealthAxis API heartbeat running at "2026-07-13T21:27:46.0352287+05:30"
2026-07-13 21:27:56.204 +05:30 [INF] HealthAxis API heartbeat running at "2026-07-13T21:27:56.2042302+05:30"
2026-07-13 21:28:07.339 +05:30 [INF] HealthAxis API heartbeat running at "2026-07-13T21:28:07.3396575+05:30"
2026-07-13 21:28:18.685 +05:30 [INF] HealthAxis API heartbeat running at "2026-07-13T21:28:18.6853277+05:30"
2026-07-13 21:28:28.776 +05:30 [INF] HealthAxis API heartbeat running at "2026-07-13T21:28:28.7762748+05:30"
2026-07-13 21:28:38.785 +05:30 [INF] HealthAxis API heartbeat running at "2026-07-13T21:28:38.7850510+05:30"
2026-07-13 21:28:49.360 +05:30 [INF] HealthAxis API heartbeat running at "2026-07-13T21:28:49.3606222+05:30"
2026-07-13 21:28:59.379 +05:30 [INF] HealthAxis API heartbeat running at "2026-07-13T21:28:59.3791109+05:30"
2026-07-13 22:40:19.964 +05:30 [INF] Configured endpoint appointment.events.queue, Consumer: HealthAxis.API.Consumers.AppointmentBookedConsumer
2026-07-13 22:40:20.846 +05:30 [INF] HeartbeatService started.
2026-07-13 22:40:20.849 +05:30 [INF] NotificationCleanupService started.
2026-07-13 22:40:20.850 +05:30 [INF] HealthAxis API heartbeat running at "2026-07-13T22:40:20.8496726+05:30"
2026-07-13 22:40:20.986 +05:30 [INF] No old notifications found for cleanup.
2026-07-13 22:40:21.280 +05:30 [INF] Bus started: "rabbitmq://localhost/"
2026-07-13 22:40:21.317 +05:30 [INF] Now listening on: https://localhost:7130
2026-07-13 22:40:21.321 +05:30 [INF] Now listening on: http://localhost:5145
2026-07-13 22:40:21.357 +05:30 [INF] Application started. Press Ctrl+C to shut down.
2026-07-13 22:40:21.358 +05:30 [INF] Hosting environment: Development
2026-07-13 22:40:21.360 +05:30 [INF] Content root path: C:\Users\310481\source\repos\UST-Live-01\Healthcare.netcore\Healthcare.netcore
2026-07-13 22:40:30.856 +05:30 [INF] HealthAxis API heartbeat running at "2026-07-13T22:40:30.8567624+05:30"
2026-07-13 22:40:40.866 +05:30 [INF] HealthAxis API heartbeat running at "2026-07-13T22:40:40.8667315+05:30"
2026-07-13 22:40:50.880 +05:30 [INF] HealthAxis API heartbeat running at "2026-07-13T22:40:50.8803908+05:30"
2026-07-13 22:41:00.886 +05:30 [INF] HealthAxis API heartbeat running at "2026-07-13T22:41:00.8859226+05:30"
2026-07-13 22:41:10.902 +05:30 [INF] HealthAxis API heartbeat running at "2026-07-13T22:41:10.9026537+05:30"
2026-07-13 22:41:21.024 +05:30 [INF] HealthAxis API heartbeat running at "2026-07-13T22:41:21.0242412+05:30"
2026-07-13 22:41:31.028 +05:30 [INF] HealthAxis API heartbeat running at "2026-07-13T22:41:31.0282174+05:30"
2026-07-13 22:41:41.038 +05:30 [INF] HealthAxis API heartbeat running at "2026-07-13T22:41:41.0382685+05:30"
2026-07-13 22:41:51.047 +05:30 [INF] HealthAxis API heartbeat running at "2026-07-13T22:41:51.0471459+05:30"
2026-07-13 22:42:01.053 +05:30 [INF] HealthAxis API heartbeat running at "2026-07-13T22:42:01.0536559+05:30"
2026-07-13 22:42:11.062 +05:30 [INF] HealthAxis API heartbeat running at "2026-07-13T22:42:11.0628476+05:30"
2026-07-13 22:42:21.082 +05:30 [INF] HealthAxis API heartbeat running at "2026-07-13T22:42:21.0819274+05:30"
2026-07-13 22:42:31.096 +05:30 [INF] HealthAxis API heartbeat running at "2026-07-13T22:42:31.0964049+05:30"
2026-07-13 22:42:41.115 +05:30 [INF] HealthAxis API heartbeat running at "2026-07-13T22:42:41.1152135+05:30"
2026-07-13 22:42:51.129 +05:30 [INF] HealthAxis API heartbeat running at "2026-07-13T22:42:51.1296709+05:30"
2026-07-13 22:43:01.137 +05:30 [INF] HealthAxis API heartbeat running at "2026-07-13T22:43:01.1373732+05:30"
2026-07-13 22:43:11.144 +05:30 [INF] HealthAxis API heartbeat running at "2026-07-13T22:43:11.1445004+05:30"
2026-07-13 22:43:21.159 +05:30 [INF] HealthAxis API heartbeat running at "2026-07-13T22:43:21.1592435+05:30"
2026-07-13 22:43:31.171 +05:30 [INF] HealthAxis API heartbeat running at "2026-07-13T22:43:31.1718424+05:30"
2026-07-13 22:43:41.180 +05:30 [INF] HealthAxis API heartbeat running at "2026-07-13T22:43:41.1805321+05:30"
2026-07-13 22:43:51.187 +05:30 [INF] HealthAxis API heartbeat running at "2026-07-13T22:43:51.1874759+05:30"
2026-07-13 22:44:01.199 +05:30 [INF] HealthAxis API heartbeat running at "2026-07-13T22:44:01.1986235+05:30"
2026-07-13 22:44:11.217 +05:30 [INF] HealthAxis API heartbeat running at "2026-07-13T22:44:11.2175426+05:30"
2026-07-13 22:44:21.234 +05:30 [INF] HealthAxis API heartbeat running at "2026-07-13T22:44:21.2343507+05:30"
2026-07-13 22:44:31.246 +05:30 [INF] HealthAxis API heartbeat running at "2026-07-13T22:44:31.2460843+05:30"
2026-07-13 22:44:41.249 +05:30 [INF] HealthAxis API heartbeat running at "2026-07-13T22:44:41.2492518+05:30"
2026-07-13 22:44:51.259 +05:30 [INF] HealthAxis API heartbeat running at "2026-07-13T22:44:51.2594664+05:30"
2026-07-13 22:45:01.271 +05:30 [INF] HealthAxis API heartbeat running at "2026-07-13T22:45:01.2718254+05:30"
2026-07-13 22:45:11.279 +05:30 [INF] HealthAxis API heartbeat running at "2026-07-13T22:45:11.2794043+05:30"
2026-07-13 22:45:21.301 +05:30 [INF] HealthAxis API heartbeat running at "2026-07-13T22:45:21.3009951+05:30"
2026-07-13 22:45:31.312 +05:30 [INF] HealthAxis API heartbeat running at "2026-07-13T22:45:31.3121644+05:30"
2026-07-13 22:45:39.597 +05:30 [INF] HTTP OPTIONS /api/auth/login responded 204 in 6.5270 ms
2026-07-13 22:45:40.353 +05:30 [INF] HTTP POST /api/auth/login responded 200 in 732.9350 ms
2026-07-13 22:45:40.381 +05:30 [INF] HTTP OPTIONS /api/patients/me responded 204 in 0.7367 ms
2026-07-13 22:45:40.385 +05:30 [INF] HTTP OPTIONS /api/patients/me responded 204 in 0.0987 ms
2026-07-13 22:45:40.683 +05:30 [WRN] You do not have a valid license key for the Lucky Penny software AutoMapper. This is allowed for development and testing scenarios. If you are running in production you are required to have a licensed version. Please visit https://luckypennysoftware.com to obtain a valid license.
2026-07-13 22:45:40.799 +05:30 [INF] HTTP GET /api/patients/me responded 200 in 412.0456 ms
2026-07-13 22:45:40.827 +05:30 [INF] HTTP GET /api/patients/me responded 200 in 15.1462 ms
2026-07-13 22:45:40.833 +05:30 [INF] HTTP OPTIONS /api/doctors responded 204 in 0.0653 ms
2026-07-13 22:45:40.833 +05:30 [INF] HTTP OPTIONS /api/appointments responded 204 in 0.0765 ms
2026-07-13 22:45:40.833 +05:30 [INF] HTTP OPTIONS /api/patients/1006/health-records responded 204 in 0.0775 ms
2026-07-13 22:45:40.954 +05:30 [INF] HTTP GET /api/appointments responded 200 in 113.5925 ms
2026-07-13 22:45:40.969 +05:30 [INF] HTTP GET /api/patients/1006/health-records responded 200 in 127.2461 ms
2026-07-13 22:45:41.233 +05:30 [INF] HTTP GET /api/doctors responded 200 in 395.6955 ms
2026-07-13 22:45:41.324 +05:30 [INF] HealthAxis API heartbeat running at "2026-07-13T22:45:41.3246683+05:30"
2026-07-13 22:45:45.711 +05:30 [INF] HTTP OPTIONS /api/doctors responded 204 in 0.2806 ms
2026-07-13 22:45:45.735 +05:30 [INF] HTTP GET /api/doctors responded 200 in 16.6877 ms
2026-07-13 22:45:51.327 +05:30 [INF] HealthAxis API heartbeat running at "2026-07-13T22:45:51.3278290+05:30"
2026-07-13 22:45:55.525 +05:30 [INF] HTTP OPTIONS /api/doctors responded 204 in 0.1027 ms
2026-07-13 22:45:55.551 +05:30 [INF] HTTP GET /api/doctors responded 200 in 16.8323 ms
2026-07-13 22:46:01.335 +05:30 [INF] HealthAxis API heartbeat running at "2026-07-13T22:46:01.3354564+05:30"
2026-07-13 22:46:11.342 +05:30 [INF] HealthAxis API heartbeat running at "2026-07-13T22:46:11.3423569+05:30"
2026-07-13 22:46:21.346 +05:30 [INF] HealthAxis API heartbeat running at "2026-07-13T22:46:21.3468981+05:30"
2026-07-13 22:46:30.636 +05:30 [INF] HTTP OPTIONS /api/doctors/5/availability responded 204 in 0.2663 ms
2026-07-13 22:46:30.859 +05:30 [INF] 
========================================
CACHE MISS - DOCTOR AVAILABILITY
========================================
Doctor Id : 5
Date      : 2026-07-25
Key       : doctors:5:availability:2026-07-25
Source    : SQL Server Required
========================================
2026-07-13 22:46:30.908 +05:30 [INF] 
========================================
CACHE STORED IN GARNET
========================================
Doctor Id : 5
Date      : 2026-07-25
Key       : doctors:5:availability:2026-07-25
TTL       : 5 Minutes
Slots     : 12
========================================
2026-07-13 22:46:30.911 +05:30 [INF] HTTP GET /api/doctors/5/availability responded 200 in 266.8859 ms
2026-07-13 22:46:31.362 +05:30 [INF] HealthAxis API heartbeat running at "2026-07-13T22:46:31.3624452+05:30"
2026-07-13 22:46:41.372 +05:30 [INF] HealthAxis API heartbeat running at "2026-07-13T22:46:41.3727466+05:30"
2026-07-13 22:46:51.385 +05:30 [INF] HealthAxis API heartbeat running at "2026-07-13T22:46:51.3852466+05:30"
2026-07-13 22:47:01.402 +05:30 [INF] HealthAxis API heartbeat running at "2026-07-13T22:47:01.4023734+05:30"
2026-07-13 22:47:11.409 +05:30 [INF] HealthAxis API heartbeat running at "2026-07-13T22:47:11.4096714+05:30"
2026-07-13 22:47:21.424 +05:30 [INF] HealthAxis API heartbeat running at "2026-07-13T22:47:21.4242934+05:30"
2026-07-13 22:47:31.434 +05:30 [INF] HealthAxis API heartbeat running at "2026-07-13T22:47:31.4343767+05:30"
2026-07-13 22:47:41.443 +05:30 [INF] HealthAxis API heartbeat running at "2026-07-13T22:47:41.4430833+05:30"
2026-07-13 22:47:51.458 +05:30 [INF] HealthAxis API heartbeat running at "2026-07-13T22:47:51.4587855+05:30"
2026-07-13 22:48:01.464 +05:30 [INF] HealthAxis API heartbeat running at "2026-07-13T22:48:01.4642960+05:30"
2026-07-13 22:48:11.483 +05:30 [INF] HealthAxis API heartbeat running at "2026-07-13T22:48:11.4838706+05:30"
2026-07-13 22:48:21.497 +05:30 [INF] HealthAxis API heartbeat running at "2026-07-13T22:48:21.4978244+05:30"
2026-07-13 22:48:31.507 +05:30 [INF] HealthAxis API heartbeat running at "2026-07-13T22:48:31.5071837+05:30"
2026-07-13 22:48:41.512 +05:30 [INF] HealthAxis API heartbeat running at "2026-07-13T22:48:41.5127796+05:30"
2026-07-13 22:48:51.524 +05:30 [INF] HealthAxis API heartbeat running at "2026-07-13T22:48:51.5244485+05:30"
2026-07-13 22:49:01.530 +05:30 [INF] HealthAxis API heartbeat running at "2026-07-13T22:49:01.5303063+05:30"
2026-07-13 22:49:11.542 +05:30 [INF] HealthAxis API heartbeat running at "2026-07-13T22:49:11.5426335+05:30"
2026-07-13 22:49:21.556 +05:30 [INF] HealthAxis API heartbeat running at "2026-07-13T22:49:21.5565019+05:30"
2026-07-13 22:49:31.566 +05:30 [INF] HealthAxis API heartbeat running at "2026-07-13T22:49:31.5660416+05:30"
2026-07-13 22:49:41.575 +05:30 [INF] HealthAxis API heartbeat running at "2026-07-13T22:49:41.5759595+05:30"
2026-07-13 22:49:51.582 +05:30 [INF] HealthAxis API heartbeat running at "2026-07-13T22:49:51.5822047+05:30"
2026-07-13 22:50:01.586 +05:30 [INF] HealthAxis API heartbeat running at "2026-07-13T22:50:01.5861243+05:30"
2026-07-13 22:50:11.600 +05:30 [INF] HealthAxis API heartbeat running at "2026-07-13T22:50:11.6009402+05:30"
2026-07-13 22:50:21.611 +05:30 [INF] HealthAxis API heartbeat running at "2026-07-13T22:50:21.6113118+05:30"
2026-07-13 22:50:31.628 +05:30 [INF] HealthAxis API heartbeat running at "2026-07-13T22:50:31.6284105+05:30"
2026-07-13 22:50:41.641 +05:30 [INF] HealthAxis API heartbeat running at "2026-07-13T22:50:41.6418722+05:30"
2026-07-13 22:50:51.654 +05:30 [INF] HealthAxis API heartbeat running at "2026-07-13T22:50:51.6546547+05:30"
2026-07-13 22:51:01.658 +05:30 [INF] HealthAxis API heartbeat running at "2026-07-13T22:51:01.6585602+05:30"
2026-07-13 22:51:11.671 +05:30 [INF] HealthAxis API heartbeat running at "2026-07-13T22:51:11.6711948+05:30"
2026-07-13 22:51:21.678 +05:30 [INF] HealthAxis API heartbeat running at "2026-07-13T22:51:21.6786367+05:30"
2026-07-13 22:51:31.692 +05:30 [INF] HealthAxis API heartbeat running at "2026-07-13T22:51:31.6922972+05:30"
2026-07-13 22:51:41.709 +05:30 [INF] HealthAxis API heartbeat running at "2026-07-13T22:51:41.7091205+05:30"
2026-07-13 22:51:51.724 +05:30 [INF] HealthAxis API heartbeat running at "2026-07-13T22:51:51.7240496+05:30"
2026-07-13 22:52:01.736 +05:30 [INF] HealthAxis API heartbeat running at "2026-07-13T22:52:01.7369741+05:30"
2026-07-13 22:52:11.748 +05:30 [INF] HealthAxis API heartbeat running at "2026-07-13T22:52:11.7487903+05:30"
2026-07-13 22:52:21.763 +05:30 [INF] HealthAxis API heartbeat running at "2026-07-13T22:52:21.7637546+05:30"
2026-07-13 22:52:31.773 +05:30 [INF] HealthAxis API heartbeat running at "2026-07-13T22:52:31.7731379+05:30"
2026-07-13 22:52:41.790 +05:30 [INF] HealthAxis API heartbeat running at "2026-07-13T22:52:41.7902394+05:30"
2026-07-13 22:52:51.799 +05:30 [INF] HealthAxis API heartbeat running at "2026-07-13T22:52:51.7991656+05:30"
2026-07-13 22:53:01.815 +05:30 [INF] HealthAxis API heartbeat running at "2026-07-13T22:53:01.8158748+05:30"
2026-07-13 22:53:11.837 +05:30 [INF] HealthAxis API heartbeat running at "2026-07-13T22:53:11.8371325+05:30"
2026-07-13 22:53:21.847 +05:30 [INF] HealthAxis API heartbeat running at "2026-07-13T22:53:21.8472051+05:30"
2026-07-13 22:53:31.852 +05:30 [INF] HealthAxis API heartbeat running at "2026-07-13T22:53:31.8527472+05:30"
2026-07-13 22:53:41.859 +05:30 [INF] HealthAxis API heartbeat running at "2026-07-13T22:53:41.8597510+05:30"
2026-07-13 22:53:51.872 +05:30 [INF] HealthAxis API heartbeat running at "2026-07-13T22:53:51.8729525+05:30"
2026-07-13 22:54:01.879 +05:30 [INF] HealthAxis API heartbeat running at "2026-07-13T22:54:01.8790100+05:30"
2026-07-13 22:54:11.891 +05:30 [INF] HealthAxis API heartbeat running at "2026-07-13T22:54:11.8911471+05:30"
2026-07-13 22:54:21.900 +05:30 [INF] HealthAxis API heartbeat running at "2026-07-13T22:54:21.9002295+05:30"
2026-07-13 22:54:31.913 +05:30 [INF] HealthAxis API heartbeat running at "2026-07-13T22:54:31.9137627+05:30"
2026-07-13 22:54:41.932 +05:30 [INF] HealthAxis API heartbeat running at "2026-07-13T22:54:41.9322544+05:30"
2026-07-13 22:54:51.940 +05:30 [INF] HealthAxis API heartbeat running at "2026-07-13T22:54:51.9400681+05:30"
2026-07-13 22:55:01.945 +05:30 [INF] HealthAxis API heartbeat running at "2026-07-13T22:55:01.9457321+05:30"
2026-07-13 22:55:11.960 +05:30 [INF] HealthAxis API heartbeat running at "2026-07-13T22:55:11.9608229+05:30"
2026-07-13 22:55:21.968 +05:30 [INF] HealthAxis API heartbeat running at "2026-07-13T22:55:21.9684563+05:30"
2026-07-13 22:55:31.973 +05:30 [INF] HealthAxis API heartbeat running at "2026-07-13T22:55:31.9732049+05:30"
2026-07-13 22:55:41.983 +05:30 [INF] HealthAxis API heartbeat running at "2026-07-13T22:55:41.9832610+05:30"
2026-07-13 22:55:52.000 +05:30 [INF] HealthAxis API heartbeat running at "2026-07-13T22:55:52.0007842+05:30"
2026-07-13 22:56:02.008 +05:30 [INF] HealthAxis API heartbeat running at "2026-07-13T22:56:02.0089036+05:30"
2026-07-13 22:56:12.022 +05:30 [INF] HealthAxis API heartbeat running at "2026-07-13T22:56:12.0227288+05:30"
2026-07-13 22:56:22.031 +05:30 [INF] HealthAxis API heartbeat running at "2026-07-13T22:56:22.0315330+05:30"
2026-07-13 22:56:32.048 +05:30 [INF] HealthAxis API heartbeat running at "2026-07-13T22:56:32.0482264+05:30"
2026-07-13 22:56:42.063 +05:30 [INF] HealthAxis API heartbeat running at "2026-07-13T22:56:42.0636744+05:30"
2026-07-13 22:56:52.069 +05:30 [INF] HealthAxis API heartbeat running at "2026-07-13T22:56:52.0697511+05:30"
2026-07-13 22:57:02.077 +05:30 [INF] HealthAxis API heartbeat running at "2026-07-13T22:57:02.0777146+05:30"
2026-07-13 22:57:12.092 +05:30 [INF] HealthAxis API heartbeat running at "2026-07-13T22:57:12.0924172+05:30"
2026-07-13 22:57:22.108 +05:30 [INF] HealthAxis API heartbeat running at "2026-07-13T22:57:22.1085847+05:30"
2026-07-13 22:57:32.112 +05:30 [INF] HealthAxis API heartbeat running at "2026-07-13T22:57:32.1129370+05:30"
2026-07-13 22:57:42.121 +05:30 [INF] HealthAxis API heartbeat running at "2026-07-13T22:57:42.1219549+05:30"
2026-07-13 22:57:52.137 +05:30 [INF] HealthAxis API heartbeat running at "2026-07-13T22:57:52.1370717+05:30"
2026-07-13 22:58:02.139 +05:30 [INF] HealthAxis API heartbeat running at "2026-07-13T22:58:02.1395285+05:30"
2026-07-13 22:58:12.141 +05:30 [INF] HealthAxis API heartbeat running at "2026-07-13T22:58:12.1418495+05:30"
2026-07-13 22:58:22.157 +05:30 [INF] HealthAxis API heartbeat running at "2026-07-13T22:58:22.1569413+05:30"
2026-07-13 22:58:32.170 +05:30 [INF] HealthAxis API heartbeat running at "2026-07-13T22:58:32.1702517+05:30"
2026-07-13 22:58:42.183 +05:30 [INF] HealthAxis API heartbeat running at "2026-07-13T22:58:42.1831781+05:30"
2026-07-13 22:58:52.190 +05:30 [INF] HealthAxis API heartbeat running at "2026-07-13T22:58:52.1900545+05:30"
2026-07-13 22:59:02.207 +05:30 [INF] HealthAxis API heartbeat running at "2026-07-13T22:59:02.2073723+05:30"
2026-07-13 22:59:12.219 +05:30 [INF] HealthAxis API heartbeat running at "2026-07-13T22:59:12.2191596+05:30"
2026-07-13 22:59:22.235 +05:30 [INF] HealthAxis API heartbeat running at "2026-07-13T22:59:22.2357212+05:30"
2026-07-13 22:59:32.245 +05:30 [INF] HealthAxis API heartbeat running at "2026-07-13T22:59:32.2452316+05:30"
2026-07-13 22:59:42.260 +05:30 [INF] HealthAxis API heartbeat running at "2026-07-13T22:59:42.2603458+05:30"
2026-07-13 22:59:52.279 +05:30 [INF] HealthAxis API heartbeat running at "2026-07-13T22:59:52.2797083+05:30"
2026-07-13 23:00:02.298 +05:30 [INF] HealthAxis API heartbeat running at "2026-07-13T23:00:02.2982338+05:30"
2026-07-13 23:00:12.300 +05:30 [INF] HealthAxis API heartbeat running at "2026-07-13T23:00:12.3003495+05:30"
2026-07-13 23:00:22.306 +05:30 [INF] HealthAxis API heartbeat running at "2026-07-13T23:00:22.3066210+05:30"
2026-07-13 23:00:32.325 +05:30 [INF] HealthAxis API heartbeat running at "2026-07-13T23:00:32.3253954+05:30"
2026-07-13 23:00:42.343 +05:30 [INF] HealthAxis API heartbeat running at "2026-07-13T23:00:42.3437963+05:30"
2026-07-13 23:00:52.350 +05:30 [INF] HealthAxis API heartbeat running at "2026-07-13T23:00:52.3501525+05:30"
2026-07-13 23:01:02.370 +05:30 [INF] HealthAxis API heartbeat running at "2026-07-13T23:01:02.3699818+05:30"
2026-07-13 23:01:12.378 +05:30 [INF] HealthAxis API heartbeat running at "2026-07-13T23:01:12.3788021+05:30"
2026-07-13 23:01:22.392 +05:30 [INF] HealthAxis API heartbeat running at "2026-07-13T23:01:22.3926516+05:30"
2026-07-13 23:01:32.409 +05:30 [INF] HealthAxis API heartbeat running at "2026-07-13T23:01:32.4094500+05:30"
2026-07-13 23:01:42.422 +05:30 [INF] HealthAxis API heartbeat running at "2026-07-13T23:01:42.4225772+05:30"
2026-07-13 23:01:52.441 +05:30 [INF] HealthAxis API heartbeat running at "2026-07-13T23:01:52.4410423+05:30"
2026-07-13 23:02:02.448 +05:30 [INF] HealthAxis API heartbeat running at "2026-07-13T23:02:02.4481180+05:30"
2026-07-13 23:02:12.450 +05:30 [INF] HealthAxis API heartbeat running at "2026-07-13T23:02:12.4506898+05:30"
2026-07-13 23:02:22.457 +05:30 [INF] HealthAxis API heartbeat running at "2026-07-13T23:02:22.4571238+05:30"
2026-07-13 23:02:32.462 +05:30 [INF] HealthAxis API heartbeat running at "2026-07-13T23:02:32.4628936+05:30"
2026-07-13 23:02:42.477 +05:30 [INF] HealthAxis API heartbeat running at "2026-07-13T23:02:42.4771076+05:30"
2026-07-13 23:02:52.492 +05:30 [INF] HealthAxis API heartbeat running at "2026-07-13T23:02:52.4927272+05:30"
2026-07-13 23:03:02.506 +05:30 [INF] HealthAxis API heartbeat running at "2026-07-13T23:03:02.5068655+05:30"
2026-07-13 23:03:12.514 +05:30 [INF] HealthAxis API heartbeat running at "2026-07-13T23:03:12.5146422+05:30"
2026-07-13 23:03:22.529 +05:30 [INF] HealthAxis API heartbeat running at "2026-07-13T23:03:22.5291668+05:30"
2026-07-13 23:03:32.543 +05:30 [INF] HealthAxis API heartbeat running at "2026-07-13T23:03:32.5435603+05:30"
2026-07-13 23:03:42.554 +05:30 [INF] HealthAxis API heartbeat running at "2026-07-13T23:03:42.5545359+05:30"
2026-07-13 23:03:52.565 +05:30 [INF] HealthAxis API heartbeat running at "2026-07-13T23:03:52.5653235+05:30"
2026-07-13 23:04:02.578 +05:30 [INF] HealthAxis API heartbeat running at "2026-07-13T23:04:02.5789741+05:30"
2026-07-13 23:04:12.591 +05:30 [INF] HealthAxis API heartbeat running at "2026-07-13T23:04:12.5918521+05:30"
2026-07-13 23:04:22.597 +05:30 [INF] HealthAxis API heartbeat running at "2026-07-13T23:04:22.5971726+05:30"
2026-07-13 23:04:32.612 +05:30 [INF] HealthAxis API heartbeat running at "2026-07-13T23:04:32.6125855+05:30"
2026-07-13 23:04:42.624 +05:30 [INF] HealthAxis API heartbeat running at "2026-07-13T23:04:42.6246215+05:30"
2026-07-13 23:04:52.641 +05:30 [INF] HealthAxis API heartbeat running at "2026-07-13T23:04:52.6413376+05:30"
2026-07-13 23:05:02.649 +05:30 [INF] HealthAxis API heartbeat running at "2026-07-13T23:05:02.6494063+05:30"
2026-07-13 23:05:12.657 +05:30 [INF] HealthAxis API heartbeat running at "2026-07-13T23:05:12.6574102+05:30"
2026-07-13 23:05:22.674 +05:30 [INF] HealthAxis API heartbeat running at "2026-07-13T23:05:22.6742100+05:30"
2026-07-13 23:05:32.680 +05:30 [INF] HealthAxis API heartbeat running at "2026-07-13T23:05:32.6805530+05:30"
2026-07-13 23:05:42.696 +05:30 [INF] HealthAxis API heartbeat running at "2026-07-13T23:05:42.6961241+05:30"
2026-07-13 23:05:52.701 +05:30 [INF] HealthAxis API heartbeat running at "2026-07-13T23:05:52.7013320+05:30"
2026-07-13 23:06:02.718 +05:30 [INF] HealthAxis API heartbeat running at "2026-07-13T23:06:02.7189257+05:30"
2026-07-13 23:06:12.728 +05:30 [INF] HealthAxis API heartbeat running at "2026-07-13T23:06:12.7281260+05:30"
2026-07-13 23:06:22.735 +05:30 [INF] HealthAxis API heartbeat running at "2026-07-13T23:06:22.7352908+05:30"
2026-07-13 23:06:32.742 +05:30 [INF] HealthAxis API heartbeat running at "2026-07-13T23:06:32.7421349+05:30"
2026-07-13 23:06:42.749 +05:30 [INF] HealthAxis API heartbeat running at "2026-07-13T23:06:42.7490933+05:30"
2026-07-13 23:06:52.752 +05:30 [INF] HealthAxis API heartbeat running at "2026-07-13T23:06:52.7520402+05:30"
2026-07-13 23:07:02.760 +05:30 [INF] HealthAxis API heartbeat running at "2026-07-13T23:07:02.7604695+05:30"
2026-07-13 23:07:12.773 +05:30 [INF] HealthAxis API heartbeat running at "2026-07-13T23:07:12.7737875+05:30"
2026-07-13 23:07:22.790 +05:30 [INF] HealthAxis API heartbeat running at "2026-07-13T23:07:22.7905757+05:30"
2026-07-13 23:07:32.807 +05:30 [INF] HealthAxis API heartbeat running at "2026-07-13T23:07:32.8073320+05:30"
2026-07-13 23:07:42.818 +05:30 [INF] HealthAxis API heartbeat running at "2026-07-13T23:07:42.8187892+05:30"
2026-07-13 23:07:52.833 +05:30 [INF] HealthAxis API heartbeat running at "2026-07-13T23:07:52.8336693+05:30"
2026-07-13 23:08:02.849 +05:30 [INF] HealthAxis API heartbeat running at "2026-07-13T23:08:02.8495839+05:30"
2026-07-13 23:08:12.852 +05:30 [INF] HealthAxis API heartbeat running at "2026-07-13T23:08:12.8527060+05:30"
2026-07-13 23:08:22.861 +05:30 [INF] HealthAxis API heartbeat running at "2026-07-13T23:08:22.8616296+05:30"
2026-07-13 23:08:32.880 +05:30 [INF] HealthAxis API heartbeat running at "2026-07-13T23:08:32.8804639+05:30"
2026-07-13 23:08:42.895 +05:30 [INF] HealthAxis API heartbeat running at "2026-07-13T23:08:42.8958120+05:30"
2026-07-13 23:08:52.903 +05:30 [INF] HealthAxis API heartbeat running at "2026-07-13T23:08:52.9033421+05:30"
2026-07-13 23:09:02.914 +05:30 [INF] HealthAxis API heartbeat running at "2026-07-13T23:09:02.9143489+05:30"
2026-07-13 23:09:12.932 +05:30 [INF] HealthAxis API heartbeat running at "2026-07-13T23:09:12.9322830+05:30"
2026-07-13 23:09:22.939 +05:30 [INF] HealthAxis API heartbeat running at "2026-07-13T23:09:22.9390979+05:30"
2026-07-13 23:09:32.955 +05:30 [INF] HealthAxis API heartbeat running at "2026-07-13T23:09:32.9554723+05:30"
2026-07-13 23:09:42.968 +05:30 [INF] HealthAxis API heartbeat running at "2026-07-13T23:09:42.9689358+05:30"
2026-07-13 23:09:52.977 +05:30 [INF] HealthAxis API heartbeat running at "2026-07-13T23:09:52.9775510+05:30"
2026-07-13 23:10:02.982 +05:30 [INF] HealthAxis API heartbeat running at "2026-07-13T23:10:02.9828094+05:30"
2026-07-13 23:10:12.999 +05:30 [INF] HealthAxis API heartbeat running at "2026-07-13T23:10:12.9992918+05:30"
2026-07-13 23:10:23.018 +05:30 [INF] HealthAxis API heartbeat running at "2026-07-13T23:10:23.0185821+05:30"
2026-07-13 23:10:33.028 +05:30 [INF] HealthAxis API heartbeat running at "2026-07-13T23:10:33.0279871+05:30"
2026-07-13 23:10:43.038 +05:30 [INF] HealthAxis API heartbeat running at "2026-07-13T23:10:43.0386626+05:30"
2026-07-13 23:10:53.049 +05:30 [INF] HealthAxis API heartbeat running at "2026-07-13T23:10:53.0492525+05:30"
2026-07-13 23:11:03.063 +05:30 [INF] HealthAxis API heartbeat running at "2026-07-13T23:11:03.0633360+05:30"
2026-07-13 23:11:13.073 +05:30 [INF] HealthAxis API heartbeat running at "2026-07-13T23:11:13.0732274+05:30"
2026-07-13 23:11:23.091 +05:30 [INF] HealthAxis API heartbeat running at "2026-07-13T23:11:23.0911439+05:30"
2026-07-13 23:11:33.095 +05:30 [INF] HealthAxis API heartbeat running at "2026-07-13T23:11:33.0954863+05:30"
2026-07-13 23:11:43.100 +05:30 [INF] HealthAxis API heartbeat running at "2026-07-13T23:11:43.1009586+05:30"
2026-07-13 23:11:53.119 +05:30 [INF] HealthAxis API heartbeat running at "2026-07-13T23:11:53.1194475+05:30"
2026-07-13 23:12:03.133 +05:30 [INF] HealthAxis API heartbeat running at "2026-07-13T23:12:03.1334445+05:30"
2026-07-13 23:12:13.147 +05:30 [INF] HealthAxis API heartbeat running at "2026-07-13T23:12:13.1479529+05:30"
2026-07-13 23:12:23.160 +05:30 [INF] HealthAxis API heartbeat running at "2026-07-13T23:12:23.1601253+05:30"
2026-07-13 23:12:33.175 +05:30 [INF] HealthAxis API heartbeat running at "2026-07-13T23:12:33.1750727+05:30"
2026-07-13 23:12:43.184 +05:30 [INF] HealthAxis API heartbeat running at "2026-07-13T23:12:43.1849669+05:30"
2026-07-13 23:12:53.194 +05:30 [INF] HealthAxis API heartbeat running at "2026-07-13T23:12:53.1948127+05:30"
2026-07-13 23:13:03.212 +05:30 [INF] HealthAxis API heartbeat running at "2026-07-13T23:13:03.2127073+05:30"
2026-07-13 23:13:13.224 +05:30 [INF] HealthAxis API heartbeat running at "2026-07-13T23:13:13.2246668+05:30"
2026-07-13 23:13:23.233 +05:30 [INF] HealthAxis API heartbeat running at "2026-07-13T23:13:23.2339011+05:30"
2026-07-13 23:13:33.248 +05:30 [INF] HealthAxis API heartbeat running at "2026-07-13T23:13:33.2485246+05:30"
2026-07-13 23:13:43.265 +05:30 [INF] HealthAxis API heartbeat running at "2026-07-13T23:13:43.2650766+05:30"
2026-07-13 23:13:53.278 +05:30 [INF] HealthAxis API heartbeat running at "2026-07-13T23:13:53.2780023+05:30"
2026-07-13 23:14:03.295 +05:30 [INF] HealthAxis API heartbeat running at "2026-07-13T23:14:03.2951269+05:30"
2026-07-13 23:14:13.305 +05:30 [INF] HealthAxis API heartbeat running at "2026-07-13T23:14:13.3056456+05:30"
2026-07-13 23:14:23.316 +05:30 [INF] HealthAxis API heartbeat running at "2026-07-13T23:14:23.3160972+05:30"
2026-07-13 23:14:33.331 +05:30 [INF] HealthAxis API heartbeat running at "2026-07-13T23:14:33.3312831+05:30"
2026-07-13 23:14:43.343 +05:30 [INF] HealthAxis API heartbeat running at "2026-07-13T23:14:43.3431779+05:30"
2026-07-13 23:14:53.361 +05:30 [INF] HealthAxis API heartbeat running at "2026-07-13T23:14:53.3614708+05:30"
2026-07-13 23:15:03.375 +05:30 [INF] HealthAxis API heartbeat running at "2026-07-13T23:15:03.3754790+05:30"
2026-07-13 23:15:13.385 +05:30 [INF] HealthAxis API heartbeat running at "2026-07-13T23:15:13.3850257+05:30"
2026-07-13 23:15:23.402 +05:30 [INF] HealthAxis API heartbeat running at "2026-07-13T23:15:23.4023647+05:30"
2026-07-13 23:15:33.410 +05:30 [INF] HealthAxis API heartbeat running at "2026-07-13T23:15:33.4103251+05:30"
2026-07-13 23:15:43.429 +05:30 [INF] HealthAxis API heartbeat running at "2026-07-13T23:15:43.4295937+05:30"
2026-07-13 23:15:53.435 +05:30 [INF] HealthAxis API heartbeat running at "2026-07-13T23:15:53.4354253+05:30"
2026-07-13 23:16:03.451 +05:30 [INF] HealthAxis API heartbeat running at "2026-07-13T23:16:03.4511958+05:30"
2026-07-13 23:16:13.458 +05:30 [INF] HealthAxis API heartbeat running at "2026-07-13T23:16:13.4585513+05:30"
2026-07-13 23:16:23.470 +05:30 [INF] HealthAxis API heartbeat running at "2026-07-13T23:16:23.4704115+05:30"
2026-07-13 23:16:33.478 +05:30 [INF] HealthAxis API heartbeat running at "2026-07-13T23:16:33.4785154+05:30"
2026-07-13 23:16:43.494 +05:30 [INF] HealthAxis API heartbeat running at "2026-07-13T23:16:43.4942864+05:30"
2026-07-13 23:16:53.512 +05:30 [INF] HealthAxis API heartbeat running at "2026-07-13T23:16:53.5126351+05:30"
2026-07-13 23:17:03.522 +05:30 [INF] HealthAxis API heartbeat running at "2026-07-13T23:17:03.5221040+05:30"
2026-07-13 23:17:13.538 +05:30 [INF] HealthAxis API heartbeat running at "2026-07-13T23:17:13.5385048+05:30"
2026-07-13 23:17:23.547 +05:30 [INF] HealthAxis API heartbeat running at "2026-07-13T23:17:23.5473514+05:30"
2026-07-13 23:17:33.568 +05:30 [INF] HealthAxis API heartbeat running at "2026-07-13T23:17:33.5682507+05:30"
2026-07-13 23:17:43.587 +05:30 [INF] HealthAxis API heartbeat running at "2026-07-13T23:17:43.5871664+05:30"
2026-07-13 23:17:53.595 +05:30 [INF] HealthAxis API heartbeat running at "2026-07-13T23:17:53.5953469+05:30"
2026-07-13 23:18:03.605 +05:30 [INF] HealthAxis API heartbeat running at "2026-07-13T23:18:03.6052460+05:30"
2026-07-13 23:18:13.634 +05:30 [INF] HealthAxis API heartbeat running at "2026-07-13T23:18:13.6345577+05:30"
2026-07-13 23:18:23.697 +05:30 [INF] HealthAxis API heartbeat running at "2026-07-13T23:18:23.6974926+05:30"
2026-07-13 23:18:33.712 +05:30 [INF] HealthAxis API heartbeat running at "2026-07-13T23:18:33.7125305+05:30"
2026-07-13 23:18:43.723 +05:30 [INF] HealthAxis API heartbeat running at "2026-07-13T23:18:43.7236850+05:30"
2026-07-13 23:18:53.739 +05:30 [INF] HealthAxis API heartbeat running at "2026-07-13T23:18:53.7398486+05:30"
2026-07-13 23:19:03.750 +05:30 [INF] HealthAxis API heartbeat running at "2026-07-13T23:19:03.7505440+05:30"
2026-07-13 23:19:13.758 +05:30 [INF] HealthAxis API heartbeat running at "2026-07-13T23:19:13.7586229+05:30"
2026-07-13 23:19:23.776 +05:30 [INF] HealthAxis API heartbeat running at "2026-07-13T23:19:23.7766032+05:30"
2026-07-13 23:19:33.786 +05:30 [INF] HealthAxis API heartbeat running at "2026-07-13T23:19:33.7866813+05:30"
2026-07-13 23:19:43.792 +05:30 [INF] HealthAxis API heartbeat running at "2026-07-13T23:19:43.7927620+05:30"
2026-07-13 23:19:53.808 +05:30 [INF] HealthAxis API heartbeat running at "2026-07-13T23:19:53.8080958+05:30"
2026-07-13 23:20:03.824 +05:30 [INF] HealthAxis API heartbeat running at "2026-07-13T23:20:03.8244379+05:30"
2026-07-13 23:20:13.835 +05:30 [INF] HealthAxis API heartbeat running at "2026-07-13T23:20:13.8355679+05:30"
2026-07-13 23:20:23.854 +05:30 [INF] HealthAxis API heartbeat running at "2026-07-13T23:20:23.8545629+05:30"
2026-07-13 23:20:33.868 +05:30 [INF] HealthAxis API heartbeat running at "2026-07-13T23:20:33.8682016+05:30"
2026-07-13 23:20:43.885 +05:30 [INF] HealthAxis API heartbeat running at "2026-07-13T23:20:43.8850331+05:30"
2026-07-13 23:20:53.903 +05:30 [INF] HealthAxis API heartbeat running at "2026-07-13T23:20:53.9035132+05:30"
2026-07-13 23:21:03.915 +05:30 [INF] HealthAxis API heartbeat running at "2026-07-13T23:21:03.9159130+05:30"
2026-07-13 23:21:13.924 +05:30 [INF] HealthAxis API heartbeat running at "2026-07-13T23:21:13.9242483+05:30"
2026-07-13 23:21:23.944 +05:30 [INF] HealthAxis API heartbeat running at "2026-07-13T23:21:23.9447769+05:30"
2026-07-13 23:21:33.959 +05:30 [INF] HealthAxis API heartbeat running at "2026-07-13T23:21:33.9598378+05:30"
2026-07-13 23:21:43.972 +05:30 [INF] HealthAxis API heartbeat running at "2026-07-13T23:21:43.9720829+05:30"
2026-07-13 23:21:53.987 +05:30 [INF] HealthAxis API heartbeat running at "2026-07-13T23:21:53.9876838+05:30"
2026-07-13 23:22:04.003 +05:30 [INF] HealthAxis API heartbeat running at "2026-07-13T23:22:04.0038026+05:30"
2026-07-13 23:22:14.024 +05:30 [INF] HealthAxis API heartbeat running at "2026-07-13T23:22:14.0244980+05:30"
2026-07-13 23:22:24.045 +05:30 [INF] HealthAxis API heartbeat running at "2026-07-13T23:22:24.0454500+05:30"
2026-07-13 23:22:34.051 +05:30 [INF] HealthAxis API heartbeat running at "2026-07-13T23:22:34.0517621+05:30"
2026-07-13 23:22:44.061 +05:30 [INF] HealthAxis API heartbeat running at "2026-07-13T23:22:44.0615562+05:30"
2026-07-13 23:22:54.075 +05:30 [INF] HealthAxis API heartbeat running at "2026-07-13T23:22:54.0752000+05:30"
2026-07-13 23:23:04.084 +05:30 [INF] HealthAxis API heartbeat running at "2026-07-13T23:23:04.0843914+05:30"
2026-07-13 23:23:14.096 +05:30 [INF] HealthAxis API heartbeat running at "2026-07-13T23:23:14.0968213+05:30"
2026-07-13 23:23:24.120 +05:30 [INF] HealthAxis API heartbeat running at "2026-07-13T23:23:24.1205268+05:30"
2026-07-13 23:23:34.191 +05:30 [INF] HealthAxis API heartbeat running at "2026-07-13T23:23:34.1910700+05:30"
2026-07-13 23:23:44.270 +05:30 [INF] HealthAxis API heartbeat running at "2026-07-13T23:23:44.2701595+05:30"
2026-07-13 23:23:54.283 +05:30 [INF] HealthAxis API heartbeat running at "2026-07-13T23:23:54.2830427+05:30"
2026-07-13 23:24:04.301 +05:30 [INF] HealthAxis API heartbeat running at "2026-07-13T23:24:04.3012197+05:30"
2026-07-13 23:24:14.310 +05:30 [INF] HealthAxis API heartbeat running at "2026-07-13T23:24:14.3106565+05:30"
2026-07-13 23:24:24.317 +05:30 [INF] HealthAxis API heartbeat running at "2026-07-13T23:24:24.3173337+05:30"
2026-07-13 23:24:34.335 +05:30 [INF] HealthAxis API heartbeat running at "2026-07-13T23:24:34.3351258+05:30"
2026-07-13 23:24:44.347 +05:30 [INF] HealthAxis API heartbeat running at "2026-07-13T23:24:44.3476446+05:30"
2026-07-13 23:24:54.359 +05:30 [INF] HealthAxis API heartbeat running at "2026-07-13T23:24:54.3594524+05:30"
2026-07-13 23:25:04.371 +05:30 [INF] HealthAxis API heartbeat running at "2026-07-13T23:25:04.3718107+05:30"
2026-07-13 23:25:14.392 +05:30 [INF] HealthAxis API heartbeat running at "2026-07-13T23:25:14.3923065+05:30"
2026-07-13 23:25:24.411 +05:30 [INF] HealthAxis API heartbeat running at "2026-07-13T23:25:24.4114566+05:30"
2026-07-13 23:25:34.424 +05:30 [INF] HealthAxis API heartbeat running at "2026-07-13T23:25:34.4239692+05:30"
2026-07-13 23:25:44.439 +05:30 [INF] HealthAxis API heartbeat running at "2026-07-13T23:25:44.4394522+05:30"
2026-07-13 23:25:54.459 +05:30 [INF] HealthAxis API heartbeat running at "2026-07-13T23:25:54.4593797+05:30"
2026-07-13 23:26:04.483 +05:30 [INF] HealthAxis API heartbeat running at "2026-07-13T23:26:04.4839561+05:30"
2026-07-13 23:26:14.493 +05:30 [INF] HealthAxis API heartbeat running at "2026-07-13T23:26:14.4930558+05:30"
2026-07-13 23:26:24.507 +05:30 [INF] HealthAxis API heartbeat running at "2026-07-13T23:26:24.5071310+05:30"
2026-07-13 23:26:34.524 +05:30 [INF] HealthAxis API heartbeat running at "2026-07-13T23:26:34.5241069+05:30"
2026-07-13 23:26:44.541 +05:30 [INF] HealthAxis API heartbeat running at "2026-07-13T23:26:44.5418312+05:30"
2026-07-13 23:26:54.696 +05:30 [INF] HealthAxis API heartbeat running at "2026-07-13T23:26:54.6964189+05:30"
2026-07-13 23:27:04.708 +05:30 [INF] HealthAxis API heartbeat running at "2026-07-13T23:27:04.7085378+05:30"
2026-07-13 23:27:14.719 +05:30 [INF] HealthAxis API heartbeat running at "2026-07-13T23:27:14.7192235+05:30"
2026-07-13 23:27:24.744 +05:30 [INF] HealthAxis API heartbeat running at "2026-07-13T23:27:24.7441862+05:30"
2026-07-13 23:27:34.773 +05:30 [INF] HealthAxis API heartbeat running at "2026-07-13T23:27:34.7733731+05:30"
2026-07-13 23:27:44.877 +05:30 [INF] HealthAxis API heartbeat running at "2026-07-13T23:27:44.8770824+05:30"
2026-07-13 23:27:54.885 +05:30 [INF] HealthAxis API heartbeat running at "2026-07-13T23:27:54.8856282+05:30"
2026-07-13 23:28:04.898 +05:30 [INF] HealthAxis API heartbeat running at "2026-07-13T23:28:04.8983236+05:30"
2026-07-13 23:28:14.906 +05:30 [INF] HealthAxis API heartbeat running at "2026-07-13T23:28:14.9060158+05:30"
2026-07-13 23:28:24.917 +05:30 [INF] HealthAxis API heartbeat running at "2026-07-13T23:28:24.9171247+05:30"
2026-07-13 23:28:34.935 +05:30 [INF] HealthAxis API heartbeat running at "2026-07-13T23:28:34.9354283+05:30"
2026-07-13 23:28:44.950 +05:30 [INF] HealthAxis API heartbeat running at "2026-07-13T23:28:44.9508159+05:30"
2026-07-13 23:28:54.971 +05:30 [INF] HealthAxis API heartbeat running at "2026-07-13T23:28:54.9715722+05:30"
2026-07-13 23:29:04.983 +05:30 [INF] HealthAxis API heartbeat running at "2026-07-13T23:29:04.9833022+05:30"
2026-07-13 23:29:14.997 +05:30 [INF] HealthAxis API heartbeat running at "2026-07-13T23:29:14.9973199+05:30"
2026-07-13 23:29:25.031 +05:30 [INF] HealthAxis API heartbeat running at "2026-07-13T23:29:25.0318189+05:30"
2026-07-13 23:29:35.046 +05:30 [INF] HealthAxis API heartbeat running at "2026-07-13T23:29:35.0464192+05:30"
2026-07-13 23:29:45.064 +05:30 [INF] HealthAxis API heartbeat running at "2026-07-13T23:29:45.0645175+05:30"
2026-07-13 23:29:55.075 +05:30 [INF] HealthAxis API heartbeat running at "2026-07-13T23:29:55.0753881+05:30"
2026-07-13 23:30:05.086 +05:30 [INF] HealthAxis API heartbeat running at "2026-07-13T23:30:05.0866378+05:30"
2026-07-13 23:30:15.102 +05:30 [INF] HealthAxis API heartbeat running at "2026-07-13T23:30:15.1029698+05:30"
2026-07-13 23:30:25.111 +05:30 [INF] HealthAxis API heartbeat running at "2026-07-13T23:30:25.1117460+05:30"
2026-07-13 23:30:32.956 +05:30 [INF] HTTP OPTIONS /api/doctors responded 204 in 0.9649 ms
2026-07-13 23:30:33.021 +05:30 [INF] HTTP GET /api/doctors responded 401 in 42.4341 ms
2026-07-13 23:30:35.123 +05:30 [INF] HealthAxis API heartbeat running at "2026-07-13T23:30:35.1232882+05:30"
2026-07-13 23:30:45.126 +05:30 [INF] HealthAxis API heartbeat running at "2026-07-13T23:30:45.1265505+05:30"
2026-07-13 23:30:55.142 +05:30 [INF] HealthAxis API heartbeat running at "2026-07-13T23:30:55.1426566+05:30"
2026-07-13 23:30:57.177 +05:30 [INF] HTTP OPTIONS /api/patients/me responded 204 in 0.1179 ms
2026-07-13 23:30:57.201 +05:30 [INF] HTTP GET /api/patients/me responded 401 in 11.5540 ms
2026-07-13 23:31:05.148 +05:30 [INF] HealthAxis API heartbeat running at "2026-07-13T23:31:05.1485889+05:30"
2026-07-13 23:31:15.154 +05:30 [INF] HealthAxis API heartbeat running at "2026-07-13T23:31:15.1549617+05:30"
2026-07-13 23:31:25.167 +05:30 [INF] HealthAxis API heartbeat running at "2026-07-13T23:31:25.1672358+05:30"
2026-07-13 23:31:35.172 +05:30 [INF] HealthAxis API heartbeat running at "2026-07-13T23:31:35.1729400+05:30"
2026-07-13 23:31:45.190 +05:30 [INF] HealthAxis API heartbeat running at "2026-07-13T23:31:45.1908161+05:30"
2026-07-13 23:31:55.199 +05:30 [INF] HealthAxis API heartbeat running at "2026-07-13T23:31:55.1995179+05:30"
2026-07-13 23:32:05.219 +05:30 [INF] HealthAxis API heartbeat running at "2026-07-13T23:32:05.2192811+05:30"
2026-07-13 23:32:15.234 +05:30 [INF] HealthAxis API heartbeat running at "2026-07-13T23:32:15.2347497+05:30"
2026-07-13 23:32:25.245 +05:30 [INF] HealthAxis API heartbeat running at "2026-07-13T23:32:25.2451949+05:30"
2026-07-13 23:32:35.259 +05:30 [INF] HealthAxis API heartbeat running at "2026-07-13T23:32:35.2589887+05:30"
2026-07-13 23:32:45.272 +05:30 [INF] HealthAxis API heartbeat running at "2026-07-13T23:32:45.2725496+05:30"
2026-07-13 23:32:47.244 +05:30 [INF] HTTP OPTIONS /api/auth/login responded 204 in 0.2690 ms
2026-07-13 23:32:48.908 +05:30 [INF] HTTP POST /api/auth/login responded 200 in 1654.0153 ms
2026-07-13 23:32:48.931 +05:30 [INF] HTTP OPTIONS /api/patients/me responded 204 in 0.2099 ms
2026-07-13 23:32:48.934 +05:30 [INF] HTTP OPTIONS /api/patients/me responded 204 in 0.1266 ms
2026-07-13 23:32:48.953 +05:30 [INF] HTTP GET /api/patients/me responded 200 in 12.4379 ms
2026-07-13 23:32:48.963 +05:30 [INF] HTTP GET /api/patients/me responded 200 in 5.2412 ms
2026-07-13 23:32:48.975 +05:30 [INF] HTTP OPTIONS /api/doctors responded 204 in 0.1025 ms
2026-07-13 23:32:48.978 +05:30 [INF] HTTP OPTIONS /api/appointments responded 204 in 0.1063 ms
2026-07-13 23:32:48.980 +05:30 [INF] HTTP OPTIONS /api/patients/1006/health-records responded 204 in 0.1002 ms
2026-07-13 23:32:49.013 +05:30 [INF] HTTP GET /api/appointments responded 200 in 20.1004 ms
2026-07-13 23:32:49.031 +05:30 [INF] HTTP GET /api/patients/1006/health-records responded 200 in 32.1016 ms
2026-07-13 23:32:49.682 +05:30 [INF] HTTP GET /api/doctors responded 200 in 696.8843 ms
2026-07-13 23:32:55.279 +05:30 [INF] HealthAxis API heartbeat running at "2026-07-13T23:32:55.2792587+05:30"
2026-07-13 23:32:57.468 +05:30 [INF] HTTP OPTIONS /api/doctors responded 204 in 0.1445 ms
2026-07-13 23:32:57.500 +05:30 [INF] HTTP GET /api/doctors responded 200 in 16.2036 ms
2026-07-13 23:33:05.296 +05:30 [INF] HealthAxis API heartbeat running at "2026-07-13T23:33:05.2964332+05:30"
2026-07-13 23:33:05.966 +05:30 [INF] HTTP OPTIONS /api/doctors responded 204 in 0.0757 ms
2026-07-13 23:33:05.993 +05:30 [INF] HTTP GET /api/doctors responded 200 in 14.4820 ms
2026-07-13 23:33:15.302 +05:30 [INF] HealthAxis API heartbeat running at "2026-07-13T23:33:15.3021956+05:30"
2026-07-13 23:33:25.310 +05:30 [INF] HealthAxis API heartbeat running at "2026-07-13T23:33:25.3102891+05:30"
2026-07-13 23:33:32.066 +05:30 [INF] HTTP OPTIONS /api/doctors responded 204 in 0.1426 ms
2026-07-13 23:33:32.088 +05:30 [INF] HTTP GET /api/doctors responded 200 in 9.6562 ms
2026-07-13 23:33:35.328 +05:30 [INF] HealthAxis API heartbeat running at "2026-07-13T23:33:35.3286166+05:30"
2026-07-13 23:33:45.348 +05:30 [INF] HealthAxis API heartbeat running at "2026-07-13T23:33:45.3483401+05:30"
2026-07-13 23:33:55.359 +05:30 [INF] HealthAxis API heartbeat running at "2026-07-13T23:33:55.3595919+05:30"
2026-07-13 23:34:05.366 +05:30 [INF] HealthAxis API heartbeat running at "2026-07-13T23:34:05.3669334+05:30"
2026-07-13 23:34:15.387 +05:30 [INF] HealthAxis API heartbeat running at "2026-07-13T23:34:15.3876592+05:30"
2026-07-13 23:34:25.399 +05:30 [INF] HealthAxis API heartbeat running at "2026-07-13T23:34:25.3990633+05:30"
2026-07-13 23:34:35.411 +05:30 [INF] HealthAxis API heartbeat running at "2026-07-13T23:34:35.4109081+05:30"
2026-07-13 23:34:45.431 +05:30 [INF] HealthAxis API heartbeat running at "2026-07-13T23:34:45.4318532+05:30"
2026-07-13 23:34:55.447 +05:30 [INF] HealthAxis API heartbeat running at "2026-07-13T23:34:55.4471168+05:30"
2026-07-13 23:35:05.455 +05:30 [INF] HealthAxis API heartbeat running at "2026-07-13T23:35:05.4559091+05:30"
2026-07-13 23:35:15.476 +05:30 [INF] HealthAxis API heartbeat running at "2026-07-13T23:35:15.4763522+05:30"
2026-07-13 23:35:25.486 +05:30 [INF] HealthAxis API heartbeat running at "2026-07-13T23:35:25.4863569+05:30"
2026-07-13 23:35:35.495 +05:30 [INF] HealthAxis API heartbeat running at "2026-07-13T23:35:35.4956578+05:30"
2026-07-13 23:35:45.514 +05:30 [INF] HealthAxis API heartbeat running at "2026-07-13T23:35:45.5149043+05:30"
2026-07-13 23:35:55.535 +05:30 [INF] HealthAxis API heartbeat running at "2026-07-13T23:35:55.5350126+05:30"
2026-07-13 23:36:05.554 +05:30 [INF] HealthAxis API heartbeat running at "2026-07-13T23:36:05.5549564+05:30"
2026-07-13 23:36:15.565 +05:30 [INF] HealthAxis API heartbeat running at "2026-07-13T23:36:15.5652425+05:30"
2026-07-13 23:36:25.586 +05:30 [INF] HealthAxis API heartbeat running at "2026-07-13T23:36:25.5863196+05:30"
2026-07-13 23:36:35.603 +05:30 [INF] HealthAxis API heartbeat running at "2026-07-13T23:36:35.6034768+05:30"
2026-07-13 23:36:45.612 +05:30 [INF] HealthAxis API heartbeat running at "2026-07-13T23:36:45.6127438+05:30"
2026-07-13 23:36:55.627 +05:30 [INF] HealthAxis API heartbeat running at "2026-07-13T23:36:55.6278743+05:30"
2026-07-13 23:37:05.649 +05:30 [INF] HealthAxis API heartbeat running at "2026-07-13T23:37:05.6492832+05:30"
2026-07-13 23:37:15.662 +05:30 [INF] HealthAxis API heartbeat running at "2026-07-13T23:37:15.6621995+05:30"
2026-07-13 23:37:25.669 +05:30 [INF] HealthAxis API heartbeat running at "2026-07-13T23:37:25.6693416+05:30"
2026-07-13 23:37:35.687 +05:30 [INF] HealthAxis API heartbeat running at "2026-07-13T23:37:35.6876330+05:30"
2026-07-13 23:37:45.812 +05:30 [INF] HealthAxis API heartbeat running at "2026-07-13T23:37:45.8121056+05:30"
2026-07-13 23:37:55.822 +05:30 [INF] HealthAxis API heartbeat running at "2026-07-13T23:37:55.8223599+05:30"
2026-07-13 23:38:05.830 +05:30 [INF] HealthAxis API heartbeat running at "2026-07-13T23:38:05.8304040+05:30"
2026-07-13 23:38:15.845 +05:30 [INF] HealthAxis API heartbeat running at "2026-07-13T23:38:15.8456122+05:30"
2026-07-13 23:38:25.859 +05:30 [INF] HealthAxis API heartbeat running at "2026-07-13T23:38:25.8595802+05:30"
2026-07-13 23:38:35.864 +05:30 [INF] HealthAxis API heartbeat running at "2026-07-13T23:38:35.8643742+05:30"
2026-07-13 23:38:45.885 +05:30 [INF] HealthAxis API heartbeat running at "2026-07-13T23:38:45.8856988+05:30"
2026-07-13 23:38:55.892 +05:30 [INF] HealthAxis API heartbeat running at "2026-07-13T23:38:55.8923242+05:30"
2026-07-13 23:39:05.907 +05:30 [INF] HealthAxis API heartbeat running at "2026-07-13T23:39:05.9070965+05:30"
2026-07-13 23:39:15.927 +05:30 [INF] HealthAxis API heartbeat running at "2026-07-13T23:39:15.9275255+05:30"
2026-07-13 23:39:25.937 +05:30 [INF] HealthAxis API heartbeat running at "2026-07-13T23:39:25.9375976+05:30"
2026-07-13 23:39:35.950 +05:30 [INF] HealthAxis API heartbeat running at "2026-07-13T23:39:35.9501672+05:30"
2026-07-13 23:39:45.962 +05:30 [INF] HealthAxis API heartbeat running at "2026-07-13T23:39:45.9626936+05:30"
2026-07-13 23:39:55.984 +05:30 [INF] HealthAxis API heartbeat running at "2026-07-13T23:39:55.9847940+05:30"
2026-07-13 23:40:05.996 +05:30 [INF] HealthAxis API heartbeat running at "2026-07-13T23:40:05.9967109+05:30"
2026-07-13 23:40:16.009 +05:30 [INF] HealthAxis API heartbeat running at "2026-07-13T23:40:16.0091272+05:30"
2026-07-13 23:40:21.742 +05:30 [INF] No old notifications found for cleanup.
2026-07-13 23:40:26.026 +05:30 [INF] HealthAxis API heartbeat running at "2026-07-13T23:40:26.0265042+05:30"
2026-07-13 23:40:36.042 +05:30 [INF] HealthAxis API heartbeat running at "2026-07-13T23:40:36.0423115+05:30"
2026-07-13 23:40:46.054 +05:30 [INF] HealthAxis API heartbeat running at "2026-07-13T23:40:46.0542806+05:30"
2026-07-13 23:40:56.073 +05:30 [INF] HealthAxis API heartbeat running at "2026-07-13T23:40:56.0728355+05:30"
2026-07-13 23:41:06.092 +05:30 [INF] HealthAxis API heartbeat running at "2026-07-13T23:41:06.0929119+05:30"
2026-07-13 23:41:16.113 +05:30 [INF] HealthAxis API heartbeat running at "2026-07-13T23:41:16.1130770+05:30"
2026-07-13 23:41:26.123 +05:30 [INF] HealthAxis API heartbeat running at "2026-07-13T23:41:26.1235185+05:30"
2026-07-13 23:41:36.135 +05:30 [INF] HealthAxis API heartbeat running at "2026-07-13T23:41:36.1356648+05:30"
2026-07-13 23:41:46.152 +05:30 [INF] HealthAxis API heartbeat running at "2026-07-13T23:41:46.1529342+05:30"
2026-07-13 23:41:56.169 +05:30 [INF] HealthAxis API heartbeat running at "2026-07-13T23:41:56.1690065+05:30"
2026-07-13 23:42:06.177 +05:30 [INF] HealthAxis API heartbeat running at "2026-07-13T23:42:06.1775083+05:30"
2026-07-13 23:42:16.189 +05:30 [INF] HealthAxis API heartbeat running at "2026-07-13T23:42:16.1894329+05:30"
2026-07-13 23:42:26.204 +05:30 [INF] HealthAxis API heartbeat running at "2026-07-13T23:42:26.2044163+05:30"
2026-07-13 23:42:36.225 +05:30 [INF] HealthAxis API heartbeat running at "2026-07-13T23:42:36.2251365+05:30"
2026-07-13 23:42:46.233 +05:30 [INF] HealthAxis API heartbeat running at "2026-07-13T23:42:46.2336788+05:30"
2026-07-13 23:42:56.252 +05:30 [INF] HealthAxis API heartbeat running at "2026-07-13T23:42:56.2523074+05:30"
2026-07-13 23:43:06.264 +05:30 [INF] HealthAxis API heartbeat running at "2026-07-13T23:43:06.2643820+05:30"
2026-07-13 23:43:16.277 +05:30 [INF] HealthAxis API heartbeat running at "2026-07-13T23:43:16.2774930+05:30"
2026-07-13 23:43:26.293 +05:30 [INF] HealthAxis API heartbeat running at "2026-07-13T23:43:26.2930299+05:30"
2026-07-13 23:43:36.311 +05:30 [INF] HealthAxis API heartbeat running at "2026-07-13T23:43:36.3116147+05:30"
2026-07-13 23:43:46.319 +05:30 [INF] HealthAxis API heartbeat running at "2026-07-13T23:43:46.3192481+05:30"
2026-07-13 23:43:56.331 +05:30 [INF] HealthAxis API heartbeat running at "2026-07-13T23:43:56.3319381+05:30"
2026-07-13 23:44:06.343 +05:30 [INF] HealthAxis API heartbeat running at "2026-07-13T23:44:06.3429791+05:30"
2026-07-13 23:44:16.352 +05:30 [INF] HealthAxis API heartbeat running at "2026-07-13T23:44:16.3521075+05:30"
2026-07-13 23:44:26.359 +05:30 [INF] HealthAxis API heartbeat running at "2026-07-13T23:44:26.3595879+05:30"
2026-07-13 23:44:36.371 +05:30 [INF] HealthAxis API heartbeat running at "2026-07-13T23:44:36.3711819+05:30"
2026-07-13 23:44:46.383 +05:30 [INF] HealthAxis API heartbeat running at "2026-07-13T23:44:46.3830167+05:30"
2026-07-13 23:44:56.397 +05:30 [INF] HealthAxis API heartbeat running at "2026-07-13T23:44:56.3978182+05:30"
2026-07-13 23:45:06.413 +05:30 [INF] HealthAxis API heartbeat running at "2026-07-13T23:45:06.4136145+05:30"
2026-07-13 23:45:16.418 +05:30 [INF] HealthAxis API heartbeat running at "2026-07-13T23:45:16.4188843+05:30"
2026-07-13 23:45:26.429 +05:30 [INF] HealthAxis API heartbeat running at "2026-07-13T23:45:26.4292851+05:30"
2026-07-13 23:45:36.434 +05:30 [INF] HealthAxis API heartbeat running at "2026-07-13T23:45:36.4342865+05:30"
2026-07-13 23:45:46.439 +05:30 [INF] HealthAxis API heartbeat running at "2026-07-13T23:45:46.4392191+05:30"
2026-07-13 23:45:56.455 +05:30 [INF] HealthAxis API heartbeat running at "2026-07-13T23:45:56.4557057+05:30"
2026-07-13 23:46:06.466 +05:30 [INF] HealthAxis API heartbeat running at "2026-07-13T23:46:06.4667142+05:30"
2026-07-13 23:46:16.486 +05:30 [INF] HealthAxis API heartbeat running at "2026-07-13T23:46:16.4862040+05:30"
2026-07-13 23:46:26.503 +05:30 [INF] HealthAxis API heartbeat running at "2026-07-13T23:46:26.5035156+05:30"
2026-07-13 23:46:36.512 +05:30 [INF] HealthAxis API heartbeat running at "2026-07-13T23:46:36.5125867+05:30"
2026-07-13 23:46:46.530 +05:30 [INF] HealthAxis API heartbeat running at "2026-07-13T23:46:46.5308664+05:30"
2026-07-13 23:46:56.546 +05:30 [INF] HealthAxis API heartbeat running at "2026-07-13T23:46:56.5469302+05:30"
2026-07-13 23:47:06.553 +05:30 [INF] HealthAxis API heartbeat running at "2026-07-13T23:47:06.5535421+05:30"
2026-07-13 23:47:16.561 +05:30 [INF] HealthAxis API heartbeat running at "2026-07-13T23:47:16.5614437+05:30"
2026-07-13 23:47:26.580 +05:30 [INF] HealthAxis API heartbeat running at "2026-07-13T23:47:26.5802463+05:30"
2026-07-13 23:47:36.595 +05:30 [INF] HealthAxis API heartbeat running at "2026-07-13T23:47:36.5950119+05:30"
2026-07-13 23:47:46.676 +05:30 [INF] HealthAxis API heartbeat running at "2026-07-13T23:47:46.6760582+05:30"
2026-07-13 23:47:56.690 +05:30 [INF] HealthAxis API heartbeat running at "2026-07-13T23:47:56.6903338+05:30"
2026-07-13 23:48:06.698 +05:30 [INF] HealthAxis API heartbeat running at "2026-07-13T23:48:06.6982301+05:30"
2026-07-13 23:48:16.705 +05:30 [INF] HealthAxis API heartbeat running at "2026-07-13T23:48:16.7055374+05:30"
2026-07-13 23:48:26.719 +05:30 [INF] HealthAxis API heartbeat running at "2026-07-13T23:48:26.7192074+05:30"
2026-07-13 23:48:36.732 +05:30 [INF] HealthAxis API heartbeat running at "2026-07-13T23:48:36.7321462+05:30"
2026-07-13 23:48:46.744 +05:30 [INF] HealthAxis API heartbeat running at "2026-07-13T23:48:46.7441092+05:30"
2026-07-13 23:48:56.758 +05:30 [INF] HealthAxis API heartbeat running at "2026-07-13T23:48:56.7583910+05:30"
2026-07-13 23:49:06.768 +05:30 [INF] HealthAxis API heartbeat running at "2026-07-13T23:49:06.7689529+05:30"
2026-07-13 23:49:16.788 +05:30 [INF] HealthAxis API heartbeat running at "2026-07-13T23:49:16.7883322+05:30"
2026-07-13 23:49:26.797 +05:30 [INF] HealthAxis API heartbeat running at "2026-07-13T23:49:26.7979682+05:30"
2026-07-13 23:49:36.815 +05:30 [INF] HealthAxis API heartbeat running at "2026-07-13T23:49:36.8158207+05:30"
2026-07-13 23:49:46.829 +05:30 [INF] HealthAxis API heartbeat running at "2026-07-13T23:49:46.8292661+05:30"
2026-07-13 23:49:56.845 +05:30 [INF] HealthAxis API heartbeat running at "2026-07-13T23:49:56.8454895+05:30"
2026-07-13 23:50:06.864 +05:30 [INF] HealthAxis API heartbeat running at "2026-07-13T23:50:06.8647193+05:30"
2026-07-13 23:50:16.881 +05:30 [INF] HealthAxis API heartbeat running at "2026-07-13T23:50:16.8810498+05:30"
2026-07-13 23:50:26.900 +05:30 [INF] HealthAxis API heartbeat running at "2026-07-13T23:50:26.9003321+05:30"
2026-07-13 23:50:36.918 +05:30 [INF] HealthAxis API heartbeat running at "2026-07-13T23:50:36.9182922+05:30"
2026-07-13 23:50:46.934 +05:30 [INF] HealthAxis API heartbeat running at "2026-07-13T23:50:46.9343817+05:30"
2026-07-13 23:50:56.949 +05:30 [INF] HealthAxis API heartbeat running at "2026-07-13T23:50:56.9496263+05:30"
2026-07-13 23:51:06.983 +05:30 [INF] HealthAxis API heartbeat running at "2026-07-13T23:51:06.9836431+05:30"
2026-07-13 23:51:16.994 +05:30 [INF] HealthAxis API heartbeat running at "2026-07-13T23:51:16.9945313+05:30"
2026-07-13 23:51:27.003 +05:30 [INF] HealthAxis API heartbeat running at "2026-07-13T23:51:27.0038804+05:30"
2026-07-13 23:51:37.020 +05:30 [INF] HealthAxis API heartbeat running at "2026-07-13T23:51:37.0201913+05:30"
2026-07-13 23:51:47.024 +05:30 [INF] HealthAxis API heartbeat running at "2026-07-13T23:51:47.0249562+05:30"
2026-07-13 23:51:57.047 +05:30 [INF] HealthAxis API heartbeat running at "2026-07-13T23:51:57.0479264+05:30"
2026-07-13 23:52:07.066 +05:30 [INF] HealthAxis API heartbeat running at "2026-07-13T23:52:07.0660928+05:30"
2026-07-13 23:52:17.077 +05:30 [INF] HealthAxis API heartbeat running at "2026-07-13T23:52:17.0772355+05:30"
2026-07-13 23:52:27.097 +05:30 [INF] HealthAxis API heartbeat running at "2026-07-13T23:52:27.0973876+05:30"
2026-07-13 23:52:37.115 +05:30 [INF] HealthAxis API heartbeat running at "2026-07-13T23:52:37.1150108+05:30"
2026-07-13 23:52:47.125 +05:30 [INF] HealthAxis API heartbeat running at "2026-07-13T23:52:47.1251810+05:30"
2026-07-13 23:52:57.144 +05:30 [INF] HealthAxis API heartbeat running at "2026-07-13T23:52:57.1444002+05:30"
2026-07-13 23:53:07.153 +05:30 [INF] HealthAxis API heartbeat running at "2026-07-13T23:53:07.1537958+05:30"
2026-07-13 23:53:17.166 +05:30 [INF] HealthAxis API heartbeat running at "2026-07-13T23:53:17.1669090+05:30"
2026-07-13 23:53:27.184 +05:30 [INF] HealthAxis API heartbeat running at "2026-07-13T23:53:27.1847451+05:30"
2026-07-13 23:53:37.205 +05:30 [INF] HealthAxis API heartbeat running at "2026-07-13T23:53:37.2057495+05:30"
2026-07-13 23:53:47.218 +05:30 [INF] HealthAxis API heartbeat running at "2026-07-13T23:53:47.2184452+05:30"
2026-07-13 23:53:57.232 +05:30 [INF] HealthAxis API heartbeat running at "2026-07-13T23:53:57.2321589+05:30"
2026-07-13 23:54:07.250 +05:30 [INF] HealthAxis API heartbeat running at "2026-07-13T23:54:07.2506095+05:30"
2026-07-13 23:54:17.261 +05:30 [INF] HealthAxis API heartbeat running at "2026-07-13T23:54:17.2617893+05:30"
2026-07-13 23:54:27.274 +05:30 [INF] HealthAxis API heartbeat running at "2026-07-13T23:54:27.2746576+05:30"
2026-07-13 23:54:37.292 +05:30 [INF] HealthAxis API heartbeat running at "2026-07-13T23:54:37.2923359+05:30"
2026-07-13 23:54:47.305 +05:30 [INF] HealthAxis API heartbeat running at "2026-07-13T23:54:47.3053820+05:30"
2026-07-13 23:54:57.320 +05:30 [INF] HealthAxis API heartbeat running at "2026-07-13T23:54:57.3208686+05:30"
2026-07-13 23:55:07.333 +05:30 [INF] HealthAxis API heartbeat running at "2026-07-13T23:55:07.3331046+05:30"
2026-07-13 23:55:17.344 +05:30 [INF] HealthAxis API heartbeat running at "2026-07-13T23:55:17.3444337+05:30"
2026-07-13 23:55:27.356 +05:30 [INF] HealthAxis API heartbeat running at "2026-07-13T23:55:27.3568761+05:30"
2026-07-13 23:55:37.369 +05:30 [INF] HealthAxis API heartbeat running at "2026-07-13T23:55:37.3691221+05:30"
2026-07-13 23:55:47.387 +05:30 [INF] HealthAxis API heartbeat running at "2026-07-13T23:55:47.3871854+05:30"
2026-07-13 23:55:57.391 +05:30 [INF] HealthAxis API heartbeat running at "2026-07-13T23:55:57.3919280+05:30"
2026-07-13 23:56:07.405 +05:30 [INF] HealthAxis API heartbeat running at "2026-07-13T23:56:07.4056424+05:30"
2026-07-13 23:56:17.415 +05:30 [INF] HealthAxis API heartbeat running at "2026-07-13T23:56:17.4149823+05:30"
2026-07-13 23:56:27.428 +05:30 [INF] HealthAxis API heartbeat running at "2026-07-13T23:56:27.4289126+05:30"
2026-07-13 23:56:37.440 +05:30 [INF] HealthAxis API heartbeat running at "2026-07-13T23:56:37.4400277+05:30"
2026-07-13 23:56:47.445 +05:30 [INF] HealthAxis API heartbeat running at "2026-07-13T23:56:47.4450604+05:30"
2026-07-13 23:56:57.468 +05:30 [INF] HealthAxis API heartbeat running at "2026-07-13T23:56:57.4686071+05:30"
2026-07-13 23:57:07.479 +05:30 [INF] HealthAxis API heartbeat running at "2026-07-13T23:57:07.4795177+05:30"
2026-07-13 23:57:17.489 +05:30 [INF] HealthAxis API heartbeat running at "2026-07-13T23:57:17.4899335+05:30"
2026-07-13 23:57:27.501 +05:30 [INF] HealthAxis API heartbeat running at "2026-07-13T23:57:27.5010343+05:30"
2026-07-13 23:57:37.519 +05:30 [INF] HealthAxis API heartbeat running at "2026-07-13T23:57:37.5191851+05:30"
2026-07-13 23:57:47.537 +05:30 [INF] HealthAxis API heartbeat running at "2026-07-13T23:57:47.5374372+05:30"
2026-07-13 23:57:57.549 +05:30 [INF] HealthAxis API heartbeat running at "2026-07-13T23:57:57.5494222+05:30"
2026-07-13 23:58:07.564 +05:30 [INF] HealthAxis API heartbeat running at "2026-07-13T23:58:07.5640759+05:30"
2026-07-13 23:58:17.583 +05:30 [INF] HealthAxis API heartbeat running at "2026-07-13T23:58:17.5836403+05:30"
2026-07-13 23:58:27.602 +05:30 [INF] HealthAxis API heartbeat running at "2026-07-13T23:58:27.6026170+05:30"
2026-07-13 23:58:37.620 +05:30 [INF] HealthAxis API heartbeat running at "2026-07-13T23:58:37.6205720+05:30"
2026-07-13 23:58:47.636 +05:30 [INF] HealthAxis API heartbeat running at "2026-07-13T23:58:47.6360769+05:30"
2026-07-13 23:58:57.645 +05:30 [INF] HealthAxis API heartbeat running at "2026-07-13T23:58:57.6456589+05:30"
2026-07-13 23:59:07.675 +05:30 [INF] HealthAxis API heartbeat running at "2026-07-13T23:59:07.6758891+05:30"
2026-07-13 23:59:17.680 +05:30 [INF] HealthAxis API heartbeat running at "2026-07-13T23:59:17.6808592+05:30"
2026-07-13 23:59:27.687 +05:30 [INF] HealthAxis API heartbeat running at "2026-07-13T23:59:27.6870304+05:30"
2026-07-13 23:59:37.694 +05:30 [INF] HealthAxis API heartbeat running at "2026-07-13T23:59:37.6940984+05:30"
2026-07-13 23:59:47.703 +05:30 [INF] HealthAxis API heartbeat running at "2026-07-13T23:59:47.7034675+05:30"
2026-07-13 23:59:57.709 +05:30 [INF] HealthAxis API heartbeat running at "2026-07-13T23:59:57.7095815+05:30"
