2026-07-09 00:28:48.016 +05:30 [INF] Configured endpoint appointment.events.queue, Consumer: HealthAxis.API.Consumers.AppointmentBookedConsumer
2026-07-09 00:28:48.137 +05:30 [INF] HeartbeatService started.
2026-07-09 00:28:48.139 +05:30 [INF] NotificationCleanupService started.
2026-07-09 00:28:48.140 +05:30 [INF] HealthAxis API heartbeat running at "2026-07-09T00:28:48.1394535+05:30"
2026-07-09 00:28:48.218 +05:30 [INF] No old notifications found for cleanup.
2026-07-09 00:28:48.472 +05:30 [INF] Bus started: "rabbitmq://localhost/"
2026-07-09 00:28:58.155 +05:30 [INF] HealthAxis API heartbeat running at "2026-07-09T00:28:58.1545819+05:30"
2026-07-09 00:29:08.171 +05:30 [INF] HealthAxis API heartbeat running at "2026-07-09T00:29:08.1715743+05:30"
2026-07-09 00:29:18.181 +05:30 [INF] HealthAxis API heartbeat running at "2026-07-09T00:29:18.1816676+05:30"
2026-07-09 00:29:28.193 +05:30 [INF] HealthAxis API heartbeat running at "2026-07-09T00:29:28.1929083+05:30"
2026-07-09 00:29:38.202 +05:30 [INF] HealthAxis API heartbeat running at "2026-07-09T00:29:38.2017347+05:30"
2026-07-09 00:29:48.212 +05:30 [INF] HealthAxis API heartbeat running at "2026-07-09T00:29:48.2121736+05:30"
2026-07-09 00:29:58.215 +05:30 [INF] HealthAxis API heartbeat running at "2026-07-09T00:29:58.2154654+05:30"
2026-07-09 00:30:08.229 +05:30 [INF] HealthAxis API heartbeat running at "2026-07-09T00:30:08.2298546+05:30"
2026-07-09 00:30:18.235 +05:30 [INF] HealthAxis API heartbeat running at "2026-07-09T00:30:18.2352728+05:30"
2026-07-09 00:30:28.251 +05:30 [INF] HealthAxis API heartbeat running at "2026-07-09T00:30:28.2511861+05:30"
2026-07-09 00:30:38.257 +05:30 [INF] HealthAxis API heartbeat running at "2026-07-09T00:30:38.2576113+05:30"
2026-07-09 00:30:48.265 +05:30 [INF] HealthAxis API heartbeat running at "2026-07-09T00:30:48.2657835+05:30"
2026-07-09 00:30:58.284 +05:30 [INF] HealthAxis API heartbeat running at "2026-07-09T00:30:58.2844911+05:30"
2026-07-09 00:31:08.300 +05:30 [INF] HealthAxis API heartbeat running at "2026-07-09T00:31:08.3002787+05:30"
2026-07-09 00:31:18.310 +05:30 [INF] HealthAxis API heartbeat running at "2026-07-09T00:31:18.3100939+05:30"
2026-07-09 00:31:28.315 +05:30 [INF] HealthAxis API heartbeat running at "2026-07-09T00:31:28.3149797+05:30"
2026-07-09 00:31:38.329 +05:30 [INF] HealthAxis API heartbeat running at "2026-07-09T00:31:38.3297959+05:30"
2026-07-09 00:31:48.336 +05:30 [INF] HealthAxis API heartbeat running at "2026-07-09T00:31:48.3362963+05:30"
2026-07-09 00:31:58.345 +05:30 [INF] HealthAxis API heartbeat running at "2026-07-09T00:31:58.3453023+05:30"
2026-07-09 00:32:08.360 +05:30 [INF] HealthAxis API heartbeat running at "2026-07-09T00:32:08.3592832+05:30"
2026-07-09 00:32:18.371 +05:30 [INF] HealthAxis API heartbeat running at "2026-07-09T00:32:18.3715766+05:30"
2026-07-09 00:32:28.377 +05:30 [INF] HealthAxis API heartbeat running at "2026-07-09T00:32:28.3778455+05:30"
2026-07-09 00:32:38.392 +05:30 [INF] HealthAxis API heartbeat running at "2026-07-09T00:32:38.3925626+05:30"
2026-07-09 00:32:48.414 +05:30 [INF] HealthAxis API heartbeat running at "2026-07-09T00:32:48.4139046+05:30"
2026-07-09 00:32:58.431 +05:30 [INF] HealthAxis API heartbeat running at "2026-07-09T00:32:58.4318937+05:30"
2026-07-09 00:33:08.449 +05:30 [INF] HealthAxis API heartbeat running at "2026-07-09T00:33:08.4495021+05:30"
2026-07-09 00:33:18.460 +05:30 [INF] HealthAxis API heartbeat running at "2026-07-09T00:33:18.4604964+05:30"
2026-07-09 00:33:28.477 +05:30 [INF] HealthAxis API heartbeat running at "2026-07-09T00:33:28.4772240+05:30"
2026-07-09 00:33:38.483 +05:30 [INF] HealthAxis API heartbeat running at "2026-07-09T00:33:38.4838546+05:30"
2026-07-09 00:33:48.502 +05:30 [INF] HealthAxis API heartbeat running at "2026-07-09T00:33:48.5020278+05:30"
2026-07-09 00:33:58.516 +05:30 [INF] HealthAxis API heartbeat running at "2026-07-09T00:33:58.5160725+05:30"
2026-07-09 00:34:08.530 +05:30 [INF] HealthAxis API heartbeat running at "2026-07-09T00:34:08.5304311+05:30"
2026-07-09 00:34:18.542 +05:30 [INF] HealthAxis API heartbeat running at "2026-07-09T00:34:18.5426064+05:30"
2026-07-09 00:34:28.551 +05:30 [INF] HealthAxis API heartbeat running at "2026-07-09T00:34:28.5514232+05:30"
2026-07-09 00:34:38.556 +05:30 [INF] HealthAxis API heartbeat running at "2026-07-09T00:34:38.5564046+05:30"
2026-07-09 00:34:48.570 +05:30 [INF] HealthAxis API heartbeat running at "2026-07-09T00:34:48.5707200+05:30"
2026-07-09 00:34:58.588 +05:30 [INF] HealthAxis API heartbeat running at "2026-07-09T00:34:58.5881168+05:30"
2026-07-09 00:35:08.600 +05:30 [INF] HealthAxis API heartbeat running at "2026-07-09T00:35:08.6001489+05:30"
2026-07-09 00:35:18.614 +05:30 [INF] HealthAxis API heartbeat running at "2026-07-09T00:35:18.6146607+05:30"
2026-07-09 00:35:28.629 +05:30 [INF] HealthAxis API heartbeat running at "2026-07-09T00:35:28.6298567+05:30"
2026-07-09 00:35:38.642 +05:30 [INF] HealthAxis API heartbeat running at "2026-07-09T00:35:38.6429097+05:30"
2026-07-09 00:35:48.654 +05:30 [INF] HealthAxis API heartbeat running at "2026-07-09T00:35:48.6546437+05:30"
2026-07-09 00:35:50.057 +05:30 [INF] HTTP GET /swagger responded 301 in 15.3488 ms
2026-07-09 00:35:50.295 +05:30 [INF] HTTP GET /swagger/index.html responded 200 in 202.4157 ms
2026-07-09 00:35:50.344 +05:30 [INF] HTTP GET /swagger/index.js responded 200 in 1.8477 ms
2026-07-09 00:35:50.361 +05:30 [INF] HTTP GET /swagger/index.css responded 200 in 56.0930 ms
2026-07-09 00:35:50.421 +05:30 [INF] HTTP GET /swagger/swagger-ui-standalone-preset.js responded 200 in 103.8219 ms
2026-07-09 00:35:50.421 +05:30 [INF] HTTP GET /swagger/swagger-ui.css responded 200 in 115.9736 ms
2026-07-09 00:35:50.443 +05:30 [INF] HTTP GET /swagger/swagger-ui-bundle.js responded 200 in 126.5988 ms
2026-07-09 00:35:51.234 +05:30 [INF] HTTP GET /swagger/favicon-32x32.png responded 200 in 31.5344 ms
2026-07-09 00:35:51.348 +05:30 [INF] HTTP GET /swagger/v1/swagger.json responded 200 in 197.3349 ms
2026-07-09 00:35:58.672 +05:30 [INF] HealthAxis API heartbeat running at "2026-07-09T00:35:58.6721805+05:30"
2026-07-09 00:36:08.692 +05:30 [INF] HealthAxis API heartbeat running at "2026-07-09T00:36:08.6925659+05:30"
2026-07-09 00:36:18.701 +05:30 [INF] HealthAxis API heartbeat running at "2026-07-09T00:36:18.7011212+05:30"
2026-07-09 00:36:28.721 +05:30 [INF] HealthAxis API heartbeat running at "2026-07-09T00:36:28.7209573+05:30"
2026-07-09 00:36:38.738 +05:30 [INF] HealthAxis API heartbeat running at "2026-07-09T00:36:38.7384624+05:30"
2026-07-09 00:36:48.744 +05:30 [INF] HealthAxis API heartbeat running at "2026-07-09T00:36:48.7441640+05:30"
2026-07-09 00:36:58.759 +05:30 [INF] HealthAxis API heartbeat running at "2026-07-09T00:36:58.7595595+05:30"
2026-07-09 00:37:08.775 +05:30 [INF] HealthAxis API heartbeat running at "2026-07-09T00:37:08.7758676+05:30"
2026-07-09 00:37:18.784 +05:30 [INF] HealthAxis API heartbeat running at "2026-07-09T00:37:18.7845763+05:30"
2026-07-09 00:37:28.803 +05:30 [INF] HealthAxis API heartbeat running at "2026-07-09T00:37:28.8030107+05:30"
2026-07-09 00:37:38.815 +05:30 [INF] HealthAxis API heartbeat running at "2026-07-09T00:37:38.8152377+05:30"
2026-07-09 00:37:48.826 +05:30 [INF] HealthAxis API heartbeat running at "2026-07-09T00:37:48.8269234+05:30"
2026-07-09 00:37:58.839 +05:30 [INF] HealthAxis API heartbeat running at "2026-07-09T00:37:58.8397572+05:30"
2026-07-09 00:38:08.851 +05:30 [INF] HealthAxis API heartbeat running at "2026-07-09T00:38:08.8509977+05:30"
2026-07-09 00:38:18.861 +05:30 [INF] HealthAxis API heartbeat running at "2026-07-09T00:38:18.8610846+05:30"
2026-07-09 00:38:28.872 +05:30 [INF] HealthAxis API heartbeat running at "2026-07-09T00:38:28.8722842+05:30"
2026-07-09 00:38:38.880 +05:30 [INF] HealthAxis API heartbeat running at "2026-07-09T00:38:38.8804765+05:30"
2026-07-09 00:38:48.896 +05:30 [INF] HealthAxis API heartbeat running at "2026-07-09T00:38:48.8962069+05:30"
2026-07-09 00:38:58.904 +05:30 [INF] HealthAxis API heartbeat running at "2026-07-09T00:38:58.9044162+05:30"
2026-07-09 00:39:08.919 +05:30 [INF] HealthAxis API heartbeat running at "2026-07-09T00:39:08.9196777+05:30"
2026-07-09 00:39:18.930 +05:30 [INF] HealthAxis API heartbeat running at "2026-07-09T00:39:18.9301131+05:30"
2026-07-09 00:39:28.946 +05:30 [INF] HealthAxis API heartbeat running at "2026-07-09T00:39:28.9459952+05:30"
2026-07-09 00:39:38.957 +05:30 [INF] HealthAxis API heartbeat running at "2026-07-09T00:39:38.9575383+05:30"
2026-07-09 00:39:48.971 +05:30 [INF] HealthAxis API heartbeat running at "2026-07-09T00:39:48.9714244+05:30"
2026-07-09 00:39:58.984 +05:30 [INF] HealthAxis API heartbeat running at "2026-07-09T00:39:58.9847788+05:30"
2026-07-09 00:40:08.990 +05:30 [INF] HealthAxis API heartbeat running at "2026-07-09T00:40:08.9904195+05:30"
2026-07-09 00:40:19.004 +05:30 [INF] HealthAxis API heartbeat running at "2026-07-09T00:40:19.0040197+05:30"
2026-07-09 00:40:29.024 +05:30 [INF] HealthAxis API heartbeat running at "2026-07-09T00:40:29.0246471+05:30"
2026-07-09 00:40:39.438 +05:30 [INF] HealthAxis API heartbeat running at "2026-07-09T00:40:39.4380804+05:30"
2026-07-09 00:40:49.451 +05:30 [INF] HealthAxis API heartbeat running at "2026-07-09T00:40:49.4515204+05:30"
2026-07-09 00:40:59.462 +05:30 [INF] HealthAxis API heartbeat running at "2026-07-09T00:40:59.4622786+05:30"
2026-07-09 00:41:06.050 +05:30 [INF] HTTP GET /api/doctors/5/availability responded 401 in 149.3148 ms
2026-07-09 00:41:09.469 +05:30 [INF] HealthAxis API heartbeat running at "2026-07-09T00:41:09.4690735+05:30"
2026-07-09 00:41:19.481 +05:30 [INF] HealthAxis API heartbeat running at "2026-07-09T00:41:19.4809601+05:30"
2026-07-09 00:41:29.493 +05:30 [INF] HealthAxis API heartbeat running at "2026-07-09T00:41:29.4930258+05:30"
2026-07-09 00:41:39.497 +05:30 [INF] HealthAxis API heartbeat running at "2026-07-09T00:41:39.4974227+05:30"
2026-07-09 00:41:49.515 +05:30 [INF] HealthAxis API heartbeat running at "2026-07-09T00:41:49.5157753+05:30"
2026-07-09 00:41:59.529 +05:30 [INF] HealthAxis API heartbeat running at "2026-07-09T00:41:59.5294777+05:30"
2026-07-09 00:42:09.548 +05:30 [INF] HealthAxis API heartbeat running at "2026-07-09T00:42:09.5480981+05:30"
2026-07-09 00:42:19.555 +05:30 [INF] HealthAxis API heartbeat running at "2026-07-09T00:42:19.5553791+05:30"
2026-07-09 00:42:29.567 +05:30 [INF] HealthAxis API heartbeat running at "2026-07-09T00:42:29.5675381+05:30"
2026-07-09 00:42:39.576 +05:30 [INF] HealthAxis API heartbeat running at "2026-07-09T00:42:39.5759861+05:30"
2026-07-09 00:42:49.582 +05:30 [INF] HealthAxis API heartbeat running at "2026-07-09T00:42:49.5824625+05:30"
2026-07-09 00:42:59.595 +05:30 [INF] HealthAxis API heartbeat running at "2026-07-09T00:42:59.5959299+05:30"
2026-07-09 00:43:09.616 +05:30 [INF] HealthAxis API heartbeat running at "2026-07-09T00:43:09.6165736+05:30"
2026-07-09 00:43:19.626 +05:30 [INF] HealthAxis API heartbeat running at "2026-07-09T00:43:19.6262040+05:30"
2026-07-09 00:43:29.639 +05:30 [INF] HealthAxis API heartbeat running at "2026-07-09T00:43:29.6391039+05:30"
2026-07-09 00:43:34.899 +05:30 [INF] HTTP POST /api/auth/login responded 200 in 2218.5848 ms
2026-07-09 00:43:39.652 +05:30 [INF] HealthAxis API heartbeat running at "2026-07-09T00:43:39.6525280+05:30"
2026-07-09 00:43:49.669 +05:30 [INF] HealthAxis API heartbeat running at "2026-07-09T00:43:49.6690173+05:30"
2026-07-09 00:43:59.682 +05:30 [INF] HealthAxis API heartbeat running at "2026-07-09T00:43:59.6825843+05:30"
2026-07-09 00:44:08.359 +05:30 [INF] Garnet cache MISS for key doctors:5:availability:2026-07-09
2026-07-09 00:44:08.662 +05:30 [INF] Doctor availability stored in Garnet cache with key doctors:5:availability:2026-07-09 for 5 minutes
2026-07-09 00:44:08.673 +05:30 [INF] HTTP GET /api/doctors/5/availability responded 200 in 1475.4816 ms
2026-07-09 00:44:09.694 +05:30 [INF] HealthAxis API heartbeat running at "2026-07-09T00:44:09.6940106+05:30"
2026-07-09 00:44:19.709 +05:30 [INF] HealthAxis API heartbeat running at "2026-07-09T00:44:19.7092585+05:30"
2026-07-09 00:44:29.714 +05:30 [INF] HealthAxis API heartbeat running at "2026-07-09T00:44:29.7143943+05:30"
2026-07-09 00:44:39.722 +05:30 [INF] HealthAxis API heartbeat running at "2026-07-09T00:44:39.7221392+05:30"
2026-07-09 00:44:49.730 +05:30 [INF] HealthAxis API heartbeat running at "2026-07-09T00:44:49.7304762+05:30"
2026-07-09 00:44:59.744 +05:30 [INF] HealthAxis API heartbeat running at "2026-07-09T00:44:59.7447495+05:30"
2026-07-09 00:45:09.756 +05:30 [INF] HealthAxis API heartbeat running at "2026-07-09T00:45:09.7562315+05:30"
2026-07-09 00:45:19.769 +05:30 [INF] HealthAxis API heartbeat running at "2026-07-09T00:45:19.7696251+05:30"
2026-07-09 00:45:29.781 +05:30 [INF] HealthAxis API heartbeat running at "2026-07-09T00:45:29.7811271+05:30"
2026-07-09 00:45:39.785 +05:30 [INF] HealthAxis API heartbeat running at "2026-07-09T00:45:39.7856007+05:30"
2026-07-09 00:45:49.793 +05:30 [INF] HealthAxis API heartbeat running at "2026-07-09T00:45:49.7938260+05:30"
2026-07-09 00:45:49.848 +05:30 [INF] Garnet cache HIT for key doctors:5:availability:2026-07-09
2026-07-09 00:45:49.851 +05:30 [INF] HTTP GET /api/doctors/5/availability responded 200 in 82.7580 ms
2026-07-09 00:45:59.810 +05:30 [INF] HealthAxis API heartbeat running at "2026-07-09T00:45:59.8102920+05:30"
2026-07-09 00:46:09.817 +05:30 [INF] HealthAxis API heartbeat running at "2026-07-09T00:46:09.8173070+05:30"
2026-07-09 00:46:19.835 +05:30 [INF] HealthAxis API heartbeat running at "2026-07-09T00:46:19.8355394+05:30"
2026-07-09 00:46:29.854 +05:30 [INF] HealthAxis API heartbeat running at "2026-07-09T00:46:29.8544392+05:30"
2026-07-09 00:46:39.872 +05:30 [INF] HealthAxis API heartbeat running at "2026-07-09T00:46:39.8726751+05:30"
2026-07-09 00:46:49.888 +05:30 [INF] HealthAxis API heartbeat running at "2026-07-09T00:46:49.8888936+05:30"
2026-07-09 00:46:53.804 +05:30 [INF] Garnet cache HIT for key doctors:5:availability:2026-07-09
2026-07-09 00:46:53.810 +05:30 [INF] HTTP GET /api/doctors/5/availability responded 200 in 47.8645 ms
2026-07-09 00:46:59.894 +05:30 [INF] HealthAxis API heartbeat running at "2026-07-09T00:46:59.8943343+05:30"
2026-07-09 00:47:09.908 +05:30 [INF] HealthAxis API heartbeat running at "2026-07-09T00:47:09.9080074+05:30"
2026-07-09 00:47:19.920 +05:30 [INF] HealthAxis API heartbeat running at "2026-07-09T00:47:19.9208755+05:30"
2026-07-09 00:47:29.938 +05:30 [INF] HealthAxis API heartbeat running at "2026-07-09T00:47:29.9383433+05:30"
2026-07-09 00:47:39.956 +05:30 [INF] HealthAxis API heartbeat running at "2026-07-09T00:47:39.9563868+05:30"
2026-07-09 00:47:49.961 +05:30 [INF] HealthAxis API heartbeat running at "2026-07-09T00:47:49.9615766+05:30"
2026-07-09 00:47:59.967 +05:30 [INF] HealthAxis API heartbeat running at "2026-07-09T00:47:59.9678057+05:30"
2026-07-09 00:48:09.981 +05:30 [INF] HealthAxis API heartbeat running at "2026-07-09T00:48:09.9817956+05:30"
2026-07-09 00:48:19.996 +05:30 [INF] HealthAxis API heartbeat running at "2026-07-09T00:48:19.9966175+05:30"
2026-07-09 00:48:30.002 +05:30 [INF] HealthAxis API heartbeat running at "2026-07-09T00:48:30.0020992+05:30"
2026-07-09 00:48:40.019 +05:30 [INF] HealthAxis API heartbeat running at "2026-07-09T00:48:40.0199823+05:30"
2026-07-09 00:48:50.027 +05:30 [INF] HealthAxis API heartbeat running at "2026-07-09T00:48:50.0277617+05:30"
2026-07-09 09:26:37.270 +05:30 [INF] Configured endpoint appointment.events.queue, Consumer: HealthAxis.API.Consumers.AppointmentBookedConsumer
2026-07-09 09:26:37.837 +05:30 [INF] HeartbeatService started.
2026-07-09 09:26:37.840 +05:30 [INF] NotificationCleanupService started.
2026-07-09 09:26:37.848 +05:30 [INF] HealthAxis API heartbeat running at "2026-07-09T09:26:37.8450522+05:30"
2026-07-09 09:26:38.143 +05:30 [INF] No old notifications found for cleanup.
2026-07-09 09:26:38.499 +05:30 [INF] Now listening on: https://localhost:7130
2026-07-09 09:26:38.503 +05:30 [INF] Now listening on: http://localhost:5145
2026-07-09 09:26:38.638 +05:30 [INF] Application started. Press Ctrl+C to shut down.
2026-07-09 09:26:38.647 +05:30 [INF] Hosting environment: Development
2026-07-09 09:26:38.650 +05:30 [INF] Content root path: C:\Users\310481\source\repos\UST-Live-01\Healthcare.netcore\Healthcare.netcore
2026-07-09 09:26:38.702 +05:30 [INF] Bus started: "rabbitmq://localhost/"
2026-07-09 09:26:39.125 +05:30 [INF] HTTP GET /swagger/index.html responded 200 in 197.8980 ms
2026-07-09 09:26:39.134 +05:30 [INF] HTTP GET /swagger/index.js responded 200 in 2.3078 ms
2026-07-09 09:26:39.161 +05:30 [INF] HTTP GET /swagger/index.css responded 200 in 30.1809 ms
2026-07-09 09:26:39.187 +05:30 [INF] HTTP GET /swagger/swagger-ui.css responded 200 in 55.4623 ms
2026-07-09 09:26:39.195 +05:30 [INF] HTTP GET /swagger/swagger-ui-standalone-preset.js responded 200 in 64.0118 ms
2026-07-09 09:26:39.217 +05:30 [INF] HTTP GET /swagger/swagger-ui-bundle.js responded 200 in 85.9677 ms
2026-07-09 09:26:39.494 +05:30 [INF] HTTP GET /swagger/favicon-32x32.png responded 200 in 2.2879 ms
2026-07-09 09:26:39.530 +05:30 [INF] HTTP GET /swagger/v1/swagger.json responded 200 in 57.0213 ms
2026-07-09 09:26:47.903 +05:30 [INF] HealthAxis API heartbeat running at "2026-07-09T09:26:47.9032884+05:30"
2026-07-09 09:26:57.916 +05:30 [INF] HealthAxis API heartbeat running at "2026-07-09T09:26:57.9162455+05:30"
2026-07-09 09:27:07.920 +05:30 [INF] HealthAxis API heartbeat running at "2026-07-09T09:27:07.9209312+05:30"
2026-07-09 09:27:17.932 +05:30 [INF] HealthAxis API heartbeat running at "2026-07-09T09:27:17.9320421+05:30"
2026-07-09 09:27:27.934 +05:30 [INF] HealthAxis API heartbeat running at "2026-07-09T09:27:27.9340084+05:30"
2026-07-09 09:27:37.942 +05:30 [INF] HealthAxis API heartbeat running at "2026-07-09T09:27:37.9423368+05:30"
2026-07-09 09:27:47.957 +05:30 [INF] HealthAxis API heartbeat running at "2026-07-09T09:27:47.9570958+05:30"
2026-07-09 09:27:57.968 +05:30 [INF] HealthAxis API heartbeat running at "2026-07-09T09:27:57.9678711+05:30"
2026-07-09 09:28:07.972 +05:30 [INF] HealthAxis API heartbeat running at "2026-07-09T09:28:07.9725521+05:30"
2026-07-09 09:28:17.974 +05:30 [INF] HealthAxis API heartbeat running at "2026-07-09T09:28:17.9747210+05:30"
2026-07-09 09:28:27.990 +05:30 [INF] HealthAxis API heartbeat running at "2026-07-09T09:28:27.9901642+05:30"
2026-07-09 09:28:38.004 +05:30 [INF] HealthAxis API heartbeat running at "2026-07-09T09:28:38.0047698+05:30"
2026-07-09 09:28:48.019 +05:30 [INF] HealthAxis API heartbeat running at "2026-07-09T09:28:48.0197917+05:30"
2026-07-09 09:28:58.025 +05:30 [INF] HealthAxis API heartbeat running at "2026-07-09T09:28:58.0249830+05:30"
2026-07-09 09:29:08.040 +05:30 [INF] HealthAxis API heartbeat running at "2026-07-09T09:29:08.0393165+05:30"
2026-07-09 09:29:18.053 +05:30 [INF] HealthAxis API heartbeat running at "2026-07-09T09:29:18.0537535+05:30"
2026-07-09 09:29:28.066 +05:30 [INF] HealthAxis API heartbeat running at "2026-07-09T09:29:28.0668243+05:30"
2026-07-09 09:29:38.078 +05:30 [INF] HealthAxis API heartbeat running at "2026-07-09T09:29:38.0780197+05:30"
2026-07-09 09:29:48.093 +05:30 [INF] HealthAxis API heartbeat running at "2026-07-09T09:29:48.0929263+05:30"
2026-07-09 09:29:58.100 +05:30 [INF] HealthAxis API heartbeat running at "2026-07-09T09:29:58.1000942+05:30"
2026-07-09 09:30:08.115 +05:30 [INF] HealthAxis API heartbeat running at "2026-07-09T09:30:08.1154767+05:30"
2026-07-09 09:30:18.124 +05:30 [INF] HealthAxis API heartbeat running at "2026-07-09T09:30:18.1241265+05:30"
2026-07-09 09:30:28.136 +05:30 [INF] HealthAxis API heartbeat running at "2026-07-09T09:30:28.1363514+05:30"
2026-07-09 09:30:38.136 +05:30 [INF] HealthAxis API heartbeat running at "2026-07-09T09:30:38.1365652+05:30"
2026-07-09 09:30:48.147 +05:30 [INF] HealthAxis API heartbeat running at "2026-07-09T09:30:48.1469978+05:30"
2026-07-09 09:30:58.164 +05:30 [INF] HealthAxis API heartbeat running at "2026-07-09T09:30:58.1638816+05:30"
2026-07-09 09:31:08.180 +05:30 [INF] HealthAxis API heartbeat running at "2026-07-09T09:31:08.1804533+05:30"
2026-07-09 09:31:18.190 +05:30 [INF] HealthAxis API heartbeat running at "2026-07-09T09:31:18.1901951+05:30"
2026-07-09 09:31:28.196 +05:30 [INF] HealthAxis API heartbeat running at "2026-07-09T09:31:28.1969080+05:30"
2026-07-09 09:31:38.209 +05:30 [INF] HealthAxis API heartbeat running at "2026-07-09T09:31:38.2086699+05:30"
2026-07-09 09:31:48.228 +05:30 [INF] HealthAxis API heartbeat running at "2026-07-09T09:31:48.2285107+05:30"
2026-07-09 09:31:58.236 +05:30 [INF] HealthAxis API heartbeat running at "2026-07-09T09:31:58.2360547+05:30"
2026-07-09 09:32:08.249 +05:30 [INF] HealthAxis API heartbeat running at "2026-07-09T09:32:08.2493571+05:30"
2026-07-09 09:32:18.265 +05:30 [INF] HealthAxis API heartbeat running at "2026-07-09T09:32:18.2654236+05:30"
2026-07-09 09:32:28.269 +05:30 [INF] HealthAxis API heartbeat running at "2026-07-09T09:32:28.2694704+05:30"
2026-07-09 09:32:38.285 +05:30 [INF] HealthAxis API heartbeat running at "2026-07-09T09:32:38.2854254+05:30"
2026-07-09 09:32:48.303 +05:30 [INF] HealthAxis API heartbeat running at "2026-07-09T09:32:48.3032473+05:30"
2026-07-09 09:32:58.306 +05:30 [INF] HealthAxis API heartbeat running at "2026-07-09T09:32:58.3062857+05:30"
2026-07-09 09:33:08.310 +05:30 [INF] HealthAxis API heartbeat running at "2026-07-09T09:33:08.3101731+05:30"
2026-07-09 09:33:18.316 +05:30 [INF] HealthAxis API heartbeat running at "2026-07-09T09:33:18.3166714+05:30"
2026-07-09 09:33:28.326 +05:30 [INF] HealthAxis API heartbeat running at "2026-07-09T09:33:28.3261834+05:30"
2026-07-09 09:33:38.342 +05:30 [INF] HealthAxis API heartbeat running at "2026-07-09T09:33:38.3422453+05:30"
2026-07-09 09:33:48.358 +05:30 [INF] HealthAxis API heartbeat running at "2026-07-09T09:33:48.3589371+05:30"
2026-07-09 09:33:58.362 +05:30 [INF] HealthAxis API heartbeat running at "2026-07-09T09:33:58.3621581+05:30"
2026-07-09 09:34:08.375 +05:30 [INF] HealthAxis API heartbeat running at "2026-07-09T09:34:08.3751965+05:30"
2026-07-09 09:34:18.378 +05:30 [INF] HealthAxis API heartbeat running at "2026-07-09T09:34:18.3779768+05:30"
2026-07-09 09:34:28.395 +05:30 [INF] HealthAxis API heartbeat running at "2026-07-09T09:34:28.3954037+05:30"
2026-07-09 09:34:38.406 +05:30 [INF] HealthAxis API heartbeat running at "2026-07-09T09:34:38.4062995+05:30"
2026-07-09 09:34:48.418 +05:30 [INF] HealthAxis API heartbeat running at "2026-07-09T09:34:48.4185087+05:30"
2026-07-09 09:34:49.335 +05:30 [INF] HTTP OPTIONS /api/auth/login responded 204 in 1.9877 ms
2026-07-09 09:34:50.289 +05:30 [INF] HTTP POST /api/auth/login responded 200 in 946.9922 ms
2026-07-09 09:34:50.307 +05:30 [INF] HTTP OPTIONS /api/patients/me responded 204 in 0.1111 ms
2026-07-09 09:34:50.636 +05:30 [WRN] You do not have a valid license key for the Lucky Penny software AutoMapper. This is allowed for development and testing scenarios. If you are running in production you are required to have a licensed version. Please visit https://luckypennysoftware.com to obtain a valid license.
2026-07-09 09:34:50.734 +05:30 [INF] HTTP GET /api/patients/me responded 200 in 420.4941 ms
2026-07-09 09:34:50.753 +05:30 [INF] HTTP GET /api/patients/me responded 200 in 16.5450 ms
2026-07-09 09:34:50.760 +05:30 [INF] HTTP OPTIONS /api/doctors responded 204 in 0.1037 ms
2026-07-09 09:34:50.760 +05:30 [INF] HTTP OPTIONS /api/appointments responded 204 in 0.0657 ms
2026-07-09 09:34:50.760 +05:30 [INF] HTTP OPTIONS /api/patients/1006/health-records responded 204 in 0.0289 ms
2026-07-09 09:34:50.848 +05:30 [INF] HTTP GET /api/appointments responded 200 in 83.2001 ms
2026-07-09 09:34:50.892 +05:30 [INF] HTTP GET /api/patients/1006/health-records responded 200 in 123.9496 ms
2026-07-09 09:34:51.202 +05:30 [INF] HTTP GET /api/doctors responded 200 in 439.2898 ms
2026-07-09 09:34:58.422 +05:30 [INF] HealthAxis API heartbeat running at "2026-07-09T09:34:58.4226943+05:30"
2026-07-09 09:35:08.435 +05:30 [INF] HealthAxis API heartbeat running at "2026-07-09T09:35:08.4357390+05:30"
2026-07-09 09:35:18.444 +05:30 [INF] HealthAxis API heartbeat running at "2026-07-09T09:35:18.4448030+05:30"
2026-07-09 09:35:28.447 +05:30 [INF] HealthAxis API heartbeat running at "2026-07-09T09:35:28.4479319+05:30"
2026-07-09 09:35:38.459 +05:30 [INF] HealthAxis API heartbeat running at "2026-07-09T09:35:38.4592483+05:30"
2026-07-09 09:35:48.468 +05:30 [INF] HealthAxis API heartbeat running at "2026-07-09T09:35:48.4676552+05:30"
2026-07-09 09:35:58.484 +05:30 [INF] HealthAxis API heartbeat running at "2026-07-09T09:35:58.4839873+05:30"
2026-07-09 09:36:08.495 +05:30 [INF] HealthAxis API heartbeat running at "2026-07-09T09:36:08.4951081+05:30"
2026-07-09 09:36:18.509 +05:30 [INF] HealthAxis API heartbeat running at "2026-07-09T09:36:18.5094375+05:30"
2026-07-09 09:36:28.525 +05:30 [INF] HealthAxis API heartbeat running at "2026-07-09T09:36:28.5251241+05:30"
2026-07-09 09:36:38.529 +05:30 [INF] HealthAxis API heartbeat running at "2026-07-09T09:36:38.5291176+05:30"
2026-07-09 09:36:48.541 +05:30 [INF] HealthAxis API heartbeat running at "2026-07-09T09:36:48.5409900+05:30"
2026-07-09 09:36:58.550 +05:30 [INF] HealthAxis API heartbeat running at "2026-07-09T09:36:58.5503418+05:30"
2026-07-09 09:37:08.561 +05:30 [INF] HealthAxis API heartbeat running at "2026-07-09T09:37:08.5617833+05:30"
2026-07-09 09:37:18.580 +05:30 [INF] HealthAxis API heartbeat running at "2026-07-09T09:37:18.5800323+05:30"
2026-07-09 09:37:28.595 +05:30 [INF] HealthAxis API heartbeat running at "2026-07-09T09:37:28.5954771+05:30"
2026-07-09 09:37:38.605 +05:30 [INF] HealthAxis API heartbeat running at "2026-07-09T09:37:38.6058449+05:30"
2026-07-09 09:37:48.618 +05:30 [INF] HealthAxis API heartbeat running at "2026-07-09T09:37:48.6189623+05:30"
2026-07-09 09:37:58.623 +05:30 [INF] HealthAxis API heartbeat running at "2026-07-09T09:37:58.6231903+05:30"
2026-07-09 09:38:08.643 +05:30 [INF] HealthAxis API heartbeat running at "2026-07-09T09:38:08.6436100+05:30"
2026-07-09 09:38:18.653 +05:30 [INF] HealthAxis API heartbeat running at "2026-07-09T09:38:18.6533307+05:30"
2026-07-09 09:38:28.670 +05:30 [INF] HealthAxis API heartbeat running at "2026-07-09T09:38:28.6706456+05:30"
2026-07-09 09:38:38.682 +05:30 [INF] HealthAxis API heartbeat running at "2026-07-09T09:38:38.6827861+05:30"
2026-07-09 09:38:48.688 +05:30 [INF] HealthAxis API heartbeat running at "2026-07-09T09:38:48.6885280+05:30"
2026-07-09 09:38:58.697 +05:30 [INF] HealthAxis API heartbeat running at "2026-07-09T09:38:58.6975853+05:30"
2026-07-09 09:39:08.706 +05:30 [INF] HealthAxis API heartbeat running at "2026-07-09T09:39:08.7063530+05:30"
2026-07-09 09:39:18.714 +05:30 [INF] HealthAxis API heartbeat running at "2026-07-09T09:39:18.7140664+05:30"
2026-07-09 09:39:28.731 +05:30 [INF] HealthAxis API heartbeat running at "2026-07-09T09:39:28.7311811+05:30"
2026-07-09 09:39:38.734 +05:30 [INF] HealthAxis API heartbeat running at "2026-07-09T09:39:38.7340793+05:30"
2026-07-09 09:39:48.737 +05:30 [INF] HealthAxis API heartbeat running at "2026-07-09T09:39:48.7373144+05:30"
2026-07-09 09:39:58.746 +05:30 [INF] HealthAxis API heartbeat running at "2026-07-09T09:39:58.7465863+05:30"
2026-07-09 09:40:08.756 +05:30 [INF] HealthAxis API heartbeat running at "2026-07-09T09:40:08.7562644+05:30"
2026-07-09 09:40:14.222 +05:30 [INF] HTTP OPTIONS /api/doctors responded 204 in 0.2040 ms
2026-07-09 09:40:14.255 +05:30 [INF] HTTP GET /api/doctors responded 200 in 25.2432 ms
2026-07-09 09:40:18.759 +05:30 [INF] HealthAxis API heartbeat running at "2026-07-09T09:40:18.7593724+05:30"
2026-07-09 09:40:28.768 +05:30 [INF] HealthAxis API heartbeat running at "2026-07-09T09:40:28.7685429+05:30"
2026-07-09 09:40:38.776 +05:30 [INF] HealthAxis API heartbeat running at "2026-07-09T09:40:38.7762259+05:30"
2026-07-09 09:40:48.785 +05:30 [INF] HealthAxis API heartbeat running at "2026-07-09T09:40:48.7854022+05:30"
2026-07-09 09:40:58.791 +05:30 [INF] HealthAxis API heartbeat running at "2026-07-09T09:40:58.7918999+05:30"
2026-07-09 09:41:08.793 +05:30 [INF] HealthAxis API heartbeat running at "2026-07-09T09:41:08.7938148+05:30"
2026-07-09 09:41:18.804 +05:30 [INF] HealthAxis API heartbeat running at "2026-07-09T09:41:18.8045935+05:30"
2026-07-09 09:41:28.818 +05:30 [INF] HealthAxis API heartbeat running at "2026-07-09T09:41:28.8182035+05:30"
2026-07-09 09:41:38.833 +05:30 [INF] HealthAxis API heartbeat running at "2026-07-09T09:41:38.8337245+05:30"
2026-07-09 09:41:48.842 +05:30 [INF] HealthAxis API heartbeat running at "2026-07-09T09:41:48.8427820+05:30"
2026-07-09 09:41:58.847 +05:30 [INF] HealthAxis API heartbeat running at "2026-07-09T09:41:58.8475989+05:30"
2026-07-09 09:42:08.857 +05:30 [INF] HealthAxis API heartbeat running at "2026-07-09T09:42:08.8571885+05:30"
2026-07-09 09:42:18.858 +05:30 [INF] HealthAxis API heartbeat running at "2026-07-09T09:42:18.8587741+05:30"
2026-07-09 09:42:28.863 +05:30 [INF] HealthAxis API heartbeat running at "2026-07-09T09:42:28.8637672+05:30"
2026-07-09 09:42:38.869 +05:30 [INF] HealthAxis API heartbeat running at "2026-07-09T09:42:38.8698822+05:30"
2026-07-09 09:42:48.889 +05:30 [INF] HealthAxis API heartbeat running at "2026-07-09T09:42:48.8899179+05:30"
2026-07-09 09:42:58.902 +05:30 [INF] HealthAxis API heartbeat running at "2026-07-09T09:42:58.9022847+05:30"
2026-07-09 09:43:08.912 +05:30 [INF] HealthAxis API heartbeat running at "2026-07-09T09:43:08.9124281+05:30"
2026-07-09 09:43:18.928 +05:30 [INF] HealthAxis API heartbeat running at "2026-07-09T09:43:18.9279937+05:30"
2026-07-09 09:43:28.936 +05:30 [INF] HealthAxis API heartbeat running at "2026-07-09T09:43:28.9360401+05:30"
2026-07-09 09:43:38.948 +05:30 [INF] HealthAxis API heartbeat running at "2026-07-09T09:43:38.9487307+05:30"
2026-07-09 09:43:48.956 +05:30 [INF] HealthAxis API heartbeat running at "2026-07-09T09:43:48.9569648+05:30"
2026-07-09 09:43:58.961 +05:30 [INF] HealthAxis API heartbeat running at "2026-07-09T09:43:58.9614546+05:30"
2026-07-09 09:44:08.969 +05:30 [INF] HealthAxis API heartbeat running at "2026-07-09T09:44:08.9693258+05:30"
2026-07-09 09:44:18.982 +05:30 [INF] HealthAxis API heartbeat running at "2026-07-09T09:44:18.9824123+05:30"
2026-07-09 09:44:28.986 +05:30 [INF] HealthAxis API heartbeat running at "2026-07-09T09:44:28.9869649+05:30"
2026-07-09 09:44:38.999 +05:30 [INF] HealthAxis API heartbeat running at "2026-07-09T09:44:38.9995658+05:30"
2026-07-09 09:44:49.004 +05:30 [INF] HealthAxis API heartbeat running at "2026-07-09T09:44:49.0041575+05:30"
2026-07-09 09:44:59.013 +05:30 [INF] HealthAxis API heartbeat running at "2026-07-09T09:44:59.0132562+05:30"
2026-07-09 09:45:07.844 +05:30 [INF] HTTP OPTIONS /api/doctors responded 204 in 0.2033 ms
2026-07-09 09:45:07.888 +05:30 [INF] HTTP GET /api/doctors responded 200 in 32.5301 ms
2026-07-09 09:45:09.022 +05:30 [INF] HealthAxis API heartbeat running at "2026-07-09T09:45:09.0227088+05:30"
2026-07-09 09:45:19.029 +05:30 [INF] HealthAxis API heartbeat running at "2026-07-09T09:45:19.0293070+05:30"
2026-07-09 09:45:29.045 +05:30 [INF] HealthAxis API heartbeat running at "2026-07-09T09:45:29.0451057+05:30"
2026-07-09 09:45:39.051 +05:30 [INF] HealthAxis API heartbeat running at "2026-07-09T09:45:39.0513206+05:30"
2026-07-09 09:45:49.061 +05:30 [INF] HealthAxis API heartbeat running at "2026-07-09T09:45:49.0618146+05:30"
2026-07-09 09:45:59.077 +05:30 [INF] HealthAxis API heartbeat running at "2026-07-09T09:45:59.0770773+05:30"
2026-07-09 09:46:09.086 +05:30 [INF] HealthAxis API heartbeat running at "2026-07-09T09:46:09.0863514+05:30"
2026-07-09 09:46:19.100 +05:30 [INF] HealthAxis API heartbeat running at "2026-07-09T09:46:19.1008493+05:30"
2026-07-09 09:46:29.114 +05:30 [INF] HealthAxis API heartbeat running at "2026-07-09T09:46:29.1143003+05:30"
2026-07-09 09:46:39.122 +05:30 [INF] HealthAxis API heartbeat running at "2026-07-09T09:46:39.1226287+05:30"
2026-07-09 09:46:49.126 +05:30 [INF] HealthAxis API heartbeat running at "2026-07-09T09:46:49.1266531+05:30"
2026-07-09 09:46:59.127 +05:30 [INF] HealthAxis API heartbeat running at "2026-07-09T09:46:59.1277340+05:30"
2026-07-09 09:47:09.138 +05:30 [INF] HealthAxis API heartbeat running at "2026-07-09T09:47:09.1383114+05:30"
2026-07-09 09:47:19.142 +05:30 [INF] HealthAxis API heartbeat running at "2026-07-09T09:47:19.1425590+05:30"
2026-07-09 09:47:29.158 +05:30 [INF] HealthAxis API heartbeat running at "2026-07-09T09:47:29.1589725+05:30"
2026-07-09 09:47:39.161 +05:30 [INF] HealthAxis API heartbeat running at "2026-07-09T09:47:39.1611395+05:30"
2026-07-09 09:47:49.176 +05:30 [INF] HealthAxis API heartbeat running at "2026-07-09T09:47:49.1762722+05:30"
2026-07-09 09:47:59.185 +05:30 [INF] HealthAxis API heartbeat running at "2026-07-09T09:47:59.1856485+05:30"
2026-07-09 09:48:09.188 +05:30 [INF] HealthAxis API heartbeat running at "2026-07-09T09:48:09.1882976+05:30"
2026-07-09 09:48:19.192 +05:30 [INF] HealthAxis API heartbeat running at "2026-07-09T09:48:19.1921824+05:30"
2026-07-09 09:48:29.207 +05:30 [INF] HealthAxis API heartbeat running at "2026-07-09T09:48:29.2075009+05:30"
2026-07-09 09:48:39.217 +05:30 [INF] HealthAxis API heartbeat running at "2026-07-09T09:48:39.2170144+05:30"
2026-07-09 09:48:49.223 +05:30 [INF] HealthAxis API heartbeat running at "2026-07-09T09:48:49.2231608+05:30"
2026-07-09 09:48:59.229 +05:30 [INF] HealthAxis API heartbeat running at "2026-07-09T09:48:59.2298580+05:30"
2026-07-09 09:49:09.245 +05:30 [INF] HealthAxis API heartbeat running at "2026-07-09T09:49:09.2454373+05:30"
2026-07-09 09:49:19.257 +05:30 [INF] HealthAxis API heartbeat running at "2026-07-09T09:49:19.2570220+05:30"
2026-07-09 09:49:29.257 +05:30 [INF] HealthAxis API heartbeat running at "2026-07-09T09:49:29.2578749+05:30"
2026-07-09 09:49:39.262 +05:30 [INF] HealthAxis API heartbeat running at "2026-07-09T09:49:39.2622768+05:30"
2026-07-09 09:49:49.266 +05:30 [INF] HealthAxis API heartbeat running at "2026-07-09T09:49:49.2665726+05:30"
2026-07-09 09:49:59.282 +05:30 [INF] HealthAxis API heartbeat running at "2026-07-09T09:49:59.2820305+05:30"
2026-07-09 09:50:09.288 +05:30 [INF] HealthAxis API heartbeat running at "2026-07-09T09:50:09.2888199+05:30"
2026-07-09 09:50:19.297 +05:30 [INF] HealthAxis API heartbeat running at "2026-07-09T09:50:19.2976711+05:30"
2026-07-09 09:50:29.304 +05:30 [INF] HealthAxis API heartbeat running at "2026-07-09T09:50:29.3041818+05:30"
2026-07-09 09:50:39.309 +05:30 [INF] HealthAxis API heartbeat running at "2026-07-09T09:50:39.3093046+05:30"
2026-07-09 09:50:49.316 +05:30 [INF] HealthAxis API heartbeat running at "2026-07-09T09:50:49.3167233+05:30"
2026-07-09 09:50:59.322 +05:30 [INF] HealthAxis API heartbeat running at "2026-07-09T09:50:59.3223868+05:30"
2026-07-09 09:51:09.330 +05:30 [INF] HealthAxis API heartbeat running at "2026-07-09T09:51:09.3303210+05:30"
2026-07-09 09:51:19.341 +05:30 [INF] HealthAxis API heartbeat running at "2026-07-09T09:51:19.3415713+05:30"
2026-07-09 09:51:29.357 +05:30 [INF] HealthAxis API heartbeat running at "2026-07-09T09:51:29.3571372+05:30"
2026-07-09 09:51:39.364 +05:30 [INF] HealthAxis API heartbeat running at "2026-07-09T09:51:39.3643415+05:30"
2026-07-09 09:51:49.380 +05:30 [INF] HealthAxis API heartbeat running at "2026-07-09T09:51:49.3802713+05:30"
2026-07-09 09:51:59.391 +05:30 [INF] HealthAxis API heartbeat running at "2026-07-09T09:51:59.3910589+05:30"
2026-07-09 09:52:09.397 +05:30 [INF] HealthAxis API heartbeat running at "2026-07-09T09:52:09.3978106+05:30"
2026-07-09 09:52:19.414 +05:30 [INF] HealthAxis API heartbeat running at "2026-07-09T09:52:19.4147232+05:30"
2026-07-09 09:52:29.423 +05:30 [INF] HealthAxis API heartbeat running at "2026-07-09T09:52:29.4237984+05:30"
2026-07-09 09:52:39.438 +05:30 [INF] HealthAxis API heartbeat running at "2026-07-09T09:52:39.4384179+05:30"
2026-07-09 09:52:49.447 +05:30 [INF] HealthAxis API heartbeat running at "2026-07-09T09:52:49.4470679+05:30"
2026-07-09 09:52:59.454 +05:30 [INF] HealthAxis API heartbeat running at "2026-07-09T09:52:59.4540198+05:30"
2026-07-09 09:53:09.466 +05:30 [INF] HealthAxis API heartbeat running at "2026-07-09T09:53:09.4668950+05:30"
2026-07-09 09:53:19.483 +05:30 [INF] HealthAxis API heartbeat running at "2026-07-09T09:53:19.4837384+05:30"
2026-07-09 09:53:29.492 +05:30 [INF] HealthAxis API heartbeat running at "2026-07-09T09:53:29.4922213+05:30"
2026-07-09 09:53:39.508 +05:30 [INF] HealthAxis API heartbeat running at "2026-07-09T09:53:39.5083480+05:30"
2026-07-09 09:53:49.518 +05:30 [INF] HealthAxis API heartbeat running at "2026-07-09T09:53:49.5188929+05:30"
2026-07-09 09:53:59.534 +05:30 [INF] HealthAxis API heartbeat running at "2026-07-09T09:53:59.5340905+05:30"
2026-07-09 09:54:09.550 +05:30 [INF] HealthAxis API heartbeat running at "2026-07-09T09:54:09.5508384+05:30"
2026-07-09 09:54:19.562 +05:30 [INF] HealthAxis API heartbeat running at "2026-07-09T09:54:19.5622231+05:30"
2026-07-09 09:54:29.571 +05:30 [INF] HealthAxis API heartbeat running at "2026-07-09T09:54:29.5712545+05:30"
2026-07-09 09:54:39.575 +05:30 [INF] HealthAxis API heartbeat running at "2026-07-09T09:54:39.5756942+05:30"
2026-07-09 09:54:49.588 +05:30 [INF] HealthAxis API heartbeat running at "2026-07-09T09:54:49.5885534+05:30"
2026-07-09 09:54:59.601 +05:30 [INF] HealthAxis API heartbeat running at "2026-07-09T09:54:59.6018093+05:30"
2026-07-09 09:55:09.612 +05:30 [INF] HealthAxis API heartbeat running at "2026-07-09T09:55:09.6126085+05:30"
2026-07-09 09:55:19.624 +05:30 [INF] HealthAxis API heartbeat running at "2026-07-09T09:55:19.6246011+05:30"
2026-07-09 09:55:29.628 +05:30 [INF] HealthAxis API heartbeat running at "2026-07-09T09:55:29.6285867+05:30"
2026-07-09 09:55:39.640 +05:30 [INF] HealthAxis API heartbeat running at "2026-07-09T09:55:39.6403268+05:30"
2026-07-09 09:55:49.647 +05:30 [INF] HealthAxis API heartbeat running at "2026-07-09T09:55:49.6474692+05:30"
2026-07-09 09:55:59.658 +05:30 [INF] HealthAxis API heartbeat running at "2026-07-09T09:55:59.6582202+05:30"
2026-07-09 09:56:09.671 +05:30 [INF] HealthAxis API heartbeat running at "2026-07-09T09:56:09.6712698+05:30"
2026-07-09 09:56:19.681 +05:30 [INF] HealthAxis API heartbeat running at "2026-07-09T09:56:19.6809967+05:30"
2026-07-09 09:56:29.695 +05:30 [INF] HealthAxis API heartbeat running at "2026-07-09T09:56:29.6953355+05:30"
2026-07-09 09:56:39.710 +05:30 [INF] HealthAxis API heartbeat running at "2026-07-09T09:56:39.7109342+05:30"
2026-07-09 09:56:49.715 +05:30 [INF] HealthAxis API heartbeat running at "2026-07-09T09:56:49.7150541+05:30"
2026-07-09 09:56:59.730 +05:30 [INF] HealthAxis API heartbeat running at "2026-07-09T09:56:59.7304301+05:30"
2026-07-09 09:57:09.738 +05:30 [INF] HealthAxis API heartbeat running at "2026-07-09T09:57:09.7387323+05:30"
2026-07-09 09:57:19.752 +05:30 [INF] HealthAxis API heartbeat running at "2026-07-09T09:57:19.7526112+05:30"
2026-07-09 09:57:29.763 +05:30 [INF] HealthAxis API heartbeat running at "2026-07-09T09:57:29.7639686+05:30"
2026-07-09 09:57:39.772 +05:30 [INF] HealthAxis API heartbeat running at "2026-07-09T09:57:39.7723715+05:30"
2026-07-09 09:57:49.783 +05:30 [INF] HealthAxis API heartbeat running at "2026-07-09T09:57:49.7830581+05:30"
2026-07-09 09:57:59.791 +05:30 [INF] HealthAxis API heartbeat running at "2026-07-09T09:57:59.7915102+05:30"
2026-07-09 09:58:09.797 +05:30 [INF] HealthAxis API heartbeat running at "2026-07-09T09:58:09.7978499+05:30"
2026-07-09 09:58:19.804 +05:30 [INF] HealthAxis API heartbeat running at "2026-07-09T09:58:19.8041315+05:30"
2026-07-09 09:58:29.815 +05:30 [INF] HealthAxis API heartbeat running at "2026-07-09T09:58:29.8157158+05:30"
2026-07-09 09:58:39.819 +05:30 [INF] HealthAxis API heartbeat running at "2026-07-09T09:58:39.8197172+05:30"
2026-07-09 09:58:49.823 +05:30 [INF] HealthAxis API heartbeat running at "2026-07-09T09:58:49.8235997+05:30"
2026-07-09 09:58:59.839 +05:30 [INF] HealthAxis API heartbeat running at "2026-07-09T09:58:59.8393849+05:30"
2026-07-09 09:59:09.847 +05:30 [INF] HealthAxis API heartbeat running at "2026-07-09T09:59:09.8475856+05:30"
2026-07-09 09:59:19.856 +05:30 [INF] HealthAxis API heartbeat running at "2026-07-09T09:59:19.8566344+05:30"
2026-07-09 09:59:29.872 +05:30 [INF] HealthAxis API heartbeat running at "2026-07-09T09:59:29.8721934+05:30"
2026-07-09 09:59:39.879 +05:30 [INF] HealthAxis API heartbeat running at "2026-07-09T09:59:39.8790652+05:30"
2026-07-09 09:59:49.880 +05:30 [INF] HealthAxis API heartbeat running at "2026-07-09T09:59:49.8808736+05:30"
2026-07-09 09:59:59.893 +05:30 [INF] HealthAxis API heartbeat running at "2026-07-09T09:59:59.8930984+05:30"
2026-07-09 10:00:09.902 +05:30 [INF] HealthAxis API heartbeat running at "2026-07-09T10:00:09.9024438+05:30"
2026-07-09 10:00:19.913 +05:30 [INF] HealthAxis API heartbeat running at "2026-07-09T10:00:19.9138634+05:30"
2026-07-09 10:00:29.919 +05:30 [INF] HealthAxis API heartbeat running at "2026-07-09T10:00:29.9198709+05:30"
2026-07-09 10:00:39.930 +05:30 [INF] HealthAxis API heartbeat running at "2026-07-09T10:00:39.9303239+05:30"
2026-07-09 10:00:49.934 +05:30 [INF] HealthAxis API heartbeat running at "2026-07-09T10:00:49.9345311+05:30"
2026-07-09 10:00:59.946 +05:30 [INF] HealthAxis API heartbeat running at "2026-07-09T10:00:59.9460580+05:30"
2026-07-09 10:01:09.960 +05:30 [INF] HealthAxis API heartbeat running at "2026-07-09T10:01:09.9606878+05:30"
2026-07-09 10:01:19.977 +05:30 [INF] HealthAxis API heartbeat running at "2026-07-09T10:01:19.9770532+05:30"
2026-07-09 10:01:29.994 +05:30 [INF] HealthAxis API heartbeat running at "2026-07-09T10:01:29.9946097+05:30"
2026-07-09 10:01:40.009 +05:30 [INF] HealthAxis API heartbeat running at "2026-07-09T10:01:40.0090509+05:30"
2026-07-09 10:01:50.013 +05:30 [INF] HealthAxis API heartbeat running at "2026-07-09T10:01:50.0130093+05:30"
2026-07-09 10:02:00.016 +05:30 [INF] HealthAxis API heartbeat running at "2026-07-09T10:02:00.0160755+05:30"
2026-07-09 10:02:10.018 +05:30 [INF] HealthAxis API heartbeat running at "2026-07-09T10:02:10.0180775+05:30"
2026-07-09 10:02:20.021 +05:30 [INF] HealthAxis API heartbeat running at "2026-07-09T10:02:20.0214922+05:30"
2026-07-09 10:02:30.031 +05:30 [INF] HealthAxis API heartbeat running at "2026-07-09T10:02:30.0316359+05:30"
2026-07-09 10:02:40.037 +05:30 [INF] HealthAxis API heartbeat running at "2026-07-09T10:02:40.0374819+05:30"
2026-07-09 10:02:50.048 +05:30 [INF] HealthAxis API heartbeat running at "2026-07-09T10:02:50.0485283+05:30"
2026-07-09 10:03:00.062 +05:30 [INF] HealthAxis API heartbeat running at "2026-07-09T10:03:00.0622873+05:30"
2026-07-09 10:03:10.077 +05:30 [INF] HealthAxis API heartbeat running at "2026-07-09T10:03:10.0772655+05:30"
2026-07-09 10:03:20.091 +05:30 [INF] HealthAxis API heartbeat running at "2026-07-09T10:03:20.0912205+05:30"
2026-07-09 10:03:30.105 +05:30 [INF] HealthAxis API heartbeat running at "2026-07-09T10:03:30.1058737+05:30"
2026-07-09 10:03:40.110 +05:30 [INF] HealthAxis API heartbeat running at "2026-07-09T10:03:40.1105064+05:30"
2026-07-09 10:03:50.117 +05:30 [INF] HealthAxis API heartbeat running at "2026-07-09T10:03:50.1179097+05:30"
2026-07-09 10:04:00.130 +05:30 [INF] HealthAxis API heartbeat running at "2026-07-09T10:04:00.1307887+05:30"
2026-07-09 10:04:10.135 +05:30 [INF] HealthAxis API heartbeat running at "2026-07-09T10:04:10.1351910+05:30"
2026-07-09 10:04:20.147 +05:30 [INF] HealthAxis API heartbeat running at "2026-07-09T10:04:20.1473732+05:30"
2026-07-09 10:04:30.154 +05:30 [INF] HealthAxis API heartbeat running at "2026-07-09T10:04:30.1546663+05:30"
2026-07-09 10:04:40.161 +05:30 [INF] HealthAxis API heartbeat running at "2026-07-09T10:04:40.1610569+05:30"
2026-07-09 10:04:50.169 +05:30 [INF] HealthAxis API heartbeat running at "2026-07-09T10:04:50.1698953+05:30"
2026-07-09 10:05:00.183 +05:30 [INF] HealthAxis API heartbeat running at "2026-07-09T10:05:00.1837402+05:30"
2026-07-09 10:05:10.187 +05:30 [INF] HealthAxis API heartbeat running at "2026-07-09T10:05:10.1877027+05:30"
2026-07-09 10:05:20.194 +05:30 [INF] HealthAxis API heartbeat running at "2026-07-09T10:05:20.1944149+05:30"
2026-07-09 10:05:30.204 +05:30 [INF] HealthAxis API heartbeat running at "2026-07-09T10:05:30.2047597+05:30"
2026-07-09 10:05:40.217 +05:30 [INF] HealthAxis API heartbeat running at "2026-07-09T10:05:40.2174529+05:30"
2026-07-09 10:05:50.228 +05:30 [INF] HealthAxis API heartbeat running at "2026-07-09T10:05:50.2285327+05:30"
2026-07-09 10:06:00.242 +05:30 [INF] HealthAxis API heartbeat running at "2026-07-09T10:06:00.2429048+05:30"
2026-07-09 10:06:10.255 +05:30 [INF] HealthAxis API heartbeat running at "2026-07-09T10:06:10.2551479+05:30"
2026-07-09 10:06:20.267 +05:30 [INF] HealthAxis API heartbeat running at "2026-07-09T10:06:20.2674766+05:30"
2026-07-09 10:06:30.275 +05:30 [INF] HealthAxis API heartbeat running at "2026-07-09T10:06:30.2755987+05:30"
2026-07-09 10:06:40.294 +05:30 [INF] HealthAxis API heartbeat running at "2026-07-09T10:06:40.2940104+05:30"
2026-07-09 10:06:50.300 +05:30 [INF] HealthAxis API heartbeat running at "2026-07-09T10:06:50.3001155+05:30"
2026-07-09 10:07:00.313 +05:30 [INF] HealthAxis API heartbeat running at "2026-07-09T10:07:00.3135412+05:30"
2026-07-09 10:07:10.323 +05:30 [INF] HealthAxis API heartbeat running at "2026-07-09T10:07:10.3234962+05:30"
2026-07-09 10:07:20.333 +05:30 [INF] HealthAxis API heartbeat running at "2026-07-09T10:07:20.3337557+05:30"
2026-07-09 10:07:30.339 +05:30 [INF] HealthAxis API heartbeat running at "2026-07-09T10:07:30.3397309+05:30"
2026-07-09 10:07:40.351 +05:30 [INF] HealthAxis API heartbeat running at "2026-07-09T10:07:40.3510321+05:30"
2026-07-09 10:07:50.362 +05:30 [INF] HealthAxis API heartbeat running at "2026-07-09T10:07:50.3626082+05:30"
2026-07-09 10:08:00.365 +05:30 [INF] HealthAxis API heartbeat running at "2026-07-09T10:08:00.3653509+05:30"
2026-07-09 10:08:10.381 +05:30 [INF] HealthAxis API heartbeat running at "2026-07-09T10:08:10.3813691+05:30"
2026-07-09 10:08:20.387 +05:30 [INF] HealthAxis API heartbeat running at "2026-07-09T10:08:20.3877107+05:30"
2026-07-09 10:08:30.402 +05:30 [INF] HealthAxis API heartbeat running at "2026-07-09T10:08:30.4029057+05:30"
2026-07-09 10:08:40.410 +05:30 [INF] HealthAxis API heartbeat running at "2026-07-09T10:08:40.4100240+05:30"
2026-07-09 10:08:50.423 +05:30 [INF] HealthAxis API heartbeat running at "2026-07-09T10:08:50.4229953+05:30"
2026-07-09 10:09:00.435 +05:30 [INF] HealthAxis API heartbeat running at "2026-07-09T10:09:00.4351007+05:30"
2026-07-09 10:09:10.445 +05:30 [INF] HealthAxis API heartbeat running at "2026-07-09T10:09:10.4452739+05:30"
2026-07-09 10:09:20.451 +05:30 [INF] HealthAxis API heartbeat running at "2026-07-09T10:09:20.4517090+05:30"
2026-07-09 10:09:30.456 +05:30 [INF] HealthAxis API heartbeat running at "2026-07-09T10:09:30.4562043+05:30"
2026-07-09 10:09:40.468 +05:30 [INF] HealthAxis API heartbeat running at "2026-07-09T10:09:40.4684060+05:30"
2026-07-09 10:09:50.474 +05:30 [INF] HealthAxis API heartbeat running at "2026-07-09T10:09:50.4744191+05:30"
2026-07-09 10:10:00.490 +05:30 [INF] HealthAxis API heartbeat running at "2026-07-09T10:10:00.4906291+05:30"
2026-07-09 10:10:10.502 +05:30 [INF] HealthAxis API heartbeat running at "2026-07-09T10:10:10.5028914+05:30"
2026-07-09 10:10:20.509 +05:30 [INF] HealthAxis API heartbeat running at "2026-07-09T10:10:20.5093252+05:30"
2026-07-09 10:10:30.517 +05:30 [INF] HealthAxis API heartbeat running at "2026-07-09T10:10:30.5173433+05:30"
2026-07-09 10:10:40.520 +05:30 [INF] HealthAxis API heartbeat running at "2026-07-09T10:10:40.5200334+05:30"
2026-07-09 10:10:50.536 +05:30 [INF] HealthAxis API heartbeat running at "2026-07-09T10:10:50.5363830+05:30"
2026-07-09 10:11:00.544 +05:30 [INF] HealthAxis API heartbeat running at "2026-07-09T10:11:00.5441983+05:30"
2026-07-09 10:11:10.561 +05:30 [INF] HealthAxis API heartbeat running at "2026-07-09T10:11:10.5612803+05:30"
2026-07-09 10:11:20.576 +05:30 [INF] HealthAxis API heartbeat running at "2026-07-09T10:11:20.5759439+05:30"
2026-07-09 10:11:30.589 +05:30 [INF] HealthAxis API heartbeat running at "2026-07-09T10:11:30.5896107+05:30"
2026-07-09 10:11:40.597 +05:30 [INF] HealthAxis API heartbeat running at "2026-07-09T10:11:40.5978402+05:30"
2026-07-09 10:11:50.602 +05:30 [INF] HealthAxis API heartbeat running at "2026-07-09T10:11:50.6028898+05:30"
2026-07-09 10:12:00.615 +05:30 [INF] HealthAxis API heartbeat running at "2026-07-09T10:12:00.6157066+05:30"
2026-07-09 10:12:10.633 +05:30 [INF] HealthAxis API heartbeat running at "2026-07-09T10:12:10.6337984+05:30"
2026-07-09 10:12:20.649 +05:30 [INF] HealthAxis API heartbeat running at "2026-07-09T10:12:20.6496438+05:30"
2026-07-09 10:12:30.657 +05:30 [INF] HealthAxis API heartbeat running at "2026-07-09T10:12:30.6575102+05:30"
2026-07-09 10:12:40.674 +05:30 [INF] HealthAxis API heartbeat running at "2026-07-09T10:12:40.6743986+05:30"
2026-07-09 10:12:50.688 +05:30 [INF] HealthAxis API heartbeat running at "2026-07-09T10:12:50.6880240+05:30"
2026-07-09 10:13:00.699 +05:30 [INF] HealthAxis API heartbeat running at "2026-07-09T10:13:00.6999241+05:30"
2026-07-09 11:40:07.689 +05:30 [INF] Configured endpoint appointment.events.queue, Consumer: HealthAxis.API.Consumers.AppointmentBookedConsumer
2026-07-09 11:40:07.908 +05:30 [INF] HeartbeatService started.
2026-07-09 11:40:07.909 +05:30 [INF] NotificationCleanupService started.
2026-07-09 11:40:07.911 +05:30 [INF] HealthAxis API heartbeat running at "2026-07-09T11:40:07.9104931+05:30"
2026-07-09 11:40:08.024 +05:30 [INF] No old notifications found for cleanup.
2026-07-09 11:40:08.313 +05:30 [INF] Now listening on: https://localhost:7130
2026-07-09 11:40:08.316 +05:30 [INF] Now listening on: http://localhost:5145
2026-07-09 11:40:08.325 +05:30 [INF] Bus started: "rabbitmq://localhost/"
2026-07-09 11:40:08.552 +05:30 [INF] Application started. Press Ctrl+C to shut down.
2026-07-09 11:40:08.553 +05:30 [INF] Hosting environment: Development
2026-07-09 11:40:08.554 +05:30 [INF] Content root path: C:\Users\310481\source\repos\UST-Live-01\Healthcare.netcore\Healthcare.netcore
2026-07-09 11:40:17.926 +05:30 [INF] HealthAxis API heartbeat running at "2026-07-09T11:40:17.9260255+05:30"
2026-07-09 11:40:27.940 +05:30 [INF] HealthAxis API heartbeat running at "2026-07-09T11:40:27.9396702+05:30"
2026-07-09 11:40:37.947 +05:30 [INF] HealthAxis API heartbeat running at "2026-07-09T11:40:37.9477008+05:30"
2026-07-09 11:40:47.953 +05:30 [INF] HealthAxis API heartbeat running at "2026-07-09T11:40:47.9530796+05:30"
2026-07-09 11:40:51.584 +05:30 [INF] HTTP OPTIONS /api/auth/login responded 204 in 8.3277 ms
2026-07-09 11:40:52.262 +05:30 [INF] HTTP POST /api/auth/login responded 200 in 656.4032 ms
2026-07-09 11:40:52.287 +05:30 [INF] HTTP OPTIONS /api/patients/me responded 204 in 0.7943 ms
2026-07-09 11:40:52.294 +05:30 [INF] HTTP OPTIONS /api/patients/me responded 204 in 0.1046 ms
2026-07-09 11:40:52.669 +05:30 [WRN] You do not have a valid license key for the Lucky Penny software AutoMapper. This is allowed for development and testing scenarios. If you are running in production you are required to have a licensed version. Please visit https://luckypennysoftware.com to obtain a valid license.
2026-07-09 11:40:52.776 +05:30 [INF] HTTP GET /api/patients/me responded 200 in 447.5973 ms
2026-07-09 11:40:52.783 +05:30 [INF] HTTP OPTIONS /api/doctors responded 204 in 0.1996 ms
2026-07-09 11:40:52.783 +05:30 [INF] HTTP OPTIONS /api/patients/1006/health-records responded 204 in 0.0485 ms
2026-07-09 11:40:52.783 +05:30 [INF] HTTP OPTIONS /api/appointments responded 204 in 0.0655 ms
2026-07-09 11:40:52.853 +05:30 [INF] HTTP GET /api/appointments responded 200 in 61.3917 ms
2026-07-09 11:40:52.925 +05:30 [INF] HTTP GET /api/patients/1006/health-records responded 200 in 133.4747 ms
2026-07-09 11:40:52.934 +05:30 [INF] HTTP GET /api/patients/me responded 200 in 640.3451 ms
2026-07-09 11:40:53.013 +05:30 [INF] HTTP GET /api/doctors responded 200 in 224.4894 ms
2026-07-09 11:40:56.350 +05:30 [INF] HTTP OPTIONS /api/doctors responded 204 in 0.2784 ms
2026-07-09 11:40:56.376 +05:30 [INF] HTTP GET /api/doctors responded 200 in 16.4846 ms
2026-07-09 11:40:57.966 +05:30 [INF] HealthAxis API heartbeat running at "2026-07-09T11:40:57.9665854+05:30"
2026-07-09 11:41:07.981 +05:30 [INF] HealthAxis API heartbeat running at "2026-07-09T11:41:07.9818873+05:30"
2026-07-09 11:41:08.571 +05:30 [INF] HTTP OPTIONS /api/doctors/1/availability responded 204 in 0.3027 ms
2026-07-09 11:41:08.572 +05:30 [INF] HTTP OPTIONS /api/doctors/3/availability responded 204 in 0.1391 ms
2026-07-09 11:41:08.572 +05:30 [INF] HTTP OPTIONS /api/doctors/2/availability responded 204 in 0.2310 ms
2026-07-09 11:41:08.572 +05:30 [INF] HTTP OPTIONS /api/doctors/4/availability responded 204 in 0.0387 ms
2026-07-09 11:41:08.573 +05:30 [INF] HTTP OPTIONS /api/doctors/5/availability responded 204 in 0.3748 ms
2026-07-09 11:41:08.575 +05:30 [INF] HTTP OPTIONS /api/doctors/6/availability responded 204 in 0.0593 ms
2026-07-09 11:41:08.575 +05:30 [INF] HTTP OPTIONS /api/doctors/1006/availability responded 204 in 0.0370 ms
2026-07-09 11:41:08.576 +05:30 [INF] HTTP OPTIONS /api/doctors/1008/availability responded 204 in 0.0374 ms
2026-07-09 11:41:08.576 +05:30 [INF] HTTP OPTIONS /api/doctors/1007/availability responded 204 in 0.0733 ms
2026-07-09 11:41:08.579 +05:30 [INF] HTTP OPTIONS /api/doctors/1009/availability responded 204 in 0.1563 ms
2026-07-09 11:41:08.922 +05:30 [INF] Garnet cache MISS for key doctors:1006:availability:2026-07-16
2026-07-09 11:41:08.922 +05:30 [INF] Garnet cache MISS for key doctors:1007:availability:2026-07-16
2026-07-09 11:41:08.922 +05:30 [INF] Garnet cache MISS for key doctors:3:availability:2026-07-16
2026-07-09 11:41:08.922 +05:30 [INF] Garnet cache MISS for key doctors:4:availability:2026-07-16
2026-07-09 11:41:08.922 +05:30 [INF] Garnet cache MISS for key doctors:2:availability:2026-07-16
2026-07-09 11:41:08.922 +05:30 [INF] Garnet cache MISS for key doctors:6:availability:2026-07-16
2026-07-09 11:41:08.922 +05:30 [INF] Garnet cache MISS for key doctors:1008:availability:2026-07-16
2026-07-09 11:41:08.922 +05:30 [INF] Garnet cache MISS for key doctors:5:availability:2026-07-16
2026-07-09 11:41:08.922 +05:30 [INF] Garnet cache MISS for key doctors:1:availability:2026-07-16
2026-07-09 11:41:08.922 +05:30 [INF] Garnet cache MISS for key doctors:1009:availability:2026-07-16
2026-07-09 11:41:08.994 +05:30 [INF] Doctor availability stored in Garnet cache with key doctors:3:availability:2026-07-16 for 5 minutes
2026-07-09 11:41:08.994 +05:30 [INF] Doctor availability stored in Garnet cache with key doctors:2:availability:2026-07-16 for 5 minutes
2026-07-09 11:41:08.996 +05:30 [INF] HTTP GET /api/doctors/3/availability responded 200 in 415.0408 ms
2026-07-09 11:41:08.997 +05:30 [INF] HTTP GET /api/doctors/2/availability responded 200 in 413.6884 ms
2026-07-09 11:41:09.213 +05:30 [INF] Doctor availability stored in Garnet cache with key doctors:1009:availability:2026-07-16 for 5 minutes
2026-07-09 11:41:09.213 +05:30 [INF] Doctor availability stored in Garnet cache with key doctors:1:availability:2026-07-16 for 5 minutes
2026-07-09 11:41:09.216 +05:30 [INF] HTTP GET /api/doctors/1009/availability responded 200 in 608.8321 ms
2026-07-09 11:41:09.217 +05:30 [INF] Doctor availability stored in Garnet cache with key doctors:1007:availability:2026-07-16 for 5 minutes
2026-07-09 11:41:09.217 +05:30 [INF] HTTP GET /api/doctors/1/availability responded 200 in 636.1154 ms
2026-07-09 11:41:09.222 +05:30 [INF] HTTP GET /api/doctors/1007/availability responded 200 in 619.4924 ms
2026-07-09 11:41:09.481 +05:30 [INF] Doctor availability stored in Garnet cache with key doctors:4:availability:2026-07-16 for 5 minutes
2026-07-09 11:41:09.481 +05:30 [INF] Doctor availability stored in Garnet cache with key doctors:1008:availability:2026-07-16 for 5 minutes
2026-07-09 11:41:09.481 +05:30 [INF] Doctor availability stored in Garnet cache with key doctors:1006:availability:2026-07-16 for 5 minutes
2026-07-09 11:41:09.481 +05:30 [INF] Doctor availability stored in Garnet cache with key doctors:6:availability:2026-07-16 for 5 minutes
2026-07-09 11:41:09.483 +05:30 [INF] HTTP GET /api/doctors/4/availability responded 200 in 893.5613 ms
2026-07-09 11:41:09.484 +05:30 [INF] HTTP GET /api/doctors/1008/availability responded 200 in 881.9346 ms
2026-07-09 11:41:09.485 +05:30 [INF] HTTP GET /api/doctors/1006/availability responded 200 in 885.4948 ms
2026-07-09 11:41:09.487 +05:30 [INF] HTTP GET /api/doctors/6/availability responded 200 in 884.5726 ms
2026-07-09 11:41:09.721 +05:30 [INF] Doctor availability stored in Garnet cache with key doctors:5:availability:2026-07-16 for 5 minutes
2026-07-09 11:41:09.723 +05:30 [INF] HTTP GET /api/doctors/5/availability responded 200 in 1128.9134 ms
2026-07-09 11:41:17.997 +05:30 [INF] HealthAxis API heartbeat running at "2026-07-09T11:41:17.9969795+05:30"
2026-07-09 11:41:28.003 +05:30 [INF] HealthAxis API heartbeat running at "2026-07-09T11:41:28.0038657+05:30"
2026-07-09 11:41:28.435 +05:30 [INF] HTTP OPTIONS /api/doctors/6/availability responded 204 in 0.1309 ms
2026-07-09 11:41:28.435 +05:30 [INF] HTTP OPTIONS /api/doctors/3/availability responded 204 in 0.1306 ms
2026-07-09 11:41:28.461 +05:30 [INF] Garnet cache HIT for key doctors:6:availability:2026-07-16
2026-07-09 11:41:28.461 +05:30 [INF] Garnet cache HIT for key doctors:3:availability:2026-07-16
2026-07-09 11:41:28.462 +05:30 [INF] HTTP GET /api/doctors/6/availability responded 200 in 20.8918 ms
2026-07-09 11:41:28.463 +05:30 [INF] HTTP GET /api/doctors/3/availability responded 200 in 20.6344 ms
2026-07-09 11:41:38.011 +05:30 [INF] HealthAxis API heartbeat running at "2026-07-09T11:41:38.0115806+05:30"
2026-07-09 11:41:48.024 +05:30 [INF] HealthAxis API heartbeat running at "2026-07-09T11:41:48.0231784+05:30"
2026-07-09 11:41:58.027 +05:30 [INF] HealthAxis API heartbeat running at "2026-07-09T11:41:58.0270581+05:30"
2026-07-09 11:42:08.039 +05:30 [INF] HealthAxis API heartbeat running at "2026-07-09T11:42:08.0392678+05:30"
2026-07-09 11:42:18.051 +05:30 [INF] HealthAxis API heartbeat running at "2026-07-09T11:42:18.0512267+05:30"
2026-07-09 11:42:28.054 +05:30 [INF] HealthAxis API heartbeat running at "2026-07-09T11:42:28.0533063+05:30"
2026-07-09 11:42:38.070 +05:30 [INF] HealthAxis API heartbeat running at "2026-07-09T11:42:38.0705358+05:30"
2026-07-09 11:42:48.083 +05:30 [INF] HealthAxis API heartbeat running at "2026-07-09T11:42:48.0837989+05:30"
2026-07-09 11:42:58.089 +05:30 [INF] HealthAxis API heartbeat running at "2026-07-09T11:42:58.0892881+05:30"
2026-07-09 11:43:08.095 +05:30 [INF] HealthAxis API heartbeat running at "2026-07-09T11:43:08.0950825+05:30"
2026-07-09 11:43:18.109 +05:30 [INF] HealthAxis API heartbeat running at "2026-07-09T11:43:18.1093904+05:30"
2026-07-09 11:43:28.116 +05:30 [INF] HealthAxis API heartbeat running at "2026-07-09T11:43:28.1164188+05:30"
2026-07-09 11:43:38.124 +05:30 [INF] HealthAxis API heartbeat running at "2026-07-09T11:43:38.1244555+05:30"
2026-07-09 11:43:39.497 +05:30 [INF] HTTP OPTIONS /api/doctors/3/availability responded 204 in 0.0822 ms
2026-07-09 11:43:39.497 +05:30 [INF] HTTP OPTIONS /api/doctors/6/availability responded 204 in 0.0768 ms
2026-07-09 11:43:39.510 +05:30 [INF] Garnet cache MISS for key doctors:3:availability:2026-07-17
2026-07-09 11:43:39.510 +05:30 [INF] Garnet cache MISS for key doctors:6:availability:2026-07-17
2026-07-09 11:43:39.520 +05:30 [INF] Doctor availability stored in Garnet cache with key doctors:3:availability:2026-07-17 for 5 minutes
2026-07-09 11:43:39.520 +05:30 [INF] Doctor availability stored in Garnet cache with key doctors:6:availability:2026-07-17 for 5 minutes
2026-07-09 11:43:39.522 +05:30 [INF] HTTP GET /api/doctors/3/availability responded 200 in 18.0118 ms
2026-07-09 11:43:39.523 +05:30 [INF] HTTP GET /api/doctors/6/availability responded 200 in 17.1876 ms
2026-07-09 11:43:48.143 +05:30 [INF] HealthAxis API heartbeat running at "2026-07-09T11:43:48.1423465+05:30"
2026-07-09 11:43:58.163 +05:30 [INF] HealthAxis API heartbeat running at "2026-07-09T11:43:58.1630817+05:30"
2026-07-09 11:44:08.171 +05:30 [INF] HealthAxis API heartbeat running at "2026-07-09T11:44:08.1711762+05:30"
2026-07-09 11:44:18.175 +05:30 [INF] HealthAxis API heartbeat running at "2026-07-09T11:44:18.1758388+05:30"
2026-07-09 11:44:28.183 +05:30 [INF] HealthAxis API heartbeat running at "2026-07-09T11:44:28.1838002+05:30"
2026-07-09 11:44:38.195 +05:30 [INF] HealthAxis API heartbeat running at "2026-07-09T11:44:38.1952620+05:30"
2026-07-09 11:44:48.202 +05:30 [INF] HealthAxis API heartbeat running at "2026-07-09T11:44:48.2020998+05:30"
2026-07-09 11:44:58.218 +05:30 [INF] HealthAxis API heartbeat running at "2026-07-09T11:44:58.2180516+05:30"
2026-07-09 11:45:08.220 +05:30 [INF] HealthAxis API heartbeat running at "2026-07-09T11:45:08.2203664+05:30"
2026-07-09 11:45:18.227 +05:30 [INF] HealthAxis API heartbeat running at "2026-07-09T11:45:18.2278710+05:30"
2026-07-09 11:45:28.244 +05:30 [INF] HealthAxis API heartbeat running at "2026-07-09T11:45:28.2447771+05:30"
2026-07-09 11:45:38.252 +05:30 [INF] HealthAxis API heartbeat running at "2026-07-09T11:45:38.2527049+05:30"
2026-07-09 11:45:48.268 +05:30 [INF] HealthAxis API heartbeat running at "2026-07-09T11:45:48.2686151+05:30"
2026-07-09 11:45:58.280 +05:30 [INF] HealthAxis API heartbeat running at "2026-07-09T11:45:58.2801249+05:30"
2026-07-09 11:46:08.292 +05:30 [INF] HealthAxis API heartbeat running at "2026-07-09T11:46:08.2920778+05:30"
2026-07-09 11:46:18.301 +05:30 [INF] HealthAxis API heartbeat running at "2026-07-09T11:46:18.3011163+05:30"
2026-07-09 11:46:28.302 +05:30 [INF] HealthAxis API heartbeat running at "2026-07-09T11:46:28.3026461+05:30"
2026-07-09 11:46:38.315 +05:30 [INF] HealthAxis API heartbeat running at "2026-07-09T11:46:38.3156735+05:30"
2026-07-09 11:46:48.332 +05:30 [INF] HealthAxis API heartbeat running at "2026-07-09T11:46:48.3320040+05:30"
2026-07-09 11:46:58.345 +05:30 [INF] HealthAxis API heartbeat running at "2026-07-09T11:46:58.3455983+05:30"
2026-07-09 11:47:08.349 +05:30 [INF] HealthAxis API heartbeat running at "2026-07-09T11:47:08.3493469+05:30"
2026-07-09 11:47:18.360 +05:30 [INF] HealthAxis API heartbeat running at "2026-07-09T11:47:18.3601002+05:30"
2026-07-09 11:47:28.376 +05:30 [INF] HealthAxis API heartbeat running at "2026-07-09T11:47:28.3762521+05:30"
2026-07-09 11:47:38.390 +05:30 [INF] HealthAxis API heartbeat running at "2026-07-09T11:47:38.3905583+05:30"
2026-07-09 11:47:48.395 +05:30 [INF] HealthAxis API heartbeat running at "2026-07-09T11:47:48.3956462+05:30"
2026-07-09 11:47:58.413 +05:30 [INF] HealthAxis API heartbeat running at "2026-07-09T11:47:58.4130379+05:30"
2026-07-09 11:48:08.424 +05:30 [INF] HealthAxis API heartbeat running at "2026-07-09T11:48:08.4247583+05:30"
2026-07-09 11:48:18.425 +05:30 [INF] HealthAxis API heartbeat running at "2026-07-09T11:48:18.4257837+05:30"
2026-07-09 11:48:28.428 +05:30 [INF] HealthAxis API heartbeat running at "2026-07-09T11:48:28.4289170+05:30"
2026-07-09 11:48:38.442 +05:30 [INF] HealthAxis API heartbeat running at "2026-07-09T11:48:38.4422649+05:30"
2026-07-09 11:48:48.448 +05:30 [INF] HealthAxis API heartbeat running at "2026-07-09T11:48:48.4488310+05:30"
2026-07-09 11:48:58.452 +05:30 [INF] HealthAxis API heartbeat running at "2026-07-09T11:48:58.4526608+05:30"
2026-07-09 11:49:08.466 +05:30 [INF] HealthAxis API heartbeat running at "2026-07-09T11:49:08.4668913+05:30"
2026-07-09 11:49:18.472 +05:30 [INF] HealthAxis API heartbeat running at "2026-07-09T11:49:18.4728018+05:30"
2026-07-09 11:49:28.484 +05:30 [INF] HealthAxis API heartbeat running at "2026-07-09T11:49:28.4846075+05:30"
2026-07-09 11:49:38.502 +05:30 [INF] HealthAxis API heartbeat running at "2026-07-09T11:49:38.5020227+05:30"
2026-07-09 11:49:48.449 +05:30 [INF] HTTP OPTIONS /api/doctors/3/availability responded 204 in 0.1193 ms
2026-07-09 11:49:48.449 +05:30 [INF] HTTP OPTIONS /api/doctors/6/availability responded 204 in 0.1169 ms
2026-07-09 11:49:48.459 +05:30 [INF] Garnet cache MISS for key doctors:3:availability:2026-07-16
2026-07-09 11:49:48.460 +05:30 [INF] Garnet cache MISS for key doctors:6:availability:2026-07-16
2026-07-09 11:49:48.516 +05:30 [INF] HealthAxis API heartbeat running at "2026-07-09T11:49:48.5163880+05:30"
2026-07-09 11:49:48.722 +05:30 [INF] Doctor availability stored in Garnet cache with key doctors:3:availability:2026-07-16 for 5 minutes
2026-07-09 11:49:48.724 +05:30 [INF] HTTP GET /api/doctors/3/availability responded 200 in 269.9525 ms
2026-07-09 11:49:48.913 +05:30 [INF] Doctor availability stored in Garnet cache with key doctors:6:availability:2026-07-16 for 5 minutes
2026-07-09 11:49:48.915 +05:30 [INF] HTTP GET /api/doctors/6/availability responded 200 in 459.4526 ms
2026-07-09 11:49:58.529 +05:30 [INF] HealthAxis API heartbeat running at "2026-07-09T11:49:58.5291970+05:30"
2026-07-09 11:50:08.533 +05:30 [INF] HealthAxis API heartbeat running at "2026-07-09T11:50:08.5335719+05:30"
2026-07-09 11:50:18.545 +05:30 [INF] HealthAxis API heartbeat running at "2026-07-09T11:50:18.5455498+05:30"
2026-07-09 11:50:28.550 +05:30 [INF] HealthAxis API heartbeat running at "2026-07-09T11:50:28.5500878+05:30"
2026-07-09 11:50:38.556 +05:30 [INF] HealthAxis API heartbeat running at "2026-07-09T11:50:38.5568795+05:30"
2026-07-09 11:50:48.573 +05:30 [INF] HealthAxis API heartbeat running at "2026-07-09T11:50:48.5733896+05:30"
2026-07-09 11:50:58.589 +05:30 [INF] HealthAxis API heartbeat running at "2026-07-09T11:50:58.5896352+05:30"
2026-07-09 11:51:08.603 +05:30 [INF] HealthAxis API heartbeat running at "2026-07-09T11:51:08.6032881+05:30"
2026-07-09 11:51:18.612 +05:30 [INF] HealthAxis API heartbeat running at "2026-07-09T11:51:18.6128645+05:30"
2026-07-09 11:51:28.613 +05:30 [INF] HealthAxis API heartbeat running at "2026-07-09T11:51:28.6139816+05:30"
2026-07-09 11:51:38.626 +05:30 [INF] HealthAxis API heartbeat running at "2026-07-09T11:51:38.6263641+05:30"
2026-07-09 11:51:48.636 +05:30 [INF] HealthAxis API heartbeat running at "2026-07-09T11:51:48.6362066+05:30"
2026-07-09 11:51:58.636 +05:30 [INF] HealthAxis API heartbeat running at "2026-07-09T11:51:58.6369399+05:30"
2026-07-09 11:52:08.290 +05:30 [INF] HTTP OPTIONS /api/doctors/6/availability responded 204 in 0.0707 ms
2026-07-09 11:52:08.290 +05:30 [INF] HTTP OPTIONS /api/doctors/3/availability responded 204 in 0.0383 ms
2026-07-09 11:52:08.300 +05:30 [INF] Garnet cache HIT for key doctors:6:availability:2026-07-16
2026-07-09 11:52:08.300 +05:30 [INF] Garnet cache HIT for key doctors:3:availability:2026-07-16
2026-07-09 11:52:08.301 +05:30 [INF] HTTP GET /api/doctors/6/availability responded 200 in 4.9468 ms
2026-07-09 11:52:08.302 +05:30 [INF] HTTP GET /api/doctors/3/availability responded 200 in 5.7514 ms
2026-07-09 11:52:08.649 +05:30 [INF] HealthAxis API heartbeat running at "2026-07-09T11:52:08.6491708+05:30"
2026-07-09 11:52:18.656 +05:30 [INF] HealthAxis API heartbeat running at "2026-07-09T11:52:18.6561011+05:30"
2026-07-09 11:52:28.671 +05:30 [INF] HealthAxis API heartbeat running at "2026-07-09T11:52:28.6719004+05:30"
2026-07-09 11:52:38.684 +05:30 [INF] HealthAxis API heartbeat running at "2026-07-09T11:52:38.6848445+05:30"
2026-07-09 11:52:48.701 +05:30 [INF] HealthAxis API heartbeat running at "2026-07-09T11:52:48.7013811+05:30"
2026-07-09 11:52:58.718 +05:30 [INF] HealthAxis API heartbeat running at "2026-07-09T11:52:58.7187097+05:30"
2026-07-09 11:53:08.734 +05:30 [INF] HealthAxis API heartbeat running at "2026-07-09T11:53:08.7341097+05:30"
2026-07-09 11:53:18.748 +05:30 [INF] HealthAxis API heartbeat running at "2026-07-09T11:53:18.7482267+05:30"
2026-07-09 11:53:28.758 +05:30 [INF] HealthAxis API heartbeat running at "2026-07-09T11:53:28.7587252+05:30"
2026-07-09 11:53:38.768 +05:30 [INF] HealthAxis API heartbeat running at "2026-07-09T11:53:38.7681345+05:30"
2026-07-09 11:53:48.772 +05:30 [INF] HealthAxis API heartbeat running at "2026-07-09T11:53:48.7727898+05:30"
2026-07-09 11:53:58.776 +05:30 [INF] HealthAxis API heartbeat running at "2026-07-09T11:53:58.7762351+05:30"
2026-07-09 11:54:08.789 +05:30 [INF] HealthAxis API heartbeat running at "2026-07-09T11:54:08.7890579+05:30"
2026-07-09 11:54:18.791 +05:30 [INF] HealthAxis API heartbeat running at "2026-07-09T11:54:18.7915991+05:30"
2026-07-09 11:54:28.806 +05:30 [INF] HealthAxis API heartbeat running at "2026-07-09T11:54:28.8066573+05:30"
2026-07-09 11:54:38.812 +05:30 [INF] HealthAxis API heartbeat running at "2026-07-09T11:54:38.8128856+05:30"
2026-07-09 11:54:48.825 +05:30 [INF] HealthAxis API heartbeat running at "2026-07-09T11:54:48.8253946+05:30"
2026-07-09 11:54:58.838 +05:30 [INF] HealthAxis API heartbeat running at "2026-07-09T11:54:58.8389019+05:30"
2026-07-09 11:55:08.856 +05:30 [INF] HealthAxis API heartbeat running at "2026-07-09T11:55:08.8563192+05:30"
2026-07-09 11:55:18.865 +05:30 [INF] HealthAxis API heartbeat running at "2026-07-09T11:55:18.8650972+05:30"
2026-07-09 11:55:28.878 +05:30 [INF] HealthAxis API heartbeat running at "2026-07-09T11:55:28.8781828+05:30"
2026-07-09 11:55:38.882 +05:30 [INF] HealthAxis API heartbeat running at "2026-07-09T11:55:38.8821812+05:30"
2026-07-09 11:55:48.898 +05:30 [INF] HealthAxis API heartbeat running at "2026-07-09T11:55:48.8987876+05:30"
2026-07-09 11:55:58.914 +05:30 [INF] HealthAxis API heartbeat running at "2026-07-09T11:55:58.9140106+05:30"
2026-07-09 11:56:08.926 +05:30 [INF] HealthAxis API heartbeat running at "2026-07-09T11:56:08.9268382+05:30"
2026-07-09 11:56:18.943 +05:30 [INF] HealthAxis API heartbeat running at "2026-07-09T11:56:18.9430811+05:30"
2026-07-09 11:56:28.952 +05:30 [INF] HealthAxis API heartbeat running at "2026-07-09T11:56:28.9529024+05:30"
2026-07-09 11:56:38.960 +05:30 [INF] HealthAxis API heartbeat running at "2026-07-09T11:56:38.9608918+05:30"
2026-07-09 11:56:48.971 +05:30 [INF] HealthAxis API heartbeat running at "2026-07-09T11:56:48.9710952+05:30"
2026-07-09 11:56:58.976 +05:30 [INF] HealthAxis API heartbeat running at "2026-07-09T11:56:58.9764090+05:30"
2026-07-09 11:57:08.979 +05:30 [INF] HealthAxis API heartbeat running at "2026-07-09T11:57:08.9793525+05:30"
2026-07-09 11:57:18.989 +05:30 [INF] HealthAxis API heartbeat running at "2026-07-09T11:57:18.9899285+05:30"
2026-07-09 11:57:29.007 +05:30 [INF] HealthAxis API heartbeat running at "2026-07-09T11:57:29.0072329+05:30"
2026-07-09 11:57:39.022 +05:30 [INF] HealthAxis API heartbeat running at "2026-07-09T11:57:39.0220080+05:30"
2026-07-09 11:57:49.036 +05:30 [INF] HealthAxis API heartbeat running at "2026-07-09T11:57:49.0369457+05:30"
2026-07-09 11:57:59.055 +05:30 [INF] HealthAxis API heartbeat running at "2026-07-09T11:57:59.0550908+05:30"
2026-07-09 11:58:09.069 +05:30 [INF] HealthAxis API heartbeat running at "2026-07-09T11:58:09.0696783+05:30"
2026-07-09 11:58:19.076 +05:30 [INF] HealthAxis API heartbeat running at "2026-07-09T11:58:19.0764449+05:30"
2026-07-09 11:58:29.084 +05:30 [INF] HealthAxis API heartbeat running at "2026-07-09T11:58:29.0843644+05:30"
2026-07-09 11:58:39.087 +05:30 [INF] HealthAxis API heartbeat running at "2026-07-09T11:58:39.0874647+05:30"
2026-07-09 11:58:49.092 +05:30 [INF] HealthAxis API heartbeat running at "2026-07-09T11:58:49.0923525+05:30"
2026-07-09 11:58:59.096 +05:30 [INF] HealthAxis API heartbeat running at "2026-07-09T11:58:59.0962336+05:30"
2026-07-09 11:59:09.113 +05:30 [INF] HealthAxis API heartbeat running at "2026-07-09T11:59:09.1136852+05:30"
2026-07-09 11:59:19.120 +05:30 [INF] HealthAxis API heartbeat running at "2026-07-09T11:59:19.1207551+05:30"
2026-07-09 11:59:29.132 +05:30 [INF] HealthAxis API heartbeat running at "2026-07-09T11:59:29.1328746+05:30"
2026-07-09 11:59:39.137 +05:30 [INF] HealthAxis API heartbeat running at "2026-07-09T11:59:39.1369964+05:30"
2026-07-09 11:59:49.151 +05:30 [INF] HealthAxis API heartbeat running at "2026-07-09T11:59:49.1517692+05:30"
2026-07-09 11:59:59.159 +05:30 [INF] HealthAxis API heartbeat running at "2026-07-09T11:59:59.1590047+05:30"
2026-07-09 12:00:09.167 +05:30 [INF] HealthAxis API heartbeat running at "2026-07-09T12:00:09.1672353+05:30"
2026-07-09 12:00:19.195 +05:30 [INF] HealthAxis API heartbeat running at "2026-07-09T12:00:19.1952166+05:30"
2026-07-09 12:00:29.207 +05:30 [INF] HealthAxis API heartbeat running at "2026-07-09T12:00:29.2071794+05:30"
2026-07-09 12:00:39.212 +05:30 [INF] HealthAxis API heartbeat running at "2026-07-09T12:00:39.2124378+05:30"
2026-07-09 12:00:49.218 +05:30 [INF] HealthAxis API heartbeat running at "2026-07-09T12:00:49.2180278+05:30"
2026-07-09 12:00:59.228 +05:30 [INF] HealthAxis API heartbeat running at "2026-07-09T12:00:59.2283435+05:30"
2026-07-09 12:01:09.240 +05:30 [INF] HealthAxis API heartbeat running at "2026-07-09T12:01:09.2404635+05:30"
2026-07-09 12:01:19.243 +05:30 [INF] HealthAxis API heartbeat running at "2026-07-09T12:01:19.2431744+05:30"
2026-07-09 12:01:29.252 +05:30 [INF] HealthAxis API heartbeat running at "2026-07-09T12:01:29.2528576+05:30"
2026-07-09 12:01:39.260 +05:30 [INF] HealthAxis API heartbeat running at "2026-07-09T12:01:39.2603736+05:30"
2026-07-09 12:01:49.263 +05:30 [INF] HealthAxis API heartbeat running at "2026-07-09T12:01:49.2632003+05:30"
2026-07-09 12:01:59.271 +05:30 [INF] HealthAxis API heartbeat running at "2026-07-09T12:01:59.2710355+05:30"
2026-07-09 12:02:09.288 +05:30 [INF] HealthAxis API heartbeat running at "2026-07-09T12:02:09.2888981+05:30"
2026-07-09 12:02:19.298 +05:30 [INF] HealthAxis API heartbeat running at "2026-07-09T12:02:19.2979969+05:30"
2026-07-09 12:02:29.307 +05:30 [INF] HealthAxis API heartbeat running at "2026-07-09T12:02:29.3078278+05:30"
2026-07-09 12:02:39.314 +05:30 [INF] HealthAxis API heartbeat running at "2026-07-09T12:02:39.3147738+05:30"
2026-07-09 12:02:49.323 +05:30 [INF] HealthAxis API heartbeat running at "2026-07-09T12:02:49.3239069+05:30"
2026-07-09 12:02:59.337 +05:30 [INF] HealthAxis API heartbeat running at "2026-07-09T12:02:59.3371500+05:30"
2026-07-09 12:03:09.341 +05:30 [INF] HealthAxis API heartbeat running at "2026-07-09T12:03:09.3411193+05:30"
2026-07-09 12:03:19.345 +05:30 [INF] HealthAxis API heartbeat running at "2026-07-09T12:03:19.3451211+05:30"
2026-07-09 12:03:29.354 +05:30 [INF] HealthAxis API heartbeat running at "2026-07-09T12:03:29.3544000+05:30"
2026-07-09 12:03:39.365 +05:30 [INF] HealthAxis API heartbeat running at "2026-07-09T12:03:39.3656177+05:30"
2026-07-09 12:03:49.369 +05:30 [INF] HealthAxis API heartbeat running at "2026-07-09T12:03:49.3690463+05:30"
2026-07-09 12:03:59.373 +05:30 [INF] HealthAxis API heartbeat running at "2026-07-09T12:03:59.3732200+05:30"
2026-07-09 12:04:09.389 +05:30 [INF] HealthAxis API heartbeat running at "2026-07-09T12:04:09.3889770+05:30"
2026-07-09 12:04:19.400 +05:30 [INF] HealthAxis API heartbeat running at "2026-07-09T12:04:19.4005471+05:30"
2026-07-09 12:04:29.412 +05:30 [INF] HealthAxis API heartbeat running at "2026-07-09T12:04:29.4127143+05:30"
2026-07-09 12:04:39.419 +05:30 [INF] HealthAxis API heartbeat running at "2026-07-09T12:04:39.4196859+05:30"
2026-07-09 12:04:49.431 +05:30 [INF] HealthAxis API heartbeat running at "2026-07-09T12:04:49.4313738+05:30"
2026-07-09 12:04:59.433 +05:30 [INF] HealthAxis API heartbeat running at "2026-07-09T12:04:59.4338078+05:30"
2026-07-09 12:05:09.447 +05:30 [INF] HealthAxis API heartbeat running at "2026-07-09T12:05:09.4475742+05:30"
2026-07-09 12:05:10.307 +05:30 [INF] Application is shutting down...
2026-07-09 12:05:10.359 +05:30 [INF] Bus stopped: "rabbitmq://localhost/"
2026-07-09 12:05:10.362 +05:30 [INF] NotificationCleanupService cancellation requested.
2026-07-09 12:05:10.362 +05:30 [INF] NotificationCleanupService stopped.
2026-07-09 12:05:10.364 +05:30 [INF] HeartbeatService cancellation requested.
2026-07-09 12:05:10.364 +05:30 [INF] HeartbeatService stopped.
2026-07-09 12:49:14.588 +05:30 [INF] Configured endpoint appointment.events.queue, Consumer: HealthAxis.API.Consumers.AppointmentBookedConsumer
2026-07-09 12:49:14.991 +05:30 [INF] HeartbeatService started.
2026-07-09 12:49:14.994 +05:30 [INF] NotificationCleanupService started.
2026-07-09 12:49:14.996 +05:30 [INF] HealthAxis API heartbeat running at "2026-07-09T12:49:14.9951999+05:30"
2026-07-09 12:49:15.261 +05:30 [INF] No old notifications found for cleanup.
2026-07-09 12:49:15.592 +05:30 [INF] Bus started: "rabbitmq://localhost/"
2026-07-09 12:49:15.641 +05:30 [INF] Now listening on: https://localhost:7130
2026-07-09 12:49:15.647 +05:30 [INF] Now listening on: http://localhost:5145
2026-07-09 12:49:16.247 +05:30 [INF] Application started. Press Ctrl+C to shut down.
2026-07-09 12:49:16.252 +05:30 [INF] Hosting environment: Development
2026-07-09 12:49:16.253 +05:30 [INF] Content root path: C:\Users\310481\source\repos\UST-Live-01\Healthcare.netcore\Healthcare.netcore
2026-07-09 12:49:25.011 +05:30 [INF] HealthAxis API heartbeat running at "2026-07-09T12:49:25.0109379+05:30"
2026-07-09 12:49:35.027 +05:30 [INF] HealthAxis API heartbeat running at "2026-07-09T12:49:35.0274210+05:30"
2026-07-09 12:49:45.046 +05:30 [INF] HealthAxis API heartbeat running at "2026-07-09T12:49:45.0464125+05:30"
2026-07-09 12:49:55.058 +05:30 [INF] HealthAxis API heartbeat running at "2026-07-09T12:49:55.0581274+05:30"
2026-07-09 12:50:05.072 +05:30 [INF] HealthAxis API heartbeat running at "2026-07-09T12:50:05.0726422+05:30"
2026-07-09 12:50:06.945 +05:30 [INF] HTTP OPTIONS /api/auth/login responded 204 in 3.4161 ms
2026-07-09 12:50:07.359 +05:30 [INF] HTTP POST /api/auth/login responded 200 in 399.6218 ms
2026-07-09 12:50:07.375 +05:30 [INF] HTTP OPTIONS /api/patients/me responded 204 in 0.7368 ms
2026-07-09 12:50:07.379 +05:30 [INF] HTTP OPTIONS /api/patients/me responded 204 in 0.0791 ms
2026-07-09 12:50:07.573 +05:30 [WRN] You do not have a valid license key for the Lucky Penny software AutoMapper. This is allowed for development and testing scenarios. If you are running in production you are required to have a licensed version. Please visit https://luckypennysoftware.com to obtain a valid license.
2026-07-09 12:50:07.623 +05:30 [INF] HTTP GET /api/patients/me responded 200 in 240.3272 ms
2026-07-09 12:50:07.633 +05:30 [INF] HTTP GET /api/patients/me responded 200 in 7.1784 ms
2026-07-09 12:50:07.638 +05:30 [INF] HTTP OPTIONS /api/doctors responded 204 in 0.1026 ms
2026-07-09 12:50:07.638 +05:30 [INF] HTTP OPTIONS /api/appointments responded 204 in 0.0358 ms
2026-07-09 12:50:07.638 +05:30 [INF] HTTP OPTIONS /api/patients/1006/health-records responded 204 in 0.0518 ms
2026-07-09 12:50:07.699 +05:30 [INF] HTTP GET /api/appointments responded 200 in 54.7898 ms
2026-07-09 12:50:07.719 +05:30 [INF] HTTP GET /api/patients/1006/health-records responded 200 in 73.0521 ms
2026-07-09 12:50:07.975 +05:30 [INF] HTTP GET /api/doctors responded 200 in 332.2754 ms
2026-07-09 12:50:14.269 +05:30 [INF] HTTP OPTIONS /api/doctors responded 204 in 0.3925 ms
2026-07-09 12:50:14.288 +05:30 [INF] HTTP GET /api/doctors responded 200 in 11.6408 ms
2026-07-09 12:50:15.080 +05:30 [INF] HealthAxis API heartbeat running at "2026-07-09T12:50:15.0802543+05:30"
2026-07-09 12:50:25.083 +05:30 [INF] HealthAxis API heartbeat running at "2026-07-09T12:50:25.0836813+05:30"
2026-07-09 12:50:26.354 +05:30 [INF] HTTP OPTIONS /api/doctors/1/availability responded 204 in 0.1214 ms
2026-07-09 12:50:26.355 +05:30 [INF] HTTP OPTIONS /api/doctors/2/availability responded 204 in 0.0923 ms
2026-07-09 12:50:26.355 +05:30 [INF] HTTP OPTIONS /api/doctors/3/availability responded 204 in 0.0673 ms
2026-07-09 12:50:26.355 +05:30 [INF] HTTP OPTIONS /api/doctors/4/availability responded 204 in 0.0417 ms
2026-07-09 12:50:26.357 +05:30 [INF] HTTP OPTIONS /api/doctors/5/availability responded 204 in 0.0446 ms
2026-07-09 12:50:26.358 +05:30 [INF] HTTP OPTIONS /api/doctors/1006/availability responded 204 in 0.0391 ms
2026-07-09 12:50:26.358 +05:30 [INF] HTTP OPTIONS /api/doctors/6/availability responded 204 in 0.0357 ms
2026-07-09 12:50:26.358 +05:30 [INF] HTTP OPTIONS /api/doctors/1007/availability responded 204 in 0.0250 ms
2026-07-09 12:50:26.358 +05:30 [INF] HTTP OPTIONS /api/doctors/1008/availability responded 204 in 0.0225 ms
2026-07-09 12:50:26.360 +05:30 [INF] HTTP OPTIONS /api/doctors/1009/availability responded 204 in 0.0360 ms
2026-07-09 12:50:26.503 +05:30 [INF] Garnet cache MISS for key doctors:6:availability:2026-07-24
2026-07-09 12:50:26.503 +05:30 [INF] Garnet cache MISS for key doctors:1009:availability:2026-07-24
2026-07-09 12:50:26.503 +05:30 [INF] Garnet cache MISS for key doctors:2:availability:2026-07-24
2026-07-09 12:50:26.503 +05:30 [INF] Garnet cache MISS for key doctors:5:availability:2026-07-24
2026-07-09 12:50:26.503 +05:30 [INF] Garnet cache MISS for key doctors:3:availability:2026-07-24
2026-07-09 12:50:26.503 +05:30 [INF] Garnet cache MISS for key doctors:1006:availability:2026-07-24
2026-07-09 12:50:26.503 +05:30 [INF] Garnet cache MISS for key doctors:4:availability:2026-07-24
2026-07-09 12:50:26.503 +05:30 [INF] Garnet cache MISS for key doctors:1007:availability:2026-07-24
2026-07-09 12:50:26.503 +05:30 [INF] Garnet cache MISS for key doctors:1008:availability:2026-07-24
2026-07-09 12:50:26.503 +05:30 [INF] Garnet cache MISS for key doctors:1:availability:2026-07-24
2026-07-09 12:50:26.542 +05:30 [INF] Doctor availability stored in Garnet cache with key doctors:1008:availability:2026-07-24 for 5 minutes
2026-07-09 12:50:26.542 +05:30 [INF] Doctor availability stored in Garnet cache with key doctors:4:availability:2026-07-24 for 5 minutes
2026-07-09 12:50:26.545 +05:30 [INF] HTTP GET /api/doctors/1008/availability responded 200 in 146.2450 ms
2026-07-09 12:50:26.545 +05:30 [INF] HTTP GET /api/doctors/4/availability responded 200 in 178.3895 ms
2026-07-09 12:50:26.758 +05:30 [INF] Doctor availability stored in Garnet cache with key doctors:5:availability:2026-07-24 for 5 minutes
2026-07-09 12:50:26.759 +05:30 [INF] Doctor availability stored in Garnet cache with key doctors:1007:availability:2026-07-24 for 5 minutes
2026-07-09 12:50:26.759 +05:30 [INF] Doctor availability stored in Garnet cache with key doctors:3:availability:2026-07-24 for 5 minutes
2026-07-09 12:50:26.760 +05:30 [INF] HTTP GET /api/doctors/5/availability responded 200 in 390.5190 ms
2026-07-09 12:50:26.761 +05:30 [INF] HTTP GET /api/doctors/1007/availability responded 200 in 383.3246 ms
2026-07-09 12:50:26.762 +05:30 [INF] HTTP GET /api/doctors/3/availability responded 200 in 396.5533 ms
2026-07-09 12:50:26.984 +05:30 [INF] Doctor availability stored in Garnet cache with key doctors:1009:availability:2026-07-24 for 5 minutes
2026-07-09 12:50:26.984 +05:30 [INF] Doctor availability stored in Garnet cache with key doctors:6:availability:2026-07-24 for 5 minutes
2026-07-09 12:50:26.986 +05:30 [INF] HTTP GET /api/doctors/1009/availability responded 200 in 587.6653 ms
2026-07-09 12:50:26.987 +05:30 [INF] Doctor availability stored in Garnet cache with key doctors:1:availability:2026-07-24 for 5 minutes
2026-07-09 12:50:26.988 +05:30 [INF] HTTP GET /api/doctors/6/availability responded 200 in 611.9889 ms
2026-07-09 12:50:26.988 +05:30 [INF] Doctor availability stored in Garnet cache with key doctors:1006:availability:2026-07-24 for 5 minutes
2026-07-09 12:50:26.992 +05:30 [INF] HTTP GET /api/doctors/1/availability responded 200 in 628.1919 ms
2026-07-09 12:50:26.995 +05:30 [INF] HTTP GET /api/doctors/1006/availability responded 200 in 623.1582 ms
2026-07-09 12:50:27.253 +05:30 [INF] Doctor availability stored in Garnet cache with key doctors:2:availability:2026-07-24 for 5 minutes
2026-07-09 12:50:27.255 +05:30 [INF] HTTP GET /api/doctors/2/availability responded 200 in 890.8306 ms
2026-07-09 12:50:35.094 +05:30 [INF] HealthAxis API heartbeat running at "2026-07-09T12:50:35.0942109+05:30"
2026-07-09 12:50:35.255 +05:30 [INF] HTTP OPTIONS /api/doctors/6/availability responded 204 in 0.1356 ms
2026-07-09 12:50:35.255 +05:30 [INF] HTTP OPTIONS /api/doctors/3/availability responded 204 in 0.1356 ms
2026-07-09 12:50:35.269 +05:30 [INF] Garnet cache HIT for key doctors:3:availability:2026-07-24
2026-07-09 12:50:35.269 +05:30 [INF] Garnet cache HIT for key doctors:6:availability:2026-07-24
2026-07-09 12:50:35.271 +05:30 [INF] HTTP GET /api/doctors/3/availability responded 200 in 9.1732 ms
2026-07-09 12:50:35.272 +05:30 [INF] HTTP GET /api/doctors/6/availability responded 200 in 10.1903 ms
2026-07-09 12:50:45.110 +05:30 [INF] HealthAxis API heartbeat running at "2026-07-09T12:50:45.1108090+05:30"
2026-07-09 12:50:55.125 +05:30 [INF] HealthAxis API heartbeat running at "2026-07-09T12:50:55.1250778+05:30"
2026-07-09 12:50:56.862 +05:30 [INF] HTTP OPTIONS /api/appointments responded 204 in 0.0871 ms
2026-07-09 12:50:57.000 +05:30 [INF] Removed Garnet availability cache after appointment change for key doctors:3:availability:2026-07-24
2026-07-09 12:50:57.126 +05:30 [INF] AppointmentBookedEvent published using MassTransit for AppointmentId 39, DoctorId 3
2026-07-09 12:50:57.129 +05:30 [INF] HTTP POST /api/appointments responded 200 in 261.7415 ms
2026-07-09 12:50:57.144 +05:30 [INF] ===============================
APPOINTMENT EVENT RECEIVED
===============================
Event Type  : AppointmentBooked
Appointment : 39
Patient     : Raju
Doctor      : 3
Date        : 24-Jul-2026
Time Slot   : 09:00
Occurred At : 09-Jul-2026 07:20:57
===============================
2026-07-09 12:50:57.162 +05:30 [INF] Notification created for DoctorId 3 for AppointmentId 39
2026-07-09 12:51:00.215 +05:30 [INF] HTTP OPTIONS /api/doctors responded 204 in 0.0384 ms
2026-07-09 12:51:00.215 +05:30 [INF] HTTP OPTIONS /api/health-records/patient/1006 responded 204 in 0.0640 ms
2026-07-09 12:51:00.227 +05:30 [INF] HTTP GET /api/appointments responded 200 in 12.1849 ms
2026-07-09 12:51:00.240 +05:30 [INF] HTTP GET /api/doctors responded 200 in 17.5557 ms
2026-07-09 12:51:00.253 +05:30 [INF] HTTP GET /api/health-records/patient/1006 responded 200 in 30.3829 ms
2026-07-09 12:51:03.803 +05:30 [INF] HTTP GET /api/doctors responded 200 in 5.7801 ms
2026-07-09 12:51:05.131 +05:30 [INF] HealthAxis API heartbeat running at "2026-07-09T12:51:05.1314884+05:30"
2026-07-09 12:51:15.142 +05:30 [INF] HealthAxis API heartbeat running at "2026-07-09T12:51:15.1419378+05:30"
2026-07-09 12:51:25.152 +05:30 [INF] HealthAxis API heartbeat running at "2026-07-09T12:51:25.1520896+05:30"
2026-07-09 12:51:27.493 +05:30 [INF] HTTP OPTIONS /api/doctors/1/availability responded 204 in 0.0709 ms
2026-07-09 12:51:27.493 +05:30 [INF] HTTP OPTIONS /api/doctors/3/availability responded 204 in 0.0298 ms
2026-07-09 12:51:27.497 +05:30 [INF] HTTP OPTIONS /api/doctors/1008/availability responded 204 in 0.0161 ms
2026-07-09 12:51:27.496 +05:30 [INF] HTTP OPTIONS /api/doctors/4/availability responded 204 in 0.1472 ms
2026-07-09 12:51:27.496 +05:30 [INF] HTTP OPTIONS /api/doctors/6/availability responded 204 in 0.0169 ms
2026-07-09 12:51:27.507 +05:30 [INF] Garnet cache HIT for key doctors:1:availability:2026-07-24
2026-07-09 12:51:27.496 +05:30 [INF] HTTP OPTIONS /api/doctors/1006/availability responded 204 in 0.0160 ms
2026-07-09 12:51:27.493 +05:30 [INF] HTTP OPTIONS /api/doctors/2/availability responded 204 in 0.0284 ms
2026-07-09 12:51:27.497 +05:30 [INF] HTTP OPTIONS /api/doctors/1007/availability responded 204 in 0.0360 ms
2026-07-09 12:51:27.497 +05:30 [INF] HTTP OPTIONS /api/doctors/1009/availability responded 204 in 0.0171 ms
2026-07-09 12:51:27.496 +05:30 [INF] HTTP OPTIONS /api/doctors/5/availability responded 204 in 0.0376 ms
2026-07-09 12:51:27.508 +05:30 [INF] Garnet cache MISS for key doctors:3:availability:2026-07-24
2026-07-09 12:51:27.508 +05:30 [INF] Garnet cache HIT for key doctors:1008:availability:2026-07-24
2026-07-09 12:51:27.511 +05:30 [INF] HTTP GET /api/doctors/1/availability responded 200 in 7.3763 ms
2026-07-09 12:51:27.512 +05:30 [INF] Garnet cache HIT for key doctors:4:availability:2026-07-24
2026-07-09 12:51:27.516 +05:30 [INF] Garnet cache HIT for key doctors:6:availability:2026-07-24
2026-07-09 12:51:27.521 +05:30 [INF] Garnet cache HIT for key doctors:1006:availability:2026-07-24
2026-07-09 12:51:27.524 +05:30 [INF] HTTP GET /api/doctors/1008/availability responded 200 in 18.6846 ms
2026-07-09 12:51:27.524 +05:30 [INF] Garnet cache HIT for key doctors:2:availability:2026-07-24
2026-07-09 12:51:27.524 +05:30 [INF] Garnet cache HIT for key doctors:1007:availability:2026-07-24
2026-07-09 12:51:27.527 +05:30 [INF] Garnet cache HIT for key doctors:1009:availability:2026-07-24
2026-07-09 12:51:27.527 +05:30 [INF] HTTP GET /api/doctors/4/availability responded 200 in 21.2841 ms
2026-07-09 12:51:27.528 +05:30 [INF] HTTP GET /api/doctors/6/availability responded 200 in 13.9560 ms
2026-07-09 12:51:27.529 +05:30 [INF] HTTP GET /api/doctors/1006/availability responded 200 in 10.4255 ms
2026-07-09 12:51:27.532 +05:30 [INF] HTTP GET /api/doctors/2/availability responded 200 in 13.2278 ms
2026-07-09 12:51:27.534 +05:30 [INF] HTTP GET /api/doctors/1007/availability responded 200 in 11.8173 ms
2026-07-09 12:51:27.536 +05:30 [INF] Garnet cache HIT for key doctors:5:availability:2026-07-24
2026-07-09 12:51:27.536 +05:30 [INF] HTTP GET /api/doctors/1009/availability responded 200 in 12.9755 ms
2026-07-09 12:51:27.546 +05:30 [INF] Doctor availability stored in Garnet cache with key doctors:3:availability:2026-07-24 for 5 minutes
2026-07-09 12:51:27.550 +05:30 [INF] HTTP GET /api/doctors/5/availability responded 200 in 17.7692 ms
2026-07-09 12:51:27.553 +05:30 [INF] HTTP GET /api/doctors/3/availability responded 200 in 49.6162 ms
2026-07-09 12:51:30.437 +05:30 [INF] Garnet cache HIT for key doctors:3:availability:2026-07-24
2026-07-09 12:51:30.437 +05:30 [INF] Garnet cache HIT for key doctors:6:availability:2026-07-24
2026-07-09 12:51:30.440 +05:30 [INF] HTTP GET /api/doctors/3/availability responded 200 in 5.7988 ms
2026-07-09 12:51:30.441 +05:30 [INF] HTTP GET /api/doctors/6/availability responded 200 in 6.0795 ms
2026-07-09 12:51:35.154 +05:30 [INF] HealthAxis API heartbeat running at "2026-07-09T12:51:35.1543955+05:30"
2026-07-09 12:51:45.159 +05:30 [INF] HealthAxis API heartbeat running at "2026-07-09T12:51:45.1590690+05:30"
2026-07-09 12:51:55.174 +05:30 [INF] HealthAxis API heartbeat running at "2026-07-09T12:51:55.1740406+05:30"
2026-07-09 12:52:05.176 +05:30 [INF] HealthAxis API heartbeat running at "2026-07-09T12:52:05.1768432+05:30"
2026-07-09 12:52:15.189 +05:30 [INF] HealthAxis API heartbeat running at "2026-07-09T12:52:15.1893792+05:30"
2026-07-09 12:52:25.199 +05:30 [INF] HealthAxis API heartbeat running at "2026-07-09T12:52:25.1998643+05:30"
2026-07-09 12:52:35.204 +05:30 [INF] HealthAxis API heartbeat running at "2026-07-09T12:52:35.2034227+05:30"
2026-07-09 12:52:45.210 +05:30 [INF] HealthAxis API heartbeat running at "2026-07-09T12:52:45.2103830+05:30"
2026-07-09 12:52:55.217 +05:30 [INF] HealthAxis API heartbeat running at "2026-07-09T12:52:55.2170124+05:30"
2026-07-09 12:53:05.234 +05:30 [INF] HealthAxis API heartbeat running at "2026-07-09T12:53:05.2343433+05:30"
2026-07-09 12:53:15.245 +05:30 [INF] HealthAxis API heartbeat running at "2026-07-09T12:53:15.2458911+05:30"
2026-07-09 12:53:25.250 +05:30 [INF] HealthAxis API heartbeat running at "2026-07-09T12:53:25.2509553+05:30"
2026-07-09 12:53:35.255 +05:30 [INF] HealthAxis API heartbeat running at "2026-07-09T12:53:35.2558965+05:30"
2026-07-09 12:53:45.272 +05:30 [INF] HealthAxis API heartbeat running at "2026-07-09T12:53:45.2720115+05:30"
2026-07-09 12:53:55.283 +05:30 [INF] HealthAxis API heartbeat running at "2026-07-09T12:53:55.2839472+05:30"
2026-07-09 12:54:05.294 +05:30 [INF] HealthAxis API heartbeat running at "2026-07-09T12:54:05.2945903+05:30"
2026-07-09 12:54:15.299 +05:30 [INF] HealthAxis API heartbeat running at "2026-07-09T12:54:15.2990713+05:30"
2026-07-09 12:54:25.302 +05:30 [INF] HealthAxis API heartbeat running at "2026-07-09T12:54:25.3023607+05:30"
2026-07-09 12:54:35.305 +05:30 [INF] HealthAxis API heartbeat running at "2026-07-09T12:54:35.3054375+05:30"
2026-07-09 12:54:45.309 +05:30 [INF] HealthAxis API heartbeat running at "2026-07-09T12:54:45.3099338+05:30"
2026-07-09 12:54:55.320 +05:30 [INF] HealthAxis API heartbeat running at "2026-07-09T12:54:55.3205651+05:30"
2026-07-09 12:55:05.324 +05:30 [INF] HealthAxis API heartbeat running at "2026-07-09T12:55:05.3241522+05:30"
2026-07-09 12:55:15.331 +05:30 [INF] HealthAxis API heartbeat running at "2026-07-09T12:55:15.3317464+05:30"
2026-07-09 12:55:25.349 +05:30 [INF] HealthAxis API heartbeat running at "2026-07-09T12:55:25.3490808+05:30"
2026-07-09 12:55:35.367 +05:30 [INF] HealthAxis API heartbeat running at "2026-07-09T12:55:35.3675139+05:30"
2026-07-09 12:55:45.377 +05:30 [INF] HealthAxis API heartbeat running at "2026-07-09T12:55:45.3772061+05:30"
2026-07-09 12:55:55.384 +05:30 [INF] HealthAxis API heartbeat running at "2026-07-09T12:55:55.3847737+05:30"
2026-07-09 12:56:05.397 +05:30 [INF] HealthAxis API heartbeat running at "2026-07-09T12:56:05.3971617+05:30"
2026-07-09 12:56:15.405 +05:30 [INF] HealthAxis API heartbeat running at "2026-07-09T12:56:15.4053643+05:30"
2026-07-09 12:56:25.422 +05:30 [INF] HealthAxis API heartbeat running at "2026-07-09T12:56:25.4227817+05:30"
2026-07-09 12:56:35.424 +05:30 [INF] HealthAxis API heartbeat running at "2026-07-09T12:56:35.4245619+05:30"
2026-07-09 12:56:45.440 +05:30 [INF] HealthAxis API heartbeat running at "2026-07-09T12:56:45.4405594+05:30"
2026-07-09 12:56:55.453 +05:30 [INF] HealthAxis API heartbeat running at "2026-07-09T12:56:55.4535600+05:30"
2026-07-09 12:57:05.467 +05:30 [INF] HealthAxis API heartbeat running at "2026-07-09T12:57:05.4670021+05:30"
2026-07-09 12:57:15.473 +05:30 [INF] HealthAxis API heartbeat running at "2026-07-09T12:57:15.4734889+05:30"
2026-07-09 12:57:25.478 +05:30 [INF] HealthAxis API heartbeat running at "2026-07-09T12:57:25.4781889+05:30"
2026-07-09 12:57:35.494 +05:30 [INF] HealthAxis API heartbeat running at "2026-07-09T12:57:35.4949081+05:30"
2026-07-09 12:57:45.505 +05:30 [INF] HealthAxis API heartbeat running at "2026-07-09T12:57:45.5052774+05:30"
2026-07-09 12:57:55.519 +05:30 [INF] HealthAxis API heartbeat running at "2026-07-09T12:57:55.5199138+05:30"
2026-07-09 12:58:05.540 +05:30 [INF] HealthAxis API heartbeat running at "2026-07-09T12:58:05.5401163+05:30"
2026-07-09 12:58:15.550 +05:30 [INF] HealthAxis API heartbeat running at "2026-07-09T12:58:15.5509401+05:30"
2026-07-09 12:58:25.555 +05:30 [INF] HealthAxis API heartbeat running at "2026-07-09T12:58:25.5557954+05:30"
2026-07-09 12:58:35.573 +05:30 [INF] HealthAxis API heartbeat running at "2026-07-09T12:58:35.5731678+05:30"
2026-07-09 12:58:45.584 +05:30 [INF] HealthAxis API heartbeat running at "2026-07-09T12:58:45.5848075+05:30"
2026-07-09 12:58:55.599 +05:30 [INF] HealthAxis API heartbeat running at "2026-07-09T12:58:55.5992074+05:30"
2026-07-09 12:59:05.612 +05:30 [INF] HealthAxis API heartbeat running at "2026-07-09T12:59:05.6128287+05:30"
2026-07-09 12:59:15.619 +05:30 [INF] HealthAxis API heartbeat running at "2026-07-09T12:59:15.6187617+05:30"
2026-07-09 12:59:25.631 +05:30 [INF] HealthAxis API heartbeat running at "2026-07-09T12:59:25.6316690+05:30"
2026-07-09 12:59:35.645 +05:30 [INF] HealthAxis API heartbeat running at "2026-07-09T12:59:35.6455007+05:30"
2026-07-09 12:59:45.648 +05:30 [INF] HealthAxis API heartbeat running at "2026-07-09T12:59:45.6484440+05:30"
2026-07-09 12:59:55.652 +05:30 [INF] HealthAxis API heartbeat running at "2026-07-09T12:59:55.6521407+05:30"
2026-07-09 13:00:05.664 +05:30 [INF] HealthAxis API heartbeat running at "2026-07-09T13:00:05.6647104+05:30"
2026-07-09 13:00:15.669 +05:30 [INF] HealthAxis API heartbeat running at "2026-07-09T13:00:15.6691220+05:30"
2026-07-09 13:00:25.686 +05:30 [INF] HealthAxis API heartbeat running at "2026-07-09T13:00:25.6866438+05:30"
2026-07-09 13:00:35.695 +05:30 [INF] HealthAxis API heartbeat running at "2026-07-09T13:00:35.6958013+05:30"
2026-07-09 13:00:45.702 +05:30 [INF] HealthAxis API heartbeat running at "2026-07-09T13:00:45.7020321+05:30"
2026-07-09 13:00:55.708 +05:30 [INF] HealthAxis API heartbeat running at "2026-07-09T13:00:55.7086534+05:30"
2026-07-09 13:01:05.717 +05:30 [INF] HealthAxis API heartbeat running at "2026-07-09T13:01:05.7169889+05:30"
2026-07-09 13:01:15.722 +05:30 [INF] HealthAxis API heartbeat running at "2026-07-09T13:01:15.7220745+05:30"
2026-07-09 13:01:25.733 +05:30 [INF] HealthAxis API heartbeat running at "2026-07-09T13:01:25.7333591+05:30"
2026-07-09 13:01:35.748 +05:30 [INF] HealthAxis API heartbeat running at "2026-07-09T13:01:35.7487704+05:30"
2026-07-09 13:01:45.755 +05:30 [INF] HealthAxis API heartbeat running at "2026-07-09T13:01:45.7555089+05:30"
2026-07-09 13:01:55.764 +05:30 [INF] HealthAxis API heartbeat running at "2026-07-09T13:01:55.7640399+05:30"
2026-07-09 13:02:05.772 +05:30 [INF] HealthAxis API heartbeat running at "2026-07-09T13:02:05.7726498+05:30"
2026-07-09 13:02:15.789 +05:30 [INF] HealthAxis API heartbeat running at "2026-07-09T13:02:15.7891220+05:30"
2026-07-09 13:02:25.799 +05:30 [INF] HealthAxis API heartbeat running at "2026-07-09T13:02:25.7998598+05:30"
2026-07-09 13:02:35.805 +05:30 [INF] HealthAxis API heartbeat running at "2026-07-09T13:02:35.8056078+05:30"
2026-07-09 13:02:45.815 +05:30 [INF] HealthAxis API heartbeat running at "2026-07-09T13:02:45.8154413+05:30"
2026-07-09 13:02:55.817 +05:30 [INF] HealthAxis API heartbeat running at "2026-07-09T13:02:55.8174896+05:30"
2026-07-09 13:03:05.824 +05:30 [INF] HealthAxis API heartbeat running at "2026-07-09T13:03:05.8244386+05:30"
2026-07-09 13:03:15.840 +05:30 [INF] HealthAxis API heartbeat running at "2026-07-09T13:03:15.8407016+05:30"
2026-07-09 13:03:25.858 +05:30 [INF] HealthAxis API heartbeat running at "2026-07-09T13:03:25.8587030+05:30"
2026-07-09 13:03:35.871 +05:30 [INF] HealthAxis API heartbeat running at "2026-07-09T13:03:35.8710209+05:30"
2026-07-09 13:03:45.883 +05:30 [INF] HealthAxis API heartbeat running at "2026-07-09T13:03:45.8834952+05:30"
2026-07-09 13:03:55.892 +05:30 [INF] HealthAxis API heartbeat running at "2026-07-09T13:03:55.8924286+05:30"
2026-07-09 14:52:37.373 +05:30 [INF] Configured endpoint appointment.events.queue, Consumer: HealthAxis.API.Consumers.AppointmentBookedConsumer
2026-07-09 14:52:37.578 +05:30 [INF] HeartbeatService started.
2026-07-09 14:52:37.579 +05:30 [INF] NotificationCleanupService started.
2026-07-09 14:52:37.581 +05:30 [INF] HealthAxis API heartbeat running at "2026-07-09T14:52:37.5808834+05:30"
2026-07-09 14:52:37.681 +05:30 [INF] No old notifications found for cleanup.
2026-07-09 14:52:37.857 +05:30 [INF] Now listening on: https://localhost:7130
2026-07-09 14:52:37.860 +05:30 [INF] Now listening on: http://localhost:5145
2026-07-09 14:52:37.907 +05:30 [INF] Bus started: "rabbitmq://localhost/"
2026-07-09 14:52:38.173 +05:30 [INF] Application started. Press Ctrl+C to shut down.
2026-07-09 14:52:38.175 +05:30 [INF] Hosting environment: Development
2026-07-09 14:52:38.176 +05:30 [INF] Content root path: C:\Users\310481\source\repos\UST-Live-01\Healthcare.netcore\Healthcare.netcore
2026-07-09 14:52:47.601 +05:30 [INF] HealthAxis API heartbeat running at "2026-07-09T14:52:47.6009866+05:30"
2026-07-09 14:52:57.618 +05:30 [INF] HealthAxis API heartbeat running at "2026-07-09T14:52:57.6178710+05:30"
2026-07-09 14:53:07.632 +05:30 [INF] HealthAxis API heartbeat running at "2026-07-09T14:53:07.6320793+05:30"
2026-07-09 14:53:17.636 +05:30 [INF] HealthAxis API heartbeat running at "2026-07-09T14:53:17.6367598+05:30"
2026-07-09 14:53:22.835 +05:30 [INF] HTTP OPTIONS /api/auth/login responded 204 in 3.7075 ms
2026-07-09 14:53:23.236 +05:30 [INF] HTTP POST /api/auth/login responded 200 in 387.7098 ms
2026-07-09 14:53:23.253 +05:30 [INF] HTTP OPTIONS /api/patients/me responded 204 in 0.7150 ms
2026-07-09 14:53:23.258 +05:30 [INF] HTTP OPTIONS /api/patients/me responded 204 in 0.1790 ms
2026-07-09 14:53:23.501 +05:30 [WRN] You do not have a valid license key for the Lucky Penny software AutoMapper. This is allowed for development and testing scenarios. If you are running in production you are required to have a licensed version. Please visit https://luckypennysoftware.com to obtain a valid license.
2026-07-09 14:53:23.566 +05:30 [INF] HTTP GET /api/patients/me responded 200 in 305.6115 ms
2026-07-09 14:53:23.577 +05:30 [INF] HTTP GET /api/patients/me responded 200 in 8.2378 ms
2026-07-09 14:53:23.582 +05:30 [INF] HTTP OPTIONS /api/patients/1006/health-records responded 204 in 0.0583 ms
2026-07-09 14:53:23.582 +05:30 [INF] HTTP OPTIONS /api/appointments responded 204 in 0.0582 ms
2026-07-09 14:53:23.582 +05:30 [INF] HTTP OPTIONS /api/doctors responded 204 in 0.0582 ms
2026-07-09 14:53:23.640 +05:30 [INF] HTTP GET /api/appointments responded 200 in 52.7518 ms
2026-07-09 14:53:23.654 +05:30 [INF] HTTP GET /api/patients/1006/health-records responded 200 in 68.0655 ms
2026-07-09 14:53:23.868 +05:30 [INF] HTTP GET /api/doctors responded 200 in 279.0829 ms
2026-07-09 14:53:27.649 +05:30 [INF] HealthAxis API heartbeat running at "2026-07-09T14:53:27.6488675+05:30"
2026-07-09 14:53:30.611 +05:30 [INF] HTTP OPTIONS /api/doctors responded 204 in 0.3000 ms
2026-07-09 14:53:30.625 +05:30 [INF] HTTP GET /api/doctors responded 200 in 9.2662 ms
2026-07-09 14:53:37.657 +05:30 [INF] HealthAxis API heartbeat running at "2026-07-09T14:53:37.6570825+05:30"
2026-07-09 14:53:38.919 +05:30 [INF] HTTP OPTIONS /api/doctors/2/availability responded 204 in 0.1812 ms
2026-07-09 14:53:38.919 +05:30 [INF] HTTP OPTIONS /api/doctors/1/availability responded 204 in 0.1306 ms
2026-07-09 14:53:38.919 +05:30 [INF] HTTP OPTIONS /api/doctors/3/availability responded 204 in 0.0553 ms
2026-07-09 14:53:38.920 +05:30 [INF] HTTP OPTIONS /api/doctors/5/availability responded 204 in 0.0461 ms
2026-07-09 14:53:38.920 +05:30 [INF] HTTP OPTIONS /api/doctors/4/availability responded 204 in 0.0684 ms
2026-07-09 14:53:38.923 +05:30 [INF] HTTP OPTIONS /api/doctors/6/availability responded 204 in 0.0599 ms
2026-07-09 14:53:38.923 +05:30 [INF] HTTP OPTIONS /api/doctors/1006/availability responded 204 in 0.0658 ms
2026-07-09 14:53:38.923 +05:30 [INF] HTTP OPTIONS /api/doctors/1008/availability responded 204 in 0.0410 ms
2026-07-09 14:53:38.923 +05:30 [INF] HTTP OPTIONS /api/doctors/1007/availability responded 204 in 0.0383 ms
2026-07-09 14:53:38.924 +05:30 [INF] HTTP OPTIONS /api/doctors/1009/availability responded 204 in 0.0629 ms
2026-07-09 14:53:39.069 +05:30 [INF] 
========================================
CACHE MISS - DOCTOR AVAILABILITY
========================================
Doctor Id : 6
Date      : 2026-07-26
Key       : doctors:6:availability:2026-07-26
Source    : SQL Server Required
========================================
2026-07-09 14:53:39.069 +05:30 [INF] 
========================================
CACHE MISS - DOCTOR AVAILABILITY
========================================
Doctor Id : 1
Date      : 2026-07-26
Key       : doctors:1:availability:2026-07-26
Source    : SQL Server Required
========================================
2026-07-09 14:53:39.069 +05:30 [INF] 
========================================
CACHE MISS - DOCTOR AVAILABILITY
========================================
Doctor Id : 3
Date      : 2026-07-26
Key       : doctors:3:availability:2026-07-26
Source    : SQL Server Required
========================================
2026-07-09 14:53:39.069 +05:30 [INF] 
========================================
CACHE MISS - DOCTOR AVAILABILITY
========================================
Doctor Id : 5
Date      : 2026-07-26
Key       : doctors:5:availability:2026-07-26
Source    : SQL Server Required
========================================
2026-07-09 14:53:39.069 +05:30 [INF] 
========================================
CACHE MISS - DOCTOR AVAILABILITY
========================================
Doctor Id : 4
Date      : 2026-07-26
Key       : doctors:4:availability:2026-07-26
Source    : SQL Server Required
========================================
2026-07-09 14:53:39.069 +05:30 [INF] 
========================================
CACHE MISS - DOCTOR AVAILABILITY
========================================
Doctor Id : 1009
Date      : 2026-07-26
Key       : doctors:1009:availability:2026-07-26
Source    : SQL Server Required
========================================
2026-07-09 14:53:39.069 +05:30 [INF] 
========================================
CACHE MISS - DOCTOR AVAILABILITY
========================================
Doctor Id : 1007
Date      : 2026-07-26
Key       : doctors:1007:availability:2026-07-26
Source    : SQL Server Required
========================================
2026-07-09 14:53:39.070 +05:30 [INF] 
========================================
CACHE MISS - DOCTOR AVAILABILITY
========================================
Doctor Id : 1008
Date      : 2026-07-26
Key       : doctors:1008:availability:2026-07-26
Source    : SQL Server Required
========================================
2026-07-09 14:53:39.070 +05:30 [INF] 
========================================
CACHE MISS - DOCTOR AVAILABILITY
========================================
Doctor Id : 2
Date      : 2026-07-26
Key       : doctors:2:availability:2026-07-26
Source    : SQL Server Required
========================================
2026-07-09 14:53:39.070 +05:30 [INF] 
========================================
CACHE MISS - DOCTOR AVAILABILITY
========================================
Doctor Id : 1006
Date      : 2026-07-26
Key       : doctors:1006:availability:2026-07-26
Source    : SQL Server Required
========================================
2026-07-09 14:53:39.103 +05:30 [INF] 
========================================
CACHE STORED IN GARNET
========================================
Doctor Id : 6
Date      : 2026-07-26
Key       : doctors:6:availability:2026-07-26
TTL       : 5 Minutes
Slots     : 12
========================================
2026-07-09 14:53:39.103 +05:30 [INF] 
========================================
CACHE STORED IN GARNET
========================================
Doctor Id : 3
Date      : 2026-07-26
Key       : doctors:3:availability:2026-07-26
TTL       : 5 Minutes
Slots     : 12
========================================
2026-07-09 14:53:39.105 +05:30 [INF] HTTP GET /api/doctors/6/availability responded 200 in 166.9711 ms
2026-07-09 14:53:39.105 +05:30 [INF] HTTP GET /api/doctors/3/availability responded 200 in 175.0016 ms
2026-07-09 14:53:39.269 +05:30 [INF] 
========================================
CACHE STORED IN GARNET
========================================
Doctor Id : 5
Date      : 2026-07-26
Key       : doctors:5:availability:2026-07-26
TTL       : 5 Minutes
Slots     : 12
========================================
2026-07-09 14:53:39.269 +05:30 [INF] 
========================================
CACHE STORED IN GARNET
========================================
Doctor Id : 1008
Date      : 2026-07-26
Key       : doctors:1008:availability:2026-07-26
TTL       : 5 Minutes
Slots     : 12
========================================
2026-07-09 14:53:39.271 +05:30 [INF] HTTP GET /api/doctors/5/availability responded 200 in 339.3724 ms
2026-07-09 14:53:39.272 +05:30 [INF] HTTP GET /api/doctors/1008/availability responded 200 in 329.3523 ms
2026-07-09 14:53:39.312 +05:30 [INF] 
========================================
CACHE STORED IN GARNET
========================================
Doctor Id : 2
Date      : 2026-07-26
Key       : doctors:2:availability:2026-07-26
TTL       : 5 Minutes
Slots     : 12
========================================
2026-07-09 14:53:39.313 +05:30 [INF] HTTP GET /api/doctors/2/availability responded 200 in 383.3215 ms
2026-07-09 14:53:39.500 +05:30 [INF] 
========================================
CACHE STORED IN GARNET
========================================
Doctor Id : 1009
Date      : 2026-07-26
Key       : doctors:1009:availability:2026-07-26
TTL       : 5 Minutes
Slots     : 12
========================================
2026-07-09 14:53:39.500 +05:30 [INF] 
========================================
CACHE STORED IN GARNET
========================================
Doctor Id : 1006
Date      : 2026-07-26
Key       : doctors:1006:availability:2026-07-26
TTL       : 5 Minutes
Slots     : 12
========================================
2026-07-09 14:53:39.501 +05:30 [INF] 
========================================
CACHE STORED IN GARNET
========================================
Doctor Id : 1007
Date      : 2026-07-26
Key       : doctors:1007:availability:2026-07-26
TTL       : 5 Minutes
Slots     : 12
========================================
2026-07-09 14:53:39.501 +05:30 [INF] 
========================================
CACHE STORED IN GARNET
========================================
Doctor Id : 1
Date      : 2026-07-26
Key       : doctors:1:availability:2026-07-26
TTL       : 5 Minutes
Slots     : 0
========================================
2026-07-09 14:53:39.502 +05:30 [INF] HTTP GET /api/doctors/1009/availability responded 200 in 534.4479 ms
2026-07-09 14:53:39.503 +05:30 [INF] HTTP GET /api/doctors/1006/availability responded 200 in 561.8131 ms
2026-07-09 14:53:39.503 +05:30 [INF] HTTP GET /api/doctors/1007/availability responded 200 in 535.8915 ms
2026-07-09 14:53:39.504 +05:30 [INF] HTTP GET /api/doctors/1/availability responded 200 in 574.1456 ms
2026-07-09 14:53:39.746 +05:30 [INF] 
========================================
CACHE STORED IN GARNET
========================================
Doctor Id : 4
Date      : 2026-07-26
Key       : doctors:4:availability:2026-07-26
TTL       : 5 Minutes
Slots     : 12
========================================
2026-07-09 14:53:39.748 +05:30 [INF] HTTP GET /api/doctors/4/availability responded 200 in 813.2778 ms
2026-07-09 14:53:45.040 +05:30 [INF] HTTP OPTIONS /api/doctors/6/availability responded 204 in 0.3502 ms
2026-07-09 14:53:45.040 +05:30 [INF] HTTP OPTIONS /api/doctors/3/availability responded 204 in 0.1217 ms
2026-07-09 14:53:45.054 +05:30 [INF] 
========================================
CACHE HIT - DOCTOR AVAILABILITY
========================================
Doctor Id : 6
Date      : 2026-07-26
Key       : doctors:6:availability:2026-07-26
Source    : Garnet Cache
========================================
2026-07-09 14:53:45.054 +05:30 [INF] 
========================================
CACHE HIT - DOCTOR AVAILABILITY
========================================
Doctor Id : 3
Date      : 2026-07-26
Key       : doctors:3:availability:2026-07-26
Source    : Garnet Cache
========================================
2026-07-09 14:53:45.056 +05:30 [INF] HTTP GET /api/doctors/6/availability responded 200 in 9.3772 ms
2026-07-09 14:53:45.056 +05:30 [INF] HTTP GET /api/doctors/3/availability responded 200 in 9.8445 ms
2026-07-09 14:53:47.662 +05:30 [INF] HealthAxis API heartbeat running at "2026-07-09T14:53:47.6627328+05:30"
2026-07-09 14:53:57.664 +05:30 [INF] HealthAxis API heartbeat running at "2026-07-09T14:53:57.6646982+05:30"
2026-07-09 14:54:07.676 +05:30 [INF] HealthAxis API heartbeat running at "2026-07-09T14:54:07.6767241+05:30"
2026-07-09 14:54:17.682 +05:30 [INF] HealthAxis API heartbeat running at "2026-07-09T14:54:17.6818200+05:30"
2026-07-09 14:54:27.698 +05:30 [INF] HealthAxis API heartbeat running at "2026-07-09T14:54:27.6982061+05:30"
2026-07-09 14:54:37.713 +05:30 [INF] HealthAxis API heartbeat running at "2026-07-09T14:54:37.7133223+05:30"
2026-07-09 14:54:47.725 +05:30 [INF] HealthAxis API heartbeat running at "2026-07-09T14:54:47.7254939+05:30"
2026-07-09 14:54:57.734 +05:30 [INF] HealthAxis API heartbeat running at "2026-07-09T14:54:57.7337191+05:30"
2026-07-09 14:55:07.749 +05:30 [INF] HealthAxis API heartbeat running at "2026-07-09T14:55:07.7482798+05:30"
2026-07-09 14:55:17.761 +05:30 [INF] HealthAxis API heartbeat running at "2026-07-09T14:55:17.7613991+05:30"
2026-07-09 14:55:27.773 +05:30 [INF] HealthAxis API heartbeat running at "2026-07-09T14:55:27.7737417+05:30"
2026-07-09 14:55:37.788 +05:30 [INF] HealthAxis API heartbeat running at "2026-07-09T14:55:37.7877198+05:30"
2026-07-09 14:55:47.804 +05:30 [INF] HealthAxis API heartbeat running at "2026-07-09T14:55:47.8048491+05:30"
2026-07-09 14:55:57.811 +05:30 [INF] HealthAxis API heartbeat running at "2026-07-09T14:55:57.8110497+05:30"
2026-07-09 14:56:07.825 +05:30 [INF] HealthAxis API heartbeat running at "2026-07-09T14:56:07.8254873+05:30"
2026-07-09 14:56:17.828 +05:30 [INF] HealthAxis API heartbeat running at "2026-07-09T14:56:17.8285942+05:30"
2026-07-09 14:56:27.842 +05:30 [INF] HealthAxis API heartbeat running at "2026-07-09T14:56:27.8421433+05:30"
2026-07-09 14:56:37.854 +05:30 [INF] HealthAxis API heartbeat running at "2026-07-09T14:56:37.8546976+05:30"
2026-07-09 14:56:47.871 +05:30 [INF] HealthAxis API heartbeat running at "2026-07-09T14:56:47.8718210+05:30"
2026-07-09 14:56:57.876 +05:30 [INF] HealthAxis API heartbeat running at "2026-07-09T14:56:57.8766857+05:30"
2026-07-09 14:57:07.888 +05:30 [INF] HealthAxis API heartbeat running at "2026-07-09T14:57:07.8884951+05:30"
2026-07-09 14:57:17.897 +05:30 [INF] HealthAxis API heartbeat running at "2026-07-09T14:57:17.8963690+05:30"
2026-07-09 14:57:27.911 +05:30 [INF] HealthAxis API heartbeat running at "2026-07-09T14:57:27.9119453+05:30"
2026-07-09 14:57:37.918 +05:30 [INF] HealthAxis API heartbeat running at "2026-07-09T14:57:37.9176488+05:30"
2026-07-09 14:57:47.924 +05:30 [INF] HealthAxis API heartbeat running at "2026-07-09T14:57:47.9247902+05:30"
2026-07-09 14:57:57.943 +05:30 [INF] HealthAxis API heartbeat running at "2026-07-09T14:57:57.9430502+05:30"
2026-07-09 14:58:07.945 +05:30 [INF] HealthAxis API heartbeat running at "2026-07-09T14:58:07.9458794+05:30"
2026-07-09 14:58:17.956 +05:30 [INF] HealthAxis API heartbeat running at "2026-07-09T14:58:17.9567945+05:30"
2026-07-09 14:58:27.967 +05:30 [INF] HealthAxis API heartbeat running at "2026-07-09T14:58:27.9678519+05:30"
2026-07-09 14:58:37.982 +05:30 [INF] HealthAxis API heartbeat running at "2026-07-09T14:58:37.9822871+05:30"
2026-07-09 14:58:47.986 +05:30 [INF] HealthAxis API heartbeat running at "2026-07-09T14:58:47.9869139+05:30"
2026-07-09 14:58:58.002 +05:30 [INF] HealthAxis API heartbeat running at "2026-07-09T14:58:58.0026936+05:30"
2026-07-09 14:59:08.008 +05:30 [INF] HealthAxis API heartbeat running at "2026-07-09T14:59:08.0085126+05:30"
2026-07-09 14:59:18.017 +05:30 [INF] HealthAxis API heartbeat running at "2026-07-09T14:59:18.0164368+05:30"
2026-07-09 14:59:28.021 +05:30 [INF] HealthAxis API heartbeat running at "2026-07-09T14:59:28.0210974+05:30"
2026-07-09 14:59:38.032 +05:30 [INF] HealthAxis API heartbeat running at "2026-07-09T14:59:38.0322842+05:30"
2026-07-09 14:59:48.043 +05:30 [INF] HealthAxis API heartbeat running at "2026-07-09T14:59:48.0432895+05:30"
2026-07-09 14:59:58.044 +05:30 [INF] HealthAxis API heartbeat running at "2026-07-09T14:59:58.0443890+05:30"
2026-07-09 15:00:08.052 +05:30 [INF] HealthAxis API heartbeat running at "2026-07-09T15:00:08.0523235+05:30"
2026-07-09 15:00:18.066 +05:30 [INF] HealthAxis API heartbeat running at "2026-07-09T15:00:18.0661506+05:30"
2026-07-09 15:00:28.077 +05:30 [INF] HealthAxis API heartbeat running at "2026-07-09T15:00:28.0777265+05:30"
2026-07-09 15:00:38.090 +05:30 [INF] HealthAxis API heartbeat running at "2026-07-09T15:00:38.0901847+05:30"
2026-07-09 15:00:48.093 +05:30 [INF] HealthAxis API heartbeat running at "2026-07-09T15:00:48.0932707+05:30"
2026-07-09 15:00:58.100 +05:30 [INF] HealthAxis API heartbeat running at "2026-07-09T15:00:58.1004237+05:30"
2026-07-09 15:01:08.107 +05:30 [INF] HealthAxis API heartbeat running at "2026-07-09T15:01:08.1075296+05:30"
2026-07-09 15:01:18.123 +05:30 [INF] HealthAxis API heartbeat running at "2026-07-09T15:01:18.1230201+05:30"
2026-07-09 15:01:28.137 +05:30 [INF] HealthAxis API heartbeat running at "2026-07-09T15:01:28.1373080+05:30"
2026-07-09 15:01:38.150 +05:30 [INF] HealthAxis API heartbeat running at "2026-07-09T15:01:38.1504603+05:30"
2026-07-09 15:01:48.164 +05:30 [INF] HealthAxis API heartbeat running at "2026-07-09T15:01:48.1646468+05:30"
2026-07-09 15:01:58.180 +05:30 [INF] HealthAxis API heartbeat running at "2026-07-09T15:01:58.1809150+05:30"
2026-07-09 15:02:08.197 +05:30 [INF] HealthAxis API heartbeat running at "2026-07-09T15:02:08.1973220+05:30"
2026-07-09 15:02:18.209 +05:30 [INF] HealthAxis API heartbeat running at "2026-07-09T15:02:18.2095656+05:30"
2026-07-09 15:02:28.211 +05:30 [INF] HealthAxis API heartbeat running at "2026-07-09T15:02:28.2115771+05:30"
2026-07-09 15:02:38.215 +05:30 [INF] HealthAxis API heartbeat running at "2026-07-09T15:02:38.2149075+05:30"
2026-07-09 15:02:48.224 +05:30 [INF] HealthAxis API heartbeat running at "2026-07-09T15:02:48.2244719+05:30"
2026-07-09 15:02:58.232 +05:30 [INF] HealthAxis API heartbeat running at "2026-07-09T15:02:58.2326139+05:30"
2026-07-09 15:03:08.240 +05:30 [INF] HealthAxis API heartbeat running at "2026-07-09T15:03:08.2405814+05:30"
2026-07-09 15:03:18.255 +05:30 [INF] HealthAxis API heartbeat running at "2026-07-09T15:03:18.2557865+05:30"
2026-07-09 15:03:28.272 +05:30 [INF] HealthAxis API heartbeat running at "2026-07-09T15:03:28.2723927+05:30"
2026-07-09 15:03:38.287 +05:30 [INF] HealthAxis API heartbeat running at "2026-07-09T15:03:38.2869812+05:30"
2026-07-09 15:03:48.297 +05:30 [INF] HealthAxis API heartbeat running at "2026-07-09T15:03:48.2979033+05:30"
2026-07-09 15:03:58.311 +05:30 [INF] HealthAxis API heartbeat running at "2026-07-09T15:03:58.3119347+05:30"
2026-07-09 15:04:08.312 +05:30 [INF] HealthAxis API heartbeat running at "2026-07-09T15:04:08.3129094+05:30"
2026-07-09 15:04:18.362 +05:30 [INF] HealthAxis API heartbeat running at "2026-07-09T15:04:18.3620477+05:30"
2026-07-09 15:04:28.376 +05:30 [INF] HealthAxis API heartbeat running at "2026-07-09T15:04:28.3767588+05:30"
2026-07-09 15:04:38.382 +05:30 [INF] HealthAxis API heartbeat running at "2026-07-09T15:04:38.3820419+05:30"
2026-07-09 15:04:48.398 +05:30 [INF] HealthAxis API heartbeat running at "2026-07-09T15:04:48.3984174+05:30"
2026-07-09 15:04:58.402 +05:30 [INF] HealthAxis API heartbeat running at "2026-07-09T15:04:58.4023997+05:30"
2026-07-09 15:05:08.413 +05:30 [INF] HealthAxis API heartbeat running at "2026-07-09T15:05:08.4137090+05:30"
2026-07-09 15:05:18.424 +05:30 [INF] HealthAxis API heartbeat running at "2026-07-09T15:05:18.4249687+05:30"
2026-07-09 15:05:28.441 +05:30 [INF] HealthAxis API heartbeat running at "2026-07-09T15:05:28.4411673+05:30"
2026-07-09 15:05:38.451 +05:30 [INF] HealthAxis API heartbeat running at "2026-07-09T15:05:38.4514906+05:30"
2026-07-09 15:05:48.465 +05:30 [INF] HealthAxis API heartbeat running at "2026-07-09T15:05:48.4651829+05:30"
2026-07-09 15:05:58.474 +05:30 [INF] HealthAxis API heartbeat running at "2026-07-09T15:05:58.4744875+05:30"
2026-07-09 15:06:08.486 +05:30 [INF] HealthAxis API heartbeat running at "2026-07-09T15:06:08.4863546+05:30"
2026-07-09 15:06:18.489 +05:30 [INF] HealthAxis API heartbeat running at "2026-07-09T15:06:18.4889966+05:30"
2026-07-09 15:06:28.504 +05:30 [INF] HealthAxis API heartbeat running at "2026-07-09T15:06:28.5040145+05:30"
2026-07-09 15:06:38.516 +05:30 [INF] HealthAxis API heartbeat running at "2026-07-09T15:06:38.5161638+05:30"
2026-07-09 15:06:48.536 +05:30 [INF] HealthAxis API heartbeat running at "2026-07-09T15:06:48.5359997+05:30"
2026-07-09 15:06:58.550 +05:30 [INF] HealthAxis API heartbeat running at "2026-07-09T15:06:58.5508798+05:30"
2026-07-09 15:07:08.565 +05:30 [INF] HealthAxis API heartbeat running at "2026-07-09T15:07:08.5650664+05:30"
2026-07-09 15:07:10.183 +05:30 [INF] HTTP OPTIONS /api/patients/me responded 204 in 0.1144 ms
2026-07-09 15:07:10.185 +05:30 [INF] HTTP OPTIONS /api/doctors responded 204 in 0.2524 ms
2026-07-09 15:07:10.442 +05:30 [INF] HTTP GET /api/patients/me responded 200 in 253.3432 ms
2026-07-09 15:07:10.618 +05:30 [INF] HTTP GET /api/doctors responded 200 in 427.9092 ms
2026-07-09 15:07:18.572 +05:30 [INF] HealthAxis API heartbeat running at "2026-07-09T15:07:18.5727095+05:30"
2026-07-09 15:07:28.586 +05:30 [INF] HealthAxis API heartbeat running at "2026-07-09T15:07:28.5863348+05:30"
2026-07-09 15:07:38.592 +05:30 [INF] HealthAxis API heartbeat running at "2026-07-09T15:07:38.5921563+05:30"
2026-07-09 15:07:48.596 +05:30 [INF] HealthAxis API heartbeat running at "2026-07-09T15:07:48.5966513+05:30"
2026-07-09 15:07:58.602 +05:30 [INF] HealthAxis API heartbeat running at "2026-07-09T15:07:58.6023845+05:30"
2026-07-09 15:08:08.615 +05:30 [INF] HealthAxis API heartbeat running at "2026-07-09T15:08:08.6158354+05:30"
2026-07-09 15:08:18.628 +05:30 [INF] HealthAxis API heartbeat running at "2026-07-09T15:08:18.6281669+05:30"
2026-07-09 15:08:28.639 +05:30 [INF] HealthAxis API heartbeat running at "2026-07-09T15:08:28.6399528+05:30"
2026-07-09 15:08:38.652 +05:30 [INF] HealthAxis API heartbeat running at "2026-07-09T15:08:38.6521771+05:30"
2026-07-09 15:08:48.665 +05:30 [INF] HealthAxis API heartbeat running at "2026-07-09T15:08:48.6658587+05:30"
2026-07-09 15:08:58.682 +05:30 [INF] HealthAxis API heartbeat running at "2026-07-09T15:08:58.6829267+05:30"
2026-07-09 15:09:08.695 +05:30 [INF] HealthAxis API heartbeat running at "2026-07-09T15:09:08.6950493+05:30"
2026-07-09 15:09:18.704 +05:30 [INF] HealthAxis API heartbeat running at "2026-07-09T15:09:18.7045692+05:30"
2026-07-09 15:09:28.714 +05:30 [INF] HealthAxis API heartbeat running at "2026-07-09T15:09:28.7146760+05:30"
2026-07-09 15:09:38.729 +05:30 [INF] HealthAxis API heartbeat running at "2026-07-09T15:09:38.7291567+05:30"
2026-07-09 15:09:48.734 +05:30 [INF] HealthAxis API heartbeat running at "2026-07-09T15:09:48.7346621+05:30"
2026-07-09 15:09:58.748 +05:30 [INF] HealthAxis API heartbeat running at "2026-07-09T15:09:58.7488652+05:30"
2026-07-09 15:10:08.765 +05:30 [INF] HealthAxis API heartbeat running at "2026-07-09T15:10:08.7655300+05:30"
2026-07-09 15:10:18.781 +05:30 [INF] HealthAxis API heartbeat running at "2026-07-09T15:10:18.7814293+05:30"
2026-07-09 15:10:54.750 +05:30 [INF] Configured endpoint appointment.events.queue, Consumer: HealthAxis.API.Consumers.AppointmentBookedConsumer
2026-07-09 15:10:54.915 +05:30 [INF] HeartbeatService started.
2026-07-09 15:10:54.917 +05:30 [INF] NotificationCleanupService started.
2026-07-09 15:10:54.918 +05:30 [INF] HealthAxis API heartbeat running at "2026-07-09T15:10:54.9174537+05:30"
2026-07-09 15:10:55.052 +05:30 [INF] No old notifications found for cleanup.
2026-07-09 15:10:55.242 +05:30 [INF] Now listening on: https://localhost:7130
2026-07-09 15:10:55.245 +05:30 [INF] Now listening on: http://localhost:5145
2026-07-09 15:10:55.256 +05:30 [INF] Bus started: "rabbitmq://localhost/"
2026-07-09 15:10:55.518 +05:30 [INF] Application started. Press Ctrl+C to shut down.
2026-07-09 15:10:55.520 +05:30 [INF] Hosting environment: Development
2026-07-09 15:10:55.521 +05:30 [INF] Content root path: C:\Users\310481\source\repos\UST-Live-01\Healthcare.netcore\Healthcare.netcore
2026-07-09 15:11:04.941 +05:30 [INF] HealthAxis API heartbeat running at "2026-07-09T15:11:04.9410773+05:30"
2026-07-09 15:11:14.948 +05:30 [INF] HealthAxis API heartbeat running at "2026-07-09T15:11:14.9485189+05:30"
2026-07-09 15:11:24.950 +05:30 [INF] HealthAxis API heartbeat running at "2026-07-09T15:11:24.9499890+05:30"
2026-07-09 15:11:29.067 +05:30 [INF] HTTP OPTIONS /api/auth/login responded 204 in 2.5461 ms
2026-07-09 15:11:29.453 +05:30 [INF] HTTP POST /api/auth/login responded 200 in 374.4780 ms
2026-07-09 15:11:29.465 +05:30 [INF] HTTP OPTIONS /api/patients/me responded 204 in 0.6021 ms
2026-07-09 15:11:29.471 +05:30 [INF] HTTP OPTIONS /api/patients/me responded 204 in 1.0312 ms
2026-07-09 15:11:29.693 +05:30 [WRN] You do not have a valid license key for the Lucky Penny software AutoMapper. This is allowed for development and testing scenarios. If you are running in production you are required to have a licensed version. Please visit https://luckypennysoftware.com to obtain a valid license.
2026-07-09 15:11:29.742 +05:30 [INF] HTTP GET /api/patients/me responded 200 in 267.7183 ms
2026-07-09 15:11:29.755 +05:30 [INF] HTTP GET /api/patients/me responded 200 in 11.4441 ms
2026-07-09 15:11:29.760 +05:30 [INF] HTTP OPTIONS /api/doctors responded 204 in 0.0564 ms
2026-07-09 15:11:29.760 +05:30 [INF] HTTP OPTIONS /api/appointments responded 204 in 0.0505 ms
2026-07-09 15:11:29.760 +05:30 [INF] HTTP OPTIONS /api/patients/1006/health-records responded 204 in 0.0323 ms
2026-07-09 15:11:29.813 +05:30 [INF] HTTP GET /api/appointments responded 200 in 48.8035 ms
2026-07-09 15:11:29.835 +05:30 [INF] HTTP GET /api/patients/1006/health-records responded 200 in 70.0021 ms
2026-07-09 15:11:30.041 +05:30 [INF] HTTP GET /api/doctors responded 200 in 278.1715 ms
2026-07-09 15:11:34.962 +05:30 [INF] HealthAxis API heartbeat running at "2026-07-09T15:11:34.9624053+05:30"
2026-07-09 15:11:44.974 +05:30 [INF] HealthAxis API heartbeat running at "2026-07-09T15:11:44.9749169+05:30"
2026-07-09 15:11:45.345 +05:30 [INF] HTTP OPTIONS /api/doctors responded 204 in 0.2884 ms
2026-07-09 15:11:45.363 +05:30 [INF] HTTP GET /api/doctors responded 200 in 12.9776 ms
2026-07-09 15:11:54.981 +05:30 [INF] HealthAxis API heartbeat running at "2026-07-09T15:11:54.9818871+05:30"
2026-07-09 15:12:04.997 +05:30 [INF] HealthAxis API heartbeat running at "2026-07-09T15:12:04.9966131+05:30"
2026-07-09 15:12:13.474 +05:30 [INF] HTTP OPTIONS /api/doctors/6/availability responded 204 in 0.1263 ms
2026-07-09 15:12:13.474 +05:30 [INF] HTTP OPTIONS /api/doctors/3/availability responded 204 in 0.0591 ms
2026-07-09 15:12:13.603 +05:30 [INF] 
========================================
CACHE MISS - DOCTOR AVAILABILITY
========================================
Doctor Id : 3
Date      : 2026-07-27
Key       : doctors:3:availability:2026-07-27
Source    : SQL Server Required
========================================
2026-07-09 15:12:13.603 +05:30 [INF] 
========================================
CACHE MISS - DOCTOR AVAILABILITY
========================================
Doctor Id : 6
Date      : 2026-07-27
Key       : doctors:6:availability:2026-07-27
Source    : SQL Server Required
========================================
2026-07-09 15:12:13.644 +05:30 [INF] 
========================================
CACHE STORED IN GARNET
========================================
Doctor Id : 3
Date      : 2026-07-27
Key       : doctors:3:availability:2026-07-27
TTL       : 5 Minutes
Slots     : 12
========================================
2026-07-09 15:12:13.644 +05:30 [INF] 
========================================
CACHE STORED IN GARNET
========================================
Doctor Id : 6
Date      : 2026-07-27
Key       : doctors:6:availability:2026-07-27
TTL       : 5 Minutes
Slots     : 12
========================================
2026-07-09 15:12:13.647 +05:30 [INF] HTTP GET /api/doctors/6/availability responded 200 in 167.6427 ms
2026-07-09 15:12:13.647 +05:30 [INF] HTTP GET /api/doctors/3/availability responded 200 in 166.8472 ms
2026-07-09 15:12:15.010 +05:30 [INF] HealthAxis API heartbeat running at "2026-07-09T15:12:15.0108544+05:30"
2026-07-09 15:12:25.024 +05:30 [INF] HealthAxis API heartbeat running at "2026-07-09T15:12:25.0249353+05:30"
2026-07-09 15:12:35.029 +05:30 [INF] HealthAxis API heartbeat running at "2026-07-09T15:12:35.0289858+05:30"
2026-07-09 15:12:45.037 +05:30 [INF] HealthAxis API heartbeat running at "2026-07-09T15:12:45.0369879+05:30"
2026-07-09 15:12:55.052 +05:30 [INF] HealthAxis API heartbeat running at "2026-07-09T15:12:55.0520365+05:30"
2026-07-09 15:13:02.643 +05:30 [INF] HTTP OPTIONS /api/doctors/3/availability responded 204 in 0.2030 ms
2026-07-09 15:13:02.643 +05:30 [INF] HTTP OPTIONS /api/doctors/6/availability responded 204 in 0.0471 ms
2026-07-09 15:13:02.659 +05:30 [INF] 
========================================
CACHE HIT - DOCTOR AVAILABILITY
========================================
Doctor Id : 6
Date      : 2026-07-27
Key       : doctors:6:availability:2026-07-27
Source    : Garnet Cache
========================================
2026-07-09 15:13:02.659 +05:30 [INF] 
========================================
CACHE HIT - DOCTOR AVAILABILITY
========================================
Doctor Id : 3
Date      : 2026-07-27
Key       : doctors:3:availability:2026-07-27
Source    : Garnet Cache
========================================
2026-07-09 15:13:02.660 +05:30 [INF] HTTP GET /api/doctors/6/availability responded 200 in 8.8066 ms
2026-07-09 15:13:02.660 +05:30 [INF] HTTP GET /api/doctors/3/availability responded 200 in 9.7058 ms
2026-07-09 15:13:05.056 +05:30 [INF] HealthAxis API heartbeat running at "2026-07-09T15:13:05.0560589+05:30"
2026-07-09 15:13:15.069 +05:30 [INF] HealthAxis API heartbeat running at "2026-07-09T15:13:15.0693851+05:30"
2026-07-09 15:13:25.085 +05:30 [INF] HealthAxis API heartbeat running at "2026-07-09T15:13:25.0858657+05:30"
2026-07-09 15:13:35.094 +05:30 [INF] HealthAxis API heartbeat running at "2026-07-09T15:13:35.0933460+05:30"
2026-07-09 15:13:45.110 +05:30 [INF] HealthAxis API heartbeat running at "2026-07-09T15:13:45.1102925+05:30"
2026-07-09 15:13:49.448 +05:30 [INF] HTTP OPTIONS /api/appointments responded 204 in 0.1423 ms
2026-07-09 15:13:49.574 +05:30 [INF] 
========================================
CACHE REMOVED - DOCTOR AVAILABILITY
========================================
Doctor Id : 3
Date      : 2026-07-27
Key       : doctors:3:availability:2026-07-27
Reason    : Appointment booked
========================================
2026-07-09 15:13:49.674 +05:30 [INF] AppointmentBookedEvent published using MassTransit for AppointmentId 40, DoctorId 3
2026-07-09 15:13:49.677 +05:30 [INF] HTTP POST /api/appointments responded 200 in 224.8866 ms
2026-07-09 15:13:49.702 +05:30 [INF] ===============================
APPOINTMENT EVENT RECEIVED
===============================
Event Type  : AppointmentBooked
Appointment : 40
Patient     : Raju
Doctor      : 3
Date        : 27-Jul-2026
Time Slot   : 09:00
Occurred At : 09-Jul-2026 09:43:49
===============================
2026-07-09 15:13:49.723 +05:30 [INF] Notification created for DoctorId 3 for AppointmentId 40
2026-07-09 15:13:51.743 +05:30 [INF] HTTP OPTIONS /api/doctors responded 204 in 0.1268 ms
2026-07-09 15:13:51.743 +05:30 [INF] HTTP OPTIONS /api/health-records/patient/1006 responded 204 in 0.1200 ms
2026-07-09 15:13:51.753 +05:30 [INF] HTTP GET /api/appointments responded 200 in 10.2192 ms
2026-07-09 15:13:51.766 +05:30 [INF] HTTP GET /api/doctors responded 200 in 16.7519 ms
2026-07-09 15:13:51.776 +05:30 [INF] HTTP GET /api/health-records/patient/1006 responded 200 in 24.2654 ms
2026-07-09 15:13:55.125 +05:30 [INF] HealthAxis API heartbeat running at "2026-07-09T15:13:55.1253185+05:30"
2026-07-09 15:14:01.304 +05:30 [INF] HTTP OPTIONS /api/doctors responded 204 in 0.2090 ms
2026-07-09 15:14:01.317 +05:30 [INF] HTTP GET /api/doctors responded 200 in 7.0946 ms
2026-07-09 15:14:05.133 +05:30 [INF] HealthAxis API heartbeat running at "2026-07-09T15:14:05.1330802+05:30"
2026-07-09 15:14:15.145 +05:30 [INF] HealthAxis API heartbeat running at "2026-07-09T15:14:15.1456298+05:30"
2026-07-09 15:14:25.158 +05:30 [INF] HealthAxis API heartbeat running at "2026-07-09T15:14:25.1579478+05:30"
2026-07-09 15:14:35.161 +05:30 [INF] HealthAxis API heartbeat running at "2026-07-09T15:14:35.1608733+05:30"
2026-07-09 15:14:41.458 +05:30 [INF] HTTP OPTIONS /api/doctors/3/availability responded 204 in 0.1341 ms
2026-07-09 15:14:41.458 +05:30 [INF] HTTP OPTIONS /api/doctors/6/availability responded 204 in 0.1217 ms
2026-07-09 15:14:41.469 +05:30 [INF] 
========================================
CACHE MISS - DOCTOR AVAILABILITY
========================================
Doctor Id : 3
Date      : 2026-07-27
Key       : doctors:3:availability:2026-07-27
Source    : SQL Server Required
========================================
2026-07-09 15:14:41.470 +05:30 [INF] 
========================================
CACHE HIT - DOCTOR AVAILABILITY
========================================
Doctor Id : 6
Date      : 2026-07-27
Key       : doctors:6:availability:2026-07-27
Source    : Garnet Cache
========================================
2026-07-09 15:14:41.471 +05:30 [INF] HTTP GET /api/doctors/6/availability responded 200 in 6.2517 ms
2026-07-09 15:14:41.481 +05:30 [INF] 
========================================
CACHE STORED IN GARNET
========================================
Doctor Id : 3
Date      : 2026-07-27
Key       : doctors:3:availability:2026-07-27
TTL       : 5 Minutes
Slots     : 11
========================================
2026-07-09 15:14:41.482 +05:30 [INF] HTTP GET /api/doctors/3/availability responded 200 in 17.3376 ms
2026-07-09 15:14:45.172 +05:30 [INF] HealthAxis API heartbeat running at "2026-07-09T15:14:45.1722689+05:30"
2026-07-09 15:14:55.176 +05:30 [INF] HealthAxis API heartbeat running at "2026-07-09T15:14:55.1763470+05:30"
2026-07-09 15:15:05.181 +05:30 [INF] HealthAxis API heartbeat running at "2026-07-09T15:15:05.1809724+05:30"
2026-07-09 15:15:15.182 +05:30 [INF] HealthAxis API heartbeat running at "2026-07-09T15:15:15.1827210+05:30"
2026-07-09 15:15:25.185 +05:30 [INF] HealthAxis API heartbeat running at "2026-07-09T15:15:25.1852614+05:30"
2026-07-09 15:15:35.192 +05:30 [INF] HealthAxis API heartbeat running at "2026-07-09T15:15:35.1923445+05:30"
2026-07-09 15:15:45.198 +05:30 [INF] HealthAxis API heartbeat running at "2026-07-09T15:15:45.1985055+05:30"
2026-07-09 15:15:55.204 +05:30 [INF] HealthAxis API heartbeat running at "2026-07-09T15:15:55.2037305+05:30"
2026-07-09 15:16:05.212 +05:30 [INF] HealthAxis API heartbeat running at "2026-07-09T15:16:05.2119400+05:30"
2026-07-09 15:16:15.219 +05:30 [INF] HealthAxis API heartbeat running at "2026-07-09T15:16:15.2194459+05:30"
2026-07-09 15:16:25.230 +05:30 [INF] HealthAxis API heartbeat running at "2026-07-09T15:16:25.2307312+05:30"
2026-07-09 15:16:35.233 +05:30 [INF] HealthAxis API heartbeat running at "2026-07-09T15:16:35.2334012+05:30"
2026-07-09 15:16:45.248 +05:30 [INF] HealthAxis API heartbeat running at "2026-07-09T15:16:45.2487053+05:30"
2026-07-09 15:16:55.260 +05:30 [INF] HealthAxis API heartbeat running at "2026-07-09T15:16:55.2608639+05:30"
2026-07-09 15:17:05.266 +05:30 [INF] HealthAxis API heartbeat running at "2026-07-09T15:17:05.2661376+05:30"
2026-07-09 15:17:15.272 +05:30 [INF] HealthAxis API heartbeat running at "2026-07-09T15:17:15.2729328+05:30"
2026-07-09 15:17:25.281 +05:30 [INF] HealthAxis API heartbeat running at "2026-07-09T15:17:25.2817547+05:30"
2026-07-09 15:17:35.282 +05:30 [INF] HealthAxis API heartbeat running at "2026-07-09T15:17:35.2828019+05:30"
2026-07-09 15:17:45.287 +05:30 [INF] HealthAxis API heartbeat running at "2026-07-09T15:17:45.2874847+05:30"
2026-07-09 15:17:55.297 +05:30 [INF] HealthAxis API heartbeat running at "2026-07-09T15:17:55.2976536+05:30"
2026-07-09 15:18:05.314 +05:30 [INF] HealthAxis API heartbeat running at "2026-07-09T15:18:05.3145790+05:30"
2026-07-09 15:18:15.326 +05:30 [INF] HealthAxis API heartbeat running at "2026-07-09T15:18:15.3269489+05:30"
2026-07-09 15:18:25.339 +05:30 [INF] HealthAxis API heartbeat running at "2026-07-09T15:18:25.3397638+05:30"
2026-07-09 15:18:35.344 +05:30 [INF] HealthAxis API heartbeat running at "2026-07-09T15:18:35.3445296+05:30"
2026-07-09 15:18:45.352 +05:30 [INF] HealthAxis API heartbeat running at "2026-07-09T15:18:45.3525700+05:30"
2026-07-09 15:18:55.371 +05:30 [INF] HealthAxis API heartbeat running at "2026-07-09T15:18:55.3715785+05:30"
2026-07-09 15:19:05.381 +05:30 [INF] HealthAxis API heartbeat running at "2026-07-09T15:19:05.3807445+05:30"
2026-07-09 15:19:15.396 +05:30 [INF] HealthAxis API heartbeat running at "2026-07-09T15:19:15.3966700+05:30"
2026-07-09 15:19:25.405 +05:30 [INF] HealthAxis API heartbeat running at "2026-07-09T15:19:25.4050392+05:30"
2026-07-09 15:19:35.413 +05:30 [INF] HealthAxis API heartbeat running at "2026-07-09T15:19:35.4133687+05:30"
2026-07-09 15:19:45.429 +05:30 [INF] HealthAxis API heartbeat running at "2026-07-09T15:19:45.4291820+05:30"
2026-07-09 15:19:55.435 +05:30 [INF] HealthAxis API heartbeat running at "2026-07-09T15:19:55.4355561+05:30"
2026-07-09 15:20:05.446 +05:30 [INF] HealthAxis API heartbeat running at "2026-07-09T15:20:05.4467472+05:30"
2026-07-09 15:20:15.450 +05:30 [INF] HealthAxis API heartbeat running at "2026-07-09T15:20:15.4504926+05:30"
2026-07-09 15:20:25.453 +05:30 [INF] HealthAxis API heartbeat running at "2026-07-09T15:20:25.4530659+05:30"
2026-07-09 15:20:35.456 +05:30 [INF] HealthAxis API heartbeat running at "2026-07-09T15:20:35.4564310+05:30"
2026-07-09 15:20:45.461 +05:30 [INF] HealthAxis API heartbeat running at "2026-07-09T15:20:45.4611687+05:30"
2026-07-09 15:20:55.472 +05:30 [INF] HealthAxis API heartbeat running at "2026-07-09T15:20:55.4721215+05:30"
2026-07-09 15:21:05.485 +05:30 [INF] HealthAxis API heartbeat running at "2026-07-09T15:21:05.4852328+05:30"
2026-07-09 15:21:15.487 +05:30 [INF] HealthAxis API heartbeat running at "2026-07-09T15:21:15.4876414+05:30"
2026-07-09 15:21:25.495 +05:30 [INF] HealthAxis API heartbeat running at "2026-07-09T15:21:25.4955234+05:30"
2026-07-09 15:21:35.502 +05:30 [INF] HealthAxis API heartbeat running at "2026-07-09T15:21:35.5028310+05:30"
2026-07-09 15:21:45.510 +05:30 [INF] HealthAxis API heartbeat running at "2026-07-09T15:21:45.5101161+05:30"
2026-07-09 15:21:55.517 +05:30 [INF] HealthAxis API heartbeat running at "2026-07-09T15:21:55.5176131+05:30"
2026-07-09 15:22:05.529 +05:30 [INF] HealthAxis API heartbeat running at "2026-07-09T15:22:05.5291063+05:30"
2026-07-09 15:22:15.539 +05:30 [INF] HealthAxis API heartbeat running at "2026-07-09T15:22:15.5395076+05:30"
2026-07-09 15:22:25.550 +05:30 [INF] HealthAxis API heartbeat running at "2026-07-09T15:22:25.5506222+05:30"
2026-07-09 15:22:35.561 +05:30 [INF] HealthAxis API heartbeat running at "2026-07-09T15:22:35.5612910+05:30"
2026-07-09 15:22:45.569 +05:30 [INF] HealthAxis API heartbeat running at "2026-07-09T15:22:45.5699178+05:30"
2026-07-09 15:22:55.580 +05:30 [INF] HealthAxis API heartbeat running at "2026-07-09T15:22:55.5801178+05:30"
2026-07-09 15:23:05.595 +05:30 [INF] HealthAxis API heartbeat running at "2026-07-09T15:23:05.5950985+05:30"
2026-07-09 15:23:15.599 +05:30 [INF] HealthAxis API heartbeat running at "2026-07-09T15:23:15.5993872+05:30"
2026-07-09 15:23:25.600 +05:30 [INF] HealthAxis API heartbeat running at "2026-07-09T15:23:25.6008450+05:30"
2026-07-09 15:23:35.613 +05:30 [INF] HealthAxis API heartbeat running at "2026-07-09T15:23:35.6139176+05:30"
2026-07-09 15:23:45.628 +05:30 [INF] HealthAxis API heartbeat running at "2026-07-09T15:23:45.6280258+05:30"
2026-07-09 15:23:55.639 +05:30 [INF] HealthAxis API heartbeat running at "2026-07-09T15:23:55.6390600+05:30"
2026-07-09 15:24:05.647 +05:30 [INF] HealthAxis API heartbeat running at "2026-07-09T15:24:05.6470774+05:30"
2026-07-09 15:24:15.663 +05:30 [INF] HealthAxis API heartbeat running at "2026-07-09T15:24:15.6637978+05:30"
2026-07-09 15:24:25.677 +05:30 [INF] HealthAxis API heartbeat running at "2026-07-09T15:24:25.6778627+05:30"
2026-07-09 15:24:34.682 +05:30 [INF] HTTP OPTIONS /api/doctors responded 204 in 0.1113 ms
2026-07-09 15:24:34.927 +05:30 [INF] HTTP GET /api/doctors responded 200 in 240.1167 ms
2026-07-09 15:24:35.688 +05:30 [INF] HealthAxis API heartbeat running at "2026-07-09T15:24:35.6888552+05:30"
2026-07-09 15:24:40.516 +05:30 [INF] HTTP OPTIONS /api/doctors responded 204 in 0.1185 ms
2026-07-09 15:24:40.529 +05:30 [INF] HTTP GET /api/doctors responded 200 in 6.3408 ms
2026-07-09 15:24:45.690 +05:30 [INF] HealthAxis API heartbeat running at "2026-07-09T15:24:45.6907349+05:30"
2026-07-09 15:24:55.692 +05:30 [INF] HealthAxis API heartbeat running at "2026-07-09T15:24:55.6926970+05:30"
2026-07-09 15:25:05.698 +05:30 [INF] HealthAxis API heartbeat running at "2026-07-09T15:25:05.6988602+05:30"
2026-07-09 15:25:12.516 +05:30 [INF] HTTP OPTIONS /api/appointments responded 204 in 0.1023 ms
2026-07-09 15:25:12.518 +05:30 [INF] HTTP OPTIONS /api/health-records/patient/1006 responded 204 in 0.0522 ms
2026-07-09 15:25:12.518 +05:30 [INF] HTTP OPTIONS /api/doctors responded 204 in 0.0771 ms
2026-07-09 15:25:12.532 +05:30 [INF] HTTP GET /api/appointments responded 200 in 9.3620 ms
2026-07-09 15:25:12.548 +05:30 [INF] HTTP GET /api/doctors responded 200 in 17.1666 ms
2026-07-09 15:25:12.734 +05:30 [INF] HTTP GET /api/health-records/patient/1006 responded 200 in 205.1513 ms
2026-07-09 15:25:15.710 +05:30 [INF] HealthAxis API heartbeat running at "2026-07-09T15:25:15.7107861+05:30"
2026-07-09 15:25:25.719 +05:30 [INF] HealthAxis API heartbeat running at "2026-07-09T15:25:25.7198795+05:30"
2026-07-09 15:25:35.724 +05:30 [INF] HealthAxis API heartbeat running at "2026-07-09T15:25:35.7243226+05:30"
2026-07-09 15:25:45.732 +05:30 [INF] HealthAxis API heartbeat running at "2026-07-09T15:25:45.7328148+05:30"
2026-07-09 15:25:55.736 +05:30 [INF] HealthAxis API heartbeat running at "2026-07-09T15:25:55.7361490+05:30"
2026-07-09 15:26:05.747 +05:30 [INF] HealthAxis API heartbeat running at "2026-07-09T15:26:05.7475582+05:30"
2026-07-09 15:26:12.230 +05:30 [INF] HTTP OPTIONS /api/health-records/patient/1006 responded 204 in 0.0960 ms
2026-07-09 15:26:12.230 +05:30 [INF] HTTP OPTIONS /api/doctors responded 204 in 0.0388 ms
2026-07-09 15:26:12.247 +05:30 [INF] HTTP GET /api/health-records/patient/1006 responded 200 in 11.4952 ms
2026-07-09 15:26:12.254 +05:30 [INF] HTTP GET /api/doctors responded 200 in 17.5681 ms
2026-07-09 15:26:15.765 +05:30 [INF] HealthAxis API heartbeat running at "2026-07-09T15:26:15.7650645+05:30"
2026-07-09 15:26:20.292 +05:30 [INF] HTTP OPTIONS /api/patients/me responded 204 in 0.0608 ms
2026-07-09 15:26:20.304 +05:30 [INF] HTTP GET /api/patients/me responded 200 in 6.3678 ms
2026-07-09 15:26:25.777 +05:30 [INF] HealthAxis API heartbeat running at "2026-07-09T15:26:25.7772202+05:30"
2026-07-09 15:26:35.781 +05:30 [INF] HealthAxis API heartbeat running at "2026-07-09T15:26:35.7815240+05:30"
2026-07-09 15:26:36.650 +05:30 [INF] HTTP OPTIONS /api/patients/me responded 204 in 0.0820 ms
2026-07-09 15:26:36.659 +05:30 [INF] HTTP GET /api/patients/me responded 200 in 2.9395 ms
2026-07-09 15:26:36.663 +05:30 [INF] HTTP OPTIONS /api/doctors responded 204 in 0.0548 ms
2026-07-09 15:26:36.664 +05:30 [INF] HTTP OPTIONS /api/appointments responded 204 in 0.0414 ms
2026-07-09 15:26:36.664 +05:30 [INF] HTTP OPTIONS /api/patients/1006/health-records responded 204 in 0.0231 ms
2026-07-09 15:26:36.671 +05:30 [INF] HTTP GET /api/appointments responded 200 in 3.2773 ms
2026-07-09 15:26:36.678 +05:30 [INF] HTTP GET /api/patients/1006/health-records responded 200 in 8.4456 ms
2026-07-09 15:26:36.681 +05:30 [INF] HTTP GET /api/doctors responded 200 in 14.7701 ms
2026-07-09 15:26:45.784 +05:30 [INF] HealthAxis API heartbeat running at "2026-07-09T15:26:45.7845742+05:30"
2026-07-09 15:26:55.147 +05:30 [INF] HTTP OPTIONS /api/auth/login responded 204 in 0.1006 ms
2026-07-09 15:26:55.287 +05:30 [INF] HTTP POST /api/auth/login responded 200 in 133.7193 ms
2026-07-09 15:26:55.296 +05:30 [INF] HTTP OPTIONS /api/patients/me responded 204 in 0.0678 ms
2026-07-09 15:26:55.297 +05:30 [INF] HTTP OPTIONS /api/patients/me responded 204 in 0.0475 ms
2026-07-09 15:26:55.305 +05:30 [INF] HTTP GET /api/patients/me responded 200 in 3.7179 ms
2026-07-09 15:26:55.311 +05:30 [INF] HTTP GET /api/patients/me responded 200 in 3.7781 ms
2026-07-09 15:26:55.315 +05:30 [INF] HTTP OPTIONS /api/doctors responded 204 in 0.0349 ms
2026-07-09 15:26:55.316 +05:30 [INF] HTTP OPTIONS /api/appointments responded 204 in 0.0381 ms
2026-07-09 15:26:55.316 +05:30 [INF] HTTP OPTIONS /api/patients/1006/health-records responded 204 in 0.0202 ms
2026-07-09 15:26:55.323 +05:30 [INF] HTTP GET /api/appointments responded 200 in 3.5902 ms
2026-07-09 15:26:55.324 +05:30 [INF] HTTP GET /api/doctors responded 200 in 5.9896 ms
2026-07-09 15:26:55.326 +05:30 [INF] HTTP GET /api/patients/1006/health-records responded 200 in 4.2131 ms
2026-07-09 15:26:55.785 +05:30 [INF] HealthAxis API heartbeat running at "2026-07-09T15:26:55.7852205+05:30"
2026-07-09 15:26:58.892 +05:30 [INF] HTTP GET /api/doctors responded 200 in 15.5647 ms
2026-07-09 15:27:00.933 +05:30 [INF] HTTP OPTIONS /api/doctors responded 204 in 0.0381 ms
2026-07-09 15:27:00.944 +05:30 [INF] HTTP GET /api/doctors responded 200 in 6.4971 ms
2026-07-09 15:27:05.798 +05:30 [INF] HealthAxis API heartbeat running at "2026-07-09T15:27:05.7983400+05:30"
2026-07-09 15:27:12.907 +05:30 [INF] HTTP OPTIONS /api/doctors responded 204 in 0.0723 ms
2026-07-09 15:27:12.922 +05:30 [INF] HTTP GET /api/doctors responded 200 in 8.6498 ms
2026-07-09 15:27:15.812 +05:30 [INF] HealthAxis API heartbeat running at "2026-07-09T15:27:15.8120178+05:30"
2026-07-09 15:27:25.817 +05:30 [INF] HealthAxis API heartbeat running at "2026-07-09T15:27:25.8175439+05:30"
2026-07-09 15:27:35.821 +05:30 [INF] HealthAxis API heartbeat running at "2026-07-09T15:27:35.8217849+05:30"
2026-07-09 15:27:43.527 +05:30 [INF] HTTP OPTIONS /api/doctors/6/availability responded 204 in 0.0438 ms
2026-07-09 15:27:43.527 +05:30 [INF] HTTP OPTIONS /api/doctors/3/availability responded 204 in 0.0440 ms
2026-07-09 15:27:43.536 +05:30 [INF] 
========================================
CACHE MISS - DOCTOR AVAILABILITY
========================================
Doctor Id : 6
Date      : 2026-08-03
Key       : doctors:6:availability:2026-08-03
Source    : SQL Server Required
========================================
2026-07-09 15:27:43.536 +05:30 [INF] 
========================================
CACHE MISS - DOCTOR AVAILABILITY
========================================
Doctor Id : 3
Date      : 2026-08-03
Key       : doctors:3:availability:2026-08-03
Source    : SQL Server Required
========================================
2026-07-09 15:27:43.546 +05:30 [INF] 
========================================
CACHE STORED IN GARNET
========================================
Doctor Id : 6
Date      : 2026-08-03
Key       : doctors:6:availability:2026-08-03
TTL       : 5 Minutes
Slots     : 12
========================================
2026-07-09 15:27:43.546 +05:30 [INF] 
========================================
CACHE STORED IN GARNET
========================================
Doctor Id : 3
Date      : 2026-08-03
Key       : doctors:3:availability:2026-08-03
TTL       : 5 Minutes
Slots     : 12
========================================
2026-07-09 15:27:43.547 +05:30 [INF] HTTP GET /api/doctors/6/availability responded 200 in 14.6863 ms
2026-07-09 15:27:43.548 +05:30 [INF] HTTP GET /api/doctors/3/availability responded 200 in 14.0370 ms
2026-07-09 15:27:45.836 +05:30 [INF] HealthAxis API heartbeat running at "2026-07-09T15:27:45.8361015+05:30"
2026-07-09 15:27:54.390 +05:30 [INF] HTTP OPTIONS /api/appointments responded 204 in 0.0289 ms
2026-07-09 15:27:54.415 +05:30 [INF] 
========================================
CACHE REMOVED - DOCTOR AVAILABILITY
========================================
Doctor Id : 3
Date      : 2026-08-03
Key       : doctors:3:availability:2026-08-03
Reason    : Appointment booked
========================================
2026-07-09 15:27:54.426 +05:30 [INF] AppointmentBookedEvent published using MassTransit for AppointmentId 41, DoctorId 3
2026-07-09 15:27:54.426 +05:30 [INF] ===============================
APPOINTMENT EVENT RECEIVED
===============================
Event Type  : AppointmentBooked
Appointment : 41
Patient     : Raju
Doctor      : 3
Date        : 03-Aug-2026
Time Slot   : 10:30
Occurred At : 09-Jul-2026 09:57:54
===============================
2026-07-09 15:27:54.428 +05:30 [INF] HTTP POST /api/appointments responded 200 in 33.1389 ms
2026-07-09 15:27:54.432 +05:30 [INF] Notification created for DoctorId 3 for AppointmentId 41
2026-07-09 15:27:55.847 +05:30 [INF] HealthAxis API heartbeat running at "2026-07-09T15:27:55.8479477+05:30"
2026-07-09 15:28:00.689 +05:30 [INF] HTTP OPTIONS /api/doctors responded 204 in 0.0295 ms
2026-07-09 15:28:00.689 +05:30 [INF] HTTP OPTIONS /api/appointments responded 204 in 0.0349 ms
2026-07-09 15:28:00.689 +05:30 [INF] HTTP OPTIONS /api/health-records/patient/1006 responded 204 in 0.0105 ms
2026-07-09 15:28:00.698 +05:30 [INF] HTTP GET /api/appointments responded 200 in 2.4836 ms
2026-07-09 15:28:00.705 +05:30 [INF] HTTP GET /api/health-records/patient/1006 responded 200 in 7.3127 ms
2026-07-09 15:28:00.711 +05:30 [INF] HTTP GET /api/doctors responded 200 in 15.7254 ms
2026-07-09 15:28:05.860 +05:30 [INF] HealthAxis API heartbeat running at "2026-07-09T15:28:05.8600653+05:30"
2026-07-09 16:43:39.375 +05:30 [INF] Configured endpoint appointment.events.queue, Consumer: HealthAxis.API.Consumers.AppointmentBookedConsumer
2026-07-09 16:43:39.564 +05:30 [INF] HeartbeatService started.
2026-07-09 16:43:39.566 +05:30 [INF] NotificationCleanupService started.
2026-07-09 16:43:39.567 +05:30 [INF] HealthAxis API heartbeat running at "2026-07-09T16:43:39.5669704+05:30"
2026-07-09 16:43:39.700 +05:30 [INF] No old notifications found for cleanup.
2026-07-09 16:43:39.920 +05:30 [INF] Now listening on: https://localhost:7130
2026-07-09 16:43:39.924 +05:30 [INF] Now listening on: http://localhost:5145
2026-07-09 16:43:39.943 +05:30 [INF] Bus started: "rabbitmq://localhost/"
2026-07-09 16:43:40.169 +05:30 [INF] Application started. Press Ctrl+C to shut down.
2026-07-09 16:43:40.170 +05:30 [INF] Hosting environment: Development
2026-07-09 16:43:40.172 +05:30 [INF] Content root path: C:\Users\310481\source\repos\UST-Live-01\Healthcare.netcore\Healthcare.netcore
2026-07-09 16:43:49.579 +05:30 [INF] HealthAxis API heartbeat running at "2026-07-09T16:43:49.5788322+05:30"
2026-07-09 16:43:59.584 +05:30 [INF] HealthAxis API heartbeat running at "2026-07-09T16:43:59.5836143+05:30"
2026-07-09 16:44:01.597 +05:30 [INF] HTTP OPTIONS /api/auth/login responded 204 in 2.9325 ms
2026-07-09 16:44:02.310 +05:30 [INF] HTTP POST /api/auth/login responded 200 in 697.5118 ms
2026-07-09 16:44:02.326 +05:30 [INF] HTTP OPTIONS /api/patients/me responded 204 in 0.5029 ms
2026-07-09 16:44:02.331 +05:30 [INF] HTTP OPTIONS /api/patients/me responded 204 in 0.1746 ms
2026-07-09 16:44:02.671 +05:30 [WRN] You do not have a valid license key for the Lucky Penny software AutoMapper. This is allowed for development and testing scenarios. If you are running in production you are required to have a licensed version. Please visit https://luckypennysoftware.com to obtain a valid license.
2026-07-09 16:44:02.785 +05:30 [INF] HTTP GET /api/patients/me responded 200 in 452.3105 ms
2026-07-09 16:44:02.807 +05:30 [INF] HTTP GET /api/patients/me responded 200 in 19.9428 ms
2026-07-09 16:44:02.814 +05:30 [INF] HTTP OPTIONS /api/doctors responded 204 in 0.0734 ms
2026-07-09 16:44:02.814 +05:30 [INF] HTTP OPTIONS /api/patients/1006/health-records responded 204 in 0.0357 ms
2026-07-09 16:44:02.814 +05:30 [INF] HTTP OPTIONS /api/appointments responded 204 in 0.0337 ms
2026-07-09 16:44:02.924 +05:30 [INF] HTTP GET /api/appointments responded 200 in 98.9671 ms
2026-07-09 16:44:02.962 +05:30 [INF] HTTP GET /api/patients/1006/health-records responded 200 in 140.1457 ms
2026-07-09 16:44:03.302 +05:30 [INF] HTTP GET /api/doctors responded 200 in 482.1015 ms
2026-07-09 16:44:08.794 +05:30 [INF] HTTP OPTIONS /api/doctors responded 204 in 0.2356 ms
2026-07-09 16:44:08.813 +05:30 [INF] HTTP GET /api/doctors responded 200 in 11.6054 ms
2026-07-09 16:44:09.595 +05:30 [INF] HealthAxis API heartbeat running at "2026-07-09T16:44:09.5953608+05:30"
2026-07-09 16:44:19.444 +05:30 [INF] HTTP OPTIONS /api/doctors/3/availability responded 204 in 0.0960 ms
2026-07-09 16:44:19.444 +05:30 [INF] HTTP OPTIONS /api/doctors/6/availability responded 204 in 0.0537 ms
2026-07-09 16:44:19.610 +05:30 [INF] HealthAxis API heartbeat running at "2026-07-09T16:44:19.6106176+05:30"
2026-07-09 16:44:19.686 +05:30 [INF] 
========================================
CACHE MISS - DOCTOR AVAILABILITY
========================================
Doctor Id : 6
Date      : 2026-07-30
Key       : doctors:6:availability:2026-07-30
Source    : SQL Server Required
========================================
2026-07-09 16:44:19.686 +05:30 [INF] 
========================================
CACHE MISS - DOCTOR AVAILABILITY
========================================
Doctor Id : 3
Date      : 2026-07-30
Key       : doctors:3:availability:2026-07-30
Source    : SQL Server Required
========================================
2026-07-09 16:44:19.737 +05:30 [INF] 
========================================
CACHE STORED IN GARNET
========================================
Doctor Id : 6
Date      : 2026-07-30
Key       : doctors:6:availability:2026-07-30
TTL       : 5 Minutes
Slots     : 12
========================================
2026-07-09 16:44:19.737 +05:30 [INF] 
========================================
CACHE STORED IN GARNET
========================================
Doctor Id : 3
Date      : 2026-07-30
Key       : doctors:3:availability:2026-07-30
TTL       : 5 Minutes
Slots     : 12
========================================
2026-07-09 16:44:19.739 +05:30 [INF] HTTP GET /api/doctors/6/availability responded 200 in 288.1574 ms
2026-07-09 16:44:19.739 +05:30 [INF] HTTP GET /api/doctors/3/availability responded 200 in 289.3539 ms
2026-07-09 16:44:29.615 +05:30 [INF] HealthAxis API heartbeat running at "2026-07-09T16:44:29.6155561+05:30"
2026-07-09 16:44:29.625 +05:30 [INF] HTTP OPTIONS /api/appointments responded 204 in 0.1674 ms
2026-07-09 16:44:29.793 +05:30 [INF] 
========================================
CACHE REMOVED - DOCTOR AVAILABILITY
========================================
Doctor Id : 3
Date      : 2026-07-30
Key       : doctors:3:availability:2026-07-30
Reason    : Appointment booked
========================================
2026-07-09 16:44:29.960 +05:30 [INF] AppointmentBookedEvent published using MassTransit for AppointmentId 42, DoctorId 3
2026-07-09 16:44:29.966 +05:30 [INF] HTTP POST /api/appointments responded 200 in 336.0651 ms
2026-07-09 16:44:30.033 +05:30 [INF] ===============================
APPOINTMENT EVENT RECEIVED
===============================
Event Type  : AppointmentBooked
Appointment : 42
Patient     : Raju
Doctor      : 3
Date        : 30-Jul-2026
Time Slot   : 11:30
Occurred At : 09-Jul-2026 11:14:29
===============================
2026-07-09 16:44:30.072 +05:30 [INF] Notification created for DoctorId 3 for AppointmentId 42
2026-07-09 16:44:31.181 +05:30 [INF] HTTP OPTIONS /api/health-records/patient/1006 responded 204 in 0.0624 ms
2026-07-09 16:44:31.181 +05:30 [INF] HTTP OPTIONS /api/doctors responded 204 in 0.0973 ms
2026-07-09 16:44:31.190 +05:30 [INF] HTTP GET /api/appointments responded 200 in 9.2842 ms
2026-07-09 16:44:31.204 +05:30 [INF] HTTP GET /api/doctors responded 200 in 15.9591 ms
2026-07-09 16:44:31.219 +05:30 [INF] HTTP GET /api/health-records/patient/1006 responded 200 in 32.1263 ms
2026-07-09 16:44:39.360 +05:30 [INF] HTTP OPTIONS /api/doctors responded 204 in 0.1094 ms
2026-07-09 16:44:39.374 +05:30 [INF] HTTP GET /api/doctors responded 200 in 8.4952 ms
2026-07-09 16:44:39.629 +05:30 [INF] HealthAxis API heartbeat running at "2026-07-09T16:44:39.6290882+05:30"
2026-07-09 16:44:49.643 +05:30 [INF] HealthAxis API heartbeat running at "2026-07-09T16:44:49.6432368+05:30"
2026-07-09 16:44:54.784 +05:30 [INF] HTTP OPTIONS /api/doctors/5/availability responded 204 in 0.1004 ms
2026-07-09 16:44:54.794 +05:30 [INF] 
========================================
CACHE MISS - DOCTOR AVAILABILITY
========================================
Doctor Id : 5
Date      : 2026-07-22
Key       : doctors:5:availability:2026-07-22
Source    : SQL Server Required
========================================
2026-07-09 16:44:54.798 +05:30 [INF] 
========================================
CACHE STORED IN GARNET
========================================
Doctor Id : 5
Date      : 2026-07-22
Key       : doctors:5:availability:2026-07-22
TTL       : 5 Minutes
Slots     : 12
========================================
2026-07-09 16:44:54.800 +05:30 [INF] HTTP GET /api/doctors/5/availability responded 200 in 10.6446 ms
2026-07-09 16:44:59.656 +05:30 [INF] HealthAxis API heartbeat running at "2026-07-09T16:44:59.6561714+05:30"
2026-07-09 16:45:01.280 +05:30 [INF] HTTP OPTIONS /api/appointments responded 204 in 0.1011 ms
2026-07-09 16:45:01.294 +05:30 [INF] 
========================================
CACHE REMOVED - DOCTOR AVAILABILITY
========================================
Doctor Id : 5
Date      : 2026-07-22
Key       : doctors:5:availability:2026-07-22
Reason    : Appointment booked
========================================
2026-07-09 16:45:01.305 +05:30 [INF] ===============================
APPOINTMENT EVENT RECEIVED
===============================
Event Type  : AppointmentBooked
Appointment : 43
Patient     : Raju
Doctor      : 5
Date        : 22-Jul-2026
Time Slot   : 10:00
Occurred At : 09-Jul-2026 11:15:01
===============================
2026-07-09 16:45:01.309 +05:30 [INF] Notification created for DoctorId 5 for AppointmentId 43
2026-07-09 16:45:01.310 +05:30 [INF] AppointmentBookedEvent published using MassTransit for AppointmentId 43, DoctorId 5
2026-07-09 16:45:01.313 +05:30 [INF] HTTP POST /api/appointments responded 200 in 27.5041 ms
2026-07-09 16:45:02.528 +05:30 [INF] HTTP OPTIONS /api/health-records/patient/1006 responded 204 in 0.0247 ms
2026-07-09 16:45:02.528 +05:30 [INF] HTTP OPTIONS /api/doctors responded 204 in 0.0545 ms
2026-07-09 16:45:02.534 +05:30 [INF] HTTP GET /api/appointments responded 200 in 6.4957 ms
2026-07-09 16:45:02.545 +05:30 [INF] HTTP GET /api/doctors responded 200 in 6.4112 ms
2026-07-09 16:45:02.545 +05:30 [INF] HTTP GET /api/health-records/patient/1006 responded 200 in 6.3944 ms
2026-07-09 16:45:09.662 +05:30 [INF] HealthAxis API heartbeat running at "2026-07-09T16:45:09.6615406+05:30"
2026-07-09 16:45:19.672 +05:30 [INF] HealthAxis API heartbeat running at "2026-07-09T16:45:19.6724942+05:30"
2026-07-09 16:45:29.684 +05:30 [INF] HealthAxis API heartbeat running at "2026-07-09T16:45:29.6844493+05:30"
2026-07-09 16:45:39.696 +05:30 [INF] HealthAxis API heartbeat running at "2026-07-09T16:45:39.6957376+05:30"
2026-07-09 16:45:49.708 +05:30 [INF] HealthAxis API heartbeat running at "2026-07-09T16:45:49.7084477+05:30"
2026-07-09 16:45:59.723 +05:30 [INF] HealthAxis API heartbeat running at "2026-07-09T16:45:59.7229130+05:30"
2026-07-09 16:46:09.733 +05:30 [INF] HealthAxis API heartbeat running at "2026-07-09T16:46:09.7325643+05:30"
2026-07-09 16:46:19.739 +05:30 [INF] HealthAxis API heartbeat running at "2026-07-09T16:46:19.7397866+05:30"
2026-07-09 16:46:29.748 +05:30 [INF] HealthAxis API heartbeat running at "2026-07-09T16:46:29.7483190+05:30"
2026-07-09 16:46:39.762 +05:30 [INF] HealthAxis API heartbeat running at "2026-07-09T16:46:39.7627056+05:30"
2026-07-09 16:46:49.770 +05:30 [INF] HealthAxis API heartbeat running at "2026-07-09T16:46:49.7708451+05:30"
2026-07-09 16:46:59.781 +05:30 [INF] HealthAxis API heartbeat running at "2026-07-09T16:46:59.7812883+05:30"
2026-07-09 16:47:09.799 +05:30 [INF] HealthAxis API heartbeat running at "2026-07-09T16:47:09.7992766+05:30"
2026-07-09 16:47:13.807 +05:30 [INF] HTTP OPTIONS /api/patients/me responded 204 in 0.1247 ms
2026-07-09 16:47:13.812 +05:30 [INF] HTTP OPTIONS /api/doctors responded 204 in 0.0898 ms
2026-07-09 16:47:13.815 +05:30 [INF] HTTP OPTIONS /api/health-records/patient/1006 responded 204 in 0.0704 ms
2026-07-09 16:47:13.815 +05:30 [INF] HTTP OPTIONS /api/appointments responded 204 in 0.0487 ms
2026-07-09 16:47:13.836 +05:30 [INF] HTTP GET /api/patients/me responded 200 in 11.2752 ms
2026-07-09 16:47:13.843 +05:30 [INF] HTTP GET /api/health-records/patient/1006 responded 200 in 11.6674 ms
2026-07-09 16:47:13.846 +05:30 [INF] HTTP GET /api/doctors responded 200 in 20.4464 ms
2026-07-09 16:47:14.092 +05:30 [INF] HTTP GET /api/appointments responded 200 in 256.2689 ms
2026-07-09 16:47:19.808 +05:30 [INF] HealthAxis API heartbeat running at "2026-07-09T16:47:19.8086712+05:30"
2026-07-09 16:47:29.820 +05:30 [INF] HealthAxis API heartbeat running at "2026-07-09T16:47:29.8206300+05:30"
2026-07-09 16:47:39.824 +05:30 [INF] HealthAxis API heartbeat running at "2026-07-09T16:47:39.8242452+05:30"
2026-07-09 16:47:49.830 +05:30 [INF] HealthAxis API heartbeat running at "2026-07-09T16:47:49.8309123+05:30"
2026-07-09 16:47:59.839 +05:30 [INF] HealthAxis API heartbeat running at "2026-07-09T16:47:59.8390677+05:30"
2026-07-09 16:48:09.847 +05:30 [INF] HealthAxis API heartbeat running at "2026-07-09T16:48:09.8472281+05:30"
2026-07-09 16:48:19.855 +05:30 [INF] HealthAxis API heartbeat running at "2026-07-09T16:48:19.8556228+05:30"
2026-07-09 16:48:29.863 +05:30 [INF] HealthAxis API heartbeat running at "2026-07-09T16:48:29.8629868+05:30"
2026-07-09 16:48:39.872 +05:30 [INF] HealthAxis API heartbeat running at "2026-07-09T16:48:39.8729094+05:30"
2026-07-09 16:48:49.881 +05:30 [INF] HealthAxis API heartbeat running at "2026-07-09T16:48:49.8816137+05:30"
2026-07-09 16:48:59.885 +05:30 [INF] HealthAxis API heartbeat running at "2026-07-09T16:48:59.8850761+05:30"
2026-07-09 16:49:09.898 +05:30 [INF] HealthAxis API heartbeat running at "2026-07-09T16:49:09.8986830+05:30"
2026-07-09 16:49:19.901 +05:30 [INF] HealthAxis API heartbeat running at "2026-07-09T16:49:19.9010923+05:30"
2026-07-09 16:49:29.907 +05:30 [INF] HealthAxis API heartbeat running at "2026-07-09T16:49:29.9074587+05:30"
2026-07-09 16:49:39.911 +05:30 [INF] HealthAxis API heartbeat running at "2026-07-09T16:49:39.9117264+05:30"
2026-07-09 16:49:49.915 +05:30 [INF] HealthAxis API heartbeat running at "2026-07-09T16:49:49.9158949+05:30"
2026-07-09 16:49:59.923 +05:30 [INF] HealthAxis API heartbeat running at "2026-07-09T16:49:59.9232443+05:30"
2026-07-09 16:50:01.012 +05:30 [INF] HTTP OPTIONS /api/patients/me responded 204 in 0.1485 ms
2026-07-09 16:50:01.012 +05:30 [INF] HTTP OPTIONS /api/health-records/patient/1006 responded 204 in 0.1434 ms
2026-07-09 16:50:01.013 +05:30 [INF] HTTP OPTIONS /api/doctors responded 204 in 0.0698 ms
2026-07-09 16:50:01.014 +05:30 [INF] HTTP OPTIONS /api/appointments responded 204 in 0.0556 ms
2026-07-09 16:50:01.026 +05:30 [INF] HTTP GET /api/patients/me responded 200 in 6.6806 ms
2026-07-09 16:50:01.028 +05:30 [INF] HTTP GET /api/appointments responded 200 in 5.2094 ms
2026-07-09 16:50:01.029 +05:30 [INF] HTTP GET /api/health-records/patient/1006 responded 200 in 9.1854 ms
2026-07-09 16:50:01.035 +05:30 [INF] HTTP GET /api/doctors responded 200 in 13.0787 ms
2026-07-09 16:50:02.330 +05:30 [INF] HTTP GET /api/doctors responded 200 in 4.7362 ms
2026-07-09 16:50:09.934 +05:30 [INF] HealthAxis API heartbeat running at "2026-07-09T16:50:09.9345760+05:30"
2026-07-09 16:50:18.025 +05:30 [INF] HTTP OPTIONS /api/doctors/4/availability responded 204 in 0.0443 ms
2026-07-09 16:50:18.034 +05:30 [INF] 
========================================
CACHE MISS - DOCTOR AVAILABILITY
========================================
Doctor Id : 4
Date      : 2026-08-18
Key       : doctors:4:availability:2026-08-18
Source    : SQL Server Required
========================================
2026-07-09 16:50:18.046 +05:30 [INF] 
========================================
CACHE STORED IN GARNET
========================================
Doctor Id : 4
Date      : 2026-08-18
Key       : doctors:4:availability:2026-08-18
TTL       : 5 Minutes
Slots     : 12
========================================
2026-07-09 16:50:18.047 +05:30 [INF] HTTP GET /api/doctors/4/availability responded 200 in 17.6331 ms
2026-07-09 16:50:19.953 +05:30 [INF] HealthAxis API heartbeat running at "2026-07-09T16:50:19.9535010+05:30"
2026-07-09 16:50:24.224 +05:30 [INF] HTTP OPTIONS /api/appointments responded 204 in 0.1050 ms
2026-07-09 16:50:24.247 +05:30 [INF] 
========================================
CACHE REMOVED - DOCTOR AVAILABILITY
========================================
Doctor Id : 4
Date      : 2026-08-18
Key       : doctors:4:availability:2026-08-18
Reason    : Appointment booked
========================================
2026-07-09 16:50:24.255 +05:30 [INF] ===============================
APPOINTMENT EVENT RECEIVED
===============================
Event Type  : AppointmentBooked
Appointment : 44
Patient     : Raju
Doctor      : 4
Date        : 18-Aug-2026
Time Slot   : 15:30
Occurred At : 09-Jul-2026 11:20:24
===============================
2026-07-09 16:50:24.257 +05:30 [INF] AppointmentBookedEvent published using MassTransit for AppointmentId 44, DoctorId 4
2026-07-09 16:50:24.259 +05:30 [INF] HTTP POST /api/appointments responded 200 in 28.9444 ms
2026-07-09 16:50:24.261 +05:30 [INF] Notification created for DoctorId 4 for AppointmentId 44
2026-07-09 16:50:26.782 +05:30 [INF] HTTP OPTIONS /api/health-records/patient/1006 responded 204 in 0.0544 ms
2026-07-09 16:50:26.782 +05:30 [INF] HTTP OPTIONS /api/doctors responded 204 in 0.0529 ms
2026-07-09 16:50:26.788 +05:30 [INF] HTTP GET /api/appointments responded 200 in 5.1266 ms
2026-07-09 16:50:26.797 +05:30 [INF] HTTP GET /api/health-records/patient/1006 responded 200 in 5.2276 ms
2026-07-09 16:50:26.797 +05:30 [INF] HTTP GET /api/doctors responded 200 in 5.6490 ms
2026-07-09 16:50:29.957 +05:30 [INF] HealthAxis API heartbeat running at "2026-07-09T16:50:29.9578721+05:30"
2026-07-09 16:50:39.976 +05:30 [INF] HealthAxis API heartbeat running at "2026-07-09T16:50:39.9767391+05:30"
2026-07-09 16:50:49.980 +05:30 [INF] HealthAxis API heartbeat running at "2026-07-09T16:50:49.9806907+05:30"
2026-07-09 16:50:59.984 +05:30 [INF] HealthAxis API heartbeat running at "2026-07-09T16:50:59.9845204+05:30"
2026-07-09 16:51:09.990 +05:30 [INF] HealthAxis API heartbeat running at "2026-07-09T16:51:09.9908454+05:30"
2026-07-09 16:51:19.994 +05:30 [INF] HealthAxis API heartbeat running at "2026-07-09T16:51:19.9948907+05:30"
2026-07-09 16:51:30.013 +05:30 [INF] HealthAxis API heartbeat running at "2026-07-09T16:51:30.0131870+05:30"
2026-07-09 16:51:40.024 +05:30 [INF] HealthAxis API heartbeat running at "2026-07-09T16:51:40.0247302+05:30"
2026-07-09 16:51:50.031 +05:30 [INF] HealthAxis API heartbeat running at "2026-07-09T16:51:50.0316988+05:30"
2026-07-09 16:52:00.042 +05:30 [INF] HealthAxis API heartbeat running at "2026-07-09T16:52:00.0429075+05:30"
2026-07-09 16:52:10.045 +05:30 [INF] HealthAxis API heartbeat running at "2026-07-09T16:52:10.0453537+05:30"
2026-07-09 16:52:20.050 +05:30 [INF] HealthAxis API heartbeat running at "2026-07-09T16:52:20.0507964+05:30"
2026-07-09 16:52:30.066 +05:30 [INF] HealthAxis API heartbeat running at "2026-07-09T16:52:30.0668822+05:30"
2026-07-09 16:52:40.070 +05:30 [INF] HealthAxis API heartbeat running at "2026-07-09T16:52:40.0706579+05:30"
2026-07-09 16:52:50.074 +05:30 [INF] HealthAxis API heartbeat running at "2026-07-09T16:52:50.0741135+05:30"
2026-07-09 16:53:00.076 +05:30 [INF] HealthAxis API heartbeat running at "2026-07-09T16:53:00.0768858+05:30"
2026-07-09 16:53:10.084 +05:30 [INF] HealthAxis API heartbeat running at "2026-07-09T16:53:10.0844955+05:30"
2026-07-09 16:53:20.099 +05:30 [INF] HealthAxis API heartbeat running at "2026-07-09T16:53:20.0999007+05:30"
2026-07-09 16:53:30.103 +05:30 [INF] HealthAxis API heartbeat running at "2026-07-09T16:53:30.1035908+05:30"
2026-07-09 16:53:40.120 +05:30 [INF] HealthAxis API heartbeat running at "2026-07-09T16:53:40.1199731+05:30"
2026-07-09 16:53:41.911 +05:30 [INF] HTTP OPTIONS /api/patients/me responded 204 in 0.0751 ms
2026-07-09 16:53:41.911 +05:30 [INF] HTTP OPTIONS /api/appointments responded 204 in 0.0752 ms
2026-07-09 16:53:41.911 +05:30 [INF] HTTP OPTIONS /api/doctors responded 204 in 0.0125 ms
2026-07-09 16:53:41.920 +05:30 [INF] HTTP OPTIONS /api/health-records/patient/1006 responded 204 in 0.0496 ms
2026-07-09 16:53:41.931 +05:30 [INF] HTTP GET /api/appointments responded 200 in 4.6604 ms
2026-07-09 16:53:41.931 +05:30 [INF] HTTP GET /api/patients/me responded 200 in 5.1288 ms
2026-07-09 16:53:41.942 +05:30 [INF] HTTP GET /api/health-records/patient/1006 responded 200 in 12.0951 ms
2026-07-09 16:53:41.947 +05:30 [INF] HTTP GET /api/doctors responded 200 in 18.0992 ms
2026-07-09 16:53:50.137 +05:30 [INF] HealthAxis API heartbeat running at "2026-07-09T16:53:50.1372061+05:30"
2026-07-09 16:54:00.141 +05:30 [INF] HealthAxis API heartbeat running at "2026-07-09T16:54:00.1416191+05:30"
2026-07-09 16:54:10.153 +05:30 [INF] HealthAxis API heartbeat running at "2026-07-09T16:54:10.1530511+05:30"
2026-07-09 16:54:20.165 +05:30 [INF] HealthAxis API heartbeat running at "2026-07-09T16:54:20.1657500+05:30"
2026-07-09 16:54:30.176 +05:30 [INF] HealthAxis API heartbeat running at "2026-07-09T16:54:30.1767184+05:30"
2026-07-09 16:54:33.540 +05:30 [INF] HTTP OPTIONS /api/patients/me responded 204 in 0.0664 ms
2026-07-09 16:54:33.543 +05:30 [INF] HTTP OPTIONS /api/appointments responded 204 in 1.0399 ms
2026-07-09 16:54:33.545 +05:30 [INF] HTTP OPTIONS /api/doctors responded 204 in 0.0426 ms
2026-07-09 16:54:33.545 +05:30 [INF] HTTP OPTIONS /api/health-records/patient/1006 responded 204 in 0.0377 ms
2026-07-09 16:54:33.558 +05:30 [INF] HTTP GET /api/patients/me responded 200 in 9.2069 ms
2026-07-09 16:54:33.559 +05:30 [INF] HTTP GET /api/appointments responded 200 in 4.5761 ms
2026-07-09 16:54:33.567 +05:30 [INF] HTTP GET /api/health-records/patient/1006 responded 200 in 8.5665 ms
2026-07-09 16:54:33.573 +05:30 [INF] HTTP GET /api/doctors responded 200 in 16.4199 ms
2026-07-09 16:54:35.481 +05:30 [INF] HTTP GET /api/doctors responded 200 in 4.5896 ms
2026-07-09 16:54:40.189 +05:30 [INF] HealthAxis API heartbeat running at "2026-07-09T16:54:40.1894603+05:30"
2026-07-09 16:54:49.571 +05:30 [INF] HTTP OPTIONS /api/doctors/1/availability responded 204 in 0.0743 ms
2026-07-09 16:54:49.571 +05:30 [INF] HTTP OPTIONS /api/doctors/1009/availability responded 204 in 0.0091 ms
2026-07-09 16:54:49.571 +05:30 [INF] HTTP OPTIONS /api/doctors/1006/availability responded 204 in 0.0709 ms
2026-07-09 16:54:49.579 +05:30 [INF] 
========================================
CACHE MISS - DOCTOR AVAILABILITY
========================================
Doctor Id : 1009
Date      : 2026-08-09
Key       : doctors:1009:availability:2026-08-09
Source    : SQL Server Required
========================================
2026-07-09 16:54:49.579 +05:30 [INF] 
========================================
CACHE MISS - DOCTOR AVAILABILITY
========================================
Doctor Id : 1006
Date      : 2026-08-09
Key       : doctors:1006:availability:2026-08-09
Source    : SQL Server Required
========================================
2026-07-09 16:54:49.579 +05:30 [INF] 
========================================
CACHE MISS - DOCTOR AVAILABILITY
========================================
Doctor Id : 1
Date      : 2026-08-09
Key       : doctors:1:availability:2026-08-09
Source    : SQL Server Required
========================================
2026-07-09 16:54:49.590 +05:30 [INF] 
========================================
CACHE STORED IN GARNET
========================================
Doctor Id : 1009
Date      : 2026-08-09
Key       : doctors:1009:availability:2026-08-09
TTL       : 5 Minutes
Slots     : 12
========================================
2026-07-09 16:54:49.590 +05:30 [INF] 
========================================
CACHE STORED IN GARNET
========================================
Doctor Id : 1006
Date      : 2026-08-09
Key       : doctors:1006:availability:2026-08-09
TTL       : 5 Minutes
Slots     : 12
========================================
2026-07-09 16:54:49.590 +05:30 [INF] 
========================================
CACHE STORED IN GARNET
========================================
Doctor Id : 1
Date      : 2026-08-09
Key       : doctors:1:availability:2026-08-09
TTL       : 5 Minutes
Slots     : 0
========================================
2026-07-09 16:54:49.591 +05:30 [INF] HTTP GET /api/doctors/1009/availability responded 200 in 14.9486 ms
2026-07-09 16:54:49.592 +05:30 [INF] HTTP GET /api/doctors/1006/availability responded 200 in 13.8937 ms
2026-07-09 16:54:49.593 +05:30 [INF] HTTP GET /api/doctors/1/availability responded 200 in 17.2649 ms
2026-07-09 16:54:50.204 +05:30 [INF] HealthAxis API heartbeat running at "2026-07-09T16:54:50.2045196+05:30"
2026-07-09 16:55:00.218 +05:30 [INF] HealthAxis API heartbeat running at "2026-07-09T16:55:00.2183832+05:30"
2026-07-09 16:55:06.548 +05:30 [INF] HTTP OPTIONS /api/doctors/2/availability responded 204 in 0.6860 ms
2026-07-09 16:55:06.549 +05:30 [INF] HTTP OPTIONS /api/doctors/1007/availability responded 204 in 0.0293 ms
2026-07-09 16:55:06.549 +05:30 [INF] HTTP OPTIONS /api/doctors/1008/availability responded 204 in 0.0199 ms
2026-07-09 16:55:06.557 +05:30 [INF] 
========================================
CACHE MISS - DOCTOR AVAILABILITY
========================================
Doctor Id : 2
Date      : 2026-08-09
Key       : doctors:2:availability:2026-08-09
Source    : SQL Server Required
========================================
2026-07-09 16:55:06.557 +05:30 [INF] 
========================================
CACHE MISS - DOCTOR AVAILABILITY
========================================
Doctor Id : 1007
Date      : 2026-08-09
Key       : doctors:1007:availability:2026-08-09
Source    : SQL Server Required
========================================
2026-07-09 16:55:06.557 +05:30 [INF] 
========================================
CACHE MISS - DOCTOR AVAILABILITY
========================================
Doctor Id : 1008
Date      : 2026-08-09
Key       : doctors:1008:availability:2026-08-09
Source    : SQL Server Required
========================================
2026-07-09 16:55:06.562 +05:30 [INF] 
========================================
CACHE STORED IN GARNET
========================================
Doctor Id : 1008
Date      : 2026-08-09
Key       : doctors:1008:availability:2026-08-09
TTL       : 5 Minutes
Slots     : 12
========================================
2026-07-09 16:55:06.562 +05:30 [INF] 
========================================
CACHE STORED IN GARNET
========================================
Doctor Id : 2
Date      : 2026-08-09
Key       : doctors:2:availability:2026-08-09
TTL       : 5 Minutes
Slots     : 12
========================================
2026-07-09 16:55:06.562 +05:30 [INF] 
========================================
CACHE STORED IN GARNET
========================================
Doctor Id : 1007
Date      : 2026-08-09
Key       : doctors:1007:availability:2026-08-09
TTL       : 5 Minutes
Slots     : 12
========================================
2026-07-09 16:55:06.564 +05:30 [INF] HTTP GET /api/doctors/1008/availability responded 200 in 7.7079 ms
2026-07-09 16:55:06.565 +05:30 [INF] HTTP GET /api/doctors/2/availability responded 200 in 10.2924 ms
2026-07-09 16:55:06.566 +05:30 [INF] HTTP GET /api/doctors/1007/availability responded 200 in 11.3686 ms
2026-07-09 16:55:10.232 +05:30 [INF] HealthAxis API heartbeat running at "2026-07-09T16:55:10.2321062+05:30"
2026-07-09 16:55:12.762 +05:30 [INF] HTTP OPTIONS /api/appointments responded 204 in 0.0333 ms
2026-07-09 16:55:12.781 +05:30 [INF] 
========================================
CACHE REMOVED - DOCTOR AVAILABILITY
========================================
Doctor Id : 2
Date      : 2026-08-09
Key       : doctors:2:availability:2026-08-09
Reason    : Appointment booked
========================================
2026-07-09 16:55:12.787 +05:30 [INF] ===============================
APPOINTMENT EVENT RECEIVED
===============================
Event Type  : AppointmentBooked
Appointment : 45
Patient     : Raju
Doctor      : 2
Date        : 09-Aug-2026
Time Slot   : 15:30
Occurred At : 09-Jul-2026 11:25:12
===============================
2026-07-09 16:55:12.789 +05:30 [INF] AppointmentBookedEvent published using MassTransit for AppointmentId 45, DoctorId 2
2026-07-09 16:55:12.791 +05:30 [INF] HTTP POST /api/appointments responded 200 in 23.4941 ms
2026-07-09 16:55:12.792 +05:30 [INF] Notification created for DoctorId 2 for AppointmentId 45
2026-07-09 16:55:15.309 +05:30 [INF] HTTP OPTIONS /api/doctors responded 204 in 0.0363 ms
2026-07-09 16:55:15.309 +05:30 [INF] HTTP OPTIONS /api/health-records/patient/1006 responded 204 in 0.0410 ms
2026-07-09 16:55:15.325 +05:30 [INF] HTTP GET /api/health-records/patient/1006 responded 200 in 8.4278 ms
2026-07-09 16:55:15.325 +05:30 [INF] HTTP GET /api/appointments responded 200 in 16.2350 ms
2026-07-09 16:55:15.333 +05:30 [INF] HTTP GET /api/doctors responded 200 in 16.4095 ms
2026-07-09 16:55:20.233 +05:30 [INF] HealthAxis API heartbeat running at "2026-07-09T16:55:20.2329834+05:30"
2026-07-09 16:55:30.246 +05:30 [INF] HealthAxis API heartbeat running at "2026-07-09T16:55:30.2465620+05:30"
2026-07-09 16:55:40.252 +05:30 [INF] HealthAxis API heartbeat running at "2026-07-09T16:55:40.2525335+05:30"
2026-07-09 16:55:50.259 +05:30 [INF] HealthAxis API heartbeat running at "2026-07-09T16:55:50.2594179+05:30"
2026-07-09 16:56:00.274 +05:30 [INF] HealthAxis API heartbeat running at "2026-07-09T16:56:00.2742236+05:30"
2026-07-09 16:56:10.277 +05:30 [INF] HealthAxis API heartbeat running at "2026-07-09T16:56:10.2777118+05:30"
2026-07-09 16:56:20.293 +05:30 [INF] HealthAxis API heartbeat running at "2026-07-09T16:56:20.2934179+05:30"
2026-07-09 16:56:30.310 +05:30 [INF] HealthAxis API heartbeat running at "2026-07-09T16:56:30.3100810+05:30"
2026-07-09 16:56:40.325 +05:30 [INF] HealthAxis API heartbeat running at "2026-07-09T16:56:40.3251647+05:30"
2026-07-09 16:56:50.331 +05:30 [INF] HealthAxis API heartbeat running at "2026-07-09T16:56:50.3312160+05:30"
2026-07-09 16:57:00.342 +05:30 [INF] HealthAxis API heartbeat running at "2026-07-09T16:57:00.3421178+05:30"
2026-07-09 16:57:10.358 +05:30 [INF] HealthAxis API heartbeat running at "2026-07-09T16:57:10.3586424+05:30"
2026-07-09 16:57:20.370 +05:30 [INF] HealthAxis API heartbeat running at "2026-07-09T16:57:20.3702253+05:30"
2026-07-09 16:57:30.380 +05:30 [INF] HealthAxis API heartbeat running at "2026-07-09T16:57:30.3803629+05:30"
2026-07-09 16:57:40.389 +05:30 [INF] HealthAxis API heartbeat running at "2026-07-09T16:57:40.3897137+05:30"
2026-07-09 16:57:50.400 +05:30 [INF] HealthAxis API heartbeat running at "2026-07-09T16:57:50.4008485+05:30"
2026-07-09 16:58:00.405 +05:30 [INF] HealthAxis API heartbeat running at "2026-07-09T16:58:00.4056515+05:30"
2026-07-09 16:58:10.417 +05:30 [INF] HealthAxis API heartbeat running at "2026-07-09T16:58:10.4178989+05:30"
2026-07-09 16:58:20.419 +05:30 [INF] HealthAxis API heartbeat running at "2026-07-09T16:58:20.4194329+05:30"
2026-07-09 16:58:30.431 +05:30 [INF] HealthAxis API heartbeat running at "2026-07-09T16:58:30.4314782+05:30"
2026-07-09 16:58:40.442 +05:30 [INF] HealthAxis API heartbeat running at "2026-07-09T16:58:40.4423416+05:30"
2026-07-09 16:58:50.453 +05:30 [INF] HealthAxis API heartbeat running at "2026-07-09T16:58:50.4537777+05:30"
2026-07-09 16:59:00.461 +05:30 [INF] HealthAxis API heartbeat running at "2026-07-09T16:59:00.4615577+05:30"
2026-07-09 16:59:10.477 +05:30 [INF] HealthAxis API heartbeat running at "2026-07-09T16:59:10.4775777+05:30"
2026-07-09 16:59:20.489 +05:30 [INF] HealthAxis API heartbeat running at "2026-07-09T16:59:20.4895942+05:30"
2026-07-09 16:59:30.499 +05:30 [INF] HealthAxis API heartbeat running at "2026-07-09T16:59:30.4996753+05:30"
2026-07-09 16:59:40.512 +05:30 [INF] HealthAxis API heartbeat running at "2026-07-09T16:59:40.5122780+05:30"
2026-07-09 16:59:50.526 +05:30 [INF] HealthAxis API heartbeat running at "2026-07-09T16:59:50.5262029+05:30"
2026-07-09 17:00:00.536 +05:30 [INF] HealthAxis API heartbeat running at "2026-07-09T17:00:00.5364588+05:30"
2026-07-09 17:00:10.545 +05:30 [INF] HealthAxis API heartbeat running at "2026-07-09T17:00:10.5459028+05:30"
2026-07-09 17:00:20.547 +05:30 [INF] HealthAxis API heartbeat running at "2026-07-09T17:00:20.5473822+05:30"
2026-07-09 17:00:30.568 +05:30 [INF] HealthAxis API heartbeat running at "2026-07-09T17:00:30.5680045+05:30"
2026-07-09 17:00:40.574 +05:30 [INF] HealthAxis API heartbeat running at "2026-07-09T17:00:40.5741448+05:30"
2026-07-09 17:00:50.579 +05:30 [INF] HealthAxis API heartbeat running at "2026-07-09T17:00:50.5790021+05:30"
2026-07-09 17:01:00.580 +05:30 [INF] HealthAxis API heartbeat running at "2026-07-09T17:01:00.5809618+05:30"
2026-07-09 17:01:10.588 +05:30 [INF] HealthAxis API heartbeat running at "2026-07-09T17:01:10.5883451+05:30"
2026-07-09 17:01:20.596 +05:30 [INF] HealthAxis API heartbeat running at "2026-07-09T17:01:20.5962411+05:30"
2026-07-09 17:01:30.597 +05:30 [INF] HealthAxis API heartbeat running at "2026-07-09T17:01:30.5978965+05:30"
2026-07-09 17:01:40.602 +05:30 [INF] HealthAxis API heartbeat running at "2026-07-09T17:01:40.6022965+05:30"
2026-07-09 17:01:50.619 +05:30 [INF] HealthAxis API heartbeat running at "2026-07-09T17:01:50.6194192+05:30"
2026-07-09 17:02:00.629 +05:30 [INF] HealthAxis API heartbeat running at "2026-07-09T17:02:00.6292400+05:30"
2026-07-09 17:02:10.636 +05:30 [INF] HealthAxis API heartbeat running at "2026-07-09T17:02:10.6361086+05:30"
2026-07-09 17:02:20.640 +05:30 [INF] HealthAxis API heartbeat running at "2026-07-09T17:02:20.6402012+05:30"
2026-07-09 17:02:30.649 +05:30 [INF] HealthAxis API heartbeat running at "2026-07-09T17:02:30.6496933+05:30"
2026-07-09 17:02:40.658 +05:30 [INF] HealthAxis API heartbeat running at "2026-07-09T17:02:40.6579903+05:30"
2026-07-09 17:02:50.662 +05:30 [INF] HealthAxis API heartbeat running at "2026-07-09T17:02:50.6625396+05:30"
2026-07-09 17:03:00.675 +05:30 [INF] HealthAxis API heartbeat running at "2026-07-09T17:03:00.6757677+05:30"
2026-07-09 17:03:10.680 +05:30 [INF] HealthAxis API heartbeat running at "2026-07-09T17:03:10.6804417+05:30"
2026-07-09 17:03:20.687 +05:30 [INF] HealthAxis API heartbeat running at "2026-07-09T17:03:20.6873038+05:30"
2026-07-09 17:03:30.696 +05:30 [INF] HealthAxis API heartbeat running at "2026-07-09T17:03:30.6969513+05:30"
2026-07-09 17:03:40.703 +05:30 [INF] HealthAxis API heartbeat running at "2026-07-09T17:03:40.7036133+05:30"
2026-07-09 17:03:50.720 +05:30 [INF] HealthAxis API heartbeat running at "2026-07-09T17:03:50.7201477+05:30"
2026-07-09 17:04:00.733 +05:30 [INF] HealthAxis API heartbeat running at "2026-07-09T17:04:00.7338926+05:30"
2026-07-09 17:04:10.744 +05:30 [INF] HealthAxis API heartbeat running at "2026-07-09T17:04:10.7446772+05:30"
2026-07-09 17:04:20.750 +05:30 [INF] HealthAxis API heartbeat running at "2026-07-09T17:04:20.7503562+05:30"
2026-07-09 17:04:30.762 +05:30 [INF] HealthAxis API heartbeat running at "2026-07-09T17:04:30.7622348+05:30"
2026-07-09 17:04:40.769 +05:30 [INF] HealthAxis API heartbeat running at "2026-07-09T17:04:40.7691691+05:30"
2026-07-09 17:04:50.778 +05:30 [INF] HealthAxis API heartbeat running at "2026-07-09T17:04:50.7785102+05:30"
2026-07-09 17:05:00.780 +05:30 [INF] HealthAxis API heartbeat running at "2026-07-09T17:05:00.7808905+05:30"
2026-07-09 17:05:10.798 +05:30 [INF] HealthAxis API heartbeat running at "2026-07-09T17:05:10.7981705+05:30"
2026-07-09 17:05:20.811 +05:30 [INF] HealthAxis API heartbeat running at "2026-07-09T17:05:20.8109838+05:30"
2026-07-09 17:05:30.821 +05:30 [INF] HealthAxis API heartbeat running at "2026-07-09T17:05:30.8213474+05:30"
2026-07-09 17:05:40.837 +05:30 [INF] HealthAxis API heartbeat running at "2026-07-09T17:05:40.8379411+05:30"
2026-07-09 17:05:50.843 +05:30 [INF] HealthAxis API heartbeat running at "2026-07-09T17:05:50.8432158+05:30"
2026-07-09 17:06:00.851 +05:30 [INF] HealthAxis API heartbeat running at "2026-07-09T17:06:00.8513526+05:30"
2026-07-09 17:06:10.857 +05:30 [INF] HealthAxis API heartbeat running at "2026-07-09T17:06:10.8575581+05:30"
2026-07-09 17:06:20.875 +05:30 [INF] HealthAxis API heartbeat running at "2026-07-09T17:06:20.8753322+05:30"
2026-07-09 17:06:30.880 +05:30 [INF] HealthAxis API heartbeat running at "2026-07-09T17:06:30.8807644+05:30"
2026-07-09 17:06:40.887 +05:30 [INF] HealthAxis API heartbeat running at "2026-07-09T17:06:40.8878659+05:30"
2026-07-09 17:06:50.894 +05:30 [INF] HealthAxis API heartbeat running at "2026-07-09T17:06:50.8949626+05:30"
2026-07-09 17:07:00.907 +05:30 [INF] HealthAxis API heartbeat running at "2026-07-09T17:07:00.9069813+05:30"
2026-07-09 17:07:10.921 +05:30 [INF] HealthAxis API heartbeat running at "2026-07-09T17:07:10.9210653+05:30"
2026-07-09 17:07:20.926 +05:30 [INF] HealthAxis API heartbeat running at "2026-07-09T17:07:20.9266902+05:30"
2026-07-09 17:07:30.939 +05:30 [INF] HealthAxis API heartbeat running at "2026-07-09T17:07:30.9395983+05:30"
2026-07-09 17:07:40.947 +05:30 [INF] HealthAxis API heartbeat running at "2026-07-09T17:07:40.9473382+05:30"
2026-07-09 17:07:50.960 +05:30 [INF] HealthAxis API heartbeat running at "2026-07-09T17:07:50.9601213+05:30"
2026-07-09 17:08:00.976 +05:30 [INF] HealthAxis API heartbeat running at "2026-07-09T17:08:00.9769583+05:30"
2026-07-09 17:08:10.989 +05:30 [INF] HealthAxis API heartbeat running at "2026-07-09T17:08:10.9890151+05:30"
2026-07-09 17:08:21.001 +05:30 [INF] HealthAxis API heartbeat running at "2026-07-09T17:08:21.0010400+05:30"
2026-07-09 17:08:31.007 +05:30 [INF] HealthAxis API heartbeat running at "2026-07-09T17:08:31.0072297+05:30"
2026-07-09 17:08:41.016 +05:30 [INF] HealthAxis API heartbeat running at "2026-07-09T17:08:41.0160797+05:30"
2026-07-09 17:08:51.019 +05:30 [INF] HealthAxis API heartbeat running at "2026-07-09T17:08:51.0198862+05:30"
2026-07-09 17:09:01.025 +05:30 [INF] HealthAxis API heartbeat running at "2026-07-09T17:09:01.0256742+05:30"
2026-07-09 17:09:11.026 +05:30 [INF] HealthAxis API heartbeat running at "2026-07-09T17:09:11.0265503+05:30"
2026-07-09 17:09:21.042 +05:30 [INF] HealthAxis API heartbeat running at "2026-07-09T17:09:21.0426413+05:30"
2026-07-09 17:09:31.058 +05:30 [INF] HealthAxis API heartbeat running at "2026-07-09T17:09:31.0584774+05:30"
2026-07-09 17:09:41.075 +05:30 [INF] HealthAxis API heartbeat running at "2026-07-09T17:09:41.0751630+05:30"
2026-07-09 17:09:51.080 +05:30 [INF] HealthAxis API heartbeat running at "2026-07-09T17:09:51.0806060+05:30"
2026-07-09 17:10:01.090 +05:30 [INF] HealthAxis API heartbeat running at "2026-07-09T17:10:01.0902062+05:30"
2026-07-09 17:10:11.104 +05:30 [INF] HealthAxis API heartbeat running at "2026-07-09T17:10:11.1041327+05:30"
2026-07-09 17:10:21.116 +05:30 [INF] HealthAxis API heartbeat running at "2026-07-09T17:10:21.1166621+05:30"
2026-07-09 17:10:31.124 +05:30 [INF] HealthAxis API heartbeat running at "2026-07-09T17:10:31.1244936+05:30"
2026-07-09 17:10:41.139 +05:30 [INF] HealthAxis API heartbeat running at "2026-07-09T17:10:41.1394291+05:30"
2026-07-09 17:10:51.230 +05:30 [INF] HealthAxis API heartbeat running at "2026-07-09T17:10:51.2304915+05:30"
2026-07-09 17:11:01.243 +05:30 [INF] HealthAxis API heartbeat running at "2026-07-09T17:11:01.2434366+05:30"
2026-07-09 17:11:11.245 +05:30 [INF] HealthAxis API heartbeat running at "2026-07-09T17:11:11.2459213+05:30"
2026-07-09 17:11:21.263 +05:30 [INF] HealthAxis API heartbeat running at "2026-07-09T17:11:21.2630954+05:30"
2026-07-09 17:11:31.279 +05:30 [INF] HealthAxis API heartbeat running at "2026-07-09T17:11:31.2793091+05:30"
2026-07-09 17:11:41.285 +05:30 [INF] HealthAxis API heartbeat running at "2026-07-09T17:11:41.2856583+05:30"
2026-07-09 17:11:51.301 +05:30 [INF] HealthAxis API heartbeat running at "2026-07-09T17:11:51.3009995+05:30"
2026-07-09 17:12:01.312 +05:30 [INF] HealthAxis API heartbeat running at "2026-07-09T17:12:01.3127756+05:30"
2026-07-09 17:12:11.314 +05:30 [INF] HealthAxis API heartbeat running at "2026-07-09T17:12:11.3148068+05:30"
2026-07-09 17:12:15.758 +05:30 [INF] HTTP OPTIONS /api/appointments responded 204 in 0.0404 ms
2026-07-09 17:12:15.758 +05:30 [INF] HTTP OPTIONS /api/patients/me responded 204 in 0.0809 ms
2026-07-09 17:12:15.758 +05:30 [INF] HTTP OPTIONS /api/doctors responded 204 in 0.0043 ms
2026-07-09 17:12:15.758 +05:30 [INF] HTTP OPTIONS /api/health-records/patient/1006 responded 204 in 0.0128 ms
2026-07-09 17:12:15.787 +05:30 [INF] HTTP GET /api/doctors responded 401 in 2.0519 ms
2026-07-09 17:12:15.789 +05:30 [INF] HTTP GET /api/appointments responded 401 in 21.3714 ms
2026-07-09 17:12:15.787 +05:30 [INF] HTTP GET /api/patients/me responded 401 in 13.5107 ms
2026-07-09 17:12:15.792 +05:30 [INF] HTTP GET /api/health-records/patient/1006 responded 401 in 6.3590 ms
2026-07-09 17:12:21.331 +05:30 [INF] HealthAxis API heartbeat running at "2026-07-09T17:12:21.3311535+05:30"
2026-07-09 17:12:31.345 +05:30 [INF] HealthAxis API heartbeat running at "2026-07-09T17:12:31.3450770+05:30"
2026-07-09 17:12:39.508 +05:30 [INF] HTTP OPTIONS /api/patients/me responded 204 in 0.0367 ms
2026-07-09 17:12:39.510 +05:30 [INF] HTTP OPTIONS /api/appointments responded 204 in 0.0352 ms
2026-07-09 17:12:39.517 +05:30 [INF] HTTP OPTIONS /api/doctors responded 204 in 0.0369 ms
2026-07-09 17:12:39.528 +05:30 [INF] HTTP OPTIONS /api/health-records/patient/1006 responded 204 in 0.0380 ms
2026-07-09 17:12:39.533 +05:30 [INF] HTTP GET /api/patients/me responded 401 in 0.8140 ms
2026-07-09 17:12:39.534 +05:30 [INF] HTTP GET /api/appointments responded 401 in 0.4180 ms
2026-07-09 17:12:39.534 +05:30 [INF] HTTP GET /api/doctors responded 401 in 0.2178 ms
2026-07-09 17:12:39.541 +05:30 [INF] HTTP GET /api/health-records/patient/1006 responded 401 in 0.6804 ms
2026-07-09 17:12:41.360 +05:30 [INF] HealthAxis API heartbeat running at "2026-07-09T17:12:41.3601495+05:30"
2026-07-09 17:12:51.374 +05:30 [INF] HealthAxis API heartbeat running at "2026-07-09T17:12:51.3747648+05:30"
2026-07-09 17:13:01.379 +05:30 [INF] HealthAxis API heartbeat running at "2026-07-09T17:13:01.3795634+05:30"
2026-07-09 17:13:11.386 +05:30 [INF] HealthAxis API heartbeat running at "2026-07-09T17:13:11.3865341+05:30"
2026-07-09 17:13:21.394 +05:30 [INF] HealthAxis API heartbeat running at "2026-07-09T17:13:21.3940267+05:30"
2026-07-09 17:13:31.408 +05:30 [INF] HealthAxis API heartbeat running at "2026-07-09T17:13:31.4086760+05:30"
2026-07-09 17:13:41.423 +05:30 [INF] HealthAxis API heartbeat running at "2026-07-09T17:13:41.4232714+05:30"
2026-07-09 17:13:51.440 +05:30 [INF] HealthAxis API heartbeat running at "2026-07-09T17:13:51.4402470+05:30"
2026-07-09 17:14:01.453 +05:30 [INF] HealthAxis API heartbeat running at "2026-07-09T17:14:01.4531130+05:30"
2026-07-09 17:14:09.916 +05:30 [INF] HTTP OPTIONS /api/patients/me responded 204 in 0.0392 ms
2026-07-09 17:14:09.922 +05:30 [INF] HTTP OPTIONS /api/appointments responded 204 in 0.0282 ms
2026-07-09 17:14:09.923 +05:30 [INF] HTTP OPTIONS /api/doctors responded 204 in 0.0288 ms
2026-07-09 17:14:09.923 +05:30 [INF] HTTP OPTIONS /api/health-records/patient/1006 responded 204 in 0.0126 ms
2026-07-09 17:14:09.925 +05:30 [INF] HTTP GET /api/patients/me responded 401 in 0.7752 ms
2026-07-09 17:14:09.930 +05:30 [INF] HTTP GET /api/appointments responded 401 in 0.5811 ms
2026-07-09 17:14:09.938 +05:30 [INF] HTTP GET /api/doctors responded 401 in 1.7075 ms
2026-07-09 17:14:09.944 +05:30 [INF] HTTP GET /api/health-records/patient/1006 responded 401 in 0.7884 ms
2026-07-09 17:14:11.467 +05:30 [INF] HealthAxis API heartbeat running at "2026-07-09T17:14:11.4672951+05:30"
2026-07-09 17:14:21.481 +05:30 [INF] HealthAxis API heartbeat running at "2026-07-09T17:14:21.4812546+05:30"
2026-07-09 17:14:31.488 +05:30 [INF] HealthAxis API heartbeat running at "2026-07-09T17:14:31.4881095+05:30"
2026-07-09 17:14:41.503 +05:30 [INF] HealthAxis API heartbeat running at "2026-07-09T17:14:41.5038323+05:30"
2026-07-09 17:14:45.997 +05:30 [INF] HTTP OPTIONS /api/patients/me responded 204 in 0.0315 ms
2026-07-09 17:14:45.998 +05:30 [INF] HTTP OPTIONS /api/appointments responded 204 in 0.0172 ms
2026-07-09 17:14:45.998 +05:30 [INF] HTTP OPTIONS /api/doctors responded 204 in 0.0334 ms
2026-07-09 17:14:46.002 +05:30 [INF] HTTP OPTIONS /api/health-records/patient/1006 responded 204 in 0.0364 ms
2026-07-09 17:14:46.009 +05:30 [INF] HTTP GET /api/patients/me responded 401 in 1.6007 ms
2026-07-09 17:14:46.011 +05:30 [INF] HTTP GET /api/appointments responded 401 in 0.5084 ms
2026-07-09 17:14:46.020 +05:30 [INF] HTTP GET /api/doctors responded 401 in 2.6096 ms
2026-07-09 17:14:46.023 +05:30 [INF] HTTP GET /api/health-records/patient/1006 responded 401 in 1.1680 ms
2026-07-09 17:14:51.511 +05:30 [INF] HealthAxis API heartbeat running at "2026-07-09T17:14:51.5112179+05:30"
2026-07-09 17:15:01.525 +05:30 [INF] HealthAxis API heartbeat running at "2026-07-09T17:15:01.5255818+05:30"
2026-07-09 17:15:11.530 +05:30 [INF] HealthAxis API heartbeat running at "2026-07-09T17:15:11.5294722+05:30"
2026-07-09 17:15:21.539 +05:30 [INF] HealthAxis API heartbeat running at "2026-07-09T17:15:21.5391022+05:30"
2026-07-09 17:15:31.553 +05:30 [INF] HealthAxis API heartbeat running at "2026-07-09T17:15:31.5537685+05:30"
2026-07-09 17:15:41.560 +05:30 [INF] HealthAxis API heartbeat running at "2026-07-09T17:15:41.5604157+05:30"
2026-07-09 17:15:51.564 +05:30 [INF] HealthAxis API heartbeat running at "2026-07-09T17:15:51.5640751+05:30"
2026-07-09 17:15:55.008 +05:30 [INF] HTTP OPTIONS /api/patients/me responded 204 in 0.0435 ms
2026-07-09 17:15:55.011 +05:30 [INF] HTTP OPTIONS /api/appointments responded 204 in 0.0347 ms
2026-07-09 17:15:55.013 +05:30 [INF] HTTP OPTIONS /api/doctors responded 204 in 0.0395 ms
2026-07-09 17:15:55.016 +05:30 [INF] HTTP OPTIONS /api/health-records/patient/1006 responded 204 in 0.0423 ms
2026-07-09 17:15:55.023 +05:30 [INF] HTTP GET /api/patients/me responded 401 in 1.6275 ms
2026-07-09 17:15:55.026 +05:30 [INF] HTTP GET /api/appointments responded 401 in 0.5516 ms
2026-07-09 17:15:55.027 +05:30 [INF] HTTP OPTIONS /api/doctors responded 204 in 0.0388 ms
2026-07-09 17:15:55.030 +05:30 [INF] HTTP OPTIONS /api/health-records/patient/1006 responded 204 in 0.0188 ms
2026-07-09 17:15:55.030 +05:30 [INF] HTTP GET /api/doctors responded 401 in 0.6633 ms
2026-07-09 17:15:55.030 +05:30 [INF] HTTP GET /api/health-records/patient/1006 responded 401 in 0.4715 ms
2026-07-09 17:15:55.037 +05:30 [INF] HTTP GET /api/patients/me responded 401 in 0.4401 ms
2026-07-09 17:15:55.037 +05:30 [INF] HTTP GET /api/appointments responded 401 in 0.3719 ms
2026-07-09 17:15:55.039 +05:30 [INF] HTTP GET /api/doctors responded 401 in 0.2129 ms
2026-07-09 17:15:55.040 +05:30 [INF] HTTP GET /api/health-records/patient/1006 responded 401 in 0.2219 ms
2026-07-09 17:16:01.571 +05:30 [INF] HealthAxis API heartbeat running at "2026-07-09T17:16:01.5713002+05:30"
2026-07-09 17:16:11.580 +05:30 [INF] HealthAxis API heartbeat running at "2026-07-09T17:16:11.5806952+05:30"
2026-07-09 17:16:19.489 +05:30 [INF] HTTP OPTIONS /api/patients/me responded 204 in 0.0403 ms
2026-07-09 17:16:19.489 +05:30 [INF] HTTP OPTIONS /api/appointments responded 204 in 0.0254 ms
2026-07-09 17:16:19.490 +05:30 [INF] HTTP OPTIONS /api/doctors responded 204 in 0.0138 ms
2026-07-09 17:16:19.491 +05:30 [INF] HTTP OPTIONS /api/health-records/patient/1006 responded 204 in 0.0274 ms
2026-07-09 17:16:19.494 +05:30 [INF] HTTP GET /api/patients/me responded 401 in 1.5130 ms
2026-07-09 17:16:19.496 +05:30 [INF] HTTP GET /api/appointments responded 401 in 0.3825 ms
2026-07-09 17:16:19.500 +05:30 [INF] HTTP GET /api/doctors responded 401 in 0.8677 ms
2026-07-09 17:16:19.501 +05:30 [INF] HTTP GET /api/health-records/patient/1006 responded 401 in 0.2629 ms
2026-07-09 17:16:21.598 +05:30 [INF] HealthAxis API heartbeat running at "2026-07-09T17:16:21.5988110+05:30"
2026-07-09 17:16:31.612 +05:30 [INF] HealthAxis API heartbeat running at "2026-07-09T17:16:31.6127849+05:30"
2026-07-09 17:16:41.622 +05:30 [INF] HealthAxis API heartbeat running at "2026-07-09T17:16:41.6222676+05:30"
2026-07-09 17:16:45.684 +05:30 [INF] HTTP OPTIONS /api/patients/me responded 204 in 0.0358 ms
2026-07-09 17:16:45.689 +05:30 [INF] HTTP OPTIONS /api/doctors responded 204 in 0.0140 ms
2026-07-09 17:16:45.689 +05:30 [INF] HTTP OPTIONS /api/appointments responded 204 in 0.1674 ms
2026-07-09 17:16:45.691 +05:30 [INF] HTTP OPTIONS /api/health-records/patient/1006 responded 204 in 0.0159 ms
2026-07-09 17:16:45.705 +05:30 [INF] HTTP GET /api/doctors responded 401 in 0.1957 ms
2026-07-09 17:16:45.705 +05:30 [INF] HTTP GET /api/patients/me responded 401 in 0.4021 ms
2026-07-09 17:16:45.709 +05:30 [INF] HTTP GET /api/appointments responded 401 in 0.4339 ms
2026-07-09 17:16:45.710 +05:30 [INF] HTTP GET /api/health-records/patient/1006 responded 401 in 0.6875 ms
2026-07-09 17:16:51.626 +05:30 [INF] HealthAxis API heartbeat running at "2026-07-09T17:16:51.6266362+05:30"
2026-07-09 17:17:01.643 +05:30 [INF] HealthAxis API heartbeat running at "2026-07-09T17:17:01.6430172+05:30"
2026-07-09 17:17:11.649 +05:30 [INF] HealthAxis API heartbeat running at "2026-07-09T17:17:11.6493828+05:30"
2026-07-09 17:17:13.592 +05:30 [INF] HTTP OPTIONS /api/doctors responded 204 in 0.0380 ms
2026-07-09 17:17:13.599 +05:30 [INF] HTTP GET /api/doctors responded 401 in 0.3089 ms
2026-07-09 17:17:21.654 +05:30 [INF] HealthAxis API heartbeat running at "2026-07-09T17:17:21.6549635+05:30"
2026-07-09 17:17:31.668 +05:30 [INF] HealthAxis API heartbeat running at "2026-07-09T17:17:31.6682016+05:30"
2026-07-09 17:17:38.643 +05:30 [INF] HTTP OPTIONS /api/auth/login responded 204 in 0.0321 ms
2026-07-09 17:17:39.031 +05:30 [INF] HTTP POST /api/auth/login responded 401 in 382.6330 ms
2026-07-09 17:17:41.677 +05:30 [INF] HealthAxis API heartbeat running at "2026-07-09T17:17:41.6772618+05:30"
2026-07-09 17:17:43.806 +05:30 [INF] HTTP OPTIONS /api/auth/login responded 204 in 0.0369 ms
2026-07-09 17:17:43.912 +05:30 [INF] HTTP POST /api/auth/login responded 401 in 98.4210 ms
2026-07-09 17:17:51.681 +05:30 [INF] HealthAxis API heartbeat running at "2026-07-09T17:17:51.6811047+05:30"
2026-07-09 17:17:52.768 +05:30 [INF] HTTP OPTIONS /api/auth/login responded 204 in 0.0207 ms
2026-07-09 17:17:52.900 +05:30 [INF] HTTP POST /api/auth/login responded 401 in 127.8359 ms
2026-07-09 17:17:53.131 +05:30 [INF] HTTP POST /api/auth/login responded 401 in 138.2503 ms
2026-07-09 17:18:01.683 +05:30 [INF] HealthAxis API heartbeat running at "2026-07-09T17:18:01.6830497+05:30"
2026-07-09 17:18:04.258 +05:30 [INF] HTTP OPTIONS /api/auth/login responded 204 in 0.0280 ms
2026-07-09 17:18:04.375 +05:30 [INF] HTTP POST /api/auth/login responded 200 in 112.0783 ms
2026-07-09 17:18:04.384 +05:30 [INF] HTTP OPTIONS /api/patients/me responded 204 in 0.0622 ms
2026-07-09 17:18:04.387 +05:30 [INF] HTTP OPTIONS /api/patients/me responded 204 in 0.0345 ms
2026-07-09 17:18:04.390 +05:30 [INF] HTTP GET /api/patients/me responded 200 in 3.0006 ms
2026-07-09 17:18:04.393 +05:30 [INF] HTTP GET /api/patients/me responded 200 in 1.8342 ms
2026-07-09 17:18:04.399 +05:30 [INF] HTTP OPTIONS /api/doctors responded 204 in 0.0300 ms
2026-07-09 17:18:04.399 +05:30 [INF] HTTP OPTIONS /api/appointments responded 204 in 0.0207 ms
2026-07-09 17:18:04.400 +05:30 [INF] HTTP OPTIONS /api/patients/1006/health-records responded 204 in 0.0155 ms
2026-07-09 17:18:04.418 +05:30 [INF] HTTP GET /api/doctors responded 200 in 15.9167 ms
2026-07-09 17:18:04.635 +05:30 [INF] HTTP GET /api/appointments responded 200 in 231.6665 ms
2026-07-09 17:18:04.638 +05:30 [INF] HTTP GET /api/patients/1006/health-records responded 200 in 232.0616 ms
2026-07-09 17:18:07.704 +05:30 [INF] HTTP GET /api/doctors responded 200 in 4.0598 ms
2026-07-09 17:18:11.694 +05:30 [INF] HealthAxis API heartbeat running at "2026-07-09T17:18:11.6942541+05:30"
2026-07-09 17:18:13.232 +05:30 [INF] HTTP OPTIONS /api/doctors responded 204 in 0.0344 ms
2026-07-09 17:18:13.260 +05:30 [INF] HTTP GET /api/doctors responded 200 in 19.1824 ms
2026-07-09 17:18:18.293 +05:30 [INF] HTTP OPTIONS /api/patients/me responded 204 in 0.0243 ms
2026-07-09 17:18:18.302 +05:30 [INF] HTTP GET /api/patients/me responded 200 in 3.6428 ms
2026-07-09 17:18:21.701 +05:30 [INF] HealthAxis API heartbeat running at "2026-07-09T17:18:21.7014474+05:30"
2026-07-09 17:18:31.707 +05:30 [INF] HealthAxis API heartbeat running at "2026-07-09T17:18:31.7078809+05:30"
2026-07-09 17:18:41.716 +05:30 [INF] HealthAxis API heartbeat running at "2026-07-09T17:18:41.7164478+05:30"
2026-07-09 17:18:51.733 +05:30 [INF] HealthAxis API heartbeat running at "2026-07-09T17:18:51.7334744+05:30"
2026-07-09 17:19:01.748 +05:30 [INF] HealthAxis API heartbeat running at "2026-07-09T17:19:01.7488029+05:30"
2026-07-09 17:19:11.758 +05:30 [INF] HealthAxis API heartbeat running at "2026-07-09T17:19:11.7585023+05:30"
2026-07-09 17:19:16.689 +05:30 [INF] HTTP OPTIONS /api/patients/1006 responded 204 in 0.4158 ms
2026-07-09 17:19:16.744 +05:30 [INF] HTTP PUT /api/patients/1006 responded 200 in 50.2217 ms
2026-07-09 17:19:16.749 +05:30 [INF] HTTP OPTIONS /api/patients/me responded 204 in 0.0261 ms
2026-07-09 17:19:16.754 +05:30 [INF] HTTP GET /api/patients/me responded 200 in 1.6422 ms
2026-07-09 17:19:21.776 +05:30 [INF] HealthAxis API heartbeat running at "2026-07-09T17:19:21.7766423+05:30"
2026-07-09 17:19:31.787 +05:30 [INF] HealthAxis API heartbeat running at "2026-07-09T17:19:31.7870838+05:30"
2026-07-09 17:19:32.096 +05:30 [INF] HTTP OPTIONS /api/health-records/patient/1006 responded 204 in 0.0614 ms
2026-07-09 17:19:32.096 +05:30 [INF] HTTP OPTIONS /api/doctors responded 204 in 0.0106 ms
2026-07-09 17:19:32.119 +05:30 [INF] HTTP GET /api/health-records/patient/1006 responded 200 in 18.3502 ms
2026-07-09 17:19:32.125 +05:30 [INF] HTTP GET /api/doctors responded 200 in 22.9683 ms
2026-07-09 17:19:37.412 +05:30 [INF] HTTP OPTIONS /api/doctors responded 204 in 0.0286 ms
2026-07-09 17:19:37.423 +05:30 [INF] HTTP GET /api/doctors responded 200 in 5.3125 ms
2026-07-09 17:19:41.789 +05:30 [INF] HealthAxis API heartbeat running at "2026-07-09T17:19:41.7899373+05:30"
2026-07-09 17:19:41.964 +05:30 [INF] HTTP GET /api/doctors responded 200 in 5.0148 ms
2026-07-09 17:19:47.509 +05:30 [INF] HTTP OPTIONS /api/doctors responded 204 in 0.0467 ms
2026-07-09 17:19:47.521 +05:30 [INF] HTTP GET /api/doctors responded 200 in 5.0285 ms
2026-07-09 17:19:51.807 +05:30 [INF] HealthAxis API heartbeat running at "2026-07-09T17:19:51.8075097+05:30"
2026-07-09 17:19:58.519 +05:30 [INF] HTTP OPTIONS /api/doctors/3/availability responded 204 in 0.0456 ms
2026-07-09 17:19:58.520 +05:30 [INF] HTTP OPTIONS /api/doctors/6/availability responded 204 in 0.0284 ms
2026-07-09 17:19:58.529 +05:30 [INF] 
========================================
CACHE MISS - DOCTOR AVAILABILITY
========================================
Doctor Id : 6
Date      : 2026-08-24
Key       : doctors:6:availability:2026-08-24
Source    : SQL Server Required
========================================
2026-07-09 17:19:58.529 +05:30 [INF] 
========================================
CACHE MISS - DOCTOR AVAILABILITY
========================================
Doctor Id : 3
Date      : 2026-08-24
Key       : doctors:3:availability:2026-08-24
Source    : SQL Server Required
========================================
2026-07-09 17:19:58.539 +05:30 [INF] 
========================================
CACHE STORED IN GARNET
========================================
Doctor Id : 6
Date      : 2026-08-24
Key       : doctors:6:availability:2026-08-24
TTL       : 5 Minutes
Slots     : 12
========================================
2026-07-09 17:19:58.539 +05:30 [INF] 
========================================
CACHE STORED IN GARNET
========================================
Doctor Id : 3
Date      : 2026-08-24
Key       : doctors:3:availability:2026-08-24
TTL       : 5 Minutes
Slots     : 12
========================================
2026-07-09 17:19:58.540 +05:30 [INF] HTTP GET /api/doctors/6/availability responded 200 in 12.5432 ms
2026-07-09 17:19:58.540 +05:30 [INF] HTTP GET /api/doctors/3/availability responded 200 in 16.0168 ms
2026-07-09 17:20:01.814 +05:30 [INF] HealthAxis API heartbeat running at "2026-07-09T17:20:01.8149673+05:30"
2026-07-09 17:20:05.213 +05:30 [INF] HTTP OPTIONS /api/appointments responded 204 in 0.0527 ms
2026-07-09 17:20:05.240 +05:30 [INF] 
========================================
CACHE REMOVED - DOCTOR AVAILABILITY
========================================
Doctor Id : 6
Date      : 2026-08-24
Key       : doctors:6:availability:2026-08-24
Reason    : Appointment booked
========================================
2026-07-09 17:20:05.247 +05:30 [INF] ===============================
APPOINTMENT EVENT RECEIVED
===============================
Event Type  : AppointmentBooked
Appointment : 46
Patient     : Raju
Doctor      : 6
Date        : 24-Aug-2026
Time Slot   : 11:00
Occurred At : 09-Jul-2026 11:50:05
===============================
2026-07-09 17:20:05.249 +05:30 [INF] AppointmentBookedEvent published using MassTransit for AppointmentId 46, DoctorId 6
2026-07-09 17:20:05.250 +05:30 [INF] HTTP POST /api/appointments responded 200 in 31.1685 ms
2026-07-09 17:20:05.252 +05:30 [INF] Notification created for DoctorId 6 for AppointmentId 46
2026-07-09 17:20:07.773 +05:30 [INF] HTTP OPTIONS /api/doctors responded 204 in 0.0254 ms
2026-07-09 17:20:07.773 +05:30 [INF] HTTP OPTIONS /api/health-records/patient/1006 responded 204 in 0.0255 ms
2026-07-09 17:20:07.777 +05:30 [INF] HTTP GET /api/appointments responded 200 in 4.3731 ms
2026-07-09 17:20:07.790 +05:30 [INF] HTTP GET /api/doctors responded 200 in 8.2740 ms
2026-07-09 17:20:07.794 +05:30 [INF] HTTP GET /api/health-records/patient/1006 responded 200 in 8.8365 ms
2026-07-09 17:20:11.827 +05:30 [INF] HealthAxis API heartbeat running at "2026-07-09T17:20:11.8273023+05:30"
2026-07-09 17:20:14.057 +05:30 [INF] HTTP OPTIONS /api/patients/me responded 204 in 0.0358 ms
2026-07-09 17:20:14.067 +05:30 [INF] HTTP GET /api/patients/me responded 200 in 4.0652 ms
2026-07-09 17:20:14.072 +05:30 [INF] HTTP OPTIONS /api/doctors responded 204 in 0.0217 ms
2026-07-09 17:20:14.072 +05:30 [INF] HTTP OPTIONS /api/patients/1006/health-records responded 204 in 0.0177 ms
2026-07-09 17:20:14.072 +05:30 [INF] HTTP OPTIONS /api/appointments responded 204 in 0.0178 ms
2026-07-09 17:20:14.081 +05:30 [INF] HTTP GET /api/appointments responded 200 in 1.6461 ms
2026-07-09 17:20:14.082 +05:30 [INF] HTTP GET /api/patients/1006/health-records responded 200 in 4.1631 ms
2026-07-09 17:20:14.305 +05:30 [INF] HTTP GET /api/doctors responded 200 in 228.0319 ms
2026-07-09 17:20:20.929 +05:30 [INF] HTTP OPTIONS /api/patients/me responded 204 in 0.0348 ms
2026-07-09 17:20:20.937 +05:30 [INF] HTTP GET /api/patients/me responded 200 in 2.6949 ms
2026-07-09 17:20:21.835 +05:30 [INF] HealthAxis API heartbeat running at "2026-07-09T17:20:21.8358122+05:30"
2026-07-09 17:20:25.932 +05:30 [INF] HTTP GET /api/patients/me responded 200 in 4.5479 ms
2026-07-09 17:20:25.938 +05:30 [INF] HTTP OPTIONS /api/doctors responded 204 in 0.0235 ms
2026-07-09 17:20:25.938 +05:30 [INF] HTTP OPTIONS /api/patients/1006/health-records responded 204 in 0.0224 ms
2026-07-09 17:20:25.938 +05:30 [INF] HTTP OPTIONS /api/appointments responded 204 in 0.0281 ms
2026-07-09 17:20:25.949 +05:30 [INF] HTTP GET /api/patients/1006/health-records responded 200 in 4.2119 ms
2026-07-09 17:20:25.953 +05:30 [INF] HTTP GET /api/appointments responded 200 in 7.7228 ms
2026-07-09 17:20:25.958 +05:30 [INF] HTTP GET /api/doctors responded 200 in 16.2203 ms
2026-07-09 17:20:29.069 +05:30 [INF] HTTP OPTIONS /api/patients/me responded 204 in 0.0461 ms
2026-07-09 17:20:29.080 +05:30 [INF] HTTP GET /api/patients/me responded 200 in 4.9907 ms
2026-07-09 17:20:31.852 +05:30 [INF] HealthAxis API heartbeat running at "2026-07-09T17:20:31.8521792+05:30"
2026-07-09 17:20:33.145 +05:30 [INF] HTTP OPTIONS /api/doctors responded 204 in 0.0241 ms
2026-07-09 17:20:33.165 +05:30 [INF] HTTP GET /api/doctors responded 200 in 15.1165 ms
2026-07-09 17:20:41.863 +05:30 [INF] HealthAxis API heartbeat running at "2026-07-09T17:20:41.8631330+05:30"
2026-07-09 17:20:51.869 +05:30 [INF] HealthAxis API heartbeat running at "2026-07-09T17:20:51.8690884+05:30"
2026-07-09 17:20:54.503 +05:30 [INF] HTTP OPTIONS /api/doctors responded 204 in 0.0370 ms
2026-07-09 17:20:54.514 +05:30 [INF] HTTP GET /api/doctors responded 200 in 6.2843 ms
2026-07-09 17:21:01.876 +05:30 [INF] HealthAxis API heartbeat running at "2026-07-09T17:21:01.8765631+05:30"
2026-07-09 17:21:04.553 +05:30 [INF] HTTP OPTIONS /api/appointments responded 204 in 0.0301 ms
2026-07-09 17:21:04.553 +05:30 [INF] HTTP OPTIONS /api/health-records/patient/1006 responded 204 in 0.0243 ms
2026-07-09 17:21:04.553 +05:30 [INF] HTTP OPTIONS /api/doctors responded 204 in 0.0791 ms
2026-07-09 17:21:04.564 +05:30 [INF] HTTP GET /api/appointments responded 200 in 3.8636 ms
2026-07-09 17:21:04.569 +05:30 [INF] HTTP GET /api/doctors responded 200 in 6.8069 ms
2026-07-09 17:21:04.572 +05:30 [INF] HTTP GET /api/health-records/patient/1006 responded 200 in 11.6079 ms
2026-07-09 17:21:11.882 +05:30 [INF] HealthAxis API heartbeat running at "2026-07-09T17:21:11.8828790+05:30"
2026-07-09 17:21:20.910 +05:30 [INF] HTTP OPTIONS /api/health-records/patient/1006 responded 204 in 0.0559 ms
2026-07-09 17:21:20.911 +05:30 [INF] HTTP OPTIONS /api/doctors responded 204 in 0.0359 ms
2026-07-09 17:21:20.919 +05:30 [INF] HTTP GET /api/health-records/patient/1006 responded 200 in 2.6190 ms
2026-07-09 17:21:20.919 +05:30 [INF] HTTP GET /api/doctors responded 200 in 2.4377 ms
2026-07-09 17:21:21.894 +05:30 [INF] HealthAxis API heartbeat running at "2026-07-09T17:21:21.8949517+05:30"
2026-07-09 17:21:27.721 +05:30 [INF] HTTP OPTIONS /api/patients/me responded 204 in 0.0271 ms
2026-07-09 17:21:27.730 +05:30 [INF] HTTP GET /api/patients/me responded 200 in 4.1890 ms
2026-07-09 17:21:31.907 +05:30 [INF] HealthAxis API heartbeat running at "2026-07-09T17:21:31.9073674+05:30"
2026-07-09 17:21:41.923 +05:30 [INF] HealthAxis API heartbeat running at "2026-07-09T17:21:41.9231461+05:30"
2026-07-09 17:21:51.937 +05:30 [INF] HealthAxis API heartbeat running at "2026-07-09T17:21:51.9375023+05:30"
2026-07-09 17:22:01.945 +05:30 [INF] HealthAxis API heartbeat running at "2026-07-09T17:22:01.9457474+05:30"
2026-07-09 17:22:11.951 +05:30 [INF] HealthAxis API heartbeat running at "2026-07-09T17:22:11.9517975+05:30"
2026-07-09 17:22:21.955 +05:30 [INF] HealthAxis API heartbeat running at "2026-07-09T17:22:21.9551342+05:30"
2026-07-09 17:22:31.962 +05:30 [INF] HealthAxis API heartbeat running at "2026-07-09T17:22:31.9622428+05:30"
2026-07-09 17:22:41.964 +05:30 [INF] HealthAxis API heartbeat running at "2026-07-09T17:22:41.9649545+05:30"
2026-07-09 17:22:51.969 +05:30 [INF] HealthAxis API heartbeat running at "2026-07-09T17:22:51.9691627+05:30"
2026-07-09 17:23:01.982 +05:30 [INF] HealthAxis API heartbeat running at "2026-07-09T17:23:01.9820392+05:30"
2026-07-09 17:23:11.998 +05:30 [INF] HealthAxis API heartbeat running at "2026-07-09T17:23:11.9983040+05:30"
2026-07-09 17:23:22.005 +05:30 [INF] HealthAxis API heartbeat running at "2026-07-09T17:23:22.0050299+05:30"
2026-07-09 17:23:32.016 +05:30 [INF] HealthAxis API heartbeat running at "2026-07-09T17:23:32.0160536+05:30"
2026-07-09 17:23:42.023 +05:30 [INF] HealthAxis API heartbeat running at "2026-07-09T17:23:42.0233571+05:30"
2026-07-09 17:23:52.028 +05:30 [INF] HealthAxis API heartbeat running at "2026-07-09T17:23:52.0283086+05:30"
2026-07-09 17:24:02.045 +05:30 [INF] HealthAxis API heartbeat running at "2026-07-09T17:24:02.0457375+05:30"
2026-07-09 17:24:12.054 +05:30 [INF] HealthAxis API heartbeat running at "2026-07-09T17:24:12.0540264+05:30"
2026-07-09 17:24:22.065 +05:30 [INF] HealthAxis API heartbeat running at "2026-07-09T17:24:22.0654000+05:30"
2026-07-09 17:24:32.072 +05:30 [INF] HealthAxis API heartbeat running at "2026-07-09T17:24:32.0721094+05:30"
2026-07-09 17:24:42.082 +05:30 [INF] HealthAxis API heartbeat running at "2026-07-09T17:24:42.0828313+05:30"
2026-07-09 17:24:52.097 +05:30 [INF] HealthAxis API heartbeat running at "2026-07-09T17:24:52.0979023+05:30"
2026-07-09 17:25:02.100 +05:30 [INF] HealthAxis API heartbeat running at "2026-07-09T17:25:02.1005874+05:30"
2026-07-09 17:25:12.109 +05:30 [INF] HealthAxis API heartbeat running at "2026-07-09T17:25:12.1093895+05:30"
2026-07-09 17:25:22.121 +05:30 [INF] HealthAxis API heartbeat running at "2026-07-09T17:25:22.1214334+05:30"
2026-07-09 17:25:32.132 +05:30 [INF] HealthAxis API heartbeat running at "2026-07-09T17:25:32.1321424+05:30"
2026-07-09 17:25:42.139 +05:30 [INF] HealthAxis API heartbeat running at "2026-07-09T17:25:42.1393358+05:30"
2026-07-09 17:25:52.146 +05:30 [INF] HealthAxis API heartbeat running at "2026-07-09T17:25:52.1462810+05:30"
2026-07-09 17:26:02.154 +05:30 [INF] HealthAxis API heartbeat running at "2026-07-09T17:26:02.1544179+05:30"
2026-07-09 17:26:12.163 +05:30 [INF] HealthAxis API heartbeat running at "2026-07-09T17:26:12.1634654+05:30"
2026-07-09 17:26:22.167 +05:30 [INF] HealthAxis API heartbeat running at "2026-07-09T17:26:22.1675083+05:30"
2026-07-09 17:26:32.184 +05:30 [INF] HealthAxis API heartbeat running at "2026-07-09T17:26:32.1847930+05:30"
2026-07-09 17:26:42.190 +05:30 [INF] HealthAxis API heartbeat running at "2026-07-09T17:26:42.1902859+05:30"
2026-07-09 17:26:52.194 +05:30 [INF] HealthAxis API heartbeat running at "2026-07-09T17:26:52.1949340+05:30"
2026-07-09 17:27:02.206 +05:30 [INF] HealthAxis API heartbeat running at "2026-07-09T17:27:02.2068290+05:30"
2026-07-09 17:27:12.220 +05:30 [INF] HealthAxis API heartbeat running at "2026-07-09T17:27:12.2208405+05:30"
2026-07-09 17:27:22.224 +05:30 [INF] HealthAxis API heartbeat running at "2026-07-09T17:27:22.2247808+05:30"
2026-07-09 17:27:32.237 +05:30 [INF] HealthAxis API heartbeat running at "2026-07-09T17:27:32.2378408+05:30"
2026-07-09 17:27:42.244 +05:30 [INF] HealthAxis API heartbeat running at "2026-07-09T17:27:42.2445759+05:30"
2026-07-09 17:27:52.260 +05:30 [INF] HealthAxis API heartbeat running at "2026-07-09T17:27:52.2603231+05:30"
2026-07-09 17:28:02.274 +05:30 [INF] HealthAxis API heartbeat running at "2026-07-09T17:28:02.2740171+05:30"
2026-07-09 17:28:12.276 +05:30 [INF] HealthAxis API heartbeat running at "2026-07-09T17:28:12.2760487+05:30"
2026-07-09 17:28:22.284 +05:30 [INF] HealthAxis API heartbeat running at "2026-07-09T17:28:22.2840647+05:30"
2026-07-09 17:28:32.299 +05:30 [INF] HealthAxis API heartbeat running at "2026-07-09T17:28:32.2992623+05:30"
2026-07-09 17:28:42.303 +05:30 [INF] HealthAxis API heartbeat running at "2026-07-09T17:28:42.3036909+05:30"
2026-07-09 17:28:52.315 +05:30 [INF] HealthAxis API heartbeat running at "2026-07-09T17:28:52.3156554+05:30"
2026-07-09 17:29:02.331 +05:30 [INF] HealthAxis API heartbeat running at "2026-07-09T17:29:02.3310086+05:30"
2026-07-09 17:29:12.338 +05:30 [INF] HealthAxis API heartbeat running at "2026-07-09T17:29:12.3389165+05:30"
2026-07-09 17:29:22.350 +05:30 [INF] HealthAxis API heartbeat running at "2026-07-09T17:29:22.3508340+05:30"
2026-07-09 17:29:32.357 +05:30 [INF] HealthAxis API heartbeat running at "2026-07-09T17:29:32.3572062+05:30"
2026-07-09 17:29:42.372 +05:30 [INF] HealthAxis API heartbeat running at "2026-07-09T17:29:42.3722188+05:30"
2026-07-09 17:29:52.373 +05:30 [INF] HealthAxis API heartbeat running at "2026-07-09T17:29:52.3739248+05:30"
2026-07-09 17:30:02.379 +05:30 [INF] HealthAxis API heartbeat running at "2026-07-09T17:30:02.3796966+05:30"
2026-07-09 17:30:12.386 +05:30 [INF] HealthAxis API heartbeat running at "2026-07-09T17:30:12.3866802+05:30"
2026-07-09 17:30:22.402 +05:30 [INF] HealthAxis API heartbeat running at "2026-07-09T17:30:22.4027268+05:30"
2026-07-09 17:30:32.416 +05:30 [INF] HealthAxis API heartbeat running at "2026-07-09T17:30:32.4166402+05:30"
2026-07-09 17:30:42.425 +05:30 [INF] HealthAxis API heartbeat running at "2026-07-09T17:30:42.4259195+05:30"
2026-07-09 17:30:52.438 +05:30 [INF] HealthAxis API heartbeat running at "2026-07-09T17:30:52.4385643+05:30"
2026-07-09 17:31:02.448 +05:30 [INF] HealthAxis API heartbeat running at "2026-07-09T17:31:02.4484907+05:30"
2026-07-09 17:31:12.460 +05:30 [INF] HealthAxis API heartbeat running at "2026-07-09T17:31:12.4608782+05:30"
2026-07-09 17:31:22.476 +05:30 [INF] HealthAxis API heartbeat running at "2026-07-09T17:31:22.4765108+05:30"
2026-07-09 17:31:32.480 +05:30 [INF] HealthAxis API heartbeat running at "2026-07-09T17:31:32.4801032+05:30"
2026-07-09 17:31:42.493 +05:30 [INF] HealthAxis API heartbeat running at "2026-07-09T17:31:42.4934406+05:30"
2026-07-09 17:31:52.500 +05:30 [INF] HealthAxis API heartbeat running at "2026-07-09T17:31:52.5005492+05:30"
2026-07-09 17:32:02.510 +05:30 [INF] HealthAxis API heartbeat running at "2026-07-09T17:32:02.5104880+05:30"
2026-07-09 17:32:12.527 +05:30 [INF] HealthAxis API heartbeat running at "2026-07-09T17:32:12.5276688+05:30"
2026-07-09 17:32:18.416 +05:30 [INF] HTTP OPTIONS /api/patients/me responded 204 in 0.0711 ms
2026-07-09 17:32:18.419 +05:30 [INF] HTTP OPTIONS /api/patients/me responded 204 in 0.0679 ms
2026-07-09 17:32:18.715 +05:30 [INF] HTTP GET /api/patients/me responded 200 in 288.8929 ms
2026-07-09 17:32:18.719 +05:30 [INF] HTTP GET /api/patients/me responded 200 in 2.2366 ms
2026-07-09 17:32:18.724 +05:30 [INF] HTTP GET /api/patients/me responded 200 in 3.0842 ms
2026-07-09 17:32:18.727 +05:30 [INF] HTTP GET /api/patients/me responded 200 in 1.9233 ms
2026-07-09 17:32:22.532 +05:30 [INF] HealthAxis API heartbeat running at "2026-07-09T17:32:22.5327033+05:30"
2026-07-09 17:32:32.545 +05:30 [INF] HealthAxis API heartbeat running at "2026-07-09T17:32:32.5454696+05:30"
2026-07-09 17:32:35.773 +05:30 [INF] HTTP OPTIONS /api/patients/me responded 204 in 0.0305 ms
2026-07-09 17:32:35.777 +05:30 [INF] HTTP OPTIONS /api/patients/me responded 204 in 0.0250 ms
2026-07-09 17:32:35.781 +05:30 [INF] HTTP GET /api/patients/me responded 200 in 4.0630 ms
2026-07-09 17:32:35.788 +05:30 [INF] HTTP GET /api/patients/me responded 200 in 4.8863 ms
2026-07-09 17:32:35.797 +05:30 [INF] HTTP GET /api/patients/me responded 200 in 1.5594 ms
2026-07-09 17:32:35.802 +05:30 [INF] HTTP GET /api/patients/me responded 200 in 1.9919 ms
2026-07-09 17:32:42.557 +05:30 [INF] HealthAxis API heartbeat running at "2026-07-09T17:32:42.5578872+05:30"
2026-07-09 17:32:52.575 +05:30 [INF] HealthAxis API heartbeat running at "2026-07-09T17:32:52.5755756+05:30"
2026-07-09 17:33:02.576 +05:30 [INF] HealthAxis API heartbeat running at "2026-07-09T17:33:02.5768174+05:30"
2026-07-09 17:33:12.588 +05:30 [INF] HealthAxis API heartbeat running at "2026-07-09T17:33:12.5889424+05:30"
2026-07-09 17:33:22.603 +05:30 [INF] HealthAxis API heartbeat running at "2026-07-09T17:33:22.6033586+05:30"
2026-07-09 17:33:32.611 +05:30 [INF] HealthAxis API heartbeat running at "2026-07-09T17:33:32.6112783+05:30"
2026-07-09 17:33:42.626 +05:30 [INF] HealthAxis API heartbeat running at "2026-07-09T17:33:42.6265518+05:30"
2026-07-09 17:33:52.635 +05:30 [INF] HealthAxis API heartbeat running at "2026-07-09T17:33:52.6358925+05:30"
2026-07-09 17:34:02.645 +05:30 [INF] HealthAxis API heartbeat running at "2026-07-09T17:34:02.6450259+05:30"
2026-07-09 17:34:12.660 +05:30 [INF] HealthAxis API heartbeat running at "2026-07-09T17:34:12.6603058+05:30"
2026-07-09 17:34:22.663 +05:30 [INF] HealthAxis API heartbeat running at "2026-07-09T17:34:22.6630456+05:30"
2026-07-09 17:34:32.668 +05:30 [INF] HealthAxis API heartbeat running at "2026-07-09T17:34:32.6686094+05:30"
2026-07-09 17:34:42.681 +05:30 [INF] HealthAxis API heartbeat running at "2026-07-09T17:34:42.6814604+05:30"
2026-07-09 17:34:52.684 +05:30 [INF] HealthAxis API heartbeat running at "2026-07-09T17:34:52.6845742+05:30"
2026-07-09 17:35:02.687 +05:30 [INF] HealthAxis API heartbeat running at "2026-07-09T17:35:02.6876188+05:30"
2026-07-09 17:35:12.699 +05:30 [INF] HealthAxis API heartbeat running at "2026-07-09T17:35:12.6995500+05:30"
2026-07-09 17:35:22.717 +05:30 [INF] HealthAxis API heartbeat running at "2026-07-09T17:35:22.7171326+05:30"
2026-07-09 17:35:32.733 +05:30 [INF] HealthAxis API heartbeat running at "2026-07-09T17:35:32.7329697+05:30"
2026-07-09 17:35:42.738 +05:30 [INF] HealthAxis API heartbeat running at "2026-07-09T17:35:42.7380674+05:30"
2026-07-09 17:35:52.804 +05:30 [INF] HealthAxis API heartbeat running at "2026-07-09T17:35:52.8047291+05:30"
2026-07-09 17:36:02.820 +05:30 [INF] HealthAxis API heartbeat running at "2026-07-09T17:36:02.8209407+05:30"
2026-07-09 17:36:12.834 +05:30 [INF] HealthAxis API heartbeat running at "2026-07-09T17:36:12.8348177+05:30"
2026-07-09 17:36:22.847 +05:30 [INF] HealthAxis API heartbeat running at "2026-07-09T17:36:22.8479458+05:30"
2026-07-09 17:36:32.860 +05:30 [INF] HealthAxis API heartbeat running at "2026-07-09T17:36:32.8605361+05:30"
2026-07-09 17:36:42.875 +05:30 [INF] HealthAxis API heartbeat running at "2026-07-09T17:36:42.8753863+05:30"
2026-07-09 17:36:52.891 +05:30 [INF] HealthAxis API heartbeat running at "2026-07-09T17:36:52.8914448+05:30"
2026-07-09 17:37:02.905 +05:30 [INF] HealthAxis API heartbeat running at "2026-07-09T17:37:02.9058847+05:30"
2026-07-09 17:37:12.916 +05:30 [INF] HealthAxis API heartbeat running at "2026-07-09T17:37:12.9168712+05:30"
2026-07-09 17:37:22.922 +05:30 [INF] HealthAxis API heartbeat running at "2026-07-09T17:37:22.9227484+05:30"
2026-07-09 17:37:32.941 +05:30 [INF] HealthAxis API heartbeat running at "2026-07-09T17:37:32.9419046+05:30"
2026-07-09 17:37:42.959 +05:30 [INF] HealthAxis API heartbeat running at "2026-07-09T17:37:42.9599518+05:30"
2026-07-09 17:37:52.980 +05:30 [INF] HealthAxis API heartbeat running at "2026-07-09T17:37:52.9809539+05:30"
2026-07-09 17:38:02.989 +05:30 [INF] HealthAxis API heartbeat running at "2026-07-09T17:38:02.9894619+05:30"
2026-07-09 17:38:12.994 +05:30 [INF] HealthAxis API heartbeat running at "2026-07-09T17:38:12.9940198+05:30"
2026-07-09 17:38:23.010 +05:30 [INF] HealthAxis API heartbeat running at "2026-07-09T17:38:23.0106398+05:30"
2026-07-09 17:38:33.088 +05:30 [INF] HealthAxis API heartbeat running at "2026-07-09T17:38:33.0882200+05:30"
2026-07-09 17:38:43.098 +05:30 [INF] HealthAxis API heartbeat running at "2026-07-09T17:38:43.0988016+05:30"
2026-07-09 17:38:53.106 +05:30 [INF] HealthAxis API heartbeat running at "2026-07-09T17:38:53.1065105+05:30"
2026-07-09 17:39:03.119 +05:30 [INF] HealthAxis API heartbeat running at "2026-07-09T17:39:03.1190426+05:30"
2026-07-09 17:39:13.126 +05:30 [INF] HealthAxis API heartbeat running at "2026-07-09T17:39:13.1266327+05:30"
2026-07-09 17:39:23.137 +05:30 [INF] HealthAxis API heartbeat running at "2026-07-09T17:39:23.1373707+05:30"
2026-07-09 17:39:33.157 +05:30 [INF] HealthAxis API heartbeat running at "2026-07-09T17:39:33.1570188+05:30"
2026-07-09 17:39:43.381 +05:30 [INF] HealthAxis API heartbeat running at "2026-07-09T17:39:43.3814319+05:30"
2026-07-09 17:39:53.386 +05:30 [INF] HealthAxis API heartbeat running at "2026-07-09T17:39:53.3868057+05:30"
2026-07-09 17:40:03.399 +05:30 [INF] HealthAxis API heartbeat running at "2026-07-09T17:40:03.3993650+05:30"
2026-07-09 17:40:13.417 +05:30 [INF] HealthAxis API heartbeat running at "2026-07-09T17:40:13.4172494+05:30"
2026-07-09 17:40:23.436 +05:30 [INF] HealthAxis API heartbeat running at "2026-07-09T17:40:23.4360534+05:30"
2026-07-09 17:40:33.440 +05:30 [INF] HealthAxis API heartbeat running at "2026-07-09T17:40:33.4404959+05:30"
2026-07-09 17:40:43.449 +05:30 [INF] HealthAxis API heartbeat running at "2026-07-09T17:40:43.4495889+05:30"
2026-07-09 17:40:53.474 +05:30 [INF] HealthAxis API heartbeat running at "2026-07-09T17:40:53.4742116+05:30"
2026-07-09 17:41:03.621 +05:30 [INF] HealthAxis API heartbeat running at "2026-07-09T17:41:03.6211457+05:30"
2026-07-09 17:41:13.637 +05:30 [INF] HealthAxis API heartbeat running at "2026-07-09T17:41:13.6373963+05:30"
2026-07-09 17:41:23.651 +05:30 [INF] HealthAxis API heartbeat running at "2026-07-09T17:41:23.6517945+05:30"
2026-07-09 17:41:33.665 +05:30 [INF] HealthAxis API heartbeat running at "2026-07-09T17:41:33.6659663+05:30"
2026-07-09 17:41:43.678 +05:30 [INF] HealthAxis API heartbeat running at "2026-07-09T17:41:43.6785278+05:30"
2026-07-09 17:41:53.692 +05:30 [INF] HealthAxis API heartbeat running at "2026-07-09T17:41:53.6926172+05:30"
2026-07-09 17:42:03.695 +05:30 [INF] HealthAxis API heartbeat running at "2026-07-09T17:42:03.6957648+05:30"
2026-07-09 17:42:13.764 +05:30 [INF] HealthAxis API heartbeat running at "2026-07-09T17:42:13.7644880+05:30"
2026-07-09 17:42:23.780 +05:30 [INF] HealthAxis API heartbeat running at "2026-07-09T17:42:23.7806686+05:30"
2026-07-09 17:42:33.795 +05:30 [INF] HealthAxis API heartbeat running at "2026-07-09T17:42:33.7953198+05:30"
2026-07-09 17:42:43.813 +05:30 [INF] HealthAxis API heartbeat running at "2026-07-09T17:42:43.8133356+05:30"
2026-07-09 17:42:53.959 +05:30 [INF] HealthAxis API heartbeat running at "2026-07-09T17:42:53.9591605+05:30"
2026-07-09 17:43:03.970 +05:30 [INF] HealthAxis API heartbeat running at "2026-07-09T17:43:03.9705154+05:30"
2026-07-09 17:43:13.975 +05:30 [INF] HealthAxis API heartbeat running at "2026-07-09T17:43:13.9753557+05:30"
2026-07-09 17:43:23.992 +05:30 [INF] HealthAxis API heartbeat running at "2026-07-09T17:43:23.9927984+05:30"
2026-07-09 17:43:34.006 +05:30 [INF] HealthAxis API heartbeat running at "2026-07-09T17:43:34.0069663+05:30"
2026-07-09 17:43:40.258 +05:30 [INF] No old notifications found for cleanup.
2026-07-09 17:43:44.017 +05:30 [INF] HealthAxis API heartbeat running at "2026-07-09T17:43:44.0177616+05:30"
2026-07-09 17:43:54.031 +05:30 [INF] HealthAxis API heartbeat running at "2026-07-09T17:43:54.0310899+05:30"
2026-07-09 17:44:04.038 +05:30 [INF] HealthAxis API heartbeat running at "2026-07-09T17:44:04.0388824+05:30"
2026-07-09 17:44:14.042 +05:30 [INF] HealthAxis API heartbeat running at "2026-07-09T17:44:14.0429406+05:30"
2026-07-09 17:44:24.054 +05:30 [INF] HealthAxis API heartbeat running at "2026-07-09T17:44:24.0542907+05:30"
2026-07-09 17:44:34.069 +05:30 [INF] HealthAxis API heartbeat running at "2026-07-09T17:44:34.0698716+05:30"
2026-07-09 17:44:44.115 +05:30 [INF] HealthAxis API heartbeat running at "2026-07-09T17:44:44.1155190+05:30"
2026-07-09 17:44:54.132 +05:30 [INF] HealthAxis API heartbeat running at "2026-07-09T17:44:54.1326697+05:30"
2026-07-09 17:45:04.145 +05:30 [INF] HealthAxis API heartbeat running at "2026-07-09T17:45:04.1451926+05:30"
2026-07-09 17:45:14.160 +05:30 [INF] HealthAxis API heartbeat running at "2026-07-09T17:45:14.1601763+05:30"
2026-07-09 17:45:24.165 +05:30 [INF] HealthAxis API heartbeat running at "2026-07-09T17:45:24.1652179+05:30"
2026-07-09 17:45:34.173 +05:30 [INF] HealthAxis API heartbeat running at "2026-07-09T17:45:34.1735903+05:30"
2026-07-09 17:45:44.183 +05:30 [INF] HealthAxis API heartbeat running at "2026-07-09T17:45:44.1835431+05:30"
2026-07-09 17:45:54.190 +05:30 [INF] HealthAxis API heartbeat running at "2026-07-09T17:45:54.1906348+05:30"
2026-07-09 17:46:04.200 +05:30 [INF] HealthAxis API heartbeat running at "2026-07-09T17:46:04.2009291+05:30"
2026-07-09 17:46:14.206 +05:30 [INF] HealthAxis API heartbeat running at "2026-07-09T17:46:14.2060638+05:30"
2026-07-09 17:46:24.223 +05:30 [INF] HealthAxis API heartbeat running at "2026-07-09T17:46:24.2235741+05:30"
2026-07-09 17:46:34.258 +05:30 [INF] HealthAxis API heartbeat running at "2026-07-09T17:46:34.2582000+05:30"
2026-07-09 17:46:44.657 +05:30 [INF] HealthAxis API heartbeat running at "2026-07-09T17:46:44.6578776+05:30"
2026-07-09 17:46:54.678 +05:30 [INF] HealthAxis API heartbeat running at "2026-07-09T17:46:54.6787311+05:30"
2026-07-09 17:47:04.704 +05:30 [INF] HealthAxis API heartbeat running at "2026-07-09T17:47:04.7042541+05:30"
2026-07-09 17:47:14.718 +05:30 [INF] HealthAxis API heartbeat running at "2026-07-09T17:47:14.7186072+05:30"
2026-07-09 17:47:17.238 +05:30 [INF] HTTP OPTIONS /api/patients/me responded 204 in 0.1651 ms
2026-07-09 17:47:17.240 +05:30 [INF] HTTP OPTIONS /api/patients/me responded 204 in 0.0424 ms
2026-07-09 17:47:17.256 +05:30 [INF] HTTP GET /api/patients/me responded 401 in 1.5452 ms
2026-07-09 17:47:17.290 +05:30 [INF] HTTP GET /api/patients/me responded 401 in 1.4268 ms
2026-07-09 17:47:17.307 +05:30 [INF] HTTP GET /api/patients/me responded 401 in 0.5322 ms
2026-07-09 17:47:17.320 +05:30 [INF] HTTP GET /api/patients/me responded 401 in 0.7978 ms
2026-07-09 17:47:24.732 +05:30 [INF] HealthAxis API heartbeat running at "2026-07-09T17:47:24.7328226+05:30"
2026-07-09 17:47:34.751 +05:30 [INF] HealthAxis API heartbeat running at "2026-07-09T17:47:34.7513118+05:30"
2026-07-09 17:47:35.723 +05:30 [INF] HTTP OPTIONS /api/patients/me responded 204 in 0.0551 ms
2026-07-09 17:47:35.748 +05:30 [INF] HTTP OPTIONS /api/patients/me responded 204 in 0.0816 ms
2026-07-09 17:47:35.790 +05:30 [INF] HTTP OPTIONS /api/patients/me responded 204 in 0.0426 ms
2026-07-09 17:47:35.809 +05:30 [INF] HTTP OPTIONS /api/patients/me responded 204 in 0.1112 ms
2026-07-09 17:47:35.823 +05:30 [INF] HTTP GET /api/patients/me responded 401 in 0.6290 ms
2026-07-09 17:47:35.863 +05:30 [INF] HTTP GET /api/patients/me responded 401 in 0.7233 ms
2026-07-09 17:47:35.879 +05:30 [INF] HTTP GET /api/patients/me responded 401 in 0.4637 ms
2026-07-09 17:47:35.895 +05:30 [INF] HTTP GET /api/patients/me responded 401 in 0.6789 ms
2026-07-09 17:47:44.779 +05:30 [INF] HealthAxis API heartbeat running at "2026-07-09T17:47:44.7793383+05:30"
2026-07-09 17:47:54.919 +05:30 [INF] HealthAxis API heartbeat running at "2026-07-09T17:47:54.9197581+05:30"
2026-07-09 17:48:04.938 +05:30 [INF] HealthAxis API heartbeat running at "2026-07-09T17:48:04.9380420+05:30"
2026-07-09 17:48:04.994 +05:30 [INF] HTTP OPTIONS /api/patients/me responded 204 in 0.0530 ms
2026-07-09 17:48:05.011 +05:30 [INF] HTTP OPTIONS /api/patients/me responded 204 in 0.0701 ms
2026-07-09 17:48:05.029 +05:30 [INF] HTTP GET /api/patients/me responded 401 in 1.5398 ms
2026-07-09 17:48:05.060 +05:30 [INF] HTTP GET /api/patients/me responded 401 in 0.7889 ms
2026-07-09 17:48:05.071 +05:30 [INF] HTTP GET /api/patients/me responded 401 in 0.4055 ms
2026-07-09 17:48:05.079 +05:30 [INF] HTTP GET /api/patients/me responded 401 in 0.5722 ms
2026-07-09 17:48:14.947 +05:30 [INF] HealthAxis API heartbeat running at "2026-07-09T17:48:14.9477388+05:30"
2026-07-09 17:48:24.956 +05:30 [INF] HealthAxis API heartbeat running at "2026-07-09T17:48:24.9563007+05:30"
2026-07-09 17:48:34.969 +05:30 [INF] HealthAxis API heartbeat running at "2026-07-09T17:48:34.9699355+05:30"
2026-07-09 17:48:44.986 +05:30 [INF] HealthAxis API heartbeat running at "2026-07-09T17:48:44.9863203+05:30"
2026-07-09 17:48:54.992 +05:30 [INF] HealthAxis API heartbeat running at "2026-07-09T17:48:54.9919950+05:30"
2026-07-09 17:49:05.004 +05:30 [INF] HealthAxis API heartbeat running at "2026-07-09T17:49:05.0048107+05:30"
2026-07-09 17:49:15.018 +05:30 [INF] HealthAxis API heartbeat running at "2026-07-09T17:49:15.0183364+05:30"
2026-07-09 17:49:25.027 +05:30 [INF] HealthAxis API heartbeat running at "2026-07-09T17:49:25.0276425+05:30"
2026-07-09 17:49:35.052 +05:30 [INF] HealthAxis API heartbeat running at "2026-07-09T17:49:35.0521415+05:30"
2026-07-09 17:49:45.069 +05:30 [INF] HealthAxis API heartbeat running at "2026-07-09T17:49:45.0690773+05:30"
2026-07-09 17:49:55.087 +05:30 [INF] HealthAxis API heartbeat running at "2026-07-09T17:49:55.0877825+05:30"
2026-07-09 17:50:05.090 +05:30 [INF] HealthAxis API heartbeat running at "2026-07-09T17:50:05.0908096+05:30"
2026-07-09 17:50:15.097 +05:30 [INF] HealthAxis API heartbeat running at "2026-07-09T17:50:15.0973406+05:30"
2026-07-09 17:50:25.104 +05:30 [INF] HealthAxis API heartbeat running at "2026-07-09T17:50:25.1046301+05:30"
2026-07-09 17:50:35.114 +05:30 [INF] HealthAxis API heartbeat running at "2026-07-09T17:50:35.1145683+05:30"
2026-07-09 17:50:45.127 +05:30 [INF] HealthAxis API heartbeat running at "2026-07-09T17:50:45.1276183+05:30"
2026-07-09 17:50:55.141 +05:30 [INF] HealthAxis API heartbeat running at "2026-07-09T17:50:55.1418130+05:30"
2026-07-09 17:51:05.235 +05:30 [INF] HealthAxis API heartbeat running at "2026-07-09T17:51:05.2354287+05:30"
2026-07-09 17:51:15.579 +05:30 [INF] HealthAxis API heartbeat running at "2026-07-09T17:51:15.5796317+05:30"
2026-07-09 17:51:25.586 +05:30 [INF] HealthAxis API heartbeat running at "2026-07-09T17:51:25.5863283+05:30"
2026-07-09 17:51:35.611 +05:30 [INF] HealthAxis API heartbeat running at "2026-07-09T17:51:35.6116869+05:30"
2026-07-09 17:51:45.621 +05:30 [INF] HealthAxis API heartbeat running at "2026-07-09T17:51:45.6218593+05:30"
2026-07-09 17:51:55.633 +05:30 [INF] HealthAxis API heartbeat running at "2026-07-09T17:51:55.6330663+05:30"
2026-07-09 17:52:05.637 +05:30 [INF] HealthAxis API heartbeat running at "2026-07-09T17:52:05.6371479+05:30"
2026-07-09 17:52:15.640 +05:30 [INF] HealthAxis API heartbeat running at "2026-07-09T17:52:15.6404029+05:30"
2026-07-09 17:52:25.658 +05:30 [INF] HealthAxis API heartbeat running at "2026-07-09T17:52:25.6585936+05:30"
2026-07-09 17:52:35.672 +05:30 [INF] HealthAxis API heartbeat running at "2026-07-09T17:52:35.6726632+05:30"
2026-07-09 17:52:45.678 +05:30 [INF] HealthAxis API heartbeat running at "2026-07-09T17:52:45.6780271+05:30"
2026-07-09 17:52:55.684 +05:30 [INF] HealthAxis API heartbeat running at "2026-07-09T17:52:55.6840692+05:30"
2026-07-09 17:53:05.704 +05:30 [INF] HealthAxis API heartbeat running at "2026-07-09T17:53:05.7043734+05:30"
2026-07-09 17:53:15.742 +05:30 [INF] HealthAxis API heartbeat running at "2026-07-09T17:53:15.7428821+05:30"
2026-07-09 17:53:25.754 +05:30 [INF] HealthAxis API heartbeat running at "2026-07-09T17:53:25.7549089+05:30"
2026-07-09 17:53:26.356 +05:30 [INF] HTTP OPTIONS /api/patients/me responded 204 in 0.0900 ms
2026-07-09 17:53:26.356 +05:30 [INF] HTTP OPTIONS /api/patients/me responded 204 in 0.0745 ms
2026-07-09 17:53:26.369 +05:30 [INF] HTTP GET /api/patients/me responded 401 in 0.9186 ms
2026-07-09 17:53:26.398 +05:30 [INF] HTTP GET /api/patients/me responded 401 in 0.8242 ms
2026-07-09 17:53:26.407 +05:30 [INF] HTTP GET /api/patients/me responded 401 in 0.5747 ms
2026-07-09 17:53:26.416 +05:30 [INF] HTTP GET /api/patients/me responded 401 in 0.7612 ms
2026-07-09 17:53:35.767 +05:30 [INF] HealthAxis API heartbeat running at "2026-07-09T17:53:35.7678576+05:30"
2026-07-09 17:53:45.771 +05:30 [INF] HealthAxis API heartbeat running at "2026-07-09T17:53:45.7715046+05:30"
2026-07-09 17:53:49.742 +05:30 [INF] HTTP OPTIONS /api/auth/login responded 204 in 0.0945 ms
2026-07-09 17:53:50.721 +05:30 [INF] HTTP POST /api/auth/login responded 200 in 968.3168 ms
2026-07-09 17:53:50.742 +05:30 [INF] HTTP OPTIONS /api/patients/me responded 204 in 0.0353 ms
2026-07-09 17:53:50.746 +05:30 [INF] HTTP OPTIONS /api/patients/me responded 204 in 0.0803 ms
2026-07-09 17:53:50.765 +05:30 [INF] HTTP GET /api/patients/me responded 200 in 7.6297 ms
2026-07-09 17:53:50.775 +05:30 [INF] HTTP GET /api/patients/me responded 200 in 4.9473 ms
2026-07-09 17:53:50.796 +05:30 [INF] HTTP OPTIONS /api/doctors responded 204 in 0.0498 ms
2026-07-09 17:53:50.796 +05:30 [INF] HTTP OPTIONS /api/appointments responded 204 in 0.0129 ms
2026-07-09 17:53:50.797 +05:30 [INF] HTTP OPTIONS /api/patients/1006/health-records responded 204 in 0.0728 ms
2026-07-09 17:53:50.833 +05:30 [INF] HTTP GET /api/appointments responded 200 in 14.7358 ms
2026-07-09 17:53:51.405 +05:30 [INF] HTTP GET /api/patients/1006/health-records responded 200 in 579.6020 ms
2026-07-09 17:53:51.419 +05:30 [INF] HTTP GET /api/doctors responded 200 in 607.0646 ms
2026-07-09 17:53:53.709 +05:30 [INF] HTTP GET /api/patients/me responded 200 in 2.8774 ms
2026-07-09 17:53:55.783 +05:30 [INF] HealthAxis API heartbeat running at "2026-07-09T17:53:55.7830235+05:30"
2026-07-09 17:54:05.799 +05:30 [INF] HealthAxis API heartbeat running at "2026-07-09T17:54:05.7992352+05:30"
2026-07-09 17:54:15.808 +05:30 [INF] HealthAxis API heartbeat running at "2026-07-09T17:54:15.8088956+05:30"
2026-07-09 17:54:24.142 +05:30 [INF] HTTP OPTIONS /api/doctors responded 204 in 0.1198 ms
2026-07-09 17:54:24.163 +05:30 [INF] HTTP GET /api/doctors responded 200 in 7.1222 ms
2026-07-09 17:54:25.827 +05:30 [INF] HealthAxis API heartbeat running at "2026-07-09T17:54:25.8277700+05:30"
2026-07-09 17:54:35.846 +05:30 [INF] HealthAxis API heartbeat running at "2026-07-09T17:54:35.8469143+05:30"
2026-07-09 17:54:45.853 +05:30 [INF] HealthAxis API heartbeat running at "2026-07-09T17:54:45.8535842+05:30"
2026-07-09 17:54:55.862 +05:30 [INF] HealthAxis API heartbeat running at "2026-07-09T17:54:55.8625897+05:30"
2026-07-09 17:55:05.867 +05:30 [INF] HealthAxis API heartbeat running at "2026-07-09T17:55:05.8673038+05:30"
2026-07-09 17:55:15.884 +05:30 [INF] HealthAxis API heartbeat running at "2026-07-09T17:55:15.8842094+05:30"
2026-07-09 17:55:25.896 +05:30 [INF] HealthAxis API heartbeat running at "2026-07-09T17:55:25.8967554+05:30"
2026-07-09 17:55:35.913 +05:30 [INF] HealthAxis API heartbeat running at "2026-07-09T17:55:35.9136146+05:30"
2026-07-09 17:55:45.294 +05:30 [INF] HTTP OPTIONS /api/auth/login responded 204 in 0.0661 ms
2026-07-09 17:55:45.620 +05:30 [INF] HTTP POST /api/auth/login responded 200 in 316.0189 ms
2026-07-09 17:55:45.645 +05:30 [INF] HTTP OPTIONS /api/doctors/me responded 204 in 0.0452 ms
2026-07-09 17:55:45.650 +05:30 [INF] HTTP OPTIONS /api/doctors/me responded 204 in 0.0330 ms
2026-07-09 17:55:45.650 +05:30 [INF] HTTP OPTIONS /api/appointments responded 204 in 0.0339 ms
2026-07-09 17:55:45.670 +05:30 [INF] HTTP GET /api/appointments responded 200 in 7.0255 ms
2026-07-09 17:55:45.868 +05:30 [INF] HTTP GET /api/doctors/me responded 200 in 210.8787 ms
2026-07-09 17:55:45.878 +05:30 [INF] HTTP GET /api/doctors/me responded 200 in 5.8712 ms
2026-07-09 17:55:45.931 +05:30 [INF] HealthAxis API heartbeat running at "2026-07-09T17:55:45.9317863+05:30"
2026-07-09 17:55:55.942 +05:30 [INF] HealthAxis API heartbeat running at "2026-07-09T17:55:55.9428329+05:30"
2026-07-09 17:56:02.995 +05:30 [INF] HTTP OPTIONS /api/doctors/me responded 204 in 0.0447 ms
2026-07-09 17:56:03.013 +05:30 [INF] HTTP GET /api/doctors/me responded 200 in 6.0609 ms
2026-07-09 17:56:05.953 +05:30 [INF] HealthAxis API heartbeat running at "2026-07-09T17:56:05.9534721+05:30"
2026-07-09 17:56:15.957 +05:30 [INF] HealthAxis API heartbeat running at "2026-07-09T17:56:15.9571734+05:30"
2026-07-09 17:56:22.369 +05:30 [INF] HTTP OPTIONS /api/doctors/me responded 204 in 0.1387 ms
2026-07-09 17:56:22.369 +05:30 [INF] HTTP OPTIONS /api/appointments responded 204 in 0.0359 ms
2026-07-09 17:56:22.392 +05:30 [INF] HTTP GET /api/doctors/me responded 200 in 8.5720 ms
2026-07-09 17:56:22.397 +05:30 [INF] HTTP GET /api/appointments responded 200 in 4.8996 ms
2026-07-09 17:56:23.926 +05:30 [INF] HTTP OPTIONS /api/patients/doctor responded 204 in 0.0531 ms
2026-07-09 17:56:23.932 +05:30 [INF] HTTP GET /api/doctors/me responded 200 in 6.3749 ms
2026-07-09 17:56:23.935 +05:30 [INF] HTTP GET /api/appointments responded 200 in 9.0360 ms
2026-07-09 17:56:24.060 +05:30 [INF] HTTP GET /api/patients/doctor responded 200 in 107.5693 ms
2026-07-09 17:56:24.069 +05:30 [INF] HTTP OPTIONS /api/health-records/patient/1005 responded 204 in 0.0367 ms
2026-07-09 17:56:24.109 +05:30 [INF] HTTP GET /api/health-records/patient/1005 responded 200 in 32.9716 ms
2026-07-09 17:56:25.974 +05:30 [INF] HealthAxis API heartbeat running at "2026-07-09T17:56:25.9745289+05:30"
2026-07-09 17:56:26.748 +05:30 [INF] HTTP GET /api/appointments responded 200 in 7.5579 ms
2026-07-09 17:56:26.748 +05:30 [INF] HTTP GET /api/doctors/me responded 200 in 9.0850 ms
2026-07-09 17:56:26.759 +05:30 [INF] HTTP GET /api/patients/doctor responded 200 in 16.0016 ms
2026-07-09 17:56:26.784 +05:30 [INF] HTTP GET /api/health-records/patient/1005 responded 200 in 7.0202 ms
2026-07-09 17:56:31.641 +05:30 [INF] HTTP OPTIONS /api/doctors/me responded 204 in 0.0703 ms
2026-07-09 17:56:31.666 +05:30 [INF] HTTP GET /api/doctors/me responded 200 in 4.3828 ms
2026-07-09 17:56:35.982 +05:30 [INF] HealthAxis API heartbeat running at "2026-07-09T17:56:35.9821596+05:30"
2026-07-09 17:56:37.170 +05:30 [INF] HTTP OPTIONS /api/doctors/me responded 204 in 0.0348 ms
2026-07-09 17:56:37.171 +05:30 [INF] HTTP OPTIONS /api/appointments responded 204 in 0.0382 ms
2026-07-09 17:56:37.192 +05:30 [INF] HTTP GET /api/appointments responded 200 in 7.0862 ms
2026-07-09 17:56:37.198 +05:30 [INF] HTTP GET /api/doctors/me responded 200 in 16.0107 ms
2026-07-09 17:56:45.995 +05:30 [INF] HealthAxis API heartbeat running at "2026-07-09T17:56:45.9950334+05:30"
2026-07-09 17:56:56.007 +05:30 [INF] HealthAxis API heartbeat running at "2026-07-09T17:56:56.0073187+05:30"
2026-07-09 17:57:06.032 +05:30 [INF] HealthAxis API heartbeat running at "2026-07-09T17:57:06.0322191+05:30"
